"Time_Iter","Outer_Iter","Inner_Iter",    "Time(sec)"   ,    "Time(sec)"   ,    "rms[Rho]"    ,    "rms[RhoU]"   ,    "rms[RhoV]"   ,    "rms[RhoW]"   ,    "rms[RhoE]"   ,"Linear_Solver_Iterations",    "LinSolRes"   ,     "Min DT"     ,     "Max DT"     ,     "Min CFL"    ,     "Max CFL"    ,     "Avg CFL"    ,    "RefForce"    ,       "CD"       ,       "CL"       ,       "CSF"      ,       "CMx"      ,       "CMy"      ,       "CMz"      ,       "CFx"      ,       "CFy"      ,       "CFz"      ,      "CEff"      ,   "relrms[Rho]"  ,  "relrms[RhoU]"  ,  "relrms[RhoV]"  ,  "relrms[RhoW]"  ,  "relrms[RhoE]"  ,    "CD(nose)"    ,    "CD(body)"    ,    "CD(fins)"    ,    "CD(base)"    ,    "CL(nose)"    ,    "CL(body)"    ,    "CL(fins)"    ,    "CL(base)"    ,    "CSF(nose)"   ,    "CSF(body)"   ,    "CSF(fins)"   ,    "CSF(base)"   ,    "CMx(nose)"   ,    "CMx(body)"   ,    "CMx(fins)"   ,    "CMx(base)"   ,    "CMy(nose)"   ,    "CMy(body)"   ,    "CMy(fins)"   ,    "CMy(base)"   ,    "CMz(nose)"   ,    "CMz(body)"   ,    "CMz(fins)"   ,    "CMz(base)"   ,    "CFx(nose)"   ,    "CFx(body)"   ,    "CFx(fins)"   ,    "CFx(base)"   ,    "CFy(nose)"   ,    "CFy(body)"   ,    "CFy(fins)"   ,    "CFy(base)"   ,    "CFz(nose)"   ,    "CFz(body)"   ,    "CFz(fins)"   ,    "CFz(base)"   ,   "CEff(nose)"   ,   "CEff(body)"   ,   "CEff(fins)"   ,   "CEff(base)"   
          0,           0,           0,       2.293897622,       2.293897622,      -5.828750369,      -6.118191809,      -6.978821625,      -6.979605686,      -5.777597846,                         2,      -1.544787664,   8.685216052e-05,      0.1373682325,               2.5,              5.25,       5.246944831,      0.0039269908,      0.0999640381,    -0.01000273551,    0.008116185995,    0.004568573003,     0.01625624958,     0.02531554831,      0.0999640381,    0.008116185995,    -0.01000273551,     -0.1000633397,                 0,                 0,                 0,                 0,                 0,       0.114989515,   0.0001193580991,     0.06499293941,    -0.08013777443,    -0.01084045719,    0.002164815743,   -0.001327094055,                 0,    0.006573296068,    0.001407811945,   0.0001350779822,                 0,  -1.887826982e-05,   1.094882856e-05,    0.004576502444,                 0,     0.02274076687,    -0.01854618524,     0.01199358099,   6.808696483e-05,     0.01199029816,     0.01206905636,    0.001568502869,  -0.0003123090795,       0.114989515,   0.0001193580991,     0.06499293941,    -0.08013777443,    0.006573296068,    0.001407811945,   0.0001350779822,                 0,    -0.01084045719,    0.002164815743,   -0.001327094055,                 0,    -0.09427344041,       18.13714996,    -0.02041904963,                -0
          0,           0,           1,       2.177452563,       2.235675093,      -5.872991968,      -5.824062356,      -6.443388147,      -6.446050782,      -5.790564726,                         2,      -1.682547031,   0.0001148315813,      0.1442366725,               2.5,            5.5125,       5.507811549,      0.0039269908,      0.3373288239,   -0.007275863038,    0.005973694411,    0.005324666738,   -0.006554743018,      0.0264377236,      0.3373288239,    0.005973694411,   -0.007275863038,    -0.02156905228,                 0,                 0,                 0,                 0,                 0,      0.1356550621,   0.0001846273682,     0.08937984267,      0.1121092918,   -0.009785487068,    0.003286526051,  -0.0007769020212,                 0,    0.005285764088,   0.0007341475385,  -4.621721511e-05,                 0,  -1.569761074e-05,   2.030384044e-05,    0.005320060509,                 0,     0.02034308296,    -0.03289929478,    0.006338297561,  -0.0003368287622,    0.009134124071,     0.01818695078,   0.0002824369112,   -0.001165788165,      0.1356550621,   0.0001846273682,     0.08937984267,      0.1121092918,    0.005285764088,   0.0007341475385,  -4.621721511e-05,                 0,   -0.009785487068,    0.003286526051,  -0.0007769020212,                 0,    -0.07213506755,       17.80086064,   -0.008692139055,                 0
          0,           0,           2,        2.38063563,       2.283995272,      -5.959810054,      -5.916864336,      -6.475486588,      -6.482919376,      -5.898527381,                         2,      -1.648835207,   0.0001225225119,      0.1514485248,               2.5,          5.788125,       5.782239166,      0.0039269908,      0.3914084628,  -0.0007716586567,   0.0003832783785,    0.004177409345,    -0.03312255092,     0.01223652446,      0.3914084628,   0.0003832783785,  -0.0007716586567,   -0.001971492009,    -0.08681808594,    -0.09280198002,    -0.03209844148,    -0.03686859352,     -0.1079626547,      0.1330367037,   0.0002038467937,      0.1016191384,      0.1565487739,   -0.005097137275,     0.00384177916,   0.0004836994583,                 0,    0.002098639033,   -0.001548482664,  -0.0001668779909,                 0,  -1.162206096e-05,   2.432235365e-05,    0.004164709053,                 0,    0.009967669243,    -0.03720432202,   -0.005684703863,  -0.0002011942797,    0.002927775646,     0.01138959868,  -0.0006428548866,   -0.001437994981,      0.1330367037,   0.0002038467937,      0.1016191384,      0.1565487739,    0.002098639033,   -0.001548482664,  -0.0001668779909,                 0,   -0.005097137275,     0.00384177916,   0.0004836994583,                 0,    -0.03831376705,       18.84640465,    0.004759924811,                 0
          0,           0,           3,       1.998422216,       2.212602008,       -5.97037227,      -5.901553648,      -6.462151005,      -6.468048363,      -5.909964372,                         2,      -1.734662393,   0.0001299506134,      0.1590205406,             2.625,        6.07753125,       6.070836024,      0.0039269908,      0.3963579409,    0.005174763604,    -0.00421200453,    0.002387623933,    -0.05280931424,  -0.0006477538675,      0.3963579409,    -0.00421200453,    0.005174763604,     0.01305578385,    -0.09738030193,      -0.077491292,    -0.01876285856,    -0.02199758078,     -0.1193996465,      0.1217929706,   0.0001880522833,       0.107567874,      0.1668090441,   -0.000785089673,    0.004607411972,    0.001352441305,                 0,  -0.0008752356067,   -0.003253941939,  -8.282698463e-05,                 0,  -7.065259535e-06,   2.553521227e-05,     0.00236915398,                 0,   0.0005132704556,    -0.03917253597,    -0.01396815604,  -0.0001818926936,   -0.002992548974,     0.00400532606,   0.0001827458868,    -0.00184327684,      0.1217929706,   0.0001880522833,       0.107567874,      0.1668090441,  -0.0008752356067,   -0.003253941939,  -8.282698463e-05,                 0,   -0.000785089673,    0.004607411972,    0.001352441305,                 0,   -0.006446100043,       24.50069678,     0.01257291099,                 0
          0,           0,           4,       2.130492239,       2.196180054,       -5.97990771,      -5.897130504,      -6.437732264,      -6.443324225,       -5.91966034,                         2,      -1.790456199,   0.0001375699545,      0.1669703312,           2.75625,       6.381407813,       6.374284856,      0.0039269908,       0.390483517,    0.009070007672,    -0.00651151836,    0.001045186808,     -0.0653731155,   -0.006948814555,       0.390483517,    -0.00651151836,    0.009070007672,     0.02322763261,     -0.1069157425,    -0.07306814816,                 0,                 0,     -0.1290956144,      0.1091946249,   0.0001585754427,      0.1109473119,      0.1701830047,    0.001674038469,    0.005709885402,    0.001686083801,                 0,    -0.00272603215,   -0.003858489859,   7.300364815e-05,                 0,  -3.452561913e-06,   2.415716094e-05,    0.001024482209,                 0,    -0.00462200221,    -0.04327522033,    -0.01717639478,  -0.0002994981715,   -0.006838874681,   0.0003544738683,    0.001578400594,   -0.002042814336,      0.1091946249,   0.0001585754427,      0.1109473119,      0.1701830047,    -0.00272603215,   -0.003858489859,   7.300364815e-05,                 0,    0.001674038469,    0.005709885402,    0.001686083801,                 0,     0.01533077723,       36.00737482,     0.01519715774,                 0
          0,           0,           5,        2.03214858,       2.168841475,      -5.981819779,      -5.898113986,      -6.404130269,      -6.411327402,      -5.931853408,                         2,      -1.818385758,    0.000145383872,      0.1753165576,         2.8940625,       6.700478203,       6.692963666,      0.0039269908,      0.3787647255,     0.01047837564,   -0.006703674337,   0.0004180925466,    -0.07051468409,    -0.00753383955,      0.3787647255,   -0.006703674337,     0.01047837564,     0.02766460269,      -0.108827811,    -0.07405163058,                 0,                 0,     -0.1412886824,     0.09855355914,   0.0001294650929,      0.1130512861,      0.1670304152,    0.002225537273,    0.006674897152,    0.001577941219,                 0,    -0.00323687458,   -0.003667444856,   0.0002006450989,                 0,  -1.476234201e-06,   2.100020977e-05,    0.000398568571,                 0,   -0.005445263863,    -0.04850745235,    -0.01616759054,  -0.0003943773376,   -0.007905401519,  -0.0003551443737,    0.002716475388,   -0.001989769044,     0.09855355914,   0.0001294650929,      0.1130512861,      0.1670304152,    -0.00323687458,   -0.003667444856,   0.0002006450989,                 0,    0.002225537273,    0.006674897152,    0.001577941219,                 0,     0.02258200812,       51.55750482,     0.01395774673,                 0
          0,           0,           6,       1.886130757,        2.12845423,      -5.980956196,      -5.913838721,      -6.388947565,      -6.395472048,      -5.952593184,                         2,      -1.805646916,   0.0001532991057,      0.1840790944,       3.038765625,       7.035502113,       7.027498524,      0.0039269908,       0.366410928,     0.01008302298,   -0.005777555137,   0.0002948683929,    -0.06987185189,   -0.005305662075,       0.366410928,   -0.005777555137,     0.01008302298,     0.02751834676,     -0.1079642276,    -0.08977636561,                 0,                 0,     -0.1620284584,     0.09202996561,   0.0001097361345,      0.1142292657,      0.1600419606,     0.00165394228,     0.00712972719,    0.001299353505,                 0,   -0.002814327343,    -0.00320776361,   0.0002445358161,                 0,  -8.918283442e-07,    1.73085912e-05,     0.00027845163,                 0,   -0.003862609277,    -0.05211422434,    -0.01350745612,  -0.0003875621486,   -0.007011933859,   0.0004631088237,    0.003111469465,   -0.001868306505,     0.09202996561,   0.0001097361345,      0.1142292657,      0.1600419606,   -0.002814327343,    -0.00320776361,   0.0002445358161,                 0,     0.00165394228,     0.00712972719,    0.001299353505,                 0,     0.01797177983,       64.97155404,     0.01137496155,                 0
          0,           0,           7,       1.776710202,       2.084486226,       -5.99206943,      -5.953129887,      -6.417417688,      -6.420354938,      -5.988376127,                         2,      -1.755311464,    0.000161335395,      0.1932797624,       3.038765625,       7.387277219,       7.378797478,      0.0039269908,      0.3528564345,    0.008850288998,   -0.004288450754,   0.0004438783468,    -0.06667667455,   -0.001986576975,      0.3528564345,   -0.004288450754,    0.008850288998,     0.02508184104,     -0.1190774619,     -0.1290675313,    -0.02847012296,    -0.02488288926,      -0.197811401,     0.08779632207,   9.470245485e-05,      0.1149464893,      0.1500189206,    0.000651855705,    0.007186911302,    0.001011521991,                 0,   -0.001888014693,   -0.002574086098,   0.0001736500376,                 0,  -1.108094076e-06,   1.357122894e-05,   0.0004314152119,                 0,   -0.001389212818,    -0.05425246597,    -0.01070894173,  -0.0003260540376,   -0.004992923223,    0.002314499877,    0.002477136049,   -0.001785289678,     0.08779632207,   9.470245485e-05,      0.1149464893,      0.1500189206,   -0.001888014693,   -0.002574086098,   0.0001736500376,                 0,    0.000651855705,    0.007186911302,    0.001011521991,                 0,    0.007424635675,       75.88938759,    0.008799938103,                 0
          0,           0,           8,       1.785190909,       2.051231191,      -5.969447002,       -5.94779849,      -6.428082717,      -6.426677448,      -5.974860126,                         2,      -1.735999159,   0.0001696600706,      0.2029399583,       3.190703906,        7.75664108,       7.747726351,      0.0039269908,      0.3388494952,    0.007415205141,   -0.002664403628,   0.0006581273205,     -0.0631420672,    0.001775635516,      0.3388494952,   -0.002664403628,    0.007415205141,     0.02188347702,    -0.09645503375,     -0.1237361346,    -0.03913515239,    -0.03120539951,     -0.1842953998,     0.08548492617,   8.349665206e-05,      0.1153408418,      0.1379402306,  -0.0003626248784,    0.006916525959,   0.0008613040601,                 0,  -0.0008298041067,   -0.001874120074,   3.952055264e-05,                 0,  -1.618828807e-06,   1.033262392e-05,   0.0006494135254,                 0,    0.001032021936,    -0.05478483798,   -0.009203364384,  -0.0001858867674,   -0.002631080717,    0.004834366519,    0.001276793164,    -0.00170444345,     0.08548492617,   8.349665206e-05,      0.1153408418,      0.1379402306,  -0.0008298041067,   -0.001874120074,   3.952055264e-05,                 0,  -0.0003626248784,    0.006916525959,   0.0008613040601,                 0,   -0.004241974517,       82.83596753,    0.007467468131,                 0
          0,           0,           9,       1.870810593,       2.033189131,      -5.931870071,      -5.912856709,       -6.41825485,      -6.413937744,      -5.933494891,                         2,       -1.73061229,   0.0001783140249,      0.2130827733,       3.350239102,       8.144473134,       8.135108541,      0.0039269908,      0.3268599703,    0.006206912757,   -0.001287854881,   0.0008097528827,    -0.06028766489,    0.005169871784,      0.3268599703,   -0.001287854881,    0.006206912757,     0.01898951637,    -0.05887810264,    -0.08879435309,    -0.02930728509,    -0.01846569599,     -0.1429301653,     0.08455998752,    7.47134473e-05,      0.1154872187,      0.1267380507,   -0.001115765035,    0.006477413817,   0.0008452639743,                 0,   4.612801466e-05,   -0.001233643016,  -0.0001003398793,                 0,  -2.144157126e-06,   8.064363653e-06,   0.0008038326762,                 0,     0.00279030607,    -0.05407628098,   -0.008971980394,  -2.970958841e-05,  -0.0006323600657,    0.007433560475,   2.445550324e-05,   -0.001655784129,     0.08455998752,    7.47134473e-05,      0.1154872187,      0.1267380507,   4.612801466e-05,   -0.001233643016,  -0.0001003398793,                 0,   -0.001115765035,    0.006477413817,   0.0008452639743,                 0,    -0.01319495269,       86.69676011,    0.007319112745,                 0
          0,           0,          10,       1.839321874,       2.015564835,      -5.893378566,      -5.871113495,      -6.396256738,      -6.392316392,      -5.887881019,                         2,      -1.722168554,   0.0001873295226,      0.2237326499,       3.517751057,       8.551696791,       8.541856835,      0.0039269908,      0.3180843866,    0.005406027194,  -0.0003435052925,   0.0008785658066,    -0.05808367385,    0.007818116632,      0.3180843866,  -0.0003435052925,    0.005406027194,     0.01699557546,    -0.02038659774,    -0.04705113867,   -0.007309172989,                 0,    -0.09731629302,     0.08445338627,   6.730042542e-05,      0.1154361106,      0.1181275893,   -0.001504613149,    0.006036425124,   0.0008742152185,                 0,   0.0006010128573,   -0.000755770243,  -0.0001887479068,                 0,  -2.553833988e-06,   6.917723095e-06,   0.0008742019175,                 0,    0.003667225284,    -0.05269563527,   -0.009171584307,   0.0001163204436,   0.0006755061175,    0.009561236794,  -0.0007467090027,   -0.001671917276,     0.08445338627,   6.730042542e-05,      0.1154361106,      0.1181275893,   0.0006010128573,   -0.000755770243,  -0.0001887479068,                 0,   -0.001504613149,    0.006036425124,   0.0008742152185,                 0,    -0.01781590076,        89.6937142,    0.007573152059,                 0
          0,           0,          11,       1.914714645,       2.007160652,      -5.863884737,       -5.84104784,      -6.377575458,       -6.37602007,      -5.854882902,                         2,      -1.704596736,   0.0001967461646,      0.2349155464,       3.693638609,        8.97928163,        8.96891781,      0.0039269908,      0.3118462626,    0.005038033735,   0.0001333913458,   0.0008945847683,    -0.05637266362,    0.009521051828,      0.3118462626,   0.0001333913458,    0.005038033735,     0.01615550462,                 0,     -0.0169854842,                 0,                 0,    -0.06431817606,     0.08470687753,   6.079636778e-05,      0.1152205587,      0.1118580299,   -0.001560218104,     0.00571359066,   0.0008846611795,                 0,   0.0008432777122,  -0.0005045714534,   -0.000205314913,                 0,  -2.820919578e-06,   6.759256364e-06,   0.0008906464315,                 0,    0.003747331304,    -0.05118659062,   -0.009202877345,   0.0002694730368,    0.001295834501,     0.01079998043,   -0.000845323787,   -0.001729439312,     0.08470687753,   6.079636778e-05,      0.1152205587,      0.1118580299,   0.0008432777122,  -0.0005045714534,   -0.000205314913,                 0,   -0.001560218104,     0.00571359066,   0.0008846611795,                 0,    -0.01841902511,       93.97914495,    0.007677980295,                 0
          0,           0,          12,        1.92426864,       2.000784344,      -5.849587266,      -5.831797452,      -6.373201805,      -6.374645662,       -5.84279034,                         2,      -1.679617994,   0.0002066030608,       0.246659197,        3.87832054,       9.428245712,       9.417289134,      0.0039269908,      0.3067223509,    0.005002281002,   0.0002375061817,   0.0008902843126,    -0.05502023086,     0.01025687143,      0.3067223509,   0.0002375061817,    0.005002281002,     0.01630882453,                 0,   -0.007735096397,                 0,                 0,    -0.05222561441,     0.08502935997,    5.54246443e-05,        0.11488621,      0.1067513563,   -0.001403671808,    0.005551311151,   0.0008546416588,                 0,    0.000870966916,  -0.0004630546769,  -0.0001704060575,                 0,  -2.954658795e-06,   7.352487169e-06,   0.0008858864842,                 0,    0.003327605509,      -0.049900129,   -0.008864117984,   0.0004164106202,    0.001435383815,     0.01108536836,  -0.0004671814838,   -0.001796699259,     0.08502935997,    5.54246443e-05,        0.11488621,      0.1067513563,    0.000870966916,  -0.0004630546769,  -0.0001704060575,                 0,   -0.001403671808,    0.005551311151,   0.0008546416588,                 0,    -0.01650808389,       100.1596171,    0.007439027352,                 0
          0,           0,          13,       1.747287836,        1.98267745,        -5.8525569,      -5.845407808,      -6.386160123,      -6.389833035,      -5.853006158,                         2,      -1.651977386,   0.0002169356007,      0.2589932801,       4.072236567,       9.899657997,       9.888068844,      0.0039269908,      0.3012242573,    0.005137357248,   0.0001106079434,    0.000894640122,    -0.05382718443,     0.01009985091,      0.3012242573,   0.0001106079434,    0.005137357248,     0.01705492544,   -0.002969634711,    -0.02134545172,    -0.01295831793,    -0.01518737339,    -0.06244143212,     0.08528158361,   5.167013209e-05,      0.1144969667,      0.1013940368,   -0.001175658983,    0.005523991722,   0.0007890245085,                 0,   0.0007973239251,  -0.0005764822139,  -0.0001102337678,                 0,  -2.977910175e-06,   8.400843653e-06,   0.0008892171885,                 0,    0.002748535539,    -0.04896019521,   -0.008201669542,   0.0005861447766,    0.001335930217,     0.01051425387,   0.0001395072557,   -0.001889840442,     0.08528158361,   5.167013209e-05,      0.1144969667,      0.1013940368,   0.0007973239251,  -0.0005764822139,  -0.0001102337678,                 0,   -0.001175658983,    0.005523991722,   0.0007890245085,                 0,    -0.01378561388,       106.9087982,    0.006891226302,                 0
          0,           0,          14,       1.956317693,       1.980920133,      -5.872315491,      -5.879849305,      -6.412737613,      -6.417901848,      -5.882594731,                         2,      -1.621929947,   0.0002277720432,        0.27194927,       4.275848395,        10.3946409,       10.38243031,      0.0039269908,      0.2952255071,    0.005306065016,  -0.0001158846114,   0.0009212844913,     -0.0527966501,     0.00939076192,      0.2952255071,  -0.0001158846114,    0.005306065016,     0.01797292202,    -0.02272822568,    -0.05578694948,     -0.0395358084,    -0.04325618684,    -0.09203000538,      0.0854293834,   5.001240989e-05,      0.1141104143,     0.09563569694,  -0.0009808056281,    0.005573800871,   0.0007130697736,                 0,   0.0007047960675,  -0.0007717335141,  -4.894716482e-05,                 0,  -2.924439285e-06,   9.541895658e-06,   0.0009146670349,                 0,     0.00225980943,    -0.04833869066,   -0.007449898387,   0.0007321295245,    0.001175052852,    0.009400870065,   0.0007477664494,   -0.001932927446,      0.0854293834,   5.001240989e-05,      0.1141104143,     0.09563569694,   0.0007047960675,  -0.0007717335141,  -4.894716482e-05,                 0,  -0.0009808056281,    0.005573800871,   0.0007130697736,                 0,    -0.01148089321,       111.4483562,    0.006248945618,                 0
          0,           0,          15,        1.74404759,       1.966115599,      -5.905776214,      -5.929685668,      -6.447110259,      -6.451879285,      -5.924764597,                         2,      -1.581429061,   0.0002391535031,      0.2855599729,       4.489640815,       10.91437294,       10.90153557,      0.0039269908,      0.2897834463,    0.005416712271,  -0.0003411378502,   0.0009669053418,    -0.05191779637,    0.008514221368,      0.2897834463,  -0.0003411378502,    0.005416712271,     0.01869227639,    -0.05618894793,     -0.1056233122,    -0.07390845377,    -0.07723362295,     -0.1341998708,     0.08549219814,   5.046591453e-05,      0.1137988463,     0.09044193598,  -0.0008657164117,    0.005630205936,   0.0006522227476,                 0,   0.0006364809816,  -0.0009881102189,   1.049138715e-05,                 0,  -2.835169405e-06,   1.049042983e-05,   0.0009592500814,                 0,    0.001971166453,    -0.04788389504,   -0.006853000063,    0.000847932273,    0.001049595257,    0.008064890802,    0.001329410638,   -0.001929675329,     0.08549219814,   5.046591453e-05,      0.1137988463,     0.09044193598,   0.0006364809816,  -0.0009881102189,   1.049138715e-05,                 0,  -0.0008657164117,    0.005630205936,   0.0006522227476,                 0,    -0.01012626217,        111.564528,    0.005731365204,                 0
          0,           0,          16,       1.705041129,       1.950758278,      -5.948867499,      -5.987555082,      -6.483641966,      -6.486068583,      -5.971595695,                         2,      -1.522421529,   0.0002510990985,      0.2998582887,       4.714122856,       11.46009159,       11.44660697,      0.0039269908,        0.28537496,    0.005445477995,  -0.0005026355941,    0.001001245631,    -0.05119842906,    0.007876108478,        0.28537496,  -0.0005026355941,    0.005445477995,     0.01908183533,    -0.09928023361,     -0.1634927262,     -0.1104401611,     -0.1114229214,     -0.1810309691,     0.08550779148,    5.23531189e-05,      0.1136257814,     0.08618903397,  -0.0008244436631,     0.00564928769,   0.0006206339677,                 0,   0.0005976340576,   -0.001176773879,   7.650422732e-05,                 0,  -2.748907679e-06,   1.108483793e-05,   0.0009929097011,                 0,    0.001866130728,    -0.04742480764,   -0.006544045356,   0.0009042932061,   0.0009742792026,    0.006859739977,    0.001965859773,   -0.001923770475,     0.08550779148,    5.23531189e-05,      0.1136257814,     0.08618903397,   0.0005976340576,   -0.001176773879,   7.650422732e-05,                 0,  -0.0008244436631,     0.00564928769,   0.0006206339677,                 0,   -0.009641737306,       107.9073761,    0.005462087563,                 0
          0,           0,          17,       1.806466964,       1.942742093,      -5.995719731,       -6.04396564,      -6.517354124,      -6.516811908,      -6.015027425,                         2,      -1.453571338,   0.0002636369689,      0.3148778666,       4.949828999,       12.03309617,       12.01893398,      0.0039269908,       0.282122696,    0.005404484588,  -0.0005701078256,    0.001030589457,    -0.05066133103,    0.007773675913,       0.282122696,  -0.0005701078256,    0.005404484588,     0.01915650412,     -0.1461324655,     -0.2199032845,     -0.1441523186,     -0.1421662463,     -0.2244626994,     0.08550677646,   5.454553804e-05,      0.1136195456,     0.08294182839,  -0.0008349673374,    0.005626561808,   0.0006128901181,                 0,   0.0005789261751,   -0.001308077456,   0.0001590434549,                 0,   -2.68890499e-06,   1.136111969e-05,    0.001021917242,                 0,    0.001885828941,    -0.04695547906,   -0.006469202636,    0.000877521723,    0.000931923981,    0.006015385568,    0.002755124551,   -0.001928758188,     0.08550677646,   5.454553804e-05,      0.1136195456,     0.08294182839,   0.0005789261751,   -0.001308077456,   0.0001590434549,                 0,  -0.0008349673374,    0.005626561808,   0.0006128901181,                 0,   -0.009764925916,       103.1534752,    0.005394231379,                 0
          0,           0,          18,       1.769481749,       1.933623128,      -6.042645084,      -6.094300022,      -6.546765551,      -6.543136383,      -6.053682563,                         2,      -1.394743485,   0.0002767990779,      0.3306519938,       5.197320449,       12.63475098,       12.61987733,      0.0039269908,      0.2795465478,    0.005331149928,  -0.0005594367492,    0.001033110219,    -0.05029514766,    0.008185577772,      0.2795465478,  -0.0005594367492,    0.005331149928,     0.01907070565,     -0.1930578185,     -0.2702376662,     -0.1735637457,     -0.1684907214,     -0.2631178372,     0.08551196982,   5.606558097e-05,      0.1137512104,     0.08022730204,   -0.000866754176,    0.005579351123,   0.0006185529808,                 0,   0.0005680116763,   -0.001385487053,   0.0002580386277,                 0,  -2.660252152e-06,    1.13972406e-05,    0.001024373231,                 0,    0.001956979531,    -0.04653674811,   -0.006524165953,   0.0008087868766,   0.0008989871062,     0.00551035519,    0.003701401166,    -0.00192516569,     0.08551196982,   5.606558097e-05,      0.1137512104,     0.08022730204,   0.0005680116763,   -0.001385487053,   0.0002580386277,                 0,   -0.000866754176,    0.005579351123,   0.0006185529808,                 0,    -0.01013605672,       99.51472947,    0.005437770542,                 0
          0,           0,          19,       1.781440525,       1.926013998,      -6.086696768,      -6.138271367,       -6.57395701,      -6.567975588,       -6.08930748,                         2,      -1.359375196,   0.0002906186958,      0.3472140676,       5.457186471,       13.26648853,       13.25087119,      0.0039269908,      0.2773222718,    0.005257232985,  -0.0005099516234,    0.001013697269,    -0.05006958039,     0.00882451865,      0.2773222718,  -0.0005099516234,    0.005257232985,     0.01895712505,     -0.2371095027,     -0.3142090109,     -0.2007552048,     -0.1933299268,     -0.2987427545,     0.08553110487,   5.644421379e-05,      0.1139507401,     0.07778398261,  -0.0009004685809,    0.005531923935,    0.000625777631,                 0,   0.0005574865066,   -0.001429721076,    0.000362282946,                 0,  -2.655894644e-06,   1.127875397e-05,     0.00100507441,                 0,    0.002031188573,     -0.0462535819,   -0.006592966845,   0.0007457797855,   0.0008620020445,    0.005164096173,     0.00470125129,   -0.001902830857,     0.08553110487,   5.644421379e-05,      0.1139507401,     0.07778398261,   0.0005574865066,   -0.001429721076,    0.000362282946,                 0,  -0.0009004685809,    0.005531923935,    0.000625777631,                 0,     -0.0105279662,       98.00692689,    0.005491650431,                 0
          0,           0,          20,       1.885217068,       1.924071287,      -6.126027886,      -6.177378504,      -6.602677809,      -6.595221494,      -6.123353521,                         2,      -1.348646358,   0.0003051231263,       0.364598707,       5.730045795,       13.92981295,       13.91341475,      0.0039269908,      0.2753093005,    0.005217479575,  -0.0004531688808,   0.0009877377528,    -0.05012756157,    0.009431132856,      0.2753093005,  -0.0004531688808,    0.005217479575,     0.01895133788,     -0.2764406203,     -0.3533161485,     -0.2294760043,     -0.2205758322,     -0.3327887953,     0.08556533801,   5.571628013e-05,      0.1141424353,     0.07554581095,  -0.0009248467199,    0.005504703633,   0.0006376226618,                 0,   0.0005434639542,   -0.001452852942,   0.0004562201073,                 0,  -2.666364808e-06,   1.110980461e-05,    0.000979294313,                 0,    0.002081911877,     -0.0461967322,   -0.006700857235,   0.0006881159868,    0.000813595332,    0.004887892856,    0.005608367305,   -0.001878722637,     0.08556533801,   5.571628013e-05,      0.1141424353,     0.07554581095,   0.0005434639542,   -0.001452852942,   0.0004562201073,                 0,  -0.0009248467199,    0.005504703633,   0.0006376226618,                 0,    -0.01080866086,       98.79883617,    0.005586201664,                 0
          0,           0,          21,       1.995822814,        1.92733272,      -6.161027331,      -6.212649636,      -6.634943164,      -6.627059612,      -6.155961698,                         2,       -1.35734717,   0.0003203529279,      0.3828438692,       6.016548084,        14.6263036,       14.60908549,      0.0039269908,      0.2734597487,    0.005233100901,  -0.0004095868201,   0.0009697734455,    -0.05059469023,    0.009871824157,      0.2734597487,  -0.0004095868201,    0.005233100901,     0.01913664049,     -0.3114400659,       -0.38858728,      -0.261741359,     -0.2524139501,     -0.3653969723,     0.08561265602,   5.431875396e-05,      0.1142655767,     0.07352719724,  -0.0009394520348,    0.005498127421,   0.0006744255145,                 0,   0.0005259133647,    -0.00145040672,    0.000514906535,                 0,  -2.677898023e-06,   1.097859228e-05,   0.0009614727512,                 0,    0.002106067685,    -0.04629630171,   -0.007039903972,   0.0006354477692,   0.0007562375322,    0.004778056966,    0.006184627306,   -0.001847097647,     0.08561265602,   5.431875396e-05,      0.1142655767,     0.07352719724,   0.0005259133647,    -0.00145040672,    0.000514906535,                 0,  -0.0009394520348,    0.005498127421,   0.0006744255145,                 0,    -0.01097328454,       101.2196897,    0.005902263252,                 0
          0,           0,          22,       1.851417995,        1.92403208,      -6.201122803,       -6.25311264,      -6.677812578,      -6.670688725,       -6.19532029,                         2,      -1.373311114,   0.0003363514661,      0.4019902705,       6.317375488,       15.35761878,       15.33953977,      0.0039269908,      0.2717484242,    0.005282364121,  -0.0003810762721,   0.0009803719958,    -0.05131082756,      0.0101537736,      0.2717484242,  -0.0003810762721,    0.005282364121,     0.01943843515,      -0.351535537,     -0.4290502844,      -0.304610773,     -0.2960430629,     -0.4047555645,     0.08566638935,   5.272603123e-05,      0.1143040819,     0.07172522693,  -0.0009495861476,    0.005487015679,   0.0007449345903,                 0,   0.0005079260322,   -0.001418683758,   0.0005296814534,                 0,  -2.683886163e-06,   1.091484368e-05,   0.0009721410383,                 0,    0.002116951833,    -0.04631598568,   -0.007697239178,   0.0005854454555,   0.0006995516026,     0.00491623113,    0.006343033748,   -0.001805042886,     0.08566638935,   5.272603123e-05,      0.1143040819,     0.07172522693,   0.0005079260322,   -0.001418683758,   0.0005296814534,                 0,  -0.0009495861476,    0.005487015679,   0.0007449345903,                 0,    -0.01108469908,       104.0665408,    0.006517130252,                 0
          0,           0,          23,       1.876828268,       1.922065254,      -6.254427439,      -6.305589779,      -6.734306718,      -6.727886172,      -6.247871234,                         2,      -1.393365922,   0.0003531563941,      0.4220841233,       6.633244263,       16.12549972,       16.10651676,      0.0039269908,      0.2701911056,    0.005345260033,  -0.0003665558805,    0.001017702454,    -0.05210217193,     0.01028842263,      0.2701911056,  -0.0003665558805,    0.005345260033,     0.01978325682,     -0.4048401735,     -0.4815274227,     -0.3611049128,     -0.3532405109,     -0.4573065081,     0.08572282315,   5.126001733e-05,      0.1142710202,     0.07014600219,  -0.0009556440687,    0.005454038164,   0.0008468659371,                 0,   0.0004928043193,   -0.001362472378,    0.000503112178,                 0,  -2.684235528e-06,   1.090414729e-05,    0.001009482542,                 0,    0.002119957154,    -0.04610916308,   -0.008655331741,    0.000542365739,   0.0006528875188,    0.005289458165,    0.006103993535,   -0.001757916588,     0.08572282315,   5.126001733e-05,      0.1142710202,     0.07014600219,   0.0004928043193,   -0.001362472378,    0.000503112178,                 0,  -0.0009556440687,    0.005454038164,   0.0008468659371,                 0,    -0.01114807042,         106.39946,    0.007411029807,                 0
          0,           0,          24,       1.840563519,       1.918805185,      -6.326853277,      -6.376130769,      -6.807243953,      -6.800924717,      -6.319431847,                         2,       -1.41720119,   0.0003708054871,      0.4431762647,       6.964906476,        16.9317747,       16.91184259,      0.0039269908,      0.2688118282,    0.005396789022,  -0.0003583029149,    0.001078705404,     -0.0527557556,      0.0103493814,      0.2688118282,  -0.0003583029149,    0.005396789022,     0.02007645668,      -0.477266011,     -0.5520684132,     -0.4340421483,     -0.4262790556,     -0.5288671208,       0.085776899,    5.00934147e-05,      0.1141859201,     0.06879891568,  -0.0009611012564,    0.005398516668,   0.0009593736111,                 0,   0.0004822350345,   -0.001294014183,   0.0004534762333,                 0,  -2.681620747e-06,   1.093241813e-05,    0.001070454606,                 0,    0.002123338325,    -0.04566548263,   -0.009717931026,   0.0005043197223,   0.0006207687399,    0.005801692589,    0.005639700467,   -0.001712780396,       0.085776899,    5.00934147e-05,      0.1141859201,     0.06879891568,   0.0004822350345,   -0.001294014183,   0.0004534762333,                 0,  -0.0009611012564,    0.005398516668,   0.0009593736111,                 0,    -0.01120466312,       107.7689892,    0.008401855593,                 0
          0,           0,          25,       1.848454717,       1.916099398,       -6.41972981,      -6.466511414,      -6.898736066,      -6.892060921,      -6.411814073,                         2,      -1.442918152,   0.0003893382254,      0.4653206231,         7.3131518,       17.77836344,       17.75743472,      0.0039269908,      0.2676136195,    0.005421138359,  -0.0003503614908,    0.001155515607,    -0.05314042605,     0.01039610774,      0.2676136195,  -0.0003503614908,    0.005421138359,     0.02025733357,     -0.5701425441,     -0.6424490578,     -0.5255342614,     -0.5174152589,     -0.6212493474,     0.08582488906,   4.927866535e-05,      0.1140630577,     0.06767639408,  -0.0009674138663,    0.005328826201,    0.001059726025,                 0,   0.0004764527289,   -0.001228161763,   0.0004013475431,                 0,  -2.678474552e-06,   1.098665361e-05,    0.001147207428,                 0,    0.002130750408,    -0.04506584588,    -0.01066903997,   0.0004637093898,   0.0006031983973,    0.006319045475,    0.005146110041,   -0.001672246178,     0.08582488906,   4.927866535e-05,      0.1140630577,     0.06767639408,   0.0004764527289,   -0.001228161763,   0.0004013475431,                 0,  -0.0009674138663,    0.005328826201,    0.001059726025,                 0,    -0.01127195009,       108.1365772,    0.009290703285,                 0
          0,           0,          26,       1.828581586,       1.912857997,      -6.528552172,      -6.571940246,      -7.008627007,      -7.001566198,      -6.520458474,                         2,      -1.463147048,   0.0004087986079,       0.488572857,        7.67880939,       18.66728161,       18.64530646,      0.0039269908,      0.2666027537,    0.005413228896,  -0.0003374993623,    0.001236252277,    -0.05320272686,     0.01048260363,      0.2666027537,  -0.0003374993623,    0.005413228896,     0.02030447481,     -0.6789649064,     -0.7478778902,     -0.6354252024,     -0.6269205363,     -0.7298937476,     0.08586528148,   4.881521332e-05,      0.1139163371,     0.06677231985,  -0.0009738258309,     0.00525866461,    0.001128390117,                 0,   0.0004744668716,   -0.001175520821,    0.000363554587,                 0,  -2.676052773e-06,   1.104691956e-05,     0.00122788141,                 0,    0.002140880308,     -0.0444412902,     -0.0113214774,   0.0004191604336,   0.0005968485224,    0.006738524069,    0.004785175635,   -0.001637944596,     0.08586528148,   4.881521332e-05,      0.1139163371,     0.06677231985,   0.0004744668716,   -0.001175520821,    0.000363554587,                 0,  -0.0009738258309,     0.00525866461,    0.001128390117,                 0,    -0.01134132229,       107.7259373,     0.00990542836,                 0
          0,           0,          27,       1.861319663,       1.911017342,      -6.647690435,      -6.687095781,      -7.135131064,      -7.128004786,       -6.63959824,                         2,        -1.4558025,   0.0004292328217,      0.5129900934,       8.062749859,       19.60064569,       19.57757178,      0.0039269908,      0.2657755109,    0.005378586318,  -0.0003161728978,    0.001309199246,    -0.05298961254,      0.0106511029,      0.2657755109,  -0.0003161728978,    0.005378586318,     0.02023732848,     -0.7981031691,     -0.8630334247,      -0.761929259,     -0.7533591243,     -0.8490335137,     0.08589742419,   4.865549527e-05,      0.1137608364,     0.06606859484,  -0.0009799073313,    0.005199313841,    0.001159179808,                 0,    0.000474576742,   -0.001138615566,   0.0003478659261,                 0,  -2.674567243e-06,   1.109854611e-05,    0.001300775267,                 0,     0.00215204984,    -0.04390055138,    -0.01161501734,   0.0003739063312,   0.0005966602327,     0.00703346357,    0.004632948137,   -0.001611969038,     0.08589742419,   4.865549527e-05,      0.1137608364,     0.06606859484,    0.000474576742,   -0.001138615566,   0.0003478659261,                 0,  -0.0009799073313,    0.005199313841,    0.001159179808,                 0,    -0.01140787795,       106.8597455,     0.01018962101,                 0
          0,           0,          28,       1.868704809,       1.909558289,      -6.770686329,      -6.805376443,      -7.268639166,      -7.261910469,      -6.761154196,                         2,       -1.40545015,   0.0004506890962,      0.5386308733,       8.465887352,       20.58067798,       20.55645037,      0.0039269908,      0.2651098557,    0.005326077219,  -0.0002872666821,    0.001368139079,    -0.05258697821,     0.01089785618,      0.2651098557,  -0.0002872666821,    0.005326077219,     0.02009007626,     -0.9210990633,     -0.9813140873,     -0.8954373609,     -0.8872648079,     -0.9705894706,     0.08592134641,   4.872262687e-05,       0.113606607,     0.06553317965,  -0.0009855729126,    0.005154198229,    0.001157451903,                 0,   0.0004754985175,   -0.001114549086,    0.000351783886,                 0,  -2.673784051e-06,     1.1132565e-05,    0.001359680298,                 0,    0.002163096851,    -0.04348164583,    -0.01159962295,   0.0003311937153,   0.0005988501535,    0.007227019246,    0.004666949312,   -0.001594962536,     0.08592134641,   4.872262687e-05,       0.113606607,     0.06553317965,   0.0004754985175,   -0.001114549086,    0.000351783886,                 0,  -0.0009855729126,    0.005154198229,    0.001157451903,                 0,    -0.01147064093,       105.7865423,     0.01018824463,                 0
          0,           0,          29,       1.873726833,       1.908363908,      -6.892979168,      -6.921640916,      -7.395750316,      -7.390633616,      -6.878135455,                         2,      -1.329397683,   0.0004732182167,      0.5655558969,        8.88918172,       21.60971188,       21.58427289,      0.0039269908,      0.2645856875,    0.005266233053,  -0.0002551192332,    0.001410172643,    -0.05209667938,     0.01118402055,      0.2645856875,  -0.0002551192332,    0.005266233053,     0.01990369586,      -1.043391903,       -1.09757856,      -1.022548511,      -1.015987954,      -1.087570729,     0.08593757936,    4.89457348e-05,      0.1134620951,     0.06513706728,  -0.0009905263195,    0.005121336694,    0.001135422678,                 0,   0.0004766455459,   -0.001099778954,   0.0003680141753,                 0,   -2.67347606e-06,   1.114731486e-05,    0.001401698804,                 0,     0.00217280956,    -0.04317177048,    -0.01139098174,   0.0002932632761,   0.0006016676307,    0.007349860115,    0.004818347657,   -0.001585854853,     0.08593757936,    4.89457348e-05,      0.1134620951,     0.06513706728,   0.0004766455459,   -0.001099778954,   0.0003680141753,                 0,  -0.0009905263195,    0.005121336694,    0.001135422678,                 0,     -0.0115261138,       104.6329515,     0.01000706604,                 0
          0,           0,          30,       2.008526444,       1.911594957,      -7.010939923,      -7.031758701,      -7.509278751,      -7.507892845,      -6.986203082,                         3,      -1.698317661,   0.0004968736524,      0.5938287964,       9.333640806,       22.69019747,       22.66348653,      0.0039269908,      0.2641749997,    0.005206381257,  -0.0002241942817,    0.001434420596,    -0.05160913453,     0.01144664205,      0.2641749997,  -0.0002241942817,    0.005206381257,     0.01970807708,      -1.161352658,      -1.207696345,      -1.136076946,      -1.133247184,      -1.195638356,     0.08594747177,   4.919853837e-05,      0.1133234892,     0.06485484018,  -0.0009945275482,     0.00508320698,    0.001117701824,                 0,   0.0004778751585,   -0.001080467082,   0.0003783976422,                 0,  -2.673692011e-06,   1.115157534e-05,    0.001425942713,                 0,    0.002180381223,    -0.04282758649,    -0.01122160384,   0.0002596745846,   0.0006046233718,      0.0075129395,    0.004915380928,   -0.001586301753,     0.08594747177,   4.919853837e-05,      0.1133234892,     0.06485484018,   0.0004778751585,   -0.001080467082,   0.0003783976422,                 0,  -0.0009945275482,     0.00508320698,    0.001117701824,                 0,    -0.01157134151,       103.3202845,    0.009862931615,                 0
          0,           0,          31,       1.993843923,       1.914165237,      -7.122661884,      -7.136422799,      -7.610393319,      -7.613273897,      -7.087866769,                         3,      -1.657176028,   0.0005217116753,      0.6235162423,       9.800322846,       23.82470734,       23.79666086,      0.0039269908,      0.2639050016,    0.005161169341,  -0.0002020961438,    0.001450971184,     -0.0512257448,     0.01164789472,      0.2639050016,  -0.0002020961438,    0.005161169341,     0.01955692128,      -1.273074619,      -1.312360443,      -1.237191514,      -1.238628235,      -1.297302043,     0.08595213894,   4.958769734e-05,      0.1132090242,     0.06469425078,  -0.0009976741088,    0.005066149578,    0.001092693872,                 0,    0.000479232978,    -0.00107519106,   0.0003938619383,                 0,  -2.674326019e-06,   1.114366872e-05,    0.001442501842,                 0,    0.002186219104,    -0.04265803152,    -0.01098624487,   0.0002323124811,   0.0006081401739,    0.007570428131,    0.005058988364,    -0.00158966195,     0.08595213894,   4.958769734e-05,      0.1132090242,     0.06469425078,    0.000479232978,    -0.00107519106,   0.0003938619383,                 0,  -0.0009976741088,    0.005066149578,    0.001092693872,                 0,    -0.01160732148,       102.1654533,    0.009652003275,                 0
          0,           0,          32,       1.918896152,       1.914308598,      -7.230163695,      -7.234643571,      -7.712579216,      -7.719895649,       -7.18436505,                         3,      -1.612061722,   0.0005477915334,       0.654689039,       10.29033899,       25.01594271,        24.9864939,      0.0039269908,      0.2637268949,    0.005124903964,  -0.0001834896428,    0.001461413148,     -0.0509050143,      0.0118263028,      0.2637268949,  -0.0001834896428,    0.005124903964,     0.01943261785,      -1.380576429,      -1.410581215,      -1.339377411,      -1.345249987,      -1.393800324,     0.08595329053,   5.001460522e-05,      0.1131195905,     0.06460399924,   -0.001000014037,     0.00506243101,    0.001062486991,                 0,   0.0004803435688,   -0.001079389264,   0.0004155560522,                 0,   -2.67468312e-06,   1.113208009e-05,    0.001452955751,                 0,    0.002190241943,    -0.04260681196,    -0.01069990072,   0.0002114564408,   0.0006110871768,    0.007545141501,    0.005263338704,   -0.001593264578,     0.08595329053,   5.001460522e-05,      0.1131195905,     0.06460399924,   0.0004803435688,   -0.001079389264,   0.0004155560522,                 0,   -0.001000014037,     0.00506243101,    0.001062486991,                 0,    -0.01163438922,       101.2190537,    0.009392599336,                 0
          0,           0,          33,       2.036578392,       1.917904769,      -7.335211867,      -7.322873207,      -7.818537937,      -7.828188584,        -7.2725113,                         3,      -1.579326615,   0.0005751755933,       0.687421698,       10.80485594,       26.26673985,        26.2358186,      0.0039269908,      0.2635995735,    0.005098128472,  -0.0001684345559,    0.001466710203,    -0.05066582031,     0.01197031485,      0.2635995735,  -0.0001684345559,    0.005098128472,     0.01934042762,      -1.485624601,      -1.498810851,      -1.445336132,      -1.453542923,      -1.481946574,     0.08595248471,   5.041268014e-05,      0.1130513761,     0.06454529994,   -0.001001800859,    0.005065019822,    0.001034909508,                 0,   0.0004810611577,    -0.00108816023,   0.0004386645164,                 0,  -2.674781341e-06,   1.111849994e-05,    0.001458266484,                 0,     0.00219301118,    -0.04261821156,    -0.01043636019,   0.0001957402573,   0.0006129654925,    0.007470863399,    0.005483140945,    -0.00159665499,     0.08595248471,   5.041268014e-05,      0.1130513761,     0.06454529994,   0.0004810611577,    -0.00108816023,   0.0004386645164,                 0,   -0.001001800859,    0.005065019822,    0.001034909508,                 0,    -0.01165528678,       100.4711475,    0.009154329154,                 0
          0,           0,          34,       2.079639062,       1.922525749,      -7.439667526,      -7.397853747,      -7.927282846,       -7.93629591,       -7.34809337,                         3,      -1.565747659,   0.0006039291584,       0.721792026,       11.34509873,       27.58007684,       27.54760953,      0.0039269908,      0.2634962952,      0.0050806981,  -0.0001586122148,      0.0014692124,     -0.0505140869,       0.012060244,      0.2634962952,  -0.0001586122148,      0.0050806981,     0.01928185782,       -1.59008026,      -1.573791391,      -1.554081041,      -1.561650248,      -1.557528644,     0.08595089686,   5.075542571e-05,      0.1129996964,     0.06449494652,   -0.001003235159,    0.005069102015,    0.001014831244,                 0,   0.0004814290993,   -0.001097946576,   0.0004579052617,                 0,  -2.674636889e-06,   1.110544104e-05,    0.001460781596,                 0,    0.002195059254,    -0.04264983842,    -0.01024320854,   0.0001839008065,   0.0006138447517,    0.007378743898,    0.005667352518,   -0.001599697166,     0.08595089686,   5.075542571e-05,      0.1129996964,     0.06449494652,   0.0004814290993,   -0.001097946576,   0.0004579052617,                 0,   -0.001003235159,    0.005069102015,    0.001014831244,                 0,    -0.01167218954,       99.87310606,    0.008980831601,                 0
          0,           0,          35,       1.933076631,       1.922818829,      -7.545540539,      -7.462878615,      -8.039241543,      -8.045357353,      -7.413667591,                         3,      -1.564966645,   0.0006341207541,      0.7578816711,       11.91235367,       28.95908068,       28.92499001,      0.0039269908,       0.263401371,    0.005069629437,  -0.0001542368771,    0.001470798413,    -0.05042269908,     0.01209552222,       0.263401371,  -0.0001542368771,    0.005069629437,     0.01924678455,      -1.695953273,      -1.638816259,      -1.666039738,      -1.670711691,      -1.623102865,     0.08594925777,   5.104199804e-05,      0.1129606806,      0.0644403906,   -0.001004430299,    0.005072220555,    0.001001839181,                 0,   0.0004815811045,   -0.001106922328,   0.0004711043463,                 0,  -2.674304355e-06,   1.109472015e-05,    0.001462377997,                 0,     0.00219673117,    -0.04267684464,    -0.01011752039,     0.00017493478,   0.0006140837237,     0.00728931165,    0.005794390681,   -0.001602263834,     0.08594925777,   5.104199804e-05,      0.1129606806,      0.0644403906,   0.0004815811045,   -0.001106922328,   0.0004711043463,                 0,   -0.001004430299,    0.005072220555,    0.001001839181,                 0,    -0.01168631731,       99.37347184,    0.008868919481,                 0
          0,           0,          36,       2.104927188,       1.927740676,      -7.655125123,      -7.526249551,      -8.157228698,      -8.159363126,      -7.477459294,                         3,      -1.559846077,   0.0006658223246,      0.7957764265,       12.50797136,       30.40703471,       30.37123951,      0.0039269908,       0.263308045,    0.005061686183,  -0.0001540974939,    0.001472275206,    -0.05035960598,     0.01209051397,       0.263308045,  -0.0001540974939,    0.005061686183,     0.01922343916,      -1.805537858,      -1.702187196,      -1.784026893,      -1.784717464,      -1.686894568,       0.085947928,   5.127576745e-05,      0.1129320455,     0.06437679577,   -0.001005418884,     0.00507397883,    0.000993126237,                 0,   0.0004816449628,   -0.001114661707,     0.00047891925,                 0,  -2.673885971e-06,   1.108723466e-05,    0.001463861858,                 0,    0.002198167565,    -0.04269273619,    -0.01003296348,   0.0001679261224,   0.0006140630681,    0.007210665118,    0.005870004178,   -0.001604218394,       0.085947928,   5.127576745e-05,      0.1129320455,     0.06437679577,   0.0004816449628,   -0.001114661707,     0.00047891925,                 0,   -0.001005418884,     0.00507397883,    0.000993126237,                 0,    -0.01169800026,       98.95471258,    0.008794016194,                 0
          0,           0,          37,       1.965672382,       1.928738879,      -7.774151738,      -7.599167508,      -8.286854214,      -8.284178618,      -7.550740088,                         3,      -1.535068421,   0.0006991093893,      0.8355664101,       13.13336992,       31.92738645,       31.88980148,      0.0039269908,       0.263214316,    0.005055037143,  -0.0001562015697,    0.001473773276,    -0.05030678632,     0.01206580856,       0.263214316,  -0.0001562015697,    0.005055037143,     0.01920502357,      -1.924564473,      -1.775105152,      -1.913652409,      -1.909532956,      -1.760175362,     0.08594693639,   5.146078836e-05,      0.1129116592,      0.0643042596,   -0.001006270491,     0.00507491885,    0.000986388784,                 0,   0.0004817018138,   -0.001121264904,   0.0004833615209,                 0,  -2.673469368e-06,   1.108283865e-05,    0.001465363907,                 0,    0.002199484811,    -0.04270076256,   -0.009967567182,   0.0001620586099,   0.0006140344619,    0.007144242133,    0.005913216875,   -0.001605684908,     0.08594693639,   5.146078836e-05,      0.1129116592,      0.0643042596,   0.0004817018138,   -0.001121264904,   0.0004833615209,                 0,   -0.001006270491,     0.00507491885,    0.000986388784,                 0,    -0.01170804374,       98.61719985,    0.008735933833,                 0
          0,           0,          38,       1.926686498,       1.928686254,      -7.900203716,      -7.682980204,      -8.424028506,      -8.416125764,      -7.634777668,                         3,      -1.497040762,   0.0007340612214,      0.8773462568,       13.79003842,       33.52375577,       33.48429155,      0.0039269908,      0.2631216511,    0.005048986951,   -0.000158791923,    0.001475187979,    -0.05025789524,     0.01203831215,      0.2631216511,   -0.000158791923,    0.005048986951,     0.01918879321,       -2.05061645,      -1.858917849,      -2.050826701,      -2.041480102,      -1.844212942,     0.08594616835,    5.16014088e-05,      0.1128975999,      0.0642262814,   -0.001007031835,    0.005075416241,   0.0009806025451,                 0,   0.0004817804882,   -0.001126841974,   0.0004862695631,                 0,   -2.67311103e-06,   1.108156794e-05,    0.001466779522,                 0,    0.002200721954,    -0.04270403959,   -0.009911494614,   0.0001569170028,   0.0006140876607,    0.007089400694,    0.005941642957,    -0.00160681916,     0.08594616835,    5.16014088e-05,      0.1128975999,      0.0642262814,   0.0004817804882,   -0.001126841974,   0.0004862695631,                 0,   -0.001007031835,    0.005075416241,   0.0009806025451,                 0,    -0.01171700676,       98.35809446,    0.008685769634,                 0
          0,           0,          39,       1.990667702,        1.93023579,      -8.020320426,      -7.774075637,      -8.551070537,      -8.540251313,      -7.725975328,                         3,      -1.460071229,   0.0007707611625,      0.9212153297,       14.47954034,       35.19994356,       35.15850613,      0.0039269908,      0.2630301907,    0.005043756667,  -0.0001608371096,    0.001476612983,    -0.05021562424,     0.01201721115,      0.2630301907,  -0.0001608371096,    0.005043756667,     0.01917558077,       -2.17073316,      -1.950013281,      -2.177868732,      -2.165605651,      -1.935410602,     0.08594552087,    5.17031936e-05,       0.112888119,     0.06414484767,   -0.001007704745,    0.005075759519,   0.0009757018922,                 0,   0.0004818769687,   -0.001131356711,   0.0004886426323,                 0,  -2.672824611e-06,   1.108150263e-05,    0.001468204305,                 0,    0.002201839499,    -0.04270572311,   -0.009864049078,   0.0001523084527,   0.0006142100481,    0.007045816561,     0.00596487695,   -0.001607692409,     0.08594552087,    5.17031936e-05,       0.112888119,     0.06414484767,   0.0004818769687,   -0.001131356711,   0.0004886426323,                 0,   -0.001007704745,    0.005075759519,   0.0009757018922,                 0,    -0.01172492452,       98.17110251,     0.00864308752,                 0
          0,           0,          40,       2.431738811,       1.942467571,      -8.116017169,      -7.867358368,      -8.644780443,      -8.636392828,      -7.819489819,                         3,      -1.435462102,   0.0008092965965,      0.9672779348,       15.20351736,       36.95994074,       36.91643144,      0.0039269908,      0.2629433141,    0.005039475315,  -0.0001620611347,    0.001477987771,    -0.05018150731,      0.0120045619,      0.2629433141,  -0.0001620611347,    0.005039475315,     0.01916563398,      -2.266429903,      -2.043296012,      -2.271578638,      -2.261747167,      -2.028925093,     0.08594494613,   5.177378577e-05,      0.1128818022,     0.06406479204,    -0.00100828137,    0.005075886559,   0.0009718701258,                 0,   0.0004819747667,   -0.001134720542,   0.0004906846401,                 0,  -2.672599677e-06,   1.108192438e-05,    0.001469578446,                 0,    0.002202796756,    -0.04270558237,   -0.009826939891,   0.0001482181987,   0.0006143536409,    0.007013657086,    0.005984945155,   -0.001608393983,     0.08594494613,   5.177378577e-05,      0.1128818022,     0.06406479204,   0.0004819747667,   -0.001134720542,   0.0004906846401,                 0,    -0.00100828137,    0.005075886559,   0.0009718701258,                 0,    -0.01173171216,       98.03970259,    0.008609626239,                 0
          0,           0,          41,       1.917899721,       1.941882622,      -8.181472402,      -7.957701598,      -8.703366202,      -8.699851464,      -7.910494217,                         3,        -1.4315456,   0.0008497592599,       1.015643592,       15.96369322,       38.80793778,       38.76225301,      0.0039269908,      0.2628642821,    0.005036139002,  -0.0001626157849,     0.00147922332,    -0.05015548662,      0.0119985766,      0.2628642821,  -0.0001626157849,    0.005036139002,     0.01915870411,      -2.331885136,      -2.133639242,      -2.330164397,      -2.325205802,      -2.119929491,      0.0859444451,   5.181986809e-05,      0.1128777471,     0.06399026997,   -0.001008756138,    0.005075806993,    0.000969088146,                 0,    0.000482059852,   -0.001136973063,   0.0004922974258,                 0,  -2.672424475e-06,   1.108245736e-05,    0.001470813287,                 0,    0.002203575916,    -0.04270382848,   -0.009799922378,   0.0001446883256,   0.0006144802995,    0.006992189429,    0.006000864104,   -0.001608957227,      0.0859444451,   5.181986809e-05,      0.1128777471,     0.06399026997,    0.000482059852,   -0.001136973063,   0.0004922974258,                 0,   -0.001008756138,    0.005075806993,    0.000969088146,                 0,    -0.01173730468,       97.95098252,    0.008585289579,                 0
          0,           0,          42,       1.921094625,        1.94139918,      -8.237064805,       -8.04990522,       -8.75181654,      -8.751183072,      -8.003973436,                         3,      -1.443087764,   0.0008922456026,       1.066427308,       16.76187789,       40.74833466,       40.70036566,      0.0039269908,      0.2627954156,    0.005033636723,  -0.0001627367614,    0.001480236831,    -0.05013656069,     0.01199681171,      0.2627954156,  -0.0001627367614,    0.005033636723,     0.01915420294,      -2.387477539,      -2.225842864,      -2.378614735,       -2.37653741,       -2.21340871,       0.085944027,   5.184792112e-05,      0.1128752141,     0.06392432662,   -0.001009139385,    0.005075582549,   0.0009671935582,                 0,   0.0004821272161,   -0.001138303517,   0.0004934395396,                 0,  -2.672288493e-06,    1.10828952e-05,    0.001471826225,                 0,     0.00220419786,    -0.04270099833,   -0.009781453346,   0.0001416931227,   0.0006145762693,    0.006979513711,    0.006012206308,   -0.001609484583,       0.085944027,   5.184792112e-05,      0.1128752141,     0.06392432662,   0.0004821272161,   -0.001138303517,   0.0004934395396,                 0,   -0.001009139385,    0.005075582549,   0.0009671935582,                 0,    -0.01174182104,        97.8936559,    0.008568697441,                 0
          0,           0,          43,       2.022002769,        1.94323108,      -8.299198641,      -8.147082237,       -8.81011666,      -8.809466927,      -8.103058308,                         3,      -1.465196675,   0.0009368566804,       1.119749902,       17.59997178,        42.7857514,       42.73538394,      0.0039269908,      0.2627380115,    0.005031810131,  -0.0001626142819,    0.001480962914,    -0.05012334709,     0.01199736261,      0.2627380115,  -0.0001626142819,    0.005031810131,     0.01915143569,      -2.449611375,      -2.323019881,      -2.436914855,      -2.434821265,      -2.312493582,      0.0859436904,   5.186383573e-05,      0.1128736315,     0.06386882578,   -0.001009445491,    0.005075317743,   0.0009659378785,                 0,   0.0004821780988,    -0.00113899628,   0.0004942038989,                 0,  -2.672179074e-06,   1.108321313e-05,     0.00147255188,                 0,     0.00220469181,    -0.04269799077,   -0.009769185735,   0.0001391376038,   0.0006146447019,    0.006972919978,    0.006019842062,   -0.001610044128,      0.0859436904,   5.186383573e-05,      0.1128736315,     0.06386882578,   0.0004821780988,    -0.00113899628,   0.0004942038989,                 0,   -0.001009445491,    0.005075317743,   0.0009659378785,                 0,    -0.01174542874,       97.85851107,    0.008557692933,                 0
          0,           0,          44,       2.015443538,       1.944835801,      -8.375727543,      -8.252011777,       -8.88560258,      -8.883236432,      -8.210454766,                         3,      -1.493368635,   0.0009836985812,       1.175738299,       18.47997037,       44.92503897,       44.87215314,      0.0039269908,      0.2626922567,    0.005030483147,  -0.0001623848717,    0.001481445833,    -0.05011427394,     0.01199892989,      0.2626922567,  -0.0001623848717,    0.005030483147,     0.01914971994,      -2.526140278,      -2.427949421,      -2.512400775,       -2.50859077,       -2.41989004,     0.08594342815,    5.18721054e-05,      0.1128726371,     0.06382431937,   -0.001009687474,    0.005075069635,   0.0009651009865,                 0,   0.0004822144194,   -0.001139290167,    0.000494690876,                 0,  -2.672090289e-06,   1.108343558e-05,    0.001473034488,                 0,    0.002205081849,    -0.04269526465,   -0.009761013258,   0.0001369221128,   0.0006146900545,    0.006970162244,    0.006024728988,   -0.001610651399,     0.08594342815,    5.18721054e-05,      0.1128726371,     0.06382431937,   0.0004822144194,   -0.001139290167,    0.000494690876,                 0,   -0.001009687474,    0.005075069635,   0.0009651009865,                 0,    -0.01174828019,       97.83812699,    0.008550353847,                 0
          0,           0,          45,       1.930486997,       1.944523871,      -8.468860913,      -8.366902227,      -8.979200042,      -8.974526265,      -8.328260263,                         3,      -1.524386336,    0.001032882799,       1.234525822,       19.40396889,       47.17129092,        47.1157608,      0.0039269908,      0.2626572853,    0.005029509121,  -0.0001621183515,    0.001481743387,    -0.05010806859,     0.01200087664,      0.2626572853,  -0.0001621183515,    0.005029509121,     0.01914856127,      -2.619273647,      -2.542839871,      -2.605998237,      -2.599880604,      -2.537695537,     0.08594323338,    5.18759037e-05,      0.1128720037,     0.06379017228,   -0.001009876252,    0.005074854117,   0.0009645312571,                 0,   0.0004822375006,   -0.001139347582,   0.0004949917294,                 0,  -2.672016288e-06,   1.108354845e-05,    0.001473331855,                 0,    0.002205385615,    -0.04269293285,   -0.009755460535,   0.0001349391813,   0.0006147153525,    0.006969708607,    0.006027758507,   -0.001611305827,     0.08594323338,    5.18759037e-05,      0.1128720037,     0.06379017228,   0.0004822375006,   -0.001139347582,   0.0004949917294,                 0,   -0.001009876252,    0.005074854117,   0.0009645312571,                 0,    -0.01175050336,       97.82680888,    0.008545354253,                 0
          0,           0,          46,       1.791150596,        1.94126061,      -8.576692865,      -8.491217053,      -9.088159878,       -9.08142089,      -8.455848285,                         3,      -1.558657366,    0.001084526418,       1.296252488,       20.37416733,       49.52985546,       49.47154884,      0.0039269908,      0.2626318041,    0.005028719172,  -0.0001618251044,    0.001481919371,    -0.05010313501,     0.01200310743,      0.2626318041,  -0.0001618251044,    0.005028719172,      0.0191474113,        -2.7271056,      -2.667154697,      -2.714958073,      -2.706775229,      -2.665283559,     0.08594309353,   5.187741688e-05,      0.1128715929,     0.06376524022,   -0.001010020082,    0.005074603389,   0.0009641358645,                 0,    0.000482250801,   -0.001139244873,   0.0004951689679,                 0,  -2.671955567e-06,   1.108342254e-05,    0.001473507904,                 0,    0.002205616793,    -0.04269031105,   -0.009751618604,   0.0001331778477,   0.0006147272411,    0.006970816614,    0.006029546389,   -0.001611982812,     0.08594309353,   5.187741688e-05,      0.1128715929,     0.06376524022,    0.000482250801,   -0.001139244873,   0.0004951689679,                 0,   -0.001010020082,    0.005074603389,   0.0009641358645,                 0,    -0.01175219602,       97.81912235,    0.008541882326,                 0
          0,           0,          47,       1.915823893,       1.940730678,      -8.699798667,       -8.62701529,      -9.212193502,       -9.20414889,      -8.595167551,                         3,      -1.592403093,    0.001138752358,       1.361065315,        21.3928757,       52.00634823,       51.94512628,      0.0039269908,      0.2626138885,    0.005028160694,  -0.0001615567159,    0.001482033427,    -0.05009992457,     0.01200514202,      0.2626138885,  -0.0001615567159,    0.005028160694,     0.01914659092,      -2.850211402,      -2.802952934,      -2.838991697,      -2.829503229,      -2.804602825,     0.08594299375,   5.187788261e-05,      0.1128713133,     0.06374770359,   -0.001010127577,     0.00507441436,   0.0009638739115,                 0,   0.0004822585299,   -0.001139094291,   0.0004952790447,                 0,  -2.671908592e-06,   1.108334778e-05,    0.001473621988,                 0,    0.002205789481,    -0.04268834773,   -0.009749084996,   0.0001317186664,   0.0006147327214,    0.006972368819,    0.006030655407,   -0.001612614929,     0.08594299375,   5.187788261e-05,      0.1128713133,     0.06374770359,   0.0004822585299,   -0.001139094291,   0.0004952790447,                 0,   -0.001010127577,     0.00507441436,   0.0009638739115,                 0,    -0.01175346043,       97.81460044,    0.008539582672,                 0
          0,           0,          48,       2.055950259,       1.943082098,      -8.835007744,      -8.772570073,      -9.348102086,      -9.339571621,      -8.744383932,                         3,      -1.625491934,    0.001195689691,       1.429118673,       22.46251948,       54.60666565,       54.54238259,      0.0039269908,      0.2626018055,    0.005027797952,  -0.0001613292878,    0.001482116218,    -0.05009810511,      0.0120068512,      0.2626018055,  -0.0001613292878,    0.005027797952,     0.01914609057,      -2.985420478,      -2.948507717,      -2.974900281,       -2.96492596,      -2.953819206,     0.08594292211,   5.187781881e-05,      0.1128711149,     0.06373589058,   -0.001010206696,    0.005074294874,   0.0009637097732,                 0,   0.0004822635772,   -0.001138948054,    0.000495355189,                 0,  -2.671873989e-06,   1.108336796e-05,    0.001473704724,                 0,    0.002205916638,    -0.04268710446,   -0.009747508033,     0.00013059075,   0.0006147361177,    0.006973852743,    0.006031420061,    -0.00161315772,     0.08594292211,   5.187781881e-05,      0.1128711149,     0.06373589058,   0.0004822635772,   -0.001138948054,    0.000495355189,                 0,   -0.001010206696,    0.005074294874,   0.0009637097732,                 0,    -0.01175439083,       97.81241753,    0.008538143472,                 0
          0,           0,          49,       2.129690463,       1.946814265,      -8.979423254,      -8.925594449,      -9.492809654,      -9.484628267,      -8.901019569,                         3,      -1.657843466,    0.001255473959,       1.500574632,       23.58564546,       57.33699893,       57.26950172,      0.0039269908,      0.2625939321,    0.005027586475,  -0.0001611551614,    0.001482177153,    -0.05009726506,     0.01200815098,      0.2625939321,  -0.0001611551614,    0.005027586475,      0.0191458593,      -3.129835988,      -3.101532093,      -3.119607849,      -3.109982605,      -3.110454843,     0.08594287114,   5.187756833e-05,      0.1128709719,     0.06372821149,   -0.001010263909,    0.005074242993,   0.0009636073917,                 0,   0.0004822671536,   -0.001138830416,   0.0004954081008,                 0,  -2.671849196e-06,   1.108350964e-05,    0.001473765492,                 0,    0.002206008649,    -0.04268654826,   -0.009746531261,   0.0001298058126,   0.0006147387086,    0.006975040456,    0.006031949524,   -0.001613577706,     0.08594287114,   5.187756833e-05,      0.1128709719,     0.06372821149,   0.0004822671536,   -0.001138830416,   0.0004954081008,                 0,   -0.001010263909,    0.005074242993,   0.0009636073917,                 0,    -0.01175506352,       97.81188974,    0.008537247227,                 0
          0,           0,          50,       2.074245057,       1.949312908,      -9.130797967,      -9.084211383,      -9.643842542,      -9.636641195,      -9.062933548,                         3,      -1.689218517,    0.001318247493,       1.575603358,       24.76492773,       60.20384888,       60.13297681,      0.0039269908,      0.2625888963,     0.00502746179,   -0.000161021612,    0.001482220722,    -0.05009685809,     0.01200918102,      0.2625888963,   -0.000161021612,     0.00502746179,     0.01914575163,      -3.281210701,      -3.260149027,      -3.270640737,      -3.261995533,      -3.272368822,     0.08594283599,   5.187729578e-05,      0.1128708695,     0.06372331345,   -0.001010304575,    0.005074225358,    0.000963541006,                 0,   0.0004822694919,   -0.001138734214,   0.0004954431105,                 0,  -2.671831562e-06,    1.10836683e-05,    0.001473808885,                 0,    0.002206074001,    -0.04268634197,   -0.009745901062,   0.0001293109407,   0.0006147402895,    0.006976011522,    0.006032298647,   -0.001613869437,     0.08594283599,   5.187729578e-05,      0.1128708695,     0.06372331345,   0.0004822694919,   -0.001138734214,   0.0004954431105,                 0,   -0.001010304575,    0.005074225358,    0.000963541006,                 0,    -0.01175554149,       97.81206368,    0.008536666812,                 0
          0,           0,          51,       2.573254288,       1.961311781,      -9.286793594,      -9.246206655,      -9.798995938,      -9.793317206,      -9.227738782,                         3,      -1.720796928,     0.00138415975,       1.654383507,       26.00317412,       63.21404132,       63.13962565,      0.0039269908,       0.262585832,    0.005027379257,  -0.0001609186415,    0.001482250087,    -0.05009658257,     0.01201000602,       0.262585832,  -0.0001609186415,    0.005027379257,     0.01914566075,      -3.437206329,      -3.422144299,      -3.425794133,      -3.418671544,      -3.437174056,     0.08594281282,   5.187708421e-05,      0.1128707985,     0.06372034362,   -0.001010332576,    0.005074217508,   0.0009634943253,                 0,   0.0004822707595,   -0.001138653387,    0.000495463986,                 0,  -2.671819186e-06,   1.108382042e-05,    0.001473838085,                 0,    0.002206118952,    -0.04268624068,   -0.009745458365,   0.0001289975182,   0.0006147408274,    0.006976828717,     0.00603250583,   -0.001614069356,     0.08594281282,   5.187708421e-05,      0.1128707985,     0.06372034362,   0.0004822707595,   -0.001138653387,    0.000495463986,                 0,   -0.001010332576,    0.005074217508,   0.0009634943253,                 0,    -0.01175587048,       97.81231126,    0.008536258608,                 0
          0,           0,          52,        1.92020978,       1.960536272,      -9.448565206,      -9.413262415,      -9.959892412,      -9.956153886,      -9.397160814,                         3,      -1.750078677,    0.001453367658,       1.737102662,       27.30333282,       66.37474338,       66.29660693,      0.0039269908,      0.2625841462,    0.005027313756,  -0.0001608329854,    0.001482269594,    -0.05009631947,     0.01201069913,      0.2625841462,  -0.0001608329854,    0.005027313756,     0.01914553421,       -3.59897794,      -3.589200059,      -3.586690607,      -3.581508224,      -3.606596089,     0.08594279804,   5.187693324e-05,      0.1128707505,     0.06371872076,   -0.001010351461,    0.005074205724,   0.0009634594926,                 0,   0.0004822712989,   -0.001138580451,   0.0004954761664,                 0,  -2.671810791e-06,   1.108392634e-05,    0.001473857479,                 0,    0.002206149196,    -0.04268610673,   -0.009745127472,   0.0001287655284,   0.0006147406856,    0.006977565411,    0.006032625873,   -0.001614232837,     0.08594279804,   5.187693324e-05,      0.1128707505,     0.06371872076,   0.0004822712989,   -0.001138580451,   0.0004954761664,                 0,   -0.001010351461,    0.005074205724,   0.0009634594926,                 0,    -0.01175609224,       97.81236875,    0.008535953633,                 0
          0,           0,          53,       2.032799912,       1.961874487,      -9.615322665,      -9.585105956,      -10.12693764,      -10.12551358,      -9.571147351,                         3,      -1.776576014,    0.001526035993,       1.823957778,       28.66849946,       69.69348055,       69.61143728,      0.0039269908,      0.2625833539,     0.00502726263,  -0.0001607619397,    0.001482282815,    -0.05009611026,     0.01201126649,      0.2625833539,  -0.0001607619397,     0.00502726263,     0.01914539728,      -3.765735399,        -3.7610436,       -3.75373583,      -3.750867922,      -3.780582626,     0.08594278862,   5.187683884e-05,      0.1128707188,     0.06371796973,   -0.001010364166,     0.00507419352,   0.0009634332759,                 0,   0.0004822714713,   -0.001138517229,   0.0004954838184,                 0,  -2.671805265e-06,   1.108402039e-05,      0.0014738706,                 0,     0.00220616949,    -0.04268597274,   -0.009744878018,   0.0001285710145,   0.0006147403283,    0.006978202965,     0.00603270066,   -0.001614377464,     0.08594278862,   5.187683884e-05,      0.1128707188,     0.06371796973,   0.0004822714713,   -0.001138517229,   0.0004954838184,                 0,   -0.001010364166,     0.00507419352,   0.0009634332759,                 0,    -0.01175624135,        97.8123115,     0.00853572376,                 0
          0,           0,          54,       2.018260524,       1.962899688,      -9.785784937,      -9.761259826,      -10.30082895,      -10.30172132,      -9.749682085,                         3,      -1.797535018,    0.001602337767,       1.915155654,       30.10192444,       73.17815458,       73.09200914,      0.0039269908,      0.2625830909,    0.005027221743,  -0.0001607031172,    0.001482292161,    -0.05009593571,     0.01201173439,      0.2625830909,  -0.0001607031172,    0.005027221743,     0.01914526075,      -3.936197671,       -3.93719747,       -3.92762715,      -3.927075661,      -3.959117359,      0.0859427826,    5.18767709e-05,      0.1128706985,     0.06371773305,   -0.001010372758,    0.005074180795,   0.0009634137064,                 0,   0.0004822714827,   -0.001138463495,   0.0004954888953,                 0,  -2.671801656e-06,   1.108409154e-05,    0.001473879871,                 0,    0.002206183174,    -0.04268583693,   -0.009744691573,   0.0001284096163,   0.0006147399627,    0.006978743863,    0.006032749882,   -0.001614499322,      0.0859427826,    5.18767709e-05,      0.1128706985,     0.06371773305,   0.0004822714827,   -0.001138463495,   0.0004954888953,                 0,   -0.001010372758,    0.005074180795,   0.0009634137064,                 0,    -0.01175634215,       97.81219429,    0.008535551913,                 0
          0,           0,          55,       2.081749119,       1.965021999,      -9.956482561,      -9.939904382,      -10.48140747,      -10.48413233,      -9.931701192,                         3,      -1.805659485,    0.001682454646,       2.010913427,       31.60702066,       76.83706231,        76.7466096,      0.0039269908,      0.2625831149,    0.005027194511,  -0.0001606566127,    0.001482299072,     -0.0500958406,     0.01201210398,      0.2625831149,  -0.0001606566127,    0.005027194511,     0.01914515529,      -4.106895295,      -4.115842026,      -4.108205667,       -4.10948667,      -4.141136466,      0.0859427788,   5.187672826e-05,      0.1128706862,     0.06371777316,     -0.0010103786,    0.005074173317,   0.0009633997952,                 0,   0.0004822714203,   -0.001138420854,   0.0004954928214,                 0,  -2.671799299e-06,   1.108416428e-05,    0.001473886707,                 0,    0.002206192443,    -0.04268575556,    -0.00974455904,   0.0001282815544,   0.0006147396358,    0.006979173254,    0.006032787783,   -0.001614596697,      0.0859427788,   5.187672826e-05,      0.1128706862,     0.06371777316,   0.0004822714203,   -0.001138420854,   0.0004954928214,                 0,     -0.0010103786,    0.005074173317,   0.0009633997952,                 0,    -0.01175641066,       97.81213054,    0.008535429593,                 0
          0,           0,          56,       2.061695887,       1.966718032,      -10.11916521,      -10.11530626,      -10.66568566,      -10.66908384,      -10.11266357,                         3,       -1.79035559,     0.00176657738,       2.111459092,       33.18737169,       80.67891543,       80.58394008,      0.0039269908,      0.2625832791,    0.005027175845,  -0.0001606193391,    0.001482304082,    -0.05009578089,     0.01201240618,      0.2625832791,  -0.0001606193391,    0.005027175845,     0.01914507223,      -4.269577948,      -4.291243901,      -4.292483858,      -4.294438182,      -4.322098848,     0.08594277652,   5.187669263e-05,      0.1128706795,      0.0637179464,   -0.001010382485,     0.00507416822,   0.0009633901092,                 0,   0.0004822713164,   -0.001138386385,   0.0004954957293,                 0,  -2.671797788e-06,   1.108422275e-05,    0.001473891657,                 0,    0.002206198576,    -0.04268570002,   -0.009744466793,   0.0001281873409,   0.0006147393449,    0.006979520413,    0.006032815776,   -0.001614669352,     0.08594277652,   5.187669263e-05,      0.1128706795,      0.0637179464,   0.0004822713164,   -0.001138386385,   0.0004954957293,                 0,   -0.001010382485,     0.00507416822,   0.0009633901092,                 0,    -0.01175645616,       97.81209948,    0.008535344286,                 0
          0,           0,          57,       1.975259674,       1.966865302,      -10.26362945,       -10.2797575,      -10.84897969,      -10.85129874,      -10.28667548,                         3,      -1.742745064,    0.001854906258,       2.217032042,       34.84674028,        84.7128612,       84.61313709,      0.0039269908,      0.2625835008,    0.005027166328,   -0.000160590615,    0.001482307816,    -0.05009577371,     0.01201264251,      0.2625835008,   -0.000160590615,    0.005027166328,     0.01914501982,      -4.414042183,      -4.455695149,      -4.475777882,      -4.476653077,       -4.49611075,     0.08594277527,   5.187666793e-05,      0.1128706765,     0.06371817239,   -0.001010385009,     0.00507416742,   0.0009633839178,                 0,   0.0004822711837,   -0.001138359971,   0.0004954981724,                 0,  -2.671796851e-06,   1.108428042e-05,    0.001473895332,                 0,    0.002206202533,    -0.04268568844,   -0.009744407966,    0.000128120168,   0.0006147390693,    0.006979786699,    0.006032839344,     -0.0016147226,     0.08594277527,   5.187666793e-05,      0.1128706765,     0.06371817239,   0.0004822711837,   -0.001138359971,   0.0004954981724,                 0,   -0.001010385009,     0.00507416742,   0.0009633839178,                 0,    -0.01175648571,       97.81213063,    0.008535289659,                 0
          0,           0,          58,       2.088995411,       1.968935304,      -10.37856694,       -10.4205062,      -11.01974662,      -11.01916754,      -10.44181371,                         3,      -1.674309948,    0.001947651585,       2.327883642,       36.58907729,       88.94850426,       88.84379394,      0.0039269908,       0.262583722,    0.005027160851,  -0.0001605678217,    0.001482310457,    -0.05009578084,     0.01201283567,       0.262583722,  -0.0001605678217,    0.005027160851,     0.01914498284,      -4.528979674,      -4.596443848,      -4.646544817,      -4.644521878,      -4.651248989,     0.08594277464,   5.187664284e-05,      0.1128706758,     0.06371839485,   -0.001010386629,    0.005074167456,   0.0009633800246,                 0,   0.0004822710478,   -0.001138338863,   0.0004954999938,                 0,  -2.671796306e-06,   1.108432571e-05,    0.001473897927,                 0,     0.00220620505,    -0.04268568634,   -0.009744371068,   0.0001280715129,   0.0006147388325,    0.006979999334,    0.006032856928,   -0.001614759429,     0.08594277464,   5.187664284e-05,      0.1128706758,     0.06371839485,   0.0004822710478,   -0.001138338863,   0.0004954999938,                 0,   -0.001010386629,    0.005074167456,   0.0009633800246,                 0,    -0.01175650464,       97.81217862,    0.008535255215,                 0
          0,           0,          59,        1.92910689,       1.968271497,      -10.46389374,       -10.5292868,      -11.16395898,      -11.15921945,      -10.56707828,                         3,      -1.613454811,    0.002045034181,       2.444277822,       38.41853116,       93.39592947,       93.28598364,      0.0039269908,      0.2625839153,    0.005027159159,   -0.000160550355,    0.001482312338,    -0.05009580921,     0.01201298703,      0.2625839153,   -0.000160550355,    0.005027159159,      0.0191449623,      -4.614306475,      -4.705224441,      -4.790757173,      -4.784573788,       -4.77651355,     0.08594277437,    5.18766221e-05,      0.1128706765,     0.06371858782,   -0.001010387667,    0.005074169032,   0.0009633777938,                 0,   0.0004822709284,   -0.001138322692,   0.0004955014082,                 0,  -2.671796017e-06,   1.108436755e-05,    0.001473899767,                 0,    0.002206206649,    -0.04268570022,   -0.009744350047,   0.0001280344082,   0.0006147386493,    0.006980162234,      0.0060328706,   -0.001614784449,     0.08594277437,    5.18766221e-05,      0.1128706765,     0.06371858782,   0.0004822709284,   -0.001138322692,   0.0004955014082,                 0,   -0.001010387667,    0.005074169032,   0.0009633777938,                 0,    -0.01175651676,       97.81224811,    0.008535235399,                 0
          0,           0,          60,       2.042475976,       1.969487964,       -10.5290337,      -10.61109273,      -11.27636661,      -11.26690592,      -10.66285051,                         3,      -1.568742519,    0.002147285907,       2.566491711,       40.33945771,       98.06572594,       97.95028282,      0.0039269908,      0.2625840756,    0.005027158295,   -0.000160536226,    0.001482313602,    -0.05009583539,     0.01201311303,      0.2625840756,   -0.000160536226,    0.005027158295,     0.01914494732,      -4.679446432,      -4.787030378,      -4.903164808,      -4.892260259,      -4.872285784,     0.08594277427,   5.187660039e-05,      0.1128706779,     0.06371874679,    -0.00101038835,    0.005074170137,   0.0009633765075,                 0,   0.0004822708321,   -0.001138309418,   0.0004955023602,                 0,  -2.671795878e-06,   1.108439888e-05,    0.001473900999,                 0,    0.002206207692,    -0.04268570999,   -0.009744337988,   0.0001280049039,   0.0006147385159,     0.00698029576,    0.006032879784,   -0.001614801028,     0.08594277427,   5.187660039e-05,      0.1128706779,     0.06371874679,   0.0004822708321,   -0.001138309418,   0.0004955023602,                 0,    -0.00101038835,    0.005074170137,   0.0009633765075,                 0,    -0.01175652471,       97.81231034,    0.008535223899,                 0
          0,           0,          61,       2.050148621,       1.970788942,      -10.58337802,      -10.67563918,      -11.36167829,      -11.34893465,      -10.73819723,                         3,      -1.535332546,     0.00225465022,       2.694816296,        42.3564306,               100,       99.91615174,      0.0039269908,      0.2625842102,    0.005027158676,  -0.0001605254513,    0.001482314447,    -0.05009586664,     0.01201321141,      0.2625842102,  -0.0001605254513,    0.005027158676,     0.01914493896,      -4.733790755,      -4.851576823,      -4.988476482,      -4.974288986,      -4.947632502,     0.08594277425,   5.187658191e-05,      0.1128706795,     0.06371887983,   -0.001010388808,    0.005074171621,   0.0009633758627,                 0,    0.000482270761,   -0.001138299199,   0.0004955029868,                 0,  -2.671795824e-06,   1.108442692e-05,    0.001473901816,                 0,    0.002206208385,    -0.04268572386,   -0.009744332019,   0.0001279808451,   0.0006147384286,    0.006980398601,    0.006032885801,    -0.00161481142,     0.08594277425,   5.187658191e-05,      0.1128706795,     0.06371887983,    0.000482270761,   -0.001138299199,   0.0004955029868,                 0,   -0.001010388808,    0.005074171621,   0.0009633758627,                 0,    -0.01175653004,        97.8123738,    0.008535218064,                 0
          0,           0,          62,       1.958014734,       1.970586177,       -10.6361218,      -10.73453406,      -11.43198848,      -11.41815492,      -10.80484598,                         3,      -1.518934915,    0.002367382746,       2.747969557,       44.47425213,               100,       99.95225074,      0.0039269908,      0.2625843174,    0.005027159027,  -0.0001605167952,    0.001482314949,    -0.05009589146,     0.01201329276,      0.2625843174,  -0.0001605167952,    0.005027159027,     0.01914493248,      -4.786534533,      -4.910471702,      -5.058786678,      -5.043509254,      -5.014281256,     0.08594277429,    5.18765638e-05,      0.1128706812,     0.06371898544,   -0.001010389115,    0.005074172571,   0.0009633755703,                 0,   0.0004822707044,   -0.001138290808,   0.0004955033083,                 0,   -2.67179581e-06,   1.108444736e-05,    0.001473902297,                 0,    0.002206208844,    -0.04268573271,   -0.009744329356,   0.0001279617621,   0.0006147383628,     0.00698048297,    0.006032888846,   -0.001614817419,     0.08594277429,    5.18765638e-05,      0.1128706812,     0.06371898544,   0.0004822707044,   -0.001138290808,   0.0004955033083,                 0,   -0.001010389115,    0.005074172571,   0.0009633755703,                 0,    -0.01175653361,       97.81242626,    0.008535215349,                 0
          0,           0,          63,       2.074707861,       1.972213078,       -10.6900124,      -10.79135217,      -11.49655201,      -11.48252745,      -10.86758944,                         3,      -1.515258485,    0.002414077638,       2.747969556,       46.69796474,               100,       99.96927128,      0.0039269908,       0.262584398,    0.005027160026,  -0.0001605101465,    0.001482315237,    -0.05009591799,     0.01201335704,       0.262584398,  -0.0001605101465,    0.005027160026,     0.01914493041,      -4.840425137,      -4.967289816,      -5.123350209,      -5.107881792,      -5.077024713,     0.08594277435,   5.187654836e-05,      0.1128706827,      0.0637190644,    -0.00101038932,    0.005074173819,   0.0009633755269,                 0,    0.000482270653,   -0.001138284271,   0.0004955034715,                 0,   -2.67179581e-06,   1.108446564e-05,    0.001473902567,                 0,    0.002206209144,    -0.04268574466,   -0.009744329035,   0.0001279465614,   0.0006147383017,    0.006980548757,    0.006032890351,   -0.001614820369,     0.08594277435,   5.187654836e-05,      0.1128706827,      0.0637190644,    0.000482270653,   -0.001138284271,   0.0004955034715,                 0,    -0.00101038932,    0.005074173819,   0.0009633755269,                 0,    -0.01175653599,       97.81247943,    0.008535214847,                 0
          0,           0,          64,       1.953171109,       1.971920125,      -10.74599697,      -10.84889777,      -11.56076313,      -11.54696587,      -10.93049886,                         3,      -1.513963724,     0.00241407765,       2.747969556,       49.03286297,               100,       99.97941632,      0.0039269908,      0.2625844577,    0.005027160874,  -0.0001605047686,    0.001482315376,    -0.05009593929,     0.01201341048,      0.2625844577,  -0.0001605047686,    0.005027160874,     0.01914492928,      -4.896409701,      -5.024835412,       -5.18756132,      -5.172320204,      -5.139934133,     0.08594277444,   5.187653318e-05,      0.1128706841,     0.06371912257,    -0.00101038946,    0.005074174737,   0.0009633755973,                 0,   0.0004822706074,   -0.001138278877,   0.0004955035009,                 0,  -2.671795815e-06,   1.108447909e-05,    0.001473902693,                 0,    0.002206209344,    -0.04268575349,   -0.009744329774,   0.0001279346341,   0.0006147382473,    0.006980603016,    0.006032890557,   -0.001614821345,     0.08594277444,   5.187653318e-05,      0.1128706841,     0.06371912257,   0.0004822706074,   -0.001138278877,   0.0004955035009,                 0,    -0.00101038946,    0.005074174737,   0.0009633755973,                 0,    -0.01175653761,       97.81252572,    0.008535215363,                 0
          0,           0,          65,       2.047430596,       1.973064223,      -10.80496939,      -10.90929535,      -11.62658576,      -11.61326076,      -10.99544569,                         3,      -1.513171423,     0.00241407766,       2.747969556,       51.48450612,               100,       99.98468038,      0.0039269908,      0.2625845019,    0.005027161984,  -0.0001605005944,    0.001482315448,    -0.05009596069,     0.01201345303,      0.2625845019,  -0.0001605005944,    0.005027161984,     0.01914493029,      -4.955382126,      -5.085232991,      -5.253383959,      -5.238615099,      -5.204880963,     0.08594277452,   5.187652034e-05,      0.1128706854,     0.06371916549,   -0.001010389559,    0.005074175791,   0.0009633757524,                 0,   0.0004822705674,   -0.001138274644,   0.0004955034822,                 0,  -2.671795822e-06,   1.108449129e-05,    0.001473902753,                 0,    0.002206209481,    -0.04268576374,   -0.009744331311,   0.0001279248821,    0.000614738199,    0.006980645634,    0.006032890303,   -0.001614821107,     0.08594277452,   5.187652034e-05,      0.1128706854,     0.06371916549,   0.0004822705674,   -0.001138274644,   0.0004955034822,                 0,   -0.001010389559,    0.005074175791,   0.0009633757524,                 0,    -0.01175653875,       97.81257026,    0.008535216642,                 0
          0,           0,          66,       1.963684544,       1.972924228,      -10.86638037,      -10.97200062,      -11.69341779,      -11.68061254,      -11.06134371,                         3,      -1.514239717,    0.002414077669,       2.747969555,       54.05873143,               100,         99.987446,      0.0039269908,      0.2625845353,    0.005027162841,  -0.0001604972242,    0.001482315465,    -0.05009597746,     0.01201348818,      0.2625845353,  -0.0001604972242,    0.005027162841,     0.01914493112,      -5.016793101,      -5.147938263,      -5.320215984,      -5.305966876,       -5.27077898,      0.0859427746,   5.187650804e-05,      0.1128706865,     0.06371919773,    -0.00101038963,     0.00507417654,   0.0009633759311,                 0,   0.0004822705344,   -0.001138271168,    0.000495503409,                 0,  -2.671795828e-06,   1.108450045e-05,     0.00147390276,                 0,    0.002206209577,    -0.04268577105,   -0.009744333068,   0.0001279170852,   0.0006147381602,    0.006980680628,    0.006032889526,   -0.001614820134,      0.0859427746,   5.187650804e-05,      0.1128706865,     0.06371919773,   0.0004822705344,   -0.001138271168,    0.000495503409,                 0,    -0.00101038963,     0.00507417654,   0.0009633759311,                 0,    -0.01175653956,       97.81260789,    0.008535218145,                 0
          0,           0,          67,       2.038922906,       1.973894797,      -10.93173702,      -11.03870391,      -11.76346315,      -11.75139096,      -11.13059331,                         3,      -1.515042007,    0.002414077677,       2.747969555,         56.761668,               100,       99.98914913,      0.0039269908,      0.2625845605,     0.00502716378,  -0.0001604946132,     0.00148231545,    -0.05009599336,     0.01201351599,      0.2625845605,  -0.0001604946132,     0.00502716378,     0.01914493285,      -5.082149754,      -5.214641558,      -5.390261345,      -5.376745298,      -5.340028581,     0.08594277467,   5.187649793e-05,      0.1128706874,     0.06371922202,   -0.001010389678,    0.005074177324,   0.0009633761348,                 0,   0.0004822705063,   -0.001138268444,   0.0004955033242,                 0,  -2.671795831e-06,   1.108450871e-05,    0.001473902737,                 0,    0.002206209641,    -0.04268577872,    -0.00974433506,   0.0001279107776,   0.0006147381266,    0.006980708072,    0.006032888645,   -0.001614818853,     0.08594277467,   5.187649793e-05,      0.1128706874,     0.06371922202,   0.0004822705063,   -0.001138268444,   0.0004955033242,                 0,   -0.001010389678,    0.005074177324,   0.0009633761348,                 0,    -0.01175654012,       97.81264207,    0.008535219882,                 0
          0,           0,          68,       2.203136804,       1.977217144,      -11.00002594,       -11.1081066,      -11.83618704,      -11.82498925,      -11.20238255,                         3,      -1.516054075,    0.002414077683,       2.747969555,        59.5997514,               100,       99.99028581,      0.0039269908,      0.2625845791,    0.005027164492,  -0.0001604924616,    0.001482315405,    -0.05009600567,     0.01201353946,      0.2625845791,  -0.0001604924616,    0.005027164492,     0.01914493422,      -5.150438679,      -5.284044246,      -5.462985231,      -5.450343586,      -5.411817828,     0.08594277474,   5.187648851e-05,      0.1128706881,     0.06371923973,   -0.001010389709,    0.005074177869,   0.0009633763322,                 0,     0.00048227048,   -0.001138266163,   0.0004955032215,                 0,  -2.671795829e-06,    1.10845149e-05,    0.001473902686,                 0,    0.002206209678,    -0.04268578407,   -0.009744336986,   0.0001279057101,   0.0006147380934,     0.00698073105,    0.006032887596,   -0.001614817279,     0.08594277474,   5.187648851e-05,      0.1128706881,     0.06371923973,     0.00048227048,   -0.001138266163,   0.0004955032215,                 0,   -0.001010389709,    0.005074177869,   0.0009633763322,                 0,    -0.01175654047,       97.81267035,    0.008535221575,                 0
          0,           0,          69,        2.09174783,       1.978853297,      -11.07099987,      -11.18014378,      -11.91148051,       -11.9013263,      -11.27694228,                         3,      -1.515993236,    0.002414077688,       2.747969555,       62.57973897,               100,       99.99118679,      0.0039269908,      0.2625845935,    0.005027165232,  -0.0001604907966,    0.001482315352,    -0.05009601722,     0.01201355811,      0.2625845935,  -0.0001604907966,    0.005027165232,     0.01914493598,      -5.221412602,      -5.356081424,      -5.538278701,      -5.526680637,      -5.486377559,     0.08594277481,   5.187648066e-05,      0.1128706887,     0.06371925349,   -0.001010389728,     0.00507417843,   0.0009633765291,                 0,    0.000482270456,    -0.00113826438,   0.0004955031269,                 0,  -2.671795824e-06,    1.10845205e-05,    0.001473902627,                 0,    0.002206209697,     -0.0426857896,   -0.009744338906,   0.0001279015819,   0.0006147380628,    0.006980749046,    0.006032886633,   -0.001614815628,     0.08594277481,   5.187648066e-05,      0.1128706887,     0.06371925349,    0.000482270456,    -0.00113826438,   0.0004955031269,                 0,   -0.001010389728,     0.00507417843,   0.0009633765291,                 0,    -0.01175654067,       97.81269595,    0.008535223272,                 0
          0,           0,          70,       1.900957367,       1.977756171,      -11.14448034,      -11.25456375,      -11.98889026,      -11.97996288,      -11.35381271,                         3,       -1.51525784,    0.002414077692,       2.747969555,       65.70872592,               100,       99.99206418,      0.0039269908,       0.262584605,    0.005027165778,  -0.0001604893984,    0.001482315291,    -0.05009602603,     0.01201357411,       0.262584605,  -0.0001604893984,    0.005027165778,     0.01914493722,      -5.294893073,      -5.430501394,       -5.61568846,      -5.605317218,       -5.56324798,     0.08594277487,   5.187647357e-05,      0.1128706892,     0.06371926443,   -0.001010389736,    0.005074178809,   0.0009633767056,                 0,   0.0004822704345,   -0.001138262863,   0.0004955030304,                 0,   -2.67179582e-06,    1.10845247e-05,    0.001473902562,                 0,    0.002206209702,    -0.04268579333,   -0.009744340627,   0.0001278982294,   0.0006147380348,    0.006980764341,    0.006032885655,   -0.001614813919,     0.08594277487,   5.187647357e-05,      0.1128706892,     0.06371926443,   0.0004822704345,   -0.001138262863,   0.0004955030304,                 0,   -0.001010389736,    0.005074178809,   0.0009633767056,                 0,    -0.01175654076,       97.81271664,    0.008535224796,                 0
          0,           0,          71,       1.889472292,       1.976530006,      -11.21915996,      -11.32982094,      -12.06667307,      -12.05898447,      -11.43093773,                         3,      -1.515714298,    0.002414077695,       2.747969554,       68.99416221,               100,       99.99298543,      0.0039269908,      0.2625846149,    0.005027166316,  -0.0001604883395,    0.001482315231,    -0.05009603413,     0.01201358661,      0.2625846149,  -0.0001604883395,    0.005027166316,     0.01914493855,      -5.369572693,      -5.505758586,      -5.693471265,      -5.684338808,      -5.640373006,     0.08594277493,   5.187646764e-05,      0.1128706897,     0.06371927384,   -0.001010389738,     0.00507417918,   0.0009633768736,                 0,   0.0004822704158,   -0.001138261697,   0.0004955029419,                 0,  -2.671795816e-06,    1.10845285e-05,    0.001473902499,                 0,    0.002206209697,    -0.04268579701,   -0.009744342269,   0.0001278954501,   0.0006147380106,    0.006980776126,    0.006032884762,   -0.001614812286,     0.08594277493,   5.187646764e-05,      0.1128706897,     0.06371927384,   0.0004822704158,   -0.001138261697,   0.0004955029419,                 0,   -0.001010389738,     0.00507417918,   0.0009633768736,                 0,    -0.01175654077,       97.81273497,    0.008535226254,                 0
          0,           0,          72,       1.918378036,       1.975733404,      -11.29648535,      -11.40762093,      -12.14633286,      -12.13996734,      -11.51032361,                         3,      -1.515706378,    0.002414077698,       2.747969554,       72.44387032,               100,       99.99395275,      0.0039269908,      0.2625846235,    0.005027166693,  -0.0001604874666,    0.001482315162,    -0.05009604013,     0.01201359708,      0.2625846235,  -0.0001604874666,    0.005027166693,     0.01914493936,      -5.446898081,      -5.583558577,      -5.773131051,      -5.765321677,      -5.719758884,     0.08594277498,   5.187646244e-05,        0.11287069,     0.06371928201,   -0.001010389733,    0.005074179404,   0.0009633770224,                 0,   0.0004822703995,   -0.001138260717,   0.0004955028508,                 0,  -2.671795812e-06,   1.108453128e-05,    0.001473902427,                 0,    0.002206209684,    -0.04268579922,   -0.009744343722,   0.0001278931283,   0.0006147379892,    0.006980786028,    0.006032883846,   -0.001614810781,     0.08594277498,   5.187646244e-05,        0.11287069,     0.06371928201,   0.0004822703995,   -0.001138260717,   0.0004955028508,                 0,   -0.001010389733,    0.005074179404,   0.0009633770224,                 0,    -0.01175654071,       97.81274908,    0.008535227546,                 0
          0,           0,          73,       1.896540168,       1.974663225,      -11.37540028,      -11.48668574,      -12.22694872,      -12.22190445,       -11.5907103,                         3,      -1.516139634,      0.0024140777,       2.747969554,       76.06606384,               100,       99.99496844,      0.0039269908,      0.2625846309,    0.005027167036,  -0.0001604868036,    0.001482315092,    -0.05009604543,     0.01201360536,      0.2625846309,  -0.0001604868036,    0.005027167036,     0.01914494012,      -5.525813014,      -5.662623387,      -5.853746913,      -5.847258793,      -5.800145575,     0.08594277503,   5.187645815e-05,      0.1128706903,     0.06371928914,   -0.001010389724,    0.005074179599,   0.0009633771601,                 0,   0.0004822703843,   -0.001138259955,   0.0004955027668,                 0,  -2.671795807e-06,   1.108453375e-05,    0.001473902354,                 0,    0.002206209664,    -0.04268580116,   -0.009744345069,   0.0001278911365,   0.0006147379687,    0.006980793743,    0.006032883002,   -0.001614809349,     0.08594277503,   5.187645815e-05,      0.1128706903,     0.06371928914,   0.0004822703843,   -0.001138259955,   0.0004955027668,                 0,   -0.001010389724,    0.005074179599,   0.0009633771601,                 0,     -0.0117565406,       97.81276094,    0.008535228745,                 0
          0,           0,          74,       2.033085903,       1.975442194,      -11.45563381,      -11.56693053,       -12.3083703,      -12.30465284,       -11.6722288,                         3,      -1.516335379,    0.002414077702,       2.747969554,       79.86936703,               100,       99.99603491,      0.0039269908,      0.2625846376,    0.005027167269,  -0.0001604862773,    0.001482315021,    -0.05009604934,     0.01201361219,      0.2625846376,  -0.0001604862773,    0.005027167269,     0.01914494052,      -5.606046545,      -5.742868173,      -5.935168498,       -5.93000718,      -5.881664069,     0.08594277508,   5.187645437e-05,      0.1128706905,     0.06371929552,   -0.001010389712,    0.005074179699,    0.000963377281,                 0,   0.0004822703707,   -0.001138259333,   0.0004955026854,                 0,  -2.671795804e-06,   1.108453557e-05,    0.001473902281,                 0,     0.00220620964,    -0.04268580216,   -0.009744346252,   0.0001278894326,   0.0006147379504,    0.006980800033,    0.006032882186,   -0.001614807979,     0.08594277508,   5.187645437e-05,      0.1128706905,     0.06371929552,   0.0004822703707,   -0.001138259333,   0.0004955026854,                 0,   -0.001010389712,    0.005074179699,    0.000963377281,                 0,    -0.01175654045,       97.81276999,    0.008535229799,                 0
