"Time_Iter","Outer_Iter","Inner_Iter",    "Time(sec)"   ,    "Time(sec)"   ,     "rms[P]"     ,     "rms[U]"     ,     "rms[V]"     ,     "rms[W]"     ,"LinSolIter",    "LinSolRes"   ,     "Min DT"     ,     "Max DT"     ,     "Min CFL"    ,     "Max CFL"    ,     "Avg CFL"    ,    "RefForce"    ,       "CD"       ,       "CL"       ,       "CSF"      ,       "CMx"      ,       "CMy"      ,       "CMz"      ,       "CFx"      ,       "CFy"      ,       "CFz"      ,      "CEff"      ,    "relrms[P]"   ,    "relrms[U]"   ,    "relrms[V]"   ,    "relrms[W]"   ,    "CD(nose)"    ,    "CD(body)"    ,    "CD(fins)"    ,    "CD(base)"    ,    "CL(nose)"    ,    "CL(body)"    ,    "CL(fins)"    ,    "CL(base)"    ,    "CSF(nose)"   ,    "CSF(body)"   ,    "CSF(fins)"   ,    "CSF(base)"   ,    "CMx(nose)"   ,    "CMx(body)"   ,    "CMx(fins)"   ,    "CMx(base)"   ,    "CMy(nose)"   ,    "CMy(body)"   ,    "CMy(fins)"   ,    "CMy(base)"   ,    "CMz(nose)"   ,    "CMz(body)"   ,    "CMz(fins)"   ,    "CMz(base)"   ,    "CFx(nose)"   ,    "CFx(body)"   ,    "CFx(fins)"   ,    "CFx(base)"   ,    "CFy(nose)"   ,    "CFy(body)"   ,    "CFy(fins)"   ,    "CFy(base)"   ,    "CFz(nose)"   ,    "CFz(body)"   ,    "CFz(fins)"   ,    "CFz(base)"   ,   "CEff(nose)"   ,   "CEff(body)"   ,   "CEff(fins)"   ,   "CEff(base)"   
          0,           0,           0,       2.846492104,       2.846492104,      -5.692762867,      -5.870702645,      -6.839052845,      -6.768893062,           2,      -1.656746326,   8.288696087e-05,      0.3187801226,              5.25,              5.25,              5.25,      0.0039269908,       4.865875866,       4.028405521,   -0.001208583277,      0.0109212077,      -29.59270038,      0.1523365325,       4.573015481,   -0.001208583277,       4.358018862,      0.8278890855,                 0,                 0,                 0,                 0,      0.4592498127,      0.1998361129,      0.1646655929,       4.042124348,      0.5030028555,       2.824717879,      0.9833376491,     -0.2826528621,    -0.01877755685,    0.003606150286,     0.01396282329,                 0,   9.069073909e-05,  -0.0001049264759,     0.01093544344,                 0,      -1.113951067,      -19.02380718,      -9.457451555,    0.002509418783,    -0.03650937875,     0.06307702604,      0.1312208904,   -0.005452005273,      0.4230433987,    0.002306968529,     0.09567031059,       4.051994803,    -0.01877755685,    0.003606150286,     0.01396282329,                 0,      0.5338132126,        2.83177687,      0.9924287789,                 0,       1.095270682,       14.13517226,        5.97172507,     -0.0699268102
          0,           0,           1,       2.748434039,       2.797463071,      -5.755883298,      -5.388096294,      -5.710159281,      -5.670865502,           2,      -1.913323767,   9.672315207e-05,      0.3270263887,            5.5125,            5.5125,            5.5125,      0.0039269908,       4.308339073,       3.728041853,     0.02367342632,    0.008132314211,      -28.18444622,      0.3364157949,       4.037789129,     0.02367342632,       4.019495065,      0.8653083682,                 0,                 0,                 0,                 0,      0.3869585126,      0.1761823081,      0.1360284156,       3.609169837,      0.4357131936,       2.489817956,       1.054888437,     -0.2523777342,    -0.01432213748,    0.006996863433,     0.03099870037,                 0,  -2.761338248e-05,  -0.0002587815472,    0.008418709141,                 0,     -0.9710652469,      -17.09722737,      -10.10161679,    -0.01453681019,    -0.02842850811,     0.07540585318,      0.2918732591,   -0.002434809295,      0.3556220859,     0.00207222025,     0.06211176145,       3.617983062,    -0.01432213748,    0.006996863433,     0.03099870037,                 0,      0.4616446789,       2.496042742,       1.061807644,                 0,       1.125994595,       14.13205437,       7.754912331,     -0.0699268102
          0,           0,           2,       2.845975212,       2.813633785,      -5.983436656,      -5.525554994,      -5.746667082,      -5.729307979,           2,      -1.889311617,   9.573890169e-05,      0.3344297955,          5.788125,          5.788125,          5.788125,      0.0039269908,        3.08886161,         2.8135379,     0.03707694956,    0.008686057903,      -21.98915145,      0.4087345428,       2.885074821,     0.03707694956,       3.022152352,      0.9108656378,     -0.2275533584,     -0.1374587003,    -0.03650780055,    -0.05844247714,      0.2688299889,      0.1220024848,      0.1042466104,       2.593782526,       0.328832158,       1.720542077,      0.9455386038,     -0.1813749384,   -0.007943076081,    0.008488889825,     0.03653113582,                 0,  -8.981299505e-05,  -0.0003056049193,    0.009081475817,                 0,     -0.7306363352,      -12.21726258,      -9.017079154,    -0.02417338158,    -0.01428869556,     0.07838580211,      0.3438143474,   0.0008230888926,      0.2452369614,    0.001686347691,      0.0380352337,       2.600116278,   -0.007943076081,    0.008488889825,     0.03653113582,                 0,       0.346783771,       1.724861386,      0.9505071952,                 0,       1.223197454,       14.10251668,       9.070209579,     -0.0699268102
          0,           0,           3,       2.690567777,       2.782867283,      -6.095281919,       -5.61427691,      -5.786243773,       -5.77237679,           2,      -1.867731292,   9.499320694e-05,      0.3328722668,        6.07753125,        6.07753125,        6.07753125,      0.0039269908,       2.034099075,       1.825798932,     0.04111079535,     0.01438538848,      -15.23716401,       0.429573455,        1.90178282,     0.04111079535,       1.963242953,      0.8975958715,     -0.3393986212,     -0.2261806167,    -0.07608449205,     -0.1015112883,      0.1498253477,     0.06741294747,     0.07144342701,       1.745417353,      0.2113286063,      0.9444184767,      0.7921033171,      -0.122051468,   -0.003939594638,    0.007928167199,     0.03712222279,                 0,  -0.0001145913284,  -0.0003282984037,     0.01482827821,                 0,     -0.4627287545,      -7.234668481,      -7.512876188,     -0.0268905843,   -0.005277458096,     0.08265356313,      0.3491814818,    0.003015868131,      0.1347188427,    0.001369431884,     0.01601506155,       1.749679484,   -0.003939594638,    0.007928167199,     0.03712222279,                 0,      0.2212651081,      0.9468204102,      0.7951574347,                 0,       1.410499689,       14.00945237,       11.08714056,     -0.0699268102
          0,           0,           4,       2.633565523,       2.753006931,      -6.150144498,      -5.666148078,        -5.8048189,       -5.79208102,           2,      -1.855310321,    9.37461083e-05,      0.3297609153,       6.381407813,       6.381407813,       6.381407813,      0.0039269908,        1.33390609,       1.078179521,     0.04169042267,     0.01988456588,      -9.993250731,      0.4384518366,       1.255446762,     0.04169042267,       1.168601713,      0.8082874266,     -0.3942612001,     -0.2780517844,    -0.09465961925,     -0.1212155176,     0.06430886024,     0.02915671604,     0.04590913043,       1.194531383,       0.120651938,      0.3994545281,       0.641602824,    -0.08352976931,   -0.002735369383,     0.00858076691,     0.03584502515,                 0,  -0.0001115838175,  -0.0003427893593,     0.02033893906,                 0,     -0.2530991352,      -3.666489183,      -6.048247798,    -0.02541461548,   -0.002641965042,        0.10100346,      0.3368442394,    0.003246102272,     0.05573595357,    0.001221153137,    0.001041348666,       1.197448307,   -0.002735369383,     0.00858076691,     0.03584502515,                 0,      0.1248439951,      0.4005153466,      0.6432423708,                 0,       1.876132426,       13.70025786,       13.97549503,     -0.0699268102
          0,           0,           5,       2.724153316,       2.748197995,      -6.170296292,       -5.70582855,      -5.810408394,      -5.796181916,           2,      -1.811038596,   9.479401562e-05,      0.3343209405,       6.700478203,       6.700478203,       6.700478203,      0.0039269908,      0.8872808843,      0.6288376326,     0.04150470761,     0.02159691794,      -6.541257569,      0.4347001668,       0.841254018,     0.04150470761,         0.6891994,      0.7087244228,     -0.4144129942,     -0.3177322565,     -0.1002491133,     -0.1253164138,     0.01581205307,    0.009510726239,     0.02881898815,      0.8331391168,     0.06822499742,       0.119382021,       0.499489375,    -0.05825876089,   -0.002701607804,     0.01060173399,     0.03360458143,                 0,  -9.475323853e-05,  -0.0003414692721,     0.02203314045,                 0,     -0.1293396351,      -1.709581797,      -4.678102499,    -0.02423363875,   -0.002756604023,      0.1201936518,      0.3152129636,    0.002050155429,     0.01101440058,     0.00115988998,   -0.006093830066,      0.8351735575,   -0.002701607804,     0.01060173399,     0.03360458143,                 0,      0.0691617978,      0.1197546472,       0.500282955,                 0,       4.314746296,       12.55235594,       17.33195393,     -0.0699268102
          0,           0,           6,       2.643511208,        2.73324274,      -6.186859176,      -5.733228295,      -5.819165873,      -5.804768527,           2,       -1.75234589,   9.856475462e-05,      0.3478934262,       7.035502113,       7.035502113,       7.035502113,      0.0039269908,      0.5837562523,      0.3864686477,     0.04104096496,     0.01981130131,      -4.270253219,      0.4146399368,      0.5553755621,     0.04104096496,      0.4262480063,      0.6620377019,     -0.4309758785,     -0.3451320018,     -0.1090065915,     -0.1339030252,   -0.009289245353,    0.002294668363,     0.01728852492,      0.5734623044,     0.04688658623,     0.01749300078,      0.3621894505,    -0.04010038972,   -0.002416494986,     0.01285073851,     0.03060672143,                 0,  -7.376662902e-05,  -0.0003303666913,     0.02021543463,                 0,    -0.07670516294,     -0.8046544677,      -3.365576522,    -0.02331706587,   -0.002219803793,      0.1303959525,      0.2861483115,   0.0003154766183,    -0.01253726006,    0.001068828647,   -0.008018647316,      0.5748626408,   -0.002416494986,     0.01285073851,     0.03060672143,                 0,     0.04612438788,     0.01761045668,      0.3625131617,                 0,        -5.0474053,       7.623324164,        20.9497023,     -0.0699268102
          0,           0,           7,       2.780819704,        2.73918986,      -6.187908769,      -5.751224016,      -5.832774972,      -5.818671588,           2,      -1.697619287,   0.0001049258541,      0.3699960771,       7.387277219,       7.387277219,       7.387277219,      0.0039269908,      0.3845205441,        0.25162066,     0.04146544457,     0.01642483368,      -2.646080181,      0.3913504118,      0.3660317019,     0.04146544457,      0.2778305214,      0.6543750754,     -0.4320254713,     -0.3631277219,     -0.1226156911,     -0.1478060855,    -0.02509445363,   0.0005490933957,    0.008409306025,      0.4006565983,     0.04381617693,   -0.004615059141,      0.2404361802,     -0.0280166379,  -0.0008120081456,     0.01422635726,     0.02805109546,                 0,  -5.452471337e-05,  -0.0003209103072,     0.01680026871,                 0,    -0.06668084182,     -0.3490635162,      -2.208401931,    -0.02193389196,    0.001762899604,        0.12913628,      0.2614145808,  -0.0009633486099,    -0.02808978673,   0.0008696860756,   -0.008383158293,      0.4016349608,  -0.0008120081456,     0.01422635726,     0.02805109546,                 0,     0.04195894238,   -0.004565514272,      0.2404370933,                 0,      -1.746050246,      -8.404870971,        28.5916792,     -0.0699268102
          0,           0,           8,       2.476878687,       2.710044174,      -6.168977633,      -5.768059075,      -5.850887074,      -5.836407479,           2,      -1.635783634,   0.0001130988399,      0.3979909798,        7.75664108,        7.75664108,        7.75664108,      0.0039269908,      0.2927612333,      0.1903582857,     0.04348788033,     0.01385359855,      -1.723367428,      0.3856254952,      0.2787693592,     0.04348788033,      0.2103165733,      0.6502168459,     -0.4130943356,     -0.3799627809,      -0.140727793,     -0.1655419765,     -0.0355503228,   0.0004996499543,    0.002531333234,      0.3252805729,     0.04726532019,   -0.001727581075,      0.1675663795,    -0.02274583288,     0.00152872218,       0.014371732,     0.02758742616,                 0,  -4.163363101e-05,  -0.0003157181221,      0.0142109503,                 0,    -0.07326363497,     -0.1103716228,      -1.519365329,    -0.02036684118,    0.007542404522,      0.1223892059,      0.2569798744,   -0.001285989678,    -0.03876078599,   0.0006189427931,   -0.009163672426,      0.3260748748,     0.00152872218,       0.014371732,     0.02758742616,                 0,     0.04467031916,   -0.001688518956,      0.1673347731,                 0,      -1.329532799,      -3.457582773,       66.19688677,     -0.0699268102
          0,           0,           9,       2.295386213,       2.668578378,      -6.176365248,      -5.805162938,      -5.893709403,      -5.878275417,           2,      -1.548622209,   0.0001215469479,      0.4268249778,       8.144473134,       8.144473134,       8.144473134,      0.0039269908,      0.2538319603,      0.1597711843,     0.04568725999,     0.01202101357,        -1.1445275,      0.3860289135,      0.2420685643,     0.04568725999,      0.1770884118,      0.6294368295,     -0.4204819501,     -0.4170666439,     -0.1835501216,     -0.2074099146,    -0.04589474394,    0.000416852171,   -0.002219971839,      0.3015298239,      0.0522159934,    0.001643506947,      0.1269967027,    -0.02108501877,    0.004024607353,     0.01359242514,      0.0280702275,                 0,  -3.488529366e-05,  -0.0003198865431,      0.0123757854,                 0,    -0.08448456908,     0.09807106305,      -1.139234438,    -0.01887955657,     0.01352337962,      0.1117032647,      0.2617357902,  -0.0009335209924,    -0.04942535014,   0.0003011914937,    -0.01107340604,       0.302266129,    0.004024607353,     0.01359242514,      0.0280702275,                 0,     0.04888734245,    0.001668581584,      0.1265324878,                 0,      -1.137733625,        3.94266136,      -57.20644764,     -0.0699268102
          0,           0,          10,        2.39689037,       2.643879468,      -6.150433963,      -5.832668607,      -5.929523806,      -5.913988702,           2,      -1.474714897,   0.0001295857867,      0.4543083827,       8.551696791,       8.551696791,       8.551696791,      0.0039269908,      0.2482436813,      0.1582108885,     0.04759893929,     0.01095380655,     -0.9320276232,       0.390827347,      0.2366027388,     0.04759893929,      0.1751420981,      0.6373209083,     -0.3945506657,     -0.4445723133,     -0.2193645245,     -0.2431231998,     -0.0552937387,  -5.995818654e-05,   -0.005310402356,      0.3089077806,     0.05726034099,  -2.258930663e-05,      0.1225740725,    -0.02160093574,    0.005857812286,     0.01270366365,     0.02903746336,                 0,  -3.418738921e-05,  -0.0003286477924,     0.01131664174,                 0,    -0.09711341458,      0.2859578375,      -1.103409519,     -0.0174625272,     0.01756967187,      0.1025195636,      0.2712295993,  -0.0004914877886,    -0.05915332531,  -5.823638109e-05,    -0.01384780134,      0.3096621018,    0.005857812286,     0.01270366365,     0.02903746336,                 0,     0.05326376155,  -2.671675178e-05,      0.1219050533,                 0,      -1.035566455,      0.3767509982,      -23.08188049,     -0.0699268102
          0,           0,          11,       2.390745809,       2.622784997,      -6.117818569,      -5.853379608,      -5.961190836,      -5.944307897,           2,        -1.4244581,   0.0001376450132,      0.4819462462,        8.97928163,        8.97928163,        8.97928163,      0.0039269908,      0.2634131623,      0.1847349609,     0.04862252733,      0.0102035581,      -1.071234893,      0.3955480817,       0.249885042,     0.04862252733,      0.2026597287,      0.7013125665,     -0.3619352709,     -0.4652833148,     -0.2510315551,     -0.2734423953,    -0.06189076816,  -0.0007857331835,     -0.0059376529,      0.3320273165,     0.06291569303,   -0.005202620652,      0.1502394997,    -0.02321761115,    0.006468426274,     0.01223888628,     0.02991521477,                 0,  -3.842475503e-05,  -0.0003368976802,     0.01057888053,                 0,      -0.112072743,      0.4291868626,      -1.372351551,    -0.01599746196,     0.01832235979,     0.09752816653,      0.2799379611,  -0.0002404057641,    -0.06612878215,  -0.0004209027152,    -0.01640336653,      0.3328380934,    0.006468426274,     0.01223888628,     0.02991521477,                 0,     0.05844515194,   -0.005244757305,      0.1494593341,                 0,      -1.016560222,       6.621357938,      -25.30284309,     -0.0699268102
          0,           0,          12,       2.266691744,       2.595393208,      -6.093893676,      -5.859056141,      -5.968488658,       -5.94737427,           2,      -1.407098653,    0.000145766426,       0.509883582,       9.428245712,       9.428245712,       9.428245712,      0.0039269908,      0.2907140781,      0.2350322922,     0.04834936449,     0.00905226559,      -1.500440261,      0.3963556348,      0.2736108897,     0.04834936449,      0.2547389538,      0.8084654645,     -0.3380103778,     -0.4709598475,     -0.2583293767,     -0.2765087679,    -0.06421875411,    -0.00145165284,   -0.003255215206,      0.3596397002,     0.07007622229,    -0.01014559636,      0.2002501233,    -0.02514845706,    0.005761861033,     0.01237887035,     0.03020863311,                 0,  -4.497238139e-05,  -0.0003405904415,    0.009437828413,                 0,     -0.1309256611,      0.4975251196,      -1.852991605,    -0.01404811433,     0.01579221093,     0.09774313308,      0.2830822365,  -0.0002619457087,     -0.0689505905,   -0.000740395679,    -0.01721602779,      0.3605179037,    0.005761861033,     0.01237887035,     0.03020863311,                 0,     0.06542584642,    -0.01022214437,      0.1995352518,                 0,      -1.091211177,       6.988996317,        -61.516708,     -0.0699268102
          0,           0,          13,       2.428147833,        2.58344711,      -6.083798085,      -5.841840126,      -5.936915487,      -5.911034117,           2,       -1.41062284,   0.0001540905978,      0.5385902208,       9.899657997,       9.899657997,       9.899657997,      0.0039269908,      0.3229125276,      0.2985514152,     0.04625938034,    0.007232662073,       -2.10120368,      0.3873439075,      0.3013000355,     0.04625938034,      0.3203493977,      0.9245581689,     -0.3279147877,     -0.4537438322,     -0.2267562063,     -0.2401686152,    -0.06178101937,   -0.001756565438,    0.003203298811,      0.3832468136,     0.07882256966,    -0.01138650978,      0.2579145825,    -0.02679922719,    0.004111219204,     0.01271193144,      0.0294362297,                 0,  -5.127484563e-05,  -0.0003378634878,    0.007621800406,                 0,     -0.1530188079,      0.4687915424,      -2.405784795,     -0.0111916193,     0.01125594405,      0.1004877746,      0.2759699832,  -0.0003697943626,    -0.06712890829,  -0.0009580037828,    -0.01479571562,      0.3841826632,    0.004111219204,     0.01271193144,      0.0294362297,                 0,      0.0743209359,    -0.01148130462,      0.2575097664,                 0,      -1.275837959,       6.482257665,       80.51530554,     -0.0699268102
          0,           0,          14,       2.382035428,       2.570019664,      -6.087889874,       -5.81203755,      -5.894167477,      -5.865866409,           2,      -1.395733414,   0.0001627573778,      0.5685348623,        10.3946409,        10.3946409,        10.3946409,      0.0039269908,      0.3537135307,      0.3632978702,     0.04300346786,    0.005175653771,      -2.744676251,       0.371344105,      0.3275095247,     0.04300346786,      0.3870867029,       1.027096333,     -0.3320065758,     -0.4239412564,      -0.184008196,     -0.1950009066,    -0.05612591834,   -0.001309981198,     0.01275303342,      0.3983963968,     0.08742468497,    -0.00409803034,      0.3078298048,    -0.02785858923,    0.002257219147,     0.01285158188,     0.02789466683,                 0,  -5.597780072e-05,  -0.0003289942795,    0.005560625851,                 0,     -0.1733574147,      0.3210723841,      -2.884850797,   -0.007540423721,    0.006807361816,      0.1035492243,      0.2614006834,  -0.0004131645505,    -0.06208763602,   -0.001020926011,   -0.008751153491,      0.3993692402,    0.002257219147,     0.01285158188,     0.02789466683,                 0,     0.08329657679,   -0.004179427411,      0.3079695535,                 0,      -1.557652642,       3.128312334,       24.13777136,     -0.0699268102
          0,           0,          15,       2.352637349,        2.55643327,      -6.093759793,      -5.787630802,      -5.876283992,      -5.847376246,           2,      -1.344661859,   0.0001718307075,      0.5999347343,       10.91437294,       10.91437294,       10.91437294,      0.0039269908,      0.3797457404,       0.421243348,     0.03977158497,    0.003775895687,      -3.343657794,       0.355475608,      0.3494362491,     0.03977158497,      0.4467069435,       1.109277348,     -0.3378764949,     -0.3995345084,     -0.1661247112,     -0.1765107439,    -0.04913599772,   6.371551492e-06,     0.02419098621,      0.4046843804,     0.09431679195,     0.01314331796,      0.3420815259,    -0.02829828786,   0.0007658749433,     0.01262717205,     0.02637853798,                 0,   -5.88976868e-05,  -0.0003162953803,    0.004151088754,                 0,     -0.1878952764,     0.06355880453,      -3.215779061,   -0.003542260293,    0.003807802778,      0.1050798485,      0.2469992582,  -0.0004113013942,    -0.05559551157,  -0.0009104754609,   0.0002696578015,      0.4056725784,   0.0007658749433,     0.01262717205,     0.02637853798,                 0,     0.09065948715,     0.01311174596,      0.3429357104,                 0,      -1.919504972,       2062.812798,        14.1408673,     -0.0699268102
          0,           0,          16,       2.581517652,       2.557908822,      -6.080579237,      -5.772256375,      -5.894044823,      -5.865112696,           3,       -1.97189265,   0.0001812279085,       0.632524598,       11.46009159,       11.46009159,       11.46009159,      0.0039269908,      0.4006236274,      0.4726097011,     0.03795293827,    0.003720850218,      -3.889927227,      0.3486132434,       0.366680143,     0.03795293827,      0.4994045386,       1.179685043,     -0.3246959395,     -0.3841600816,     -0.1838855424,     -0.1942471941,    -0.04242629432,    0.002448882783,     0.03604698705,      0.4045540519,     0.09806106834,     0.04355197999,      0.3592858272,     -0.0282891744,  -1.514577379e-05,      0.0120640383,     0.02590404575,                 0,  -6.079915473e-05,  -0.0003024966228,    0.004084145995,                 0,     -0.1934252478,     -0.3110132712,      -3.385805198,   0.0003164898314,    0.002811859405,      0.1037182295,      0.2424573116,  -0.0003741571556,    -0.04916334017,  -0.0005951150458,     0.01089666666,      0.4055419316,  -1.514577379e-05,      0.0120640383,     0.02590404575,                 0,      0.0948626879,     0.04361671499,      0.3609251357,                 0,      -2.311327678,       17.78442819,        9.96715278,     -0.0699268102
          0,           0,          17,       2.542548311,        2.55705546,      -6.052717857,      -5.760082097,      -5.940829934,      -5.911846196,           3,      -1.881607298,    0.000191047162,      0.6665808445,       12.03309617,       12.03309617,       12.03309617,      0.0039269908,      0.4141591307,      0.5172879473,     0.03720717767,    0.004992290301,      -4.364913574,      0.3458200325,      0.3770660777,     0.03720717767,      0.5449181397,        1.24900771,     -0.2968345593,     -0.3719858034,     -0.2306706527,     -0.2409806938,    -0.03760613548,    0.005899312836,     0.04568394739,      0.4001820059,     0.09751266729,     0.08586589137,      0.3618928398,    -0.02798345117,  -0.0001172154662,     0.01106349125,     0.02626090189,                 0,  -6.125886783e-05,  -0.0002893175474,    0.005342866716,                 0,     -0.1884891179,      -0.762249489,      -3.417278869,    0.003103902042,    0.003387013652,     0.09695499823,       0.245829049,  -0.0003510283248,    -0.04431666848,  -0.0001047592408,     0.02032829585,      0.4011592095,  -0.0001172154662,     0.01106349125,     0.02626090189,                 0,     0.09465186001,     0.08606824163,      0.3641980381,                 0,      -2.592998883,       14.55523614,       7.921663089,     -0.0699268102
          0,           0,          18,       2.432328961,       2.550490907,      -6.022791398,      -5.743426294,      -5.964041096,      -5.935493083,           3,      -1.817154689,    0.000201212636,       0.701933626,       12.63475098,       12.63475098,       12.63475098,      0.0039269908,      0.4210780845,      0.5614478422,     0.03784554826,    0.006674833142,      -4.811556652,      0.3498705786,      0.3808877388,     0.03784554826,      0.5894531052,       1.333358023,     -0.2669081005,     -0.3553300002,     -0.2538818151,     -0.2646275806,    -0.03480659129,     0.01022087077,     0.05123134991,      0.3944324551,     0.09299805868,      0.1384016312,      0.3576295557,    -0.02758140343,   0.0002966928407,     0.01035742552,      0.0271914299,                 0,  -6.052971384e-05,  -0.0002809527567,    0.007016315613,                 0,     -0.1752077102,      -1.258676017,      -3.382121221,    0.004448296544,    0.004855172301,     0.09058440861,      0.2547613456,  -0.0003303479261,    -0.04120902067,   0.0005415637251,     0.02615957683,      0.3953956189,   0.0002966928407,     0.01035742552,      0.0271914299,                 0,     0.09034353508,      0.1387774637,      0.3603321064,                 0,      -2.671851946,       13.54108024,       6.980677971,     -0.0699268102
          0,           0,          19,       2.620799467,       2.554006335,      -6.009960208,      -5.718173785,      -5.911771405,      -5.886288038,           3,      -1.786741373,   0.0002116982616,      0.7384895789,       13.26648853,       13.26648853,       13.26648853,      0.0039269908,      0.4236220924,      0.6099678144,     0.03876325295,    0.007968462686,      -5.261147119,      0.3531653243,      0.3800409676,     0.03876325295,      0.6380323461,       1.439886695,     -0.2540769103,     -0.3300774911,     -0.2016121234,     -0.2154225354,    -0.03320583674,     0.01492933347,     0.05192900611,      0.3899695896,     0.08604743708,      0.1963233978,       0.354866309,    -0.02726932947,   0.0009335119122,    0.009754510267,     0.02807523077,                 0,   -5.84642684e-05,  -0.0002802198915,    0.008307146846,                 0,       -0.15877337,      -1.748286819,       -3.35836862,    0.004281689934,    0.006444365297,     0.08377519287,      0.2632604029,  -0.0003146368009,    -0.03912731463,    0.001198138759,     0.02704828792,      0.3909218555,   0.0009335119122,    0.009754510267,     0.02807523077,                 0,     0.08352150784,      0.1968865815,      0.3576242568,                 0,      -2.591334703,       13.15017835,       6.833681897,     -0.0699268102
          0,           0,          20,       2.580883293,        2.55528619,      -6.023071012,      -5.693075459,      -5.835919531,      -5.813647366,           3,      -1.770287977,   0.0002225090763,      0.7762431361,       13.92981295,       13.92981295,       13.92981295,      0.0039269908,       0.424584403,      0.6601566185,     0.03966171566,    0.008326941754,      -5.685595333,      0.3555611663,      0.3774999401,     0.03966171566,      0.6881660203,       1.554830121,     -0.2671877146,     -0.3049791655,     -0.1257602496,     -0.1427818636,    -0.03083967736,      0.0192407931,     0.04824635505,      0.3879369322,     0.07887347933,      0.2508063131,      0.3576040183,    -0.02712719223,    0.001576841312,    0.009657075364,     0.02842779898,                 0,  -5.537793801e-05,  -0.0002882315783,    0.008670551271,                 0,     -0.1448959443,      -2.160447165,      -3.383094976,    0.002842751227,    0.007719028361,     0.08147796053,      0.2666603021,  -0.0002961247223,    -0.03626648912,    0.001698559934,     0.02318363466,      0.3888842346,    0.001576841312,    0.009657075364,     0.02842779898,                 0,     0.07653008041,      0.2515375314,      0.3600984084,                 0,      -2.557532571,       13.03513383,       7.412042173,     -0.0699268102
          0,           0,          21,       2.500036885,       2.552774858,       -6.05803646,      -5.682415187,      -5.801370233,      -5.779711265,           3,      -1.739129896,   0.0002337139867,      0.8153609009,        14.6263036,        14.6263036,        14.6263036,      0.0039269908,      0.4263368386,      0.7001992607,     0.04053016094,    0.007745960091,      -5.984009254,      0.3590127743,      0.3764548734,     0.04053016094,      0.7282333644,        1.64236162,     -0.3021531624,     -0.2943188933,    -0.09121095176,     -0.1088457632,    -0.02546038208,     0.02216887531,     0.04159119611,      0.3880371493,       0.073638622,      0.2901092307,      0.3635856081,    -0.02713420009,    0.002084828974,     0.01028555862,     0.02815977334,                 0,  -5.184904682e-05,  -0.0003032754735,    0.008101084612,                 0,     -0.1379421501,      -2.411729055,      -3.434993554,   0.0006555050981,    0.008504030226,      0.0866570875,      0.2641085774,  -0.0002569208053,    -0.03053513235,    0.001877876614,     0.01612743276,      0.3889846964,    0.002084828974,     0.01028555862,     0.02815977334,                 0,      0.0716832156,      0.2909489618,       0.365601187,                 0,      -2.892282675,       13.08633057,       8.741888718,     -0.0699268102
          0,           0,          22,       2.436881656,       2.547736024,      -6.092854025,      -5.695090092,      -5.833433959,      -5.807246961,           3,      -1.669252868,   0.0002454479734,      0.8562038598,       15.35761878,       15.35761878,       15.35761878,      0.0039269908,      0.4300933554,      0.7125342612,     0.04158736958,    0.006744270678,      -6.013301013,      0.3662404351,      0.3793417934,     0.04158736958,      0.7408003587,       1.656696743,     -0.3369707274,     -0.3069937986,     -0.1232746775,     -0.1363814591,    -0.01559430805,     0.02279304544,     0.03369520522,      0.3891994127,     0.07179757679,      0.3022498518,      0.3657023061,    -0.02721547347,    0.002401386929,     0.01152546688,     0.02766051576,                 0,  -4.876052879e-05,  -0.0003204391738,    0.007113470381,                 0,     -0.1395858247,      -2.424351573,      -3.447738106,    -0.00162550983,    0.008790126191,     0.09831819615,       0.259326798,  -0.0001946852814,    -0.02056466675,    0.001653639404,    0.008103022714,       0.390149798,    0.002401386929,     0.01152546688,     0.02766051576,                 0,      0.0705348776,      0.3031035488,      0.3671619323,                 0,      -4.604088657,       13.26061726,       10.85324466,     -0.0699268102
          0,           0,          23,       2.452623989,       2.543773022,       -6.09615316,      -5.730616311,      -5.935190373,      -5.892831957,           3,       -1.56194474,   0.0002578957691,      0.8993313158,       16.12549972,       16.12549972,       16.12549972,      0.0039269908,      0.4352452933,      0.6820480876,     0.04292818456,     0.00596258837,      -5.659429362,      0.3778212295,      0.3866077893,     0.04292818456,      0.7107478289,       1.567042994,     -0.3402698627,     -0.3425200171,     -0.2250310923,     -0.2219664546,   -0.001729993094,     0.02063100248,      0.0261006685,      0.3902436154,     0.07366414706,      0.2793834383,      0.3562889934,    -0.02728849123,    0.002501832773,     0.01302080503,     0.02740554676,                 0,  -4.715942938e-05,  -0.0003325544547,    0.006342302254,                 0,     -0.1484640057,      -2.157085267,      -3.350493763,   -0.003386325911,    0.008617427648,      0.1124753901,      0.2568490685,  -0.0001206567238,   -0.006864329931,    0.001091943397,    0.001183625387,      0.3911965505,    0.002501832773,     0.01302080503,     0.02740554676,                 0,      0.0733640267,      0.2801420203,      0.3572417819,                 0,      -42.58060181,       13.54192258,       13.65056966,     -0.0699268102
          0,           0,          24,       2.549759391,       2.544012477,      -6.068801195,      -5.773677112,      -6.013519237,      -5.950041762,           3,      -1.477262881,   0.0002712501439,      0.9454113269,        16.9317747,        16.9317747,        16.9317747,      0.0039269908,      0.4393436403,      0.6066524012,     0.04414261938,    0.005781899974,      -4.927545867,      0.3896608565,      0.3959554901,     0.04414261938,      0.6358216889,       1.380815256,     -0.3129178977,     -0.3855808185,     -0.3033599558,     -0.2791762594,     0.01281619656,     0.01601459797,     0.02004859305,      0.3904642527,     0.07822804323,      0.2231865269,      0.3325417508,    -0.02730391969,    0.002340025658,     0.01423134084,     0.02757125289,                 0,  -4.791075468e-05,  -0.0003337704793,    0.006163581208,                 0,     -0.1606734088,      -1.643781272,       -3.11887665,   -0.004214537171,    0.008023202323,       0.123342182,      0.2583446348,  -4.916267838e-05,    0.007328064641,   0.0004068825029,   -0.003197183644,      0.3914177266,    0.002340025658,     0.01423134084,     0.02757125289,                 0,     0.07893149631,      0.2237599776,       0.333130215,                 0,       6.103842343,       13.93644269,       16.58678741,     -0.0699268102
          0,           0,          25,       2.393415606,        2.53822029,      -6.044801194,      -5.792915328,      -5.906218544,      -5.860804465,           3,      -1.472614272,   0.0002856485319,      0.9950130621,       17.77836344,       17.77836344,       17.77836344,      0.0039269908,      0.4385445033,      0.5045409925,     0.04448338114,    0.006206711589,      -3.998880465,        0.39449417,      0.4022812313,     0.04448338114,      0.5339032735,       1.150489833,     -0.2889178963,     -0.4048190345,     -0.1960592633,     -0.1899389624,     0.02244014476,     0.01024199517,     0.01649284912,      0.3893695142,     0.08338373731,      0.1483583672,      0.3000262561,    -0.02722736812,    0.001948425162,     0.01460327144,     0.02793168454,                 0,  -5.106111868e-05,  -0.0003233044037,    0.006581077112,                 0,     -0.1710858683,      -1.016200393,      -2.807595735,   -0.003998469432,    0.007160624309,      0.1256574848,       0.261663437,   1.262384782e-05,     0.01656892636,   -0.000131910109,   -0.004476099764,      0.3903203148,    0.001948425162,     0.01460327144,     0.02793168454,                 0,     0.08474596405,      0.1487114192,      0.3004458902,                 0,       3.715828851,       14.48529948,       18.19129332,     -0.0699268102
          0,           0,          26,       2.598299009,       2.540445427,      -6.049248036,      -5.777956592,      -5.786298006,      -5.756639151,           3,      -1.495000038,    0.000301109672,       1.048343859,       18.66728161,       18.66728161,       18.66728161,      0.0039269908,       0.429290361,      0.4098540227,     0.04352337445,    0.006875870086,      -3.182336724,      0.3876616105,      0.3996546607,     0.04352337445,        0.43880142,      0.9547244941,     -0.2933647387,     -0.3898602979,    -0.07613872488,    -0.08577364882,      0.0218436324,    0.005198736998,     0.01592369371,      0.3863242979,      0.0868797711,     0.07932049673,      0.2706681808,    -0.02701442586,    0.001479283021,     0.01394219261,     0.02810189881,                 0,  -5.531270095e-05,  -0.0003064045357,    0.007237587322,                 0,     -0.1755532413,     -0.4733419388,      -2.530525384,   -0.002916159964,    0.006363036082,      0.1180662833,      0.2631664165,   6.587463333e-05,      0.0157299961,  -0.0003470448733,   -0.002995952984,      0.3872676624,    0.001479283021,     0.01394219261,     0.02810189881,                 0,     0.08819187108,     0.07948992155,      0.2711196274,                 0,       3.977349989,       15.25764753,       16.99782637,     -0.0699268102
          0,           0,          27,       2.601625473,       2.542630429,      -6.083406525,      -5.761458463,      -5.752567038,      -5.725974067,           3,      -1.482082732,   0.0003175008084,        1.10505345,       19.60064569,       19.60064569,       19.60064569,      0.0039269908,        0.41036642,      0.3583326222,     0.04147311753,    0.007339487685,       -2.78257009,      0.3704363789,      0.3843707685,     0.04147311753,      0.3860854556,      0.8732016187,      -0.327523227,     -0.3733621692,    -0.04240775686,    -0.05510856515,    0.009025262948,    0.002624985919,     0.01818291559,      0.3805332555,     0.08739706226,     0.04101206766,       0.256532969,    -0.02660947673,    0.001153518137,      0.0124384451,     0.02788115429,                 0,   -5.84374656e-05,  -0.0002914007951,    0.007689325946,                 0,     -0.1726666647,     -0.2072698666,      -2.401304819,   -0.001328740531,    0.006020395138,      0.1033150202,       0.260983064,   0.0001178995056,    0.002906767135,   -0.000242265564,   0.0002437880523,      0.3814624789,    0.001153518137,      0.0124384451,     0.02788115429,                 0,     0.08781373792,     0.04109527409,      0.2571764436,                 0,       9.683602878,       15.62372863,       14.10846174,     -0.0699268102
          0,           0,          28,       2.573473611,       2.543693987,      -6.120090781,      -5.773072013,      -5.818244356,      -5.782827471,           3,      -1.423746117,   0.0003339932024,       1.162429979,       20.58067798,       20.58067798,       20.58067798,      0.0039269908,      0.3842719891,      0.3705147369,     0.03920579317,     0.00734711866,      -2.953127532,      0.3502270371,       0.357490121,     0.03920579317,      0.3964176399,      0.9641991801,     -0.3642074834,     -0.3849757192,     -0.1080850744,     -0.1119619687,    -0.01308082237,    0.003387528592,     0.02237616531,      0.3715891176,     0.08527519834,      0.0480343753,      0.2631892049,     -0.0259840417,    0.001143786845,     0.01066678887,     0.02739521746,                 0,  -5.861585837e-05,  -0.0002854780182,    0.007691212537,                 0,     -0.1645502374,     -0.3182032803,      -2.470693338,   0.0003193237589,    0.006325234082,     0.08739488976,      0.2563359302,   0.0001709830466,    -0.01899745513,   2.856818661e-05,    0.003962507688,      0.3724965003,    0.001143786845,     0.01066678887,     0.02739521746,                 0,     0.08415500023,     0.04815366802,      0.2641089716,                 0,      -6.519100705,        14.1797697,       11.76203345,     -0.0699268102
          0,           0,          29,       2.613030707,       2.546005211,      -6.124086209,      -5.814424435,      -5.985543777,      -5.915028929,           3,      -1.355789952,   0.0003508059384,       1.221063882,       21.60971188,       21.60971188,       21.60971188,      0.0039269908,      0.3569683269,      0.4401037761,     0.03766640314,    0.007012104702,      -3.604985288,      0.3353135447,      0.3253986833,     0.03766640314,      0.4639325566,       1.232893069,     -0.3682029108,     -0.4263281412,     -0.2753844958,     -0.2441634267,    -0.03714508611,    0.007027061132,     0.02700028362,      0.3600860682,     0.08238252639,     0.09651872804,      0.2863821918,    -0.02517967015,    0.001465432398,    0.009329928076,     0.02687104267,                 0,   -5.55695855e-05,  -0.0002900273136,    0.007357701602,                 0,     -0.1560697551,     -0.7546339719,       -2.69586535,    0.001583788736,    0.007138573814,     0.07655926658,      0.2513938207,   0.0002218835629,    -0.04280131695,   0.0002771376132,    0.006957500939,      0.3609653617,    0.001465432398,    0.009329928076,     0.02687104267,                 0,     0.07959073654,     0.09677379628,      0.2875680238,                 0,         -2.217858,       13.73529079,       10.60663643,     -0.0699268102
          0,           0,          30,       2.710456262,       2.551310084,      -6.105727508,      -5.860116541,      -6.078172231,      -5.977844517,           3,      -1.326332785,   0.0003682970811,       1.281947921,       22.69019747,       22.69019747,       22.69019747,      0.0039269908,      0.3367190051,      0.5321409652,     0.03733573536,    0.006644271302,      -4.407882549,      0.3306398311,      0.2987784983,     0.03733573536,      0.5543330264,       1.580371042,     -0.3498442101,     -0.4720202477,     -0.3680129503,     -0.3069790153,    -0.05381283744,     0.01174945751,     0.03039634473,      0.3483860403,     0.08107773217,      0.1622828673,      0.3131418902,    -0.02436152452,    0.001900972868,    0.008934753098,      0.0265000094,                 0,   -5.10634573e-05,   -0.000300313314,    0.006995648073,                 0,       -0.15247764,      -1.305561831,      -2.951926528,     0.00208345046,    0.007933482832,     0.07448202783,       0.247961196,   0.0002631244318,    -0.05933744863,   0.0004005561242,    0.008478627265,      0.3492367635,    0.001900972868,    0.008934753098,      0.0265000094,                 0,     0.07712643721,      0.1627071552,      0.3144994341,                 0,      -1.506661533,       13.81194555,       10.30195877,     -0.0699268102
          0,           0,          31,       2.679983807,       2.555331137,      -6.097003161,      -5.879644393,      -5.939317065,      -5.882780632,           4,      -1.755574344,   0.0003869387676,       1.346579393,       23.82470734,       23.82470734,       23.82470734,      0.0039269908,      0.3302517844,       0.599220948,     0.03787958169,    0.006515124252,      -4.951082371,      0.3346646665,      0.2876477684,     0.03787958169,      0.6207984753,        1.81443667,     -0.3411198631,     -0.4915480995,     -0.2291577843,     -0.2119151297,    -0.05668489232,     0.01523304582,     0.03156463617,      0.3401389948,     0.08233253724,      0.2117999277,       0.328873318,    -0.02378483493,    0.002159670118,    0.009357056915,     0.02636285465,                 0,  -4.815466435e-05,  -0.0003090261575,    0.006872305074,                 0,     -0.1554524935,      -1.697124183,      -3.100193559,    0.001687863785,    0.008220110195,     0.07938446231,      0.2467720465,   0.0002880475724,    -0.06229003811,   0.0004215231647,    0.008546703896,      0.3409695795,    0.002159670118,    0.009357056915,     0.02636285465,                 0,     0.07817784122,      0.2123465972,      0.3302740369,                 0,      -1.452459974,       13.90397758,       10.41904352,     -0.0699268102
          0,           0,          32,       2.689379554,       2.559393211,      -6.110944377,      -5.881553294,      -5.866842047,      -5.829403222,           4,      -1.698675885,   0.0004065149007,       1.414392664,       25.01594271,       25.01594271,       25.01594271,      0.0039269908,      0.3379630439,       0.615130166,     0.03868518751,    0.006618451962,      -5.037137752,      0.3424562867,      0.2942304728,     0.03868518751,      0.6372068495,        1.82011074,     -0.3550610792,     -0.4934570006,     -0.1566827657,     -0.1585377194,    -0.04663870925,     0.01626499435,     0.03075909888,        0.33757766,      0.0842645372,      0.2266998903,      0.3277714674,    -0.02360572896,      0.0021127053,     0.01003748021,     0.02653500199,                 0,  -4.838677362e-05,  -0.0003129119842,     0.00697975072,                 0,     -0.1608480593,      -1.789971813,       -3.08703148,   0.0007136008229,    0.007870517243,     0.08583957699,      0.2484491035,   0.0002970889542,    -0.05240309654,   0.0004115890881,    0.007819990068,      0.3384019902,      0.0021127053,     0.01003748021,     0.02653500199,                 0,     0.08080592122,      0.2272822494,      0.3291186789,                 0,      -1.806751056,       13.93790157,       10.65608159,     -0.0699268102
          0,           0,          33,       2.653896326,       2.562172714,      -6.145622806,      -5.888102279,      -5.901974237,      -5.864441952,           4,      -1.643751723,   0.0004266265674,       1.484370613,       26.26673985,       26.26673985,       26.26673985,      0.0039269908,      0.3554503334,      0.5807107365,     0.03911055452,    0.006837645154,      -4.705960842,      0.3482646088,      0.3140761421,     0.03911055452,      0.6040911156,       1.633732429,     -0.3897395081,     -0.5000059854,     -0.1918149561,     -0.1935764497,    -0.02895528353,      0.0148253989,     0.02894038633,      0.3406398317,     0.08511211921,      0.2059254148,      0.3134930593,    -0.02381985686,     0.00178404872,     0.01050248532,     0.02682402048,                 0,  -5.097973581e-05,  -0.0003105695067,    0.007199194397,                 0,     -0.1647264846,      -1.591904424,      -2.949019323,  -0.0003106089934,    0.007082371765,     0.08969712615,      0.2511767344,   0.0003083764203,    -0.03482187108,    0.000424654537,    0.007001719191,      0.3414716394,     0.00178404872,     0.01050248532,     0.02682402048,                 0,     0.08288497195,      0.2064579584,      0.3147481853,                 0,      -2.939433113,        13.8900421,       10.83237299,     -0.0699268102
          0,           0,          34,       2.580185656,       2.562687369,      -6.198595297,      -5.914666766,      -6.025132832,      -5.970412298,           4,      -1.561057014,   0.0004476796654,       1.557909768,       27.58007684,       27.58007684,       27.58007684,      0.0039269908,      0.3744416859,      0.5224139227,     0.03905367919,    0.007013154031,      -4.202527057,      0.3493231556,      0.3370878126,     0.03905367919,      0.5472610797,       1.395180992,     -0.4427119993,     -0.5265704724,     -0.3149735505,     -0.2995467959,    -0.01138220593,     0.01212026622,     0.02720084094,      0.3465027847,     0.08412220498,      0.1667295374,      0.2957920147,    -0.02422983446,    0.001452485957,     0.01062756058,     0.02697363265,                 0,  -5.381218029e-05,  -0.0003043058903,    0.007371272102,                 0,     -0.1649352445,      -1.256780574,      -2.779919922,  -0.0008913164568,    0.006443076324,     0.08998929325,      0.2525643197,   0.0003264663785,    -0.01722254768,   0.0004602775523,    0.006501173668,      0.3473489091,    0.001452485957,     0.01062756058,     0.02697363265,                 0,       0.083123305,      0.1671688597,       0.296968915,                 0,      -7.390676774,       13.75626033,       10.87437022,     -0.0699268102
          0,           0,          35,       2.638046038,       2.564780666,        -6.2354542,      -5.973148323,      -6.170197496,      -6.087142456,           4,      -1.480064797,   0.0004701479554,       1.636384696,       28.95908068,       28.95908068,       28.95908068,      0.0039269908,      0.3867551327,      0.4760285882,     0.03869895202,    0.007103022218,      -3.827982891,      0.3460772125,      0.3526069418,     0.03869895202,      0.5018476801,       1.230826815,     -0.4795709026,     -0.5850520296,     -0.4600382147,     -0.4162769543,   -0.000511127025,    0.009844508742,     0.02626548453,      0.3511562665,     0.08207853451,      0.1338382438,      0.2846670475,     -0.0245552376,    0.001361567831,     0.01042274555,     0.02691463865,                 0,  -5.498920682e-05,  -0.0002982373817,    0.007456248806,                 0,     -0.1623587569,     -0.9900685693,       -2.67471831,  -0.0008372543272,    0.006356662008,     0.08739112585,      0.2519808714,   0.0003485532416,   -0.006235390941,    0.000484444307,    0.006344134203,      0.3520137543,    0.001361567831,     0.01042274555,     0.02691463865,                 0,     0.08184294092,      0.1341989388,      0.2858058004,                 0,      -160.5834372,       13.59521814,       10.83806572,     -0.0699268102
          0,           0,          36,       2.792438958,       2.570933593,      -6.232257077,      -6.047537397,      -6.152247846,      -6.091580305,           4,      -1.414293125,   0.0004940717984,       1.719684928,       30.40703471,       30.40703471,       30.40703471,      0.0039269908,      0.3881379871,      0.4649033666,     0.03825186821,    0.007125044948,        -3.7600434,      0.3408054464,      0.3547624839,     0.03825186821,       0.490846022,       1.197778579,     -0.4763737794,      -0.659441103,     -0.4420885652,     -0.4207148027,   0.0006491971055,      0.0091384522,     0.02626911153,      0.3520812263,     0.08077818079,      0.1239089428,      0.2848361601,    -0.02461991709,    0.001505721409,     0.01002558349,     0.02672056331,                 0,  -5.419451744e-05,  -0.0002954308933,    0.007474670359,                 0,     -0.1600428111,     -0.9221946117,      -2.677462266,  -0.0003437113315,    0.006713928075,     0.08359108393,      0.2501348451,   0.0003655892682,   -0.004987185214,   0.0004727406924,    0.006335955667,      0.3529409727,    0.001505721409,     0.01002558349,     0.02672056331,                 0,     0.08062669491,       0.124244573,      0.2859747541,                 0,       124.4278203,       13.55907325,         10.843007,     -0.0699268102
          0,           0,          37,       2.675524196,       2.573685977,      -6.255988118,      -6.079107033,      -6.076069502,      -6.045085928,           4,      -1.421770265,    0.000519311425,        1.80722884,       31.92738645,       31.92738645,       31.92738645,      0.0039269908,       0.380586351,       0.486041849,     0.03786140178,    0.007086593774,      -3.953822094,      0.3360750457,      0.3457546972,     0.03786140178,      0.5114062367,       1.277086915,     -0.5001048205,     -0.6910107395,     -0.3659102212,     -0.3742204254,   -0.006103021401,    0.009945062625,     0.02680403222,      0.3499402776,     0.08120102593,      0.1360701899,      0.2932408405,    -0.02447020737,     0.00169912832,    0.009649999289,     0.02651227417,                 0,  -5.267562646e-05,  -0.0002962953477,    0.007435564748,                 0,     -0.1599311268,      -1.035910593,      -2.758129052,   0.0001486787143,    0.007116980583,     0.08041700778,      0.2481715761,   0.0003694812346,    -0.01175245184,   0.0004290605608,    0.006283292456,       0.350794796,     0.00169912832,    0.009649999289,     0.02651227417,                 0,     0.08057749908,      0.1364324622,      0.2943962753,                 0,      -13.30505345,       13.68218532,        10.9401764,     -0.0699268102
          0,           0,          38,       2.484737166,       2.571405238,      -6.352795773,      -6.079505641,      -6.102055233,       -6.07797077,           4,       -1.41717311,   0.0005456167591,       1.898312171,       33.52375577,       33.52375577,       33.52375577,      0.0039269908,      0.3696499923,       0.518289808,     0.03766274972,    0.007033998423,      -4.224868669,       0.333962771,      0.3325954751,     0.03766274972,      0.5428127595,       1.402109614,     -0.5969124748,     -0.6914093473,     -0.3918959514,     -0.4071052677,    -0.01636178933,     0.01135018472,     0.02732989936,      0.3473316976,     0.08274196717,      0.1569488808,      0.3028867576,    -0.02428779769,    0.001772972697,     0.00948811713,      0.0264016599,                 0,  -5.175323257e-05,  -0.0002991796264,    0.007384931282,                 0,      -0.161413393,      -1.213957506,       -2.84980546,   0.0003076902608,    0.007247000893,     0.07921301974,      0.2471431529,   0.0003595974555,    -0.02209372055,   0.0003743360275,    0.006135013464,      0.3481798461,    0.001772972697,     0.00948811713,      0.0264016599,                 0,     0.08139907121,      0.1573583101,      0.3040553781,                 0,      -5.057024359,       13.82787018,       11.08261519,     -0.0699268102
          0,           0,          39,       2.635926272,       2.573018264,      -6.465956591,      -6.119912385,      -6.275737623,      -6.238982822,           4,      -1.306423778,   0.0005732412406,       1.994024637,       35.19994356,       35.19994356,       35.19994356,      0.0039269908,      0.3609287803,      0.5389765221,     0.03772621271,    0.007027452198,      -4.388035674,      0.3350515242,      0.3224524753,     0.03772621271,      0.5628407208,       1.493304362,     -0.7100732935,     -0.7318160916,     -0.5655783414,     -0.5681173198,    -0.02535339147,     0.01230386827,     0.02749294177,      0.3464853617,     0.08413173219,      0.1712123579,      0.3078610481,    -0.02422861613,    0.001704840254,    0.009606690333,     0.02641468213,                 0,  -5.180533913e-05,  -0.0003018449109,    0.007381102448,                 0,     -0.1627721742,      -1.328890584,       -2.89646208,   8.916497014e-05,    0.007110514156,     0.08031089096,      0.2472877223,   0.0003423967881,    -0.03116036471,   0.0003307266121,    0.005950669768,      0.3473314436,    0.001704840254,    0.009606690333,     0.02641468213,                 0,     0.08215822839,      0.1716535677,      0.3090289247,                 0,      -3.318362054,       13.91532762,       11.19782127,     -0.0699268102
          0,           0,          40,        2.66597296,       2.575285452,      -6.484882835,      -6.213809878,      -6.540995701,      -6.467758527,           5,      -1.569749945,    0.000602196287,       2.094614322,       36.95994074,       36.95994074,       36.95994074,      0.0039269908,      0.3577156704,      0.5381309319,     0.03802740896,    0.007048935267,      -4.370841135,      0.3382385485,      0.3193061778,     0.03802740896,      0.5617730552,        1.50435381,     -0.7289995374,     -0.8257135841,     -0.8308364199,     -0.7968930246,     -0.0294433134,     0.01231190174,     0.02726385554,      0.3475832265,     0.08437461837,       0.171563968,      0.3064977318,    -0.02430538631,    0.001610225794,    0.009890146262,     0.02652703691,                 0,   -5.22749631e-05,  -0.0003028766013,    0.007404086831,                 0,     -0.1627098874,      -1.325078201,      -2.882745953,  -0.0003070926644,    0.006929808006,     0.08261955116,      0.2483626947,     0.00032649464,    -0.03525726668,   0.0003142134383,    0.005817241705,      0.3484319893,    0.001610225794,    0.009890146262,     0.02652703691,                 0,     0.08211522439,      0.1720048816,      0.3076529492,                 0,      -2.865663155,       13.93480646,       11.24190713,     -0.0699268102
          0,           0,          41,       2.704426649,       2.578360242,      -6.517647572,      -6.277244912,      -6.410659373,      -6.385949745,           5,      -1.628120331,   0.0006324603123,       2.200012413,       38.80793778,       38.80793778,       38.80793778,      0.0039269908,      0.3599825976,      0.5240238442,     0.03829944054,    0.007104242856,       -4.24970433,      0.3406728444,      0.3225516435,     0.03829944054,      0.5478584645,       1.455692158,     -0.7617642746,     -0.8891486178,     -0.7005000923,     -0.7150842428,    -0.02737242219,     0.01170042654,     0.02695423105,      0.3487003622,     0.08355842172,      0.1626172763,      0.3022316502,    -0.02438350404,    0.001581872379,     0.01009132187,     0.02662624629,                 0,  -5.258240832e-05,  -0.0003020293603,    0.007458854625,                 0,     -0.1614973761,      -1.245776243,      -2.841843118,  -0.0005875927807,    0.006866180798,     0.08419112417,      0.2493003651,   0.0003151743649,    -0.03313448505,   0.0003283174092,    0.005805958254,      0.3495518529,    0.001581872379,     0.01009132187,     0.02662624629,                 0,     0.08144547401,      0.1630373293,      0.3033756612,                 0,      -3.052649895,       13.89840582,       11.21277211,     -0.0699268102
          0,           0,          42,       2.539970573,       2.577467459,       -6.65050443,       -6.28057311,      -6.368388694,      -6.356033638,           4,      -1.328700488,   0.0006643363537,       2.311056464,       40.74833466,       40.74833466,       40.74833466,      0.0039269908,      0.3641598216,      0.5107403034,     0.03832447209,    0.007158057577,      -4.141294541,      0.3406773307,       0.327645305,     0.03832447209,      0.5348986701,       1.402516898,     -0.8946211326,     -0.8924768165,     -0.6582294134,     -0.6851681362,    -0.02203090506,     0.01106587954,     0.02683039979,      0.3482944474,     0.08277902273,      0.1531278574,      0.2991885429,    -0.02435511972,    0.001604371798,     0.01011318482,     0.02660691547,                 0,  -5.258345787e-05,  -0.0003002623535,    0.007510903388,                 0,     -0.1607952429,      -1.166813774,       -2.81302952,  -0.0006560041796,    0.006890035812,     0.08437466636,       0.249109739,   0.0003028895771,    -0.02775161147,   0.0003572645119,    0.005894705063,      0.3491449469,    0.001604371798,     0.01011318482,     0.02660691547,                 0,     0.08104057899,      0.1535267624,      0.3003313288,                 0,      -3.757404541,       13.83783882,       11.15110268,     -0.0699268102
          0,           0,          43,       2.703862175,       2.580340066,      -6.804559739,      -6.312161017,      -6.522401733,       -6.50719324,           5,      -1.501605742,   0.0006979781089,       2.428061543,        42.7857514,        42.7857514,        42.7857514,      0.0039269908,       0.367286816,      0.5077244928,     0.03812082685,    0.007195938178,      -4.121976303,      0.3386373955,      0.3309750545,     0.03812082685,      0.5321083341,       1.382365145,      -1.048676441,      -0.924064723,     -0.8122424517,     -0.8363277383,    -0.01670593525,     0.01090389575,     0.02703294553,        0.34605591,     0.08229702975,      0.1503902958,      0.2992357532,    -0.02419858594,    0.001651924737,    0.009926491042,     0.02654241108,                 0,  -5.246950295e-05,  -0.0002989128768,    0.007547320557,                 0,     -0.1605749255,      -1.146963744,      -2.813851687,  -0.0005859468873,    0.006945821773,       0.082904826,      0.2484983869,   0.0002883608766,    -0.02240599088,   0.0003866379468,    0.006093464191,      0.3469009432,    0.001651924737,    0.009926491042,     0.02654241108,                 0,     0.08093121122,        0.15078457,      0.3003925529,                 0,      -4.926215057,       13.79234535,       11.06929886,     -0.0699268102
          0,           0,          44,        2.73689545,       2.583819075,      -6.829212819,      -6.396744203,      -6.849151598,      -6.807650528,           5,      -1.536026418,   0.0007333765429,       2.550934775,       44.92503897,       44.92503897,       44.92503897,      0.0039269908,      0.3673571934,       0.513213697,     0.03786304423,    0.007175729036,      -4.169963287,      0.3364345907,      0.3306623529,     0.03786304423,       0.537589076,       1.397042732,      -1.073329521,      -1.008647909,      -1.138992317,      -1.136785026,    -0.01473791296,     0.01113568653,     0.02739838672,      0.3435610331,     0.08250508694,      0.1534955866,      0.3012371506,    -0.02402412716,    0.001656670478,    0.009766645373,     0.02643972838,                 0,  -5.242591123e-05,  -0.0002986615024,    0.007526816449,                 0,     -0.1612113813,      -1.175075861,      -2.833151556,  -0.0005244888938,    0.006949214153,     0.08167758279,      0.2475358977,   0.0002718960733,    -0.02045727593,   0.0004012499639,    0.006318404766,      0.3443999741,    0.001656670478,    0.009766645373,     0.02643972838,                 0,     0.08127604389,      0.1538984653,      0.3024145669,                 0,       -5.59815268,       13.78411526,       10.99470395,     -0.0699268102
          0,           0,          45,       2.632868642,        2.58488537,       -6.86933208,      -6.474590726,      -6.733114751,      -6.718658325,           5,      -1.542184294,   0.0007704234178,       2.679519711,       47.17129092,       47.17129092,       47.17129092,      0.0039269908,      0.3654653674,      0.5189515876,     0.03780592466,    0.007164900391,      -4.216375866,      0.3361464744,      0.3283748803,     0.03780592466,      0.5431810224,       1.419974733,      -1.113448782,      -1.086494432,      -1.022955469,      -1.047792823,    -0.01620878004,     0.01140168389,     0.02763351235,      0.3426389513,     0.08290544452,      0.1573033723,      0.3027024197,    -0.02395964891,    0.001628178181,     0.00977839132,     0.02639935516,                 0,  -5.240002892e-05,  -0.0002991418134,    0.007516442233,                 0,      -0.161768799,      -1.206955585,      -2.847104708,  -0.0005467727905,    0.006905230151,     0.08181838992,      0.2471682529,   0.0002546013669,    -0.02195248759,   0.0004009816717,    0.006450745632,      0.3434756406,    0.001628178181,     0.00977839132,     0.02639935516,                 0,     0.08157282372,      0.1577155304,      0.3038926682,                 0,      -5.114847897,       13.79650356,       10.95417824,     -0.0699268102
          0,           0,          46,        2.52468309,        2.58360447,      -7.005555109,      -6.521217107,      -6.695662855,      -6.687505732,           5,       -1.50594783,   0.0008091575268,       2.814089107,       49.52985546,       49.52985546,       49.52985546,      0.0039269908,      0.3638942522,      0.5200004197,     0.03794820157,    0.007180378791,      -4.222753015,      0.3374429561,      0.3267344294,     0.03794820157,      0.5441177041,       1.428987726,      -1.249671811,      -1.133120813,     -0.9855035736,       -1.01664023,    -0.01883571733,     0.01146464308,     0.02758873308,      0.3436765933,     0.08309235384,      0.1583234091,      0.3026168647,    -0.02403220791,    0.001608371735,     0.00991772173,      0.0264221081,                 0,  -5.236079591e-05,  -0.0002996190701,    0.007532358657,                 0,     -0.1617537171,      -1.214232833,      -2.846153697,  -0.0006127672581,     0.00688376889,     0.08292396623,      0.2473954372,   0.0002397837689,    -0.02458606393,    0.000392633326,    0.006412043462,      0.3445158165,    0.001608371735,     0.00991772173,      0.0264221081,                 0,     0.08157603186,      0.1587374743,       0.303804198,                 0,      -4.411424974,       13.80971113,       10.96885688,     -0.0699268102
          0,           0,          47,       2.673024941,       2.585467397,      -7.149423495,      -6.582869034,      -6.884887659,      -6.869806809,           5,      -1.387572683,   0.0008497433812,       2.955228801,       52.00634823,       52.00634823,       52.00634823,      0.0039269908,      0.3636557385,      0.5172377981,     0.03815386661,     0.00720909352,       -4.19865314,       0.339144827,      0.3266892075,     0.03815386661,      0.5413451743,       1.422328162,      -1.393540197,       -1.19477274,      -1.174728377,      -1.198941307,    -0.02054596725,     0.01134002987,     0.02732044226,      0.3455412336,     0.08306392949,      0.1567065332,      0.3016299317,    -0.02416259626,    0.001610547029,     0.01007329409,     0.02647002549,                 0,  -5.233760049e-05,   -0.000299630407,    0.007561061528,                 0,     -0.1614529203,      -1.199934222,      -2.836607125,  -0.0006588726584,    0.006898618622,     0.08416280192,      0.2478547662,   0.0002286402348,    -0.02629016498,   0.0003811112294,    0.006213251152,      0.3463850101,    0.001610547029,     0.01007329409,     0.02647002549,                 0,     0.08142837575,      0.1571158445,       0.302800954,                 0,      -4.042833734,       13.81888187,       11.04044835,     -0.0699268102
          0,           0,          48,       2.595876799,       2.585679833,       -7.17966617,      -6.664208866,       -7.18596826,      -7.143576901,           5,      -1.445350439,   0.0008924201968,       3.103645648,       54.60666565,       54.60666565,       54.60666565,      0.0039269908,      0.3642731856,      0.5146088935,     0.03826840851,    0.007233131529,      -4.177667128,      0.3400233185,      0.3274885336,     0.03826840851,      0.5387657445,       1.412700451,      -1.423782872,      -1.276112572,      -1.475808979,      -1.472711399,    -0.02052013219,     0.01121107083,     0.02706435587,      0.3465178911,     0.08291486606,      0.1549971372,      0.3009277811,     -0.0242308908,     0.00162380889,     0.01013665609,     0.02650794353,                 0,  -5.234197233e-05,  -0.0002993066042,    0.007584780106,                 0,     -0.1611662433,       -1.18598688,      -2.829852336,  -0.0006616683772,    0.006921444521,     0.08466837324,         0.2482132,   0.0002203007382,    -0.02625399472,   0.0003717077605,    0.006006768123,      0.3473640524,     0.00162380889,     0.01013665609,     0.02650794353,                 0,      0.0812814776,      0.1554016167,      0.3020826501,                 0,       -4.04065945,       13.82536419,       11.11897074,     -0.0699268102
          0,           0,          49,       2.756459622,       2.589095429,      -7.240565748,      -6.726282751,      -7.070861553,      -7.050356561,           5,      -1.482641262,   0.0009373436784,       3.259801638,       57.33699893,       57.33699893,       57.33699893,      0.0039269908,      0.3645393415,      0.5143392563,     0.03820911617,    0.007235673189,      -4.176439945,      0.3394750852,      0.3277728501,     0.03820911617,      0.5385153302,        1.41092935,      -1.484682451,      -1.338186457,      -1.360702272,      -1.379491059,    -0.01955936547,     0.01119119353,     0.02700823021,      0.3458992833,     0.08283852693,      0.1547593134,      0.3009290495,    -0.02418763353,    0.001630244863,      0.0100862727,      0.0264925986,                 0,  -5.236026792e-05,  -0.0002990080291,    0.007587041486,                 0,     -0.1611626911,       -1.18474295,      -2.829891226,  -0.0006430777539,    0.006924569185,     0.08427039066,      0.2480665651,   0.0002135602509,    -0.02529024322,   0.0003684686293,    0.005950690696,       0.346743934,    0.001630244863,      0.0100862727,      0.0264925986,                 0,     0.08127234413,      0.1551629857,      0.3020800004,                 0,      -4.235235906,       13.82866921,       11.14212398,     -0.0699268102
          0,           0,          50,        2.76051911,       2.592456678,      -7.395550002,      -6.772480288,      -7.123847796,      -7.100617907,           5,      -1.394286855,   0.0009845412269,       3.423811409,       60.20384888,       60.20384888,       60.20384888,      0.0039269908,      0.3641029263,      0.5154109178,       0.038112917,     0.00722591486,      -4.185308719,       0.338687038,      0.3272627426,       0.038112917,      0.5395539383,       1.415563789,      -1.639666705,      -1.384383994,      -1.413688515,      -1.429752405,    -0.01881635718,     0.01124729936,     0.02713923799,      0.3445327461,     0.08284984138,      0.1554967753,       0.301156377,    -0.02409207594,    0.001629000857,      0.0100177352,     0.02646618095,                 0,   -5.23620606e-05,  -0.0002989132261,    0.007577190147,                 0,      -0.161297276,      -1.191222061,      -2.832157806,  -0.0006315758424,    0.006915023813,      0.0837463311,      0.2478181467,   0.0002075364228,    -0.02454983413,   0.0003729950481,    0.006065521792,      0.3453740599,    0.001629000857,      0.0100177352,     0.02646618095,                 0,     0.08133546065,       0.155902565,      0.3023159127,                 0,      -4.403075503,       13.82525443,       11.09671455,     -0.0699268102
          0,           0,          51,       2.757912123,       2.595638513,      -7.485645079,      -6.830332841,      -7.378301634,       -7.31814186,           5,      -1.432191713,    0.001034021812,       3.595771779,       63.21404132,       63.21404132,       63.21404132,      0.0039269908,      0.3634934053,      0.5162124021,      0.0380371845,    0.007209337163,      -4.191203033,      0.3380815825,      0.3265987977,      0.0380371845,      0.5403109523,       1.420142414,      -1.729761781,      -1.442236548,      -1.668142353,      -1.647276357,    -0.01868718882,     0.01130067942,     0.02731322941,      0.3435666853,     0.08289409199,       0.156131943,      0.3012108895,     -0.0240245224,    0.001623913661,    0.009975103409,     0.02643816743,                 0,   -5.23429017e-05,  -0.0002989594069,    0.007560639472,                 0,     -0.1613995401,      -1.196377305,      -2.832794289,  -0.0006318991385,    0.006904318103,     0.08341839331,      0.2475566984,   0.0002021727465,    -0.02442406718,   0.0003819380167,    0.006235286774,      0.3444056401,    0.001623913661,    0.009975103409,     0.02643816743,                 0,      0.0813886138,       0.156539909,      0.3023824295,                 0,      -4.435878119,       13.81615541,       11.02802181,     -0.0699268102
          0,           0,          52,        2.96373208,       2.602583675,      -7.515290533,      -6.888673043,      -7.388068235,      -7.336712351,           5,      -1.539322156,    0.001085854009,       3.775962548,       66.37474338,       66.37474338,       66.37474338,      0.0039269908,      0.3633710598,      0.5159011245,     0.03806178043,    0.007209821334,       -4.18813615,      0.3382986144,      0.3264984638,     0.03806178043,      0.5399918985,       1.419763932,      -1.759407235,      -1.500576749,      -1.677908954,      -1.665846849,    -0.01895026817,     0.01130060827,     0.02736389254,      0.3436568271,     0.08291046397,      0.1560487195,      0.3009727667,    -0.02403082573,    0.001622051218,     0.01000486277,     0.02643486644,                 0,  -5.232774648e-05,  -0.0002989439297,     0.00756109301,                 0,      -0.161387502,      -1.195529203,      -2.830584547,  -0.0006348984632,    0.006903887621,     0.08366753852,       0.247529835,   0.0001973532857,    -0.02468764773,   0.0003876724258,    0.006302437094,       0.344496002,    0.001622051218,     0.01000486277,     0.02643486644,                 0,     0.08138659441,      0.1564568833,      0.3021484208,                 0,      -4.375160459,       13.80887787,       10.99890179,     -0.0699268102
          0,           0,          53,       2.926996833,       2.608591326,         -7.647503,      -6.937131858,      -7.402836834,      -7.360403069,           5,      -1.501893645,    0.001140207474,       3.964955758,       69.69348055,       69.69348055,       69.69348055,      0.0039269908,       0.363727073,      0.5152738053,     0.03812627625,    0.007218239975,      -4.183201257,       0.338830856,      0.3268973694,     0.03812627625,      0.5393909417,        1.41664958,      -1.891619702,      -1.549035565,      -1.692677553,      -1.689537567,    -0.01914490883,     0.01127615464,     0.02729118836,      0.3443046388,     0.08289324873,      0.1557134674,      0.3007432144,    -0.02407612513,    0.001622273755,      0.0100548637,      0.0264491388,                 0,  -5.232468757e-05,  -0.0002988738574,     0.00756943852,                 0,     -0.1613221743,       -1.19285694,      -2.828388875,  -0.0006332676325,    0.006907148545,     0.08406242637,      0.2476673034,    0.000193977661,    -0.02488061339,   0.0003866643646,    0.006245922783,      0.3451453956,    0.001622273755,      0.0100548637,      0.0264491388,                 0,     0.08135584366,       0.156120742,      0.3019143561,                 0,       -4.32978028,       13.80909294,       11.01979182,     -0.0699268102
          0,           0,          54,       2.863863564,        2.61323264,      -7.766736785,      -6.989483483,      -7.608968991,      -7.536696114,           5,        -1.5212253,     0.00119728364,       4.163417678,       73.17815458,       73.17815458,       73.17815458,      0.0039269908,      0.3640266212,      0.5149643039,     0.03818685298,    0.007226002414,      -4.181050279,      0.3393294179,      0.3272177776,     0.03818685298,      0.5391030896,       1.414633639,      -2.010853487,      -1.601387189,       -1.89880971,      -1.865830612,    -0.01917575306,     0.01125990372,     0.02718971858,      0.3447527519,     0.08287757607,      0.1555565739,      0.3006376142,    -0.02410746025,    0.001624325599,     0.01009091887,      0.0264716085,                 0,  -5.232814247e-05,  -0.0002988008621,    0.007577131418,                 0,     -0.1612887144,      -1.191784002,      -2.827349139,  -0.0006284245713,    0.006911342407,     0.08434584312,      0.2478802777,   0.0001919546936,     -0.0249102892,   0.0003813973702,    0.006152066472,       0.345594603,    0.001624325599,     0.01009091887,      0.0264716085,                 0,     0.08133805759,      0.1559630971,       0.301801935,                 0,      -4.321998506,       13.81508916,       11.05703295,     -0.0699268102
          0,           0,          55,       2.632168734,       2.613570784,       -7.82242959,      -7.046274752,      -7.735047868,       -7.65417957,           4,      -1.436795989,    0.001257264597,       4.371955718,       76.83706231,       76.83706231,       76.83706231,      0.0039269908,      0.3638768172,      0.5151205442,     0.03816540984,    0.007223666623,      -4.182389229,       0.339128799,      0.3270574398,     0.03816540984,      0.5392484996,       1.415645405,      -2.066546292,      -1.658178459,      -2.024888587,      -1.983314068,    -0.01913226988,     0.01126543674,     0.02716005923,      0.3445835911,     0.08288193606,      0.1556870572,      0.3006471824,    -0.02409563138,    0.001624904663,     0.01007513003,     0.02646537514,                 0,   -5.23285745e-05,  -0.0002987738331,    0.007574769031,                 0,     -0.1613058396,      -1.193024697,      -2.827437184,  -0.0006215091005,    0.006910819833,     0.08420644163,      0.2478208312,    0.000190706327,    -0.02486721609,   0.0003778148576,    0.006121811927,      0.3454250291,    0.001624904663,     0.01007513003,     0.02646537514,                 0,     0.08134544019,      0.1560936485,      0.3018094109,                 0,      -4.332049285,        13.8198865,       11.06945975,     -0.0699268102
          0,           0,          56,       2.579524867,       2.612973487,      -7.937604299,      -7.105944471,      -7.768063088,      -7.709335606,           3,      -1.301750346,    0.001320259767,       4.590962058,       80.67891543,       80.67891543,       80.67891543,      0.0039269908,      0.3636244785,      0.5152528855,     0.03814827443,    0.007223110477,      -4.183302964,      0.3389867877,      0.3267964841,     0.03814827443,      0.5393629162,       1.416991748,      -2.181721001,      -1.717848177,      -2.057903807,      -2.038470104,    -0.01912480233,     0.01127390347,     0.02719476776,      0.3442806096,      0.0828894069,       0.155799748,      0.3006381755,    -0.02407444484,    0.001625056708,      0.0100583307,     0.02646488702,                 0,  -5.232433674e-05,  -0.0002987434751,    0.007574178288,                 0,     -0.1613220037,      -1.193977598,      -2.827384934,  -0.0006184280773,    0.006910372297,     0.08407130404,      0.2478159365,   0.0001891748592,    -0.02486028786,   0.0003784000445,    0.006157064205,      0.3451213077,    0.001625056708,      0.0100583307,     0.02646488702,                 0,     0.08135341374,      0.1562066554,      0.3018028471,                 0,      -4.334131432,       13.81950346,       11.05500066,     -0.0699268102
          0,           0,          57,       2.566086871,       2.612165097,      -8.015085593,      -7.171158991,      -7.924463791,      -7.852853033,           4,       -1.34405743,    0.001386368781,       4.820805588,        84.7128612,        84.7128612,        84.7128612,      0.0039269908,      0.3634011218,      0.5154659411,     0.03810474327,    0.007216716233,      -4.184960832,       0.338631688,      0.3265588095,     0.03810474327,      0.5395598723,       1.418448954,      -2.259202295,      -1.783062697,       -2.21430451,       -2.18198753,    -0.01910947502,     0.01128911636,     0.02725883559,      0.3439626448,     0.08289386126,      0.1559628089,      0.3006614816,    -0.02405221058,    0.001622822107,     0.01002466361,     0.02645725756,                 0,  -5.231896389e-05,  -0.0002987665648,    0.007567801762,                 0,     -0.1613327813,      -1.195351238,       -2.82765963,  -0.0006171824059,    0.006905618751,     0.08379460379,      0.2477435771,   0.0001878883927,    -0.02484530861,   0.0003822013307,    0.006219350211,      0.3448025665,    0.001622822107,     0.01002466361,     0.02645725756,                 0,     0.08135892643,      0.1563703802,      0.3018305656,                 0,      -4.337840846,       13.81532477,       11.02987252,     -0.0699268102
          0,           0,          58,        2.56618282,       2.611385737,      -8.073802521,      -7.248859927,      -7.995833026,      -7.933851122,           4,      -1.516704855,    0.001455731342,       5.061983708,       88.94850426,       88.94850426,       88.94850426,      0.0039269908,      0.3635875692,      0.5154815132,     0.03808319426,     0.00721614055,      -4.185170641,       0.338457325,      0.3267437165,     0.03808319426,      0.5395884123,       1.417764404,      -2.317919223,      -1.860763633,      -2.285673745,       -2.26298562,    -0.01905964499,     0.01129462966,     0.02727246855,       0.344080116,     0.08288667319,      0.1560094558,      0.3006458092,    -0.02406042497,    0.001622058018,     0.01001450658,     0.02644662966,                 0,  -5.231704701e-05,  -0.0002987710358,    0.007567228633,                 0,     -0.1613243606,      -1.195706555,      -2.827519919,  -0.0006198064237,    0.006904380858,     0.08372250466,      0.2476444451,   0.0001859943973,    -0.02479509856,    0.000384447277,    0.006234043215,      0.3449203245,    0.001622058018,     0.01001450658,     0.02644662966,                 0,     0.08135523184,      0.1564172982,      0.3018158823,                 0,      -4.348804671,       13.81271104,       11.02378425,     -0.0699268102
          0,           0,          59,       2.630298333,       2.611700947,      -8.164987084,      -7.326174612,       -8.02253807,      -7.973194363,           4,      -1.377086744,    0.001528528545,       5.315119237,       93.39592947,       93.39592947,       93.39592947,      0.0039269908,      0.3638473993,      0.5152902402,      0.0381088962,    0.007218294268,      -4.183659951,      0.3386721059,      0.3270162561,      0.0381088962,      0.5394157301,       1.416226256,      -2.409103786,      -1.938078319,      -2.312378789,      -2.302328861,    -0.01903637341,     0.01128646669,     0.02723760632,      0.3443596997,     0.08288184942,      0.1559075036,      0.3005808626,    -0.02407997536,    0.001623123301,     0.01003581461,     0.02644995829,                 0,  -5.231936405e-05,  -0.0002987419179,     0.00756935555,                 0,     -0.1613185295,      -1.194837874,      -2.826881469,  -0.0006220784533,    0.006906782111,     0.08390372575,      0.2476771721,   0.0001844259049,    -0.02477154717,   0.0003834160153,    0.006203796357,      0.3452005909,    0.001623123301,     0.01003581461,     0.02644995829,                 0,     0.08135204316,      0.1563150249,      0.3017486621,                 0,        -4.3538676,       13.81366798,       11.03550947,     -0.0699268102
          0,           0,          60,       2.634360345,       2.612072412,      -8.254068395,      -7.411626916,      -8.186451701,      -8.106942729,           4,      -1.334183869,     0.00160498105,       5.580956757,       98.06572594,       98.06572594,       98.06572594,      0.0039269908,      0.3638822533,      0.5151445357,     0.03813926805,    0.007221425488,       -4.18246783,      0.3389164464,      0.3270611891,     0.03813926805,      0.5392728118,       1.415690188,      -2.498185097,      -2.023530622,       -2.47629242,      -2.436077227,    -0.01907010277,      0.0112778667,     0.02720451159,      0.3444699778,     0.08288354465,      0.1558155484,      0.3005331295,    -0.02408768676,    0.001624460382,     0.01005608087,      0.0264587268,                 0,  -5.231894432e-05,  -0.0002987135074,     0.00757245794,                 0,     -0.1613174219,       -1.19411594,      -2.826414438,  -0.0006200289875,    0.006909019509,     0.08406450072,      0.2477597295,   0.0001831966955,    -0.02480531263,   0.0003812514453,    0.006174111939,      0.3453111383,    0.001624460382,     0.01005608087,      0.0264587268,                 0,     0.08135138142,      0.1562226937,      0.3016987366,                 0,      -4.346255793,       13.81604806,       11.04717975,     -0.0699268102
          0,           0,          61,       2.472805834,       2.609826177,      -8.334809098,      -7.497312075,      -8.294576344,      -8.187310145,           4,      -1.502474952,    0.001685287527,       5.860183095,               100,               100,               100,      0.0039269908,      0.3637075173,      0.5151984358,     0.03813950065,    0.007220220419,      -4.182899875,      0.3389115353,      0.3268831189,     0.03813950065,      0.5393143916,       1.416518525,        -2.5789258,      -2.109215782,      -2.584417063,      -2.516444643,    -0.01912934863,     0.01127926452,     0.02720986743,       0.344347734,     0.08288913095,      0.1558454019,      0.3005430416,    -0.02407913864,    0.001624079795,     0.01005390072,     0.02646152014,                 0,    -5.2318627e-05,  -0.0002986984889,    0.007571237535,                 0,     -0.1613200319,      -1.194442615,      -2.826520116,  -0.0006171122675,    0.006908503168,      0.0840357558,       0.247785154,   0.0001821223326,    -0.02486480385,   0.0003805633848,    0.006178763297,       0.345188596,    0.001624079795,     0.01005390072,     0.02646152014,                 0,     0.08135282133,      0.1562525721,      0.3017089982,                 0,      -4.333086951,       13.81698262,       11.04536956,     -0.0699268102
          0,           0,          62,       2.594109675,       2.609576709,      -8.413518213,      -7.583398693,      -8.331572619,      -8.224118367,           4,      -1.415285522,    0.001718587369,       5.975956305,               100,               100,               100,      0.0039269908,      0.3636477899,      0.5153153825,     0.03812110625,    0.007218318203,      -4.183874311,      0.3387642741,      0.3268153791,     0.03812110625,      0.5394268871,       1.417072774,      -2.657634915,        -2.1953024,      -2.621413338,      -2.553252865,    -0.01912166395,     0.01128613595,     0.02723451154,      0.3442488063,     0.08288996107,      0.1559264156,      0.3005712267,    -0.02407222094,    0.001622645182,     0.01004021372,     0.02645824735,                 0,  -5.231758792e-05,   -0.000298703652,    0.007569339443,                 0,      -0.161322294,       -1.19513039,      -2.826804605,  -0.0006170221254,    0.006905748159,     0.08392341549,      0.2477541146,   0.0001809958313,    -0.02485719579,   0.0003817668456,     0.00620138128,      0.3450894268,    0.001622645182,     0.01004021372,     0.02645824735,                 0,     0.08135418549,      0.1563338678,      0.3017388338,                 0,       -4.33487176,       13.81574848,       11.03640968,     -0.0699268102
          0,           0,          63,       2.514087281,       2.608084686,      -8.504131064,      -7.680984202,      -8.449215079,      -8.321875165,           4,      -1.305440593,    0.001718606109,       5.976016271,               100,               100,               100,      0.0039269908,      0.3637225853,      0.5153345762,     0.03811234377,    0.007217715184,      -4.184042825,      0.3386980314,      0.3268886535,     0.03811234377,      0.5394512514,       1.416834139,      -2.748247766,      -2.292887908,      -2.739055798,      -2.651009663,    -0.01907233042,     0.01128904536,     0.02724456271,      0.3442613077,     0.08288602367,      0.1559517034,      0.3005699442,    -0.02407309512,     0.00162240679,     0.01003514635,     0.02645479063,                 0,  -5.231696145e-05,  -0.0002987069183,    0.007568739063,                 0,     -0.1613214712,      -1.195307077,      -2.826797055,  -0.0006172214504,    0.006905061509,     0.08389121198,      0.2477220444,   0.0001797134657,    -0.02480770777,   0.0003829051757,    0.006211497431,      0.3451019587,     0.00162240679,     0.01003514635,     0.02645479063,                 0,     0.08135369901,      0.1563592969,      0.3017382555,                 0,      -4.345878131,       13.81442792,       11.03229101,     -0.0699268102
          0,           0,          64,       2.644003934,        2.60863729,      -8.578234718,      -7.782673613,      -8.507679865,      -8.390801813,           4,      -1.319035259,    0.001718608113,       5.976022104,               100,               100,               100,      0.0039269908,      0.3638292381,      0.5152578724,     0.03812379031,    0.007218980565,      -4.183418079,      0.3387965727,       0.327000397,     0.03812379031,      0.5393821742,       1.416207986,       -2.82235142,      -2.394577319,      -2.797520584,      -2.719936311,    -0.01904662938,     0.01128587409,     0.02723309648,      0.3443568969,     0.08288377267,      0.1559089321,      0.3005449469,    -0.02407977937,    0.001623291292,     0.01004384758,     0.02645665144,                 0,  -5.231616206e-05,  -0.0002986995497,    0.007569996276,                 0,     -0.1613208571,      -1.194927802,      -2.826552441,   -0.000616978567,    0.006906398804,     0.08397139621,      0.2477402257,   0.0001785519928,    -0.02478191232,   0.0003827252049,    0.006201802844,      0.3451977813,    0.001623291292,     0.01004384758,     0.02645665144,                 0,     0.08135324631,      0.1563164086,      0.3017125193,                 0,      -4.351624165,        13.8145199,       11.03601815,     -0.0699268102
          0,           0,          65,       2.793684453,       2.611441035,      -8.673553694,      -7.888136449,      -8.554104241,      -8.458310409,           5,      -1.451616729,    0.001718615519,       5.976043347,               100,               100,               100,      0.0039269908,       0.363835445,      0.5152175082,     0.03813821168,    0.007219785309,      -4.183093209,       0.338914072,      0.3270094045,     0.03813821168,      0.5393423414,       1.416072885,      -2.917670396,      -2.500040155,       -2.84394496,      -2.787444906,    -0.01907627371,     0.01128313799,     0.02722307826,      0.3444055024,     0.08288615414,       0.155880503,      0.3005340293,     -0.0240831782,    0.001623606989,     0.01005321462,     0.02646139007,                 0,  -5.231653729e-05,  -0.0002986915772,    0.007570793423,                 0,     -0.1613212948,      -1.194711185,      -2.826445098,  -0.0006156319096,     0.00690727622,     0.08404427551,      0.2477847318,   0.0001777884582,    -0.02481165056,   0.0003819788863,    0.006192570602,      0.3452465055,    0.001623606989,     0.01005321462,     0.02646139007,                 0,     0.08135355409,      0.1562878578,      0.3017009295,                 0,      -4.344986625,       13.81535023,       11.03967841,     -0.0699268102
          0,           0,          66,       2.774633976,       2.613876751,      -8.774105985,      -7.990896397,      -8.744714491,      -8.617620331,           5,      -1.462620063,    0.001718631224,       5.976092467,               100,               100,               100,      0.0039269908,       0.363789219,       0.515244695,      0.0381367585,    0.007219669107,      -4.183317743,      0.3389045742,      0.3269613947,      0.0381367585,      0.5393662373,       1.416327555,      -3.018222687,      -2.602800103,       -3.03455521,      -2.946754829,    -0.01910076192,      0.0112839783,     0.02722430682,      0.3443816958,     0.08288860832,      0.1558961238,      0.3005414763,    -0.02408151348,    0.001623019178,     0.01005172345,     0.02646201588,                 0,  -5.231677776e-05,  -0.0002986921651,    0.007570678049,                 0,     -0.1613227897,      -1.194863166,      -2.826517682,  -0.0006141058108,      0.0069062546,     0.08403098158,      0.2477902342,   0.0001771038307,    -0.02483625031,   0.0003817275013,    0.006193276697,      0.3452226408,    0.001623019178,     0.01005172345,     0.02646201588,                 0,     0.08135429408,      0.1563034992,       0.301708444,                 0,      -4.339544605,       13.81570574,       11.03945376,     -0.0699268102
          0,           0,          67,       2.559546484,       2.613077776,      -8.865150127,      -8.096312046,      -8.804733779,      -8.704397142,           4,      -1.333320429,    0.001718645378,        5.97613796,               100,               100,               100,      0.0039269908,      0.3637805992,      0.5152641701,     0.03813343892,    0.007219320455,      -4.183492319,      0.3388774697,      0.3269514373,     0.03813343892,      0.5393850637,        1.41641465,       -3.10926683,      -2.708215752,      -3.094574498,       -3.03353164,    -0.01909270254,     0.01128534828,     0.02722971005,      0.3443582434,     0.08288692041,      0.1559113688,      0.3005457545,    -0.02407987353,    0.001622877585,      0.0100495001,     0.02646106124,                 0,  -5.231633043e-05,  -0.0002986902187,    0.007570327004,                 0,     -0.1613203846,      -1.194997004,      -2.826561737,  -0.0006131929628,     0.00690588544,     0.08401384789,      0.2477812805,   0.0001764558821,    -0.02482809282,   0.0003820307061,     0.00619836834,      0.3451991311,    0.001622877585,      0.0100495001,     0.02646106124,                 0,     0.08135317248,      0.1563188026,      0.3017130887,                 0,      -4.341287999,       13.81537946,        11.0374203,     -0.0699268102
          0,           0,          68,       2.728508781,       2.614750689,      -8.985233907,      -8.208067051,      -8.919900639,      -8.831406533,           5,      -1.369753584,    0.001718651874,       5.976158658,               100,               100,               100,      0.0039269908,      0.3638023441,      0.5152713955,     0.03813275934,     0.00721899005,      -4.183554048,       0.338873232,      0.3269726252,     0.03813275934,      0.5393937884,        1.41634985,      -3.229350609,      -2.819970758,      -3.209741358,      -3.160541031,    -0.01907705792,     0.01128622775,     0.02723234127,       0.344360833,     0.08288571331,      0.1559198422,      0.3005458946,    -0.02408005461,    0.001623087539,     0.01004888346,     0.02646078834,                 0,  -5.231617098e-05,  -0.0002986890368,    0.007569995258,                 0,     -0.1613202513,      -1.195056675,      -2.826564646,  -0.0006124753322,    0.006906278815,     0.08401221536,      0.2477788626,   0.0001758751968,    -0.02481240211,   0.0003823169626,    0.006200983366,       0.345201727,    0.001623087539,     0.01004888346,     0.02646078834,                 0,     0.08135305964,      0.1563273167,       0.301713412,                 0,      -4.344784906,       13.81505367,         11.036359,     -0.0699268102
          0,           0,          69,       2.772373742,       2.617002447,      -9.069663547,      -8.320483413,      -9.046659448,      -8.965701136,           5,      -1.563713083,    0.001718653976,       5.976164785,               100,               100,               100,      0.0039269908,      0.3638227393,      0.5152610138,     0.03813692482,    0.007219395623,      -4.183467082,      0.3389076722,       0.326993695,     0.03813692482,      0.5393848546,       1.416241917,      -3.313780249,       -2.93238712,      -3.336500167,      -3.294835633,    -0.01907477402,     0.01128580392,      0.0272305186,      0.3443811908,     0.08288606825,      0.1559141514,      0.3005422723,    -0.02408147817,    0.001623353616,     0.01005180552,     0.02646176568,                 0,  -5.231606736e-05,  -0.0002986870225,    0.007570398713,                 0,     -0.1613212975,      -1.195004734,      -2.826529339,  -0.0006117124821,    0.006906837489,     0.08403735876,      0.2477880984,   0.0001753775512,    -0.02481014853,   0.0003822911268,    0.006199417823,      0.3452221346,    0.001623353616,     0.01005180552,     0.02646176568,                 0,     0.08135357303,      0.1563216103,      0.3017096714,                 0,      -4.345323733,       13.81506825,       11.03696469,     -0.0699268102
          0,           0,          70,       2.657179281,       2.617568318,      -9.186321268,      -8.435104051,      -9.112438892,      -9.053741369,           5,      -1.459904852,    0.001718656421,       5.976172074,               100,               100,               100,      0.0039269908,       0.363824973,        0.51525641,     0.03813935554,     0.00721971512,      -4.183432304,      0.3389291932,      0.3269962443,     0.03813935554,      0.5393804179,       1.416220568,       -3.43043797,      -3.047007758,       -3.40227961,      -3.382875866,    -0.01908213834,     0.01128539883,     0.02722847552,       0.344393237,     0.08288687103,      0.1559106026,      0.3005412569,    -0.02408232052,     0.00162322317,      0.0100534742,     0.02646265817,                 0,  -5.231608132e-05,  -0.0002986867682,    0.007570717969,                 0,     -0.1613219166,      -1.194980849,      -2.826518599,  -0.0006109394738,    0.006906512368,     0.08405120354,       0.247796464,   0.0001750133079,    -0.02481755091,   0.0003821345773,    0.006197450556,      0.3452342101,     0.00162322317,      0.0100534742,     0.02646265817,                 0,     0.08135386014,      0.1563180418,      0.3017085159,                 0,      -4.343688823,       13.81524969,       11.03775555,     -0.0699268102
          0,           0,          71,       2.705313483,       2.618787001,      -9.319286592,       -8.55426589,      -9.314556613,      -9.246314658,           5,      -1.459482043,    0.001718660011,       5.976183475,               100,               100,               100,      0.0039269908,      0.3638192666,      0.5152594285,     0.03813996577,    0.007219698756,      -4.183463397,      0.3389356849,      0.3269903412,     0.03813996577,      0.5393830309,       1.416251078,      -3.563403294,      -3.166169596,      -3.604397332,      -3.575449156,    -0.01908667968,     0.01128543305,     0.02722830507,      0.3443922081,     0.08288707011,      0.1559120308,      0.3005425761,    -0.02408224857,    0.001623056225,     0.01005376296,     0.02646314658,                 0,  -5.231610568e-05,  -0.0002986864173,    0.007570701279,                 0,     -0.1613216595,      -1.195000376,      -2.826531122,  -0.0006102395064,      0.0069062177,     0.08405369531,      0.2478010672,     0.00017470464,    -0.02482209508,   0.0003820690913,    0.006197188489,      0.3452331787,    0.001623056225,     0.01005376296,     0.02646314658,                 0,     0.08135374194,      0.1563194689,      0.3017098201,                 0,      -4.342665748,       13.81533434,        11.0378731,     -0.0699268102
          0,           0,          72,       2.512052644,       2.617324886,       -9.42966961,      -8.673384501,      -9.381465757,      -9.337835388,           4,      -1.347261909,    0.001718663789,       5.976195617,               100,               100,               100,      0.0039269908,      0.3638187314,      0.5152640721,     0.03813994269,    0.007219575478,      -4.183506606,      0.3389353895,      0.3269894834,     0.03813994269,      0.5393876259,       1.416265925,      -3.673786312,      -3.285288208,      -3.671306476,      -3.666969886,    -0.01908416509,      0.0112857256,     0.02722935155,      0.3443878193,     0.08288665467,      0.1559154173,      0.3005439418,    -0.02408194168,     0.00162307813,     0.01005369746,      0.0264631671,                 0,  -5.231603174e-05,  -0.0002986857025,    0.007570577212,                 0,     -0.1613211031,      -1.195030994,      -2.826544804,   -0.000609704561,    0.006906293385,     0.08405339336,      0.2478012564,   0.0001744463795,    -0.02481955764,   0.0003821246975,    0.006198137162,      0.3452287792,     0.00162307813,     0.01005369746,      0.0264631671,                 0,     0.08135350293,      0.1563228676,      0.3017112554,                 0,      -4.343216183,       13.81527629,       11.03749904,     -0.0699268102
          0,           0,          73,       2.781860766,       2.619548344,      -9.575419415,      -8.798124512,      -9.519219033,      -9.483165475,           5,      -1.386311993,     0.00171866596,       5.976202406,               100,               100,               100,      0.0039269908,      0.3638228568,       0.515268562,     0.03813988765,    0.007219522944,      -4.183544597,      0.3389350304,      0.3269932857,     0.03813988765,      0.5393923927,       1.416262207,      -3.819536118,      -3.410028219,      -3.809059752,      -3.812299973,    -0.01908080655,     0.01128604865,     0.02723016039,      0.3443874544,     0.08288644131,      0.1559190923,      0.3005449445,    -0.02408191616,    0.001623146767,     0.01005354963,     0.02646319125,                 0,  -5.231597271e-05,  -0.0002986854538,    0.007570524371,                 0,     -0.1613211707,      -1.195059382,      -2.826554778,   -0.000609266684,    0.006906412976,     0.08405291966,      0.2478014861,   0.0001742116935,    -0.02481619239,    0.000382190598,    0.006198874075,      0.3452284134,    0.001623146767,     0.01005354963,     0.02646319125,                 0,     0.08135352437,      0.1563265562,      0.3017123121,                 0,      -4.343969481,       13.81520648,       11.03720802,     -0.0699268102
          0,           0,          74,        2.69361964,       2.620535962,       -9.67164134,      -8.922928985,      -9.652071383,       -9.62188944,           5,      -1.591896902,    0.001718666922,       5.976205272,               100,               100,               100,      0.0039269908,      0.3638271907,      0.5152677622,      0.0381407408,    0.007219632995,      -4.183537819,      0.3389422729,      0.3269976648,      0.0381407408,      0.5393918971,       1.416243138,      -3.915758042,      -3.534832692,      -3.941912102,      -3.951023938,    -0.01908074635,     0.01128602446,     0.02722992056,      0.3443919921,     0.08288660274,      0.1559187302,      0.3005446627,    -0.02408223346,    0.001623183523,     0.01005416505,     0.02646339223,                 0,  -5.231593719e-05,  -0.0002986850984,     0.00757063403,                 0,     -0.1613215232,      -1.195055491,      -2.826551901,   -0.000608903989,    0.006906474884,     0.08405840547,       0.247803381,   0.0001740115334,     -0.0248161436,   0.0003821917363,    0.006198654489,      0.3452329622,    0.001623183523,     0.01005416505,     0.02646339223,                 0,      0.0813536896,      0.1563261933,      0.3017120143,                 0,      -4.343991646,       13.81520399,       11.03729488,     -0.0699268102
          0,           0,          75,       2.604770949,       2.620328527,      -9.806455812,      -9.049619201,      -9.727097733,      -9.703274812,           4,       -1.31853226,    0.001718667636,       5.976207451,               100,               100,               100,      0.0039269908,      0.3638287157,      0.5152668258,      0.0381414208,    0.007219703492,      -4.183531752,      0.3389483395,      0.3269992514,      0.0381414208,      0.5393910694,       1.416234628,      -4.050572515,      -3.661522907,      -4.016938452,       -4.03240931,    -0.01908217422,     0.01128594469,     0.02722946766,      0.3443954776,     0.08288671334,      0.1559180243,      0.3005445654,    -0.02408247719,     0.00162315924,      0.0100546473,     0.02646361426,                 0,  -5.231592147e-05,  -0.0002986850743,    0.007570704488,                 0,     -0.1613215366,      -1.195050955,      -2.826550664,  -0.0006085958528,    0.006906419769,     0.08406258628,      0.2478054757,   0.0001738576909,    -0.02481757571,   0.0003821613941,    0.006198209489,      0.3452364562,     0.00162315924,      0.0100546473,     0.02646361426,                 0,     0.08135370033,      0.1563254836,      0.3017118855,                 0,      -4.343672392,        13.8152391,       11.03747488,     -0.0699268102
          0,           0,          76,       2.804506798,       2.622720453,      -9.955303453,       -9.18224787,      -9.932264099,      -9.902192346,           5,       -1.47421735,    0.001718668483,       5.976210154,               100,               100,               100,      0.0039269908,      0.3638281696,      0.5152669853,     0.03814204453,    0.007219727525,      -4.183534807,      0.3389539624,      0.3269986954,     0.03814204453,      0.5393911904,       1.416237192,      -4.199420155,      -3.794151576,      -4.222104818,      -4.231326844,    -0.01908316366,     0.01128591723,     0.02722930276,      0.3443961133,     0.08288676375,      0.1559179272,       0.300544816,    -0.02408252165,    0.001623129895,     0.01005499444,      0.0264639202,                 0,  -5.231594945e-05,  -0.0002986847605,    0.007570728235,                 0,     -0.1613214924,       -1.19505206,      -2.826552956,  -0.0006082990439,    0.006906374658,     0.08406550608,      0.2478083633,   0.0001737183332,    -0.02481856625,   0.0003821407776,    0.006198027505,      0.3452370934,    0.001623129895,     0.01005499444,      0.0264639202,                 0,      0.0813536816,      0.1563253848,       0.301712124,                 0,      -4.343449819,       13.81526411,       11.03755093,     -0.0699268102
          0,           0,          77,       2.557551196,       2.621884949,       -10.0657054,       -9.30715638,      -10.00153823,      -9.975378119,           4,      -1.359393896,    0.001718669556,       5.976213589,               100,               100,               100,      0.0039269908,      0.3638278585,       0.515268623,     0.03814214033,     0.00721969876,      -4.183549806,      0.3389547959,      0.3269982709,     0.03814214033,      0.5393928024,       1.416242904,      -4.309822106,      -3.919060086,      -4.291378948,      -4.304512617,    -0.01908260793,     0.01128600079,     0.02722954347,      0.3443949222,     0.08288668189,      0.1559189909,      0.3005453885,    -0.02408243836,    0.001623130658,     0.01005504357,      0.0264639661,                 0,  -5.231593153e-05,  -0.0002986845693,    0.007570699261,                 0,      -0.161321396,      -1.195061801,      -2.826558543,  -0.0006080658619,    0.006906378565,     0.08406602381,      0.2478087862,   0.0001736072865,    -0.02481800616,   0.0003821499345,    0.006198227691,      0.3452358994,    0.001623130658,     0.01005504357,      0.0264639661,                 0,     0.08135363871,      0.1563264517,       0.301712712,                 0,      -4.343572022,       13.81525607,       11.03747438,     -0.0699268102
          0,           0,          78,       2.617906099,       2.621834584,       -10.2142572,      -9.436568028,      -10.13653926,      -10.10427383,           5,      -1.396477297,    0.001718670224,       5.976215672,               100,               100,               100,      0.0039269908,      0.3638285537,      0.5152702649,     0.03814215848,    0.007219688373,      -4.183563579,      0.3389550857,      0.3269988499,     0.03814215848,      0.5393944888,       1.416244711,      -4.458373906,      -4.048471734,      -4.426379978,       -4.43340833,    -0.01908192608,     0.01128610165,     0.02722979628,      0.3443945819,     0.08288665528,      0.1559201935,      0.3005458307,    -0.02408241456,    0.001623141707,     0.01005502035,     0.02646399643,                 0,  -5.231590938e-05,  -0.0002986845615,    0.007570688844,                 0,     -0.1613214465,      -1.195071399,      -2.826562858,  -0.0006078761799,    0.006906396918,     0.08406611491,       0.247809073,   0.0001735008465,    -0.02481732412,   0.0003821666615,    0.006198449044,      0.3452355583,    0.001623141707,     0.01005502035,     0.02646399643,                 0,     0.08135365972,      0.1563276584,      0.3017131707,                 0,      -4.343725835,       13.81523916,       11.03738814,     -0.0699268102
          0,           0,          79,        2.65641269,       2.622266811,      -10.31130404,      -9.565549032,      -10.27487457,      -10.23451091,           4,      -1.309037978,    0.001718670521,        5.97621657,               100,               100,               100,      0.0039269908,      0.3638296436,       0.515270405,     0.03814245366,    0.007219713371,      -4.183564791,       0.338957777,      0.3269999273,     0.03814245366,      0.5393947046,       1.416240854,      -4.555420747,      -4.177452738,      -4.564715284,      -4.563645409,    -0.01908186993,      0.0112861131,     0.02722978593,      0.3443956145,     0.08288669824,      0.1559203051,      0.3005458884,    -0.02408248677,    0.001623144352,     0.01005521889,     0.02646409042,                 0,  -5.231589853e-05,  -0.0002986845431,    0.007570713812,                 0,     -0.1613215465,      -1.195072164,      -2.826563362,  -0.0006077184529,    0.006906401068,     0.08406799593,      0.2478099681,   0.0001734119402,    -0.02481727111,   0.0003821702947,    0.006198434684,      0.3452365935,    0.001623144352,     0.01005521889,     0.02646409042,                 0,      0.0813537065,      0.1563277705,      0.3017132276,                 0,      -4.343740867,       13.81523504,       11.03739446,     -0.0699268102
          0,           0,          80,       2.718504423,       2.623454929,      -10.45338533,      -9.695551702,      -10.32427472,      -10.28682329,           5,      -1.443979237,    0.001718670693,       5.976217097,               100,               100,               100,      0.0039269908,      0.3638303938,      0.5152698469,     0.03814281984,    0.007219733143,      -4.183560974,      0.3389608841,      0.3270007146,     0.03814281984,      0.5393942002,       1.416236399,      -4.697502035,      -4.307455408,      -4.614115436,      -4.615957785,    -0.01908215945,     0.01128607787,     0.02722963546,      0.3443968399,     0.08288669847,      0.1559199187,      0.3005458022,    -0.02408257246,    0.001623146724,     0.01005546942,      0.0264642037,                 0,  -5.231589933e-05,  -0.0002986844118,    0.007570733454,                 0,     -0.1613214983,      -1.195069454,      -2.826562445,  -0.0006075764167,    0.006906405578,     0.08407010934,      0.2478110334,   0.0001733357744,    -0.02481755993,   0.0003821621051,      0.0061982906,      0.3452378218,    0.001623146724,     0.01005546942,      0.0264642037,                 0,     0.08135368653,      0.1563273826,      0.3017131311,                 0,      -4.343674975,       13.81524393,       11.03745229,     -0.0699268102
          0,           0,          81,       2.753414129,       2.625039798,      -10.58330572,      -9.821104613,      -10.56089416,      -10.49018699,           5,      -1.512130255,    0.001718670946,       5.976217901,               100,               100,               100,      0.0039269908,       0.363830217,      0.5152700995,     0.03814303452,    0.007219746384,      -4.183563502,      0.3389627919,      0.3270005206,     0.03814303452,      0.5393944398,       1.416237782,      -4.827422421,      -4.433008319,      -4.850734878,       -4.81932149,    -0.01908235723,     0.01128608087,     0.02722959578,      0.3443968975,     0.08288670448,       0.155920044,      0.3005459274,    -0.02408257649,    0.001623141555,     0.01005559726,      0.0264642957,                 0,  -5.231590397e-05,  -0.0002986843247,    0.007570746613,                 0,      -0.161321483,       -1.19507096,      -2.826563616,  -0.0006074438346,    0.006906395073,     0.08407122913,      0.2478118952,   0.0001732724813,    -0.02481775765,   0.0003821563547,     0.00619824228,      0.3452378796,    0.001623141555,     0.01005559726,      0.0264642957,                 0,     0.08135367872,      0.1563275079,      0.3017132532,                 0,       -4.34363027,       13.81525136,       11.03747297,     -0.0699268102
          0,           0,          82,       2.597978362,       2.624713756,      -10.70309246,        -9.9434107,      -10.62130134,      -10.56002126,           4,      -1.372389181,    0.001718671251,       5.976218868,               100,               100,               100,      0.0039269908,      0.3638300439,       0.515270748,     0.03814311242,    0.007219746905,       -4.18356917,      0.3389635174,      0.3270003027,     0.03814311242,      0.5393950747,       1.416240238,      -4.947209163,      -4.555314406,      -4.911142058,      -4.889155753,    -0.01908228083,     0.01128611204,     0.02722966896,      0.3443965437,     0.08288670016,      0.1559204593,      0.3005461402,    -0.02408255175,    0.001623142416,     0.01005564136,     0.02646432864,                 0,  -5.231589844e-05,  -0.0002986842867,     0.00757074709,                 0,     -0.1613214844,      -1.195074674,      -2.826565673,  -0.0006073377041,      0.0069063979,     0.08407169137,      0.2478122077,   0.0001732204809,    -0.02481768114,   0.0003821584783,    0.006198300435,      0.3452375249,    0.001623142416,     0.01005564136,     0.02646432864,                 0,     0.08135367975,      0.1563279243,      0.3017134706,                 0,      -4.343647434,          13.81525,       11.03745112,     -0.0699268102
          0,           0,          83,       2.638500329,       2.624877882,      -10.84809551,      -10.06766804,      -10.76376351,      -10.69423619,           5,      -1.417192848,    0.001718671437,       5.976219449,               100,               100,               100,      0.0039269908,      0.3638302357,      0.5152712396,     0.03814319143,    0.007219742497,      -4.183573378,      0.3389642776,      0.3270004598,     0.03814319143,      0.5393955785,       1.416240843,      -5.092212213,      -4.679571745,      -5.053604234,      -5.023370689,    -0.01908213255,     0.01128614133,     0.02722973754,      0.3443964894,     0.08288669496,      0.1559208119,      0.3005462807,    -0.02408254795,    0.001623144066,     0.01005567715,     0.02646437022,                 0,  -5.231589195e-05,   -0.000298684296,    0.007570742685,                 0,     -0.1613214953,      -1.195077601,      -2.826567034,  -0.0006072472446,    0.006906400857,     0.08407210358,      0.2478126012,   0.0001731718831,    -0.02481753286,    0.000382163102,    0.006198359053,      0.3452374705,    0.001623144066,     0.01005567715,     0.02646437022,                 0,     0.08135368491,      0.1563282781,      0.3017136155,                 0,      -4.343680913,       13.81524539,       11.03742848,     -0.0699268102
          0,           0,          84,       2.494292408,       2.623341582,      -10.94256206,       -10.1892692,      -10.88555698,      -10.81600574,           4,      -1.335952551,    0.001718671519,       5.976219701,               100,               100,               100,      0.0039269908,      0.3638305791,      0.5152713048,     0.03814333484,    0.007219750382,      -4.183574046,      0.3389655665,      0.3270007978,     0.03814333484,      0.5393956674,       1.416239685,      -5.186678763,      -4.801172908,      -5.175397703,      -5.145140237,    -0.01908209521,     0.01128614573,     0.02722972892,      0.3443967996,     0.08288669959,      0.1559208632,      0.3005463116,    -0.02408256964,    0.001623144423,     0.01005577243,     0.02646441799,                 0,  -5.231588998e-05,   -0.000298684279,    0.007570750551,                 0,     -0.1613215108,      -1.195078053,      -2.826567311,  -0.0006071708288,    0.006906401125,     0.08407297917,      0.2478130538,   0.0001731324381,    -0.02481749593,   0.0003821639176,    0.006198348299,      0.3452377815,    0.001623144423,     0.01005577243,     0.02646441799,                 0,     0.08135369213,      0.1563283295,      0.3017136458,                 0,      -4.343689657,       13.81524454,       11.03743311,     -0.0699268102
          0,           0,          85,       2.576918358,       2.622801777,      -11.08240799,      -10.31203093,      -10.95088149,      -10.89357721,           5,      -1.455395198,    0.001718671577,       5.976219881,               100,               100,               100,      0.0039269908,      0.3638307611,      0.5152712563,     0.03814347002,    0.007219757496,      -4.183573889,      0.3389667269,      0.3270009828,     0.03814347002,      0.5393956318,       1.416238843,      -5.326524688,      -4.923934634,      -5.240722214,      -5.222711705,    -0.01908215725,     0.01128614071,     0.02722968977,      0.3443970879,     0.08288670003,      0.1559208256,      0.3005463205,     -0.0240825898,    0.001623145582,     0.01005586064,      0.0264644638,                 0,  -5.231589106e-05,  -0.0002986842388,    0.007570757626,                 0,     -0.1613215015,      -1.195077915,       -2.82656737,  -0.0006071016723,    0.006906403531,     0.08407374156,      0.2478134836,     0.00017309826,    -0.02481755784,    0.000382161532,    0.006198308618,      0.3452380704,    0.001623145582,     0.01005586064,      0.0264644638,                 0,     0.08135368823,      0.1563282917,      0.3017136519,                 0,      -4.343675558,       13.81524736,       11.03744931,     -0.0699268102
          0,           0,          86,       2.741103979,       2.624161573,      -11.20480269,      -10.43109405,      -11.16517485,      -11.08160629,           5,      -1.540393351,    0.001718671664,       5.976220156,               100,               100,               100,      0.0039269908,      0.3638306708,      0.5152714467,     0.03814355565,    0.007219761904,      -4.183575602,      0.3389674939,      0.3270008794,     0.03814355565,      0.5393958154,       1.416239718,      -5.448919393,      -5.042997758,      -5.455015572,      -5.410740786,    -0.01908221661,     0.01128614688,     0.02722968726,      0.3443970533,     0.08288670524,      0.1559209337,      0.3005463952,    -0.02408258738,    0.001623144475,     0.01005591028,      0.0264645009,                 0,  -5.231589167e-05,  -0.0002986842182,    0.007570762014,                 0,     -0.1613215041,      -1.195078981,      -2.826568077,  -0.0006070404327,    0.006906401442,     0.08407419077,      0.2478138314,   0.0001730702234,    -0.02481761742,    0.000382160141,    0.006198300915,      0.3452380357,    0.001623144475,     0.01005591028,      0.0264645009,                 0,     0.08135368929,         0.1563284,      0.3017137262,                 0,      -4.343662319,       13.81524939,       11.03745307,     -0.0699268102
          0,           0,          87,        2.75601579,       2.625659916,      -11.32203714,      -10.54753866,      -11.22076582,      -11.15577033,           4,      -1.382216873,    0.001718671757,        5.97622045,               100,               100,               100,      0.0039269908,      0.3638306273,      0.5152716809,     0.03814360488,    0.007219763545,      -4.183577662,      0.3389679465,      0.3270008197,     0.03814360488,      0.5393960461,       1.416240531,      -5.566153847,      -5.159442362,      -5.510606534,      -5.484904831,    -0.01908220048,     0.01128615818,     0.02722971054,      0.3443969591,     0.08288670432,       0.155921084,      0.3005464734,    -0.02408258079,    0.001623144357,     0.01005594057,     0.02646451995,                 0,  -5.231588974e-05,  -0.0002986842089,    0.007570763644,                 0,      -0.161321504,      -1.195080338,      -2.826568829,  -0.0006069908457,    0.006906401401,     0.08407448556,       0.247814012,   0.0001730474459,    -0.02481760127,   0.0003821609283,    0.006198318673,      0.3452379413,    0.001623144357,     0.01005594057,     0.02646451995,                 0,      0.0813536895,      0.1563285507,      0.3017138059,                 0,      -4.343665942,       13.81524887,        11.0374465,     -0.0699268102
          0,           0,          88,       2.838944925,       2.628056377,      -11.45675623,      -10.66719678,      -11.35572472,      -11.28674686,           5,      -1.429848331,    0.001718671811,       5.976220622,               100,               100,               100,      0.0039269908,      0.3638306946,      0.5152718457,     0.03814365511,     0.00721976285,      -4.183579106,      0.3389684099,      0.3270008753,     0.03814365511,      0.5393962151,       1.416240722,      -5.700872929,      -5.279100485,      -5.645565435,      -5.615881362,    -0.01908215711,     0.01128616733,     0.02722972672,      0.3443969577,     0.08288670185,      0.1559211983,      0.3005465262,     -0.0240825807,    0.001623144772,     0.01005596635,     0.02646454399,                 0,  -5.231588807e-05,  -0.0002986842087,    0.007570762947,                 0,     -0.1613215052,      -1.195081319,      -2.826569335,  -0.0006069476241,    0.006906402102,      0.0840747424,      0.2478142389,   0.0001730264483,    -0.02481755784,    0.000382162089,    0.006198331131,      0.3452379399,    0.001623144772,     0.01005596635,     0.02646454399,                 0,     0.08135369006,      0.1563286654,      0.3017138597,                 0,      -4.343675684,       13.81524779,       11.03744189,     -0.0699268102
          0,           0,          89,       2.557748171,       2.627275175,      -11.54474899,      -10.78469509,      -11.44946661,      -11.38466126,           4,      -1.340074961,    0.001718671841,       5.976220714,               100,               100,               100,      0.0039269908,      0.3638307807,      0.5152719069,     0.03814371473,    0.007219766019,       -4.18357968,      0.3389689429,      0.3270009569,     0.03814371473,      0.5393962822,       1.416240555,      -5.788865689,      -5.396598792,      -5.739307325,      -5.713795756,    -0.01908214692,        0.01128617,     0.02722972312,      0.3443970345,     0.08288670333,      0.1559212364,      0.3005465533,    -0.02408258606,     0.00162314504,     0.01005600491,     0.02646456478,                 0,  -5.231588767e-05,  -0.0002986842007,    0.007570766108,                 0,       -0.16132151,      -1.195081673,      -2.826569585,  -0.0006069113998,    0.006906402584,     0.08407509521,      0.2478144353,   0.0001730097673,    -0.02481754778,   0.0003821620927,     0.00619832565,      0.3452380169,     0.00162314504,     0.01005600491,     0.02646456478,                 0,     0.08135369225,      0.1563287035,      0.3017138864,                 0,      -4.343678081,        13.8152479,       11.03744434,     -0.0699268102
          0,           0,          90,       2.770979169,       2.628854339,      -11.67721776,      -10.90415697,      -11.51957481,      -11.45497318,           5,      -1.444325695,    0.001718671866,       5.976220792,               100,               100,               100,      0.0039269908,      0.3638308108,      0.5152719448,     0.03814376443,    0.007219768412,      -4.183580077,      0.3389693756,      0.3270009843,     0.03814376443,      0.5393963221,       1.416240542,      -5.921334459,      -5.516060681,      -5.809415534,      -5.784107675,    -0.01908216682,     0.01128617073,     0.02722971499,      0.3443970919,     0.08288670442,      0.1559212562,      0.3005465743,    -0.02408259008,    0.001623145293,     0.01005603592,     0.02646458322,                 0,  -5.231588776e-05,  -0.0002986841908,    0.007570768491,                 0,     -0.1613215091,       -1.19508191,      -2.826569778,  -0.0006068791953,    0.006906403125,     0.08407536935,       0.247814608,   0.0001729950442,     -0.0248175677,   0.0003821614406,    0.006198316078,      0.3452380744,    0.001623145293,     0.01005603592,     0.02646458322,                 0,     0.08135369195,      0.1563287233,      0.3017139068,                 0,      -4.343673608,       13.81524876,        11.0374484,     -0.0699268102
          0,           0,          91,       2.811394641,       2.630838473,      -11.79069067,      -11.01997439,      -11.68870444,      -11.59213249,           5,      -1.558095173,    0.001718671897,       5.976220888,               100,               100,               100,      0.0039269908,      0.3638307778,      0.5152720411,     0.03814379784,    0.007219769696,      -4.183580929,      0.3389696768,      0.3270009447,     0.03814379784,      0.5393964158,       1.416240935,      -6.034807368,        -5.6318781,      -5.978545159,      -5.921266991,    -0.01908218197,     0.01128617437,     0.02722971723,      0.3443970682,     0.08288670598,      0.1559213119,      0.3005466116,    -0.02408258842,    0.001623144916,     0.01005605534,     0.02646459759,                 0,  -5.231588777e-05,  -0.0002986841859,    0.007570769769,                 0,     -0.1613215102,      -1.195082436,      -2.826570132,  -0.0006068515541,    0.006906402423,     0.08407554852,      0.2478147428,   0.0001729830881,    -0.02481758292,   0.0003821611797,    0.006198315715,      0.3452380507,    0.001623144916,     0.01005605534,     0.02646459759,                 0,     0.08135369245,      0.1563287792,      0.3017139442,                 0,      -4.343670243,       13.81524925,       11.03744886,     -0.0699268102
          0,           0,          92,       2.649893193,       2.631043363,       -11.9032706,      -11.13452019,      -11.73795951,      -11.64350953,           4,      -1.376915033,    0.001718671925,       5.976220978,               100,               100,               100,      0.0039269908,      0.3638307709,      0.5152721271,     0.03814382244,    0.007219770756,      -4.183581691,      0.3389699004,      0.3270009318,     0.03814382244,      0.5393965012,       1.416241199,        -6.1473873,      -5.746423898,      -6.027800227,      -5.972644028,    -0.01908217454,     0.01128617844,     0.02722972405,       0.344397043,     0.08288670546,      0.1559213665,      0.3005466418,    -0.02408258666,    0.001623144945,     0.01005607092,     0.02646460657,                 0,  -5.231588721e-05,  -0.0002986841825,    0.007570770825,                 0,       -0.16132151,      -1.195082932,       -2.82657042,  -0.0006068289794,    0.006906402532,     0.08407569655,       0.247814828,   0.0001729733613,    -0.02481757548,   0.0003821614372,    0.006198320405,      0.3452380254,    0.001623144945,     0.01005607092,     0.02646460657,                 0,     0.08135369245,      0.1563288339,      0.3017139748,                 0,      -4.343671905,        13.8152491,       11.03744721,     -0.0699268102
          0,           0,          93,       2.818021806,       2.633032495,      -12.03030828,      -11.25316088,      -11.85552994,      -11.73919657,           5,      -1.442904022,    0.001718671942,       5.976221033,               100,               100,               100,      0.0039269908,      0.3638307899,      0.5152721903,     0.03814384784,    0.007219770622,       -4.18358225,      0.3389701305,      0.3270009463,     0.03814384784,      0.5393965655,       1.416241298,      -6.274424981,      -5.865064584,      -6.145370663,      -6.068331073,    -0.01908216234,     0.01128618159,     0.02722972782,      0.3443970429,     0.08288670477,      0.1559214079,      0.3005466643,    -0.02408258665,    0.001623145178,      0.0100560842,     0.02646461847,                 0,  -5.231588673e-05,   -0.000298684182,    0.007570770691,                 0,     -0.1613215104,      -1.195083297,      -2.826570634,  -0.0006068091212,    0.006906402947,     0.08407582315,      0.2478149401,    0.000172964338,    -0.02481756326,    0.000382161691,    0.006198322598,      0.3452380253,    0.001623145178,      0.0100560842,     0.02646461847,                 0,     0.08135369261,      0.1563288754,      0.3017139975,                 0,      -4.343674647,       13.81524891,       11.03744651,     -0.0699268102
          0,           0,          94,       2.613515327,       2.632827051,       -12.1136904,      -11.36848305,      -11.92491959,      -11.80418768,           4,      -1.342627497,    0.001718671954,       5.976221068,               100,               100,               100,      0.0039269908,      0.3638308057,      0.5152722276,     0.03814387096,     0.00721977176,      -4.183582586,      0.3389703368,      0.3270009595,     0.03814387096,      0.5393966039,       1.416241339,      -6.357807098,      -5.980386759,      -6.214760308,      -6.133322179,    -0.01908216257,     0.01128618306,     0.02722972704,      0.3443970582,     0.08288670562,      0.1559214298,        0.30054668,    -0.02408258772,    0.001623145251,     0.01005609942,     0.02646462629,                 0,  -5.231588665e-05,  -0.0002986841793,    0.007570771826,                 0,     -0.1613215122,      -1.195083501,       -2.82657078,  -0.0006067926028,    0.006906403111,     0.08407596263,      0.2478150138,   0.0001729572872,    -0.02481756354,   0.0003821616305,    0.006198320722,      0.3452380407,    0.001623145251,     0.01005609942,     0.02646462629,                 0,     0.08135369344,      0.1563288973,      0.3017140131,                 0,       -4.34367464,       13.81524905,        11.0374474,     -0.0699268102
          0,           0,          95,       2.757038529,       2.634120921,      -12.24530944,      -11.48572476,      -12.01021835,      -11.87581248,           5,      -1.428315954,    0.001718671964,       5.976221099,               100,               100,               100,      0.0039269908,      0.3638308077,      0.5152722571,     0.03814389057,     0.00721977256,      -4.183582861,      0.3389705102,      0.3270009594,     0.03814389057,      0.5393966334,       1.416241413,      -6.489426147,      -6.097628467,      -6.300059069,      -6.204946975,    -0.01908216859,     0.01128618405,     0.02722972571,      0.3443970665,     0.08288670609,      0.1559214463,       0.300546693,     -0.0240825883,    0.001623145255,     0.01005611122,     0.02646463409,                 0,  -5.231588659e-05,  -0.0002986841769,    0.007570772623,                 0,     -0.1613215122,      -1.195083669,      -2.826570902,  -0.0006067779975,    0.006906403133,     0.08407606919,       0.247815087,   0.0001729509259,    -0.02481756959,    0.000382161465,    0.006198318489,       0.345238049,    0.001623145255,     0.01005611122,     0.02646463409,                 0,     0.08135369349,      0.1563289139,       0.301714026,                 0,      -4.343673293,        13.8152493,       11.03744842,     -0.0699268102
          0,           0,          96,       2.678191559,       2.634575257,      -12.34561779,      -11.59794674,      -12.13251311,      -11.96855138,           4,      -1.362362817,    0.001718671974,       5.976221132,               100,               100,               100,      0.0039269908,       0.363830797,       0.515272299,     0.03814390655,    0.007219773134,      -4.183583233,      0.3389706547,      0.3270009458,     0.03814390655,      0.5393966744,        1.41624157,      -6.589734491,      -6.209850443,      -6.422353826,      -6.297685882,    -0.01908217123,     0.01128618572,     0.02722972698,      0.3443970555,     0.08288670624,      0.1559214709,      0.3005467094,    -0.02408258753,    0.001623145229,     0.01005612058,     0.02646464074,                 0,  -5.231588655e-05,  -0.0002986841749,    0.007570773195,                 0,     -0.1613215121,      -1.195083899,      -2.826571057,  -0.0006067658641,    0.006906403106,     0.08407615569,      0.2478151499,   0.0001729459753,    -0.02481757223,   0.0003821614183,    0.006198318618,      0.3452380379,    0.001623145229,     0.01005612058,     0.02646464074,                 0,     0.08135369345,      0.1563289386,      0.3017140424,                 0,        -4.3436727,       13.81524944,        11.0374485,     -0.0699268102
          0,           0,          97,       2.687499405,         2.6351153,      -12.45379582,      -11.70778999,      -12.18802984,      -12.02895876,           4,      -1.361141028,    0.001718671983,       5.976221161,               100,               100,               100,      0.0039269908,      0.3638307953,      0.5152723331,     0.03814391781,    0.007219773458,      -4.183583531,      0.3389707568,      0.3270009418,     0.03814391781,      0.5393967083,        1.41624167,      -6.697912518,      -6.319693692,      -6.477870559,      -6.358093257,    -0.01908216842,      0.0112861873,     0.02722972912,      0.3443970473,     0.08288670634,      0.1559214924,      0.3005467213,    -0.02408258696,     0.00162314519,     0.01005612746,     0.02646464517,                 0,  -5.231588644e-05,  -0.0002986841745,    0.007570773519,                 0,     -0.1613215127,      -1.195084093,       -2.82657117,  -0.0006067554702,    0.006906403034,      0.0840762208,      0.2478151915,   0.0001729415443,    -0.02481756943,   0.0003821614988,    0.006198319916,      0.3452380298,     0.00162314519,     0.01005612746,     0.02646464517,                 0,     0.08135369375,      0.1563289601,      0.3017140545,                 0,      -4.343673346,        13.8152494,       11.03744808,     -0.0699268102
          0,           0,          98,       2.904862836,       2.637840022,      -12.56782569,      -11.81839491,      -12.30160589,      -12.12137536,           5,      -1.514705662,    0.001718671989,        5.97622118,               100,               100,               100,      0.0039269908,      0.3638307993,      0.5152723593,     0.03814392816,    0.007219773336,      -4.183583764,      0.3389708491,      0.3270009439,     0.03814392816,      0.5393967348,       1.416241726,      -6.811942395,      -6.430298612,      -6.591446613,      -6.450509855,    -0.01908216512,     0.01128618848,     0.02722973019,      0.3443970458,     0.08288670615,      0.1559215085,      0.3005467315,    -0.02408258685,    0.001623145284,     0.01005613335,     0.02646464953,                 0,  -5.231588624e-05,  -0.0002986841741,    0.007570773397,                 0,     -0.1613215128,      -1.195084237,      -2.826571267,  -0.0006067463913,      0.0069064032,     0.08407627596,      0.2478152323,   0.0001729376489,    -0.02481756612,   0.0003821615544,     0.00619832027,      0.3452380282,    0.001623145284,     0.01005613335,     0.02646464953,                 0,     0.08135369379,      0.1563289762,      0.3017140648,                 0,      -4.343674087,       13.81524938,       11.03744802,     -0.0699268102
          0,           0,          99,       2.622566321,       2.637687285,      -12.64380273,      -11.92134188,      -12.36525869,      -12.18649554,           4,      -1.357620821,    0.001718671994,       5.976221193,               100,               100,               100,      0.0039269908,      0.3638308015,      0.5152723781,     0.03814393734,    0.007219773984,      -4.183583932,      0.3389709312,      0.3270009447,     0.03814393734,      0.5393967536,        1.41624177,      -6.887919436,      -6.533245588,      -6.655099409,      -6.515630043,    -0.01908216603,     0.01128618921,     0.02722973008,      0.3443970482,     0.08288670646,      0.1559215193,      0.3005467393,    -0.02408258702,    0.001623145306,     0.01005613967,     0.02646465236,                 0,  -5.231588622e-05,   -0.000298684173,    0.007570774043,                 0,     -0.1613215133,       -1.19508434,       -2.82657134,  -0.0006067388683,    0.006906403262,     0.08407633417,      0.2478152591,   0.0001729346565,    -0.02481756705,   0.0003821615228,     0.00619831962,      0.3452380306,    0.001623145306,     0.01005613967,     0.02646465236,                 0,     0.08135369404,      0.1563289871,      0.3017140725,                 0,      -4.343673896,       13.81524945,       11.03744835,     -0.0699268102
          0,           0,         100,        2.81951567,       2.639487566,      -12.76656516,      -12.02578029,      -12.46054942,      -12.26992188,           5,      -1.448179771,    0.001718671997,       5.976221205,               100,               100,               100,      0.0039269908,      0.3638307999,      0.5152723946,     0.03814394639,    0.007219774268,      -4.183584082,      0.3389710123,       0.327000942,     0.03814394639,        0.53939677,       1.416241821,      -7.010681861,      -6.637683994,      -6.750390141,       -6.59905638,    -0.01908216777,     0.01128618983,     0.02722972996,      0.3443970479,     0.08288670664,      0.1559215288,      0.3005467461,      -0.024082587,    0.001623145294,     0.01005614476,     0.02646465634,                 0,   -5.23158862e-05,  -0.0002986841723,    0.007570774326,                 0,     -0.1613215134,      -1.195084432,      -2.826571404,  -0.0006067322873,    0.006906403246,     0.08407638062,      0.2478152965,   0.0001729319368,     -0.0248175688,   0.0003821614757,    0.006198319022,      0.3452380303,    0.001623145294,     0.01005614476,     0.02646465634,                 0,     0.08135369409,      0.1563289966,      0.3017140793,                 0,      -4.343673509,       13.81524954,       11.03744865,     -0.0699268102
          0,           0,         101,       2.739309152,       2.640466209,      -12.84597386,       -12.1211873,      -12.55110859,      -12.35067831,           4,      -1.455241301,    0.001718672001,       5.976221217,               100,               100,               100,      0.0039269908,      0.3638307961,      0.5152724129,     0.03814395302,    0.007219774435,      -4.183584244,      0.3389710719,       0.327000937,     0.03814395302,       0.539396788,       1.416241886,      -7.090090562,      -6.733091004,      -6.840949309,      -6.679812807,    -0.01908216786,     0.01128619058,     0.02722973061,      0.3443970428,     0.08288670663,      0.1559215397,      0.3005467532,    -0.02408258664,    0.001623145298,     0.01005614885,     0.02646465887,                 0,  -5.231588616e-05,  -0.0002986841718,    0.007570774493,                 0,     -0.1613215133,      -1.195084532,      -2.826571471,  -0.0006067268132,    0.006906403257,     0.08407641835,      0.2478153205,   0.0001729298248,    -0.02481756889,   0.0003821614716,    0.006198319177,      0.3452380252,    0.001623145298,     0.01005614885,     0.02646465887,                 0,     0.08135369408,      0.1563290075,      0.3017140864,                 0,      -4.343673489,       13.81524958,       11.03744865,     -0.0699268102
