x,y,z,phi_deg,Cp
1.500000013038516045e-03,6.517618991589793653e-05,1.352479489883743886e-04,2.572948701750966194e+01,7.120580226182937622e-02
1.500000013038516045e-03,1.464164815843105045e-04,3.335499593859482493e-05,7.716651893159436781e+01,1.756038367748260498e-01
1.500000013038516045e-03,1.173956115962937474e-04,-9.365445971927974212e-05,1.285817443889763751e+02,-7.462939620018005371e-02
1.500000013038516045e-03,-1.742467807981934476e-20,-1.501763819042878638e-04,-1.800000000000000000e+02,-1.709463894367218018e-01
1.500000013038516045e-03,-1.464164815843105587e-04,3.335499593859479783e-05,-7.716651893159438202e+01,1.112108826637268066e-01
1.500000013038516045e-03,-1.173956115962937745e-04,-9.365445971927975567e-05,-1.285817443889763751e+02,1.638014055788516998e-02
1.500000013038516045e-03,-6.517618991589796363e-05,1.352479489883743886e-04,-2.572948701750967260e+01,9.292393922805786133e-02
1.752735503638784380e-03,2.428056662514185273e-04,-9.703299777659897551e-05,1.117832476315058017e+02,-2.656565010547637939e-01
1.752735503638784380e-03,2.718265362394353115e-04,2.997645788127556104e-05,8.370697020161003366e+01,-1.542325038462877274e-02
1.752735503638784380e-03,1.905862445710227436e-04,1.318694109310551146e-04,5.532007333064944277e+01,-1.198212951421737671e-01
1.752735503638784380e-03,1.254100546551247799e-04,-1.535549199616070837e-04,1.407610951348102901e+02,-3.619734644889831543e-01
1.821311733995874867e-03,-2.007406001212075082e-04,1.162909635847124141e-04,-5.991587393504452308e+01,-3.996568173170089722e-02
1.821311733995874867e-03,-2.529600218016033733e-04,-1.126114451229417166e-04,-1.139974267153207990e+02,-1.165094748139381409e-01
1.821311733995874867e-03,-2.819808917896201575e-04,1.439801053493282334e-05,-8.707700251177813300e+01,-2.167873270809650421e-02
2.074047224596142769e-03,-4.630967547806605247e-05,-9.744367343955673277e-05,-1.545808023766187773e+02,-1.108274236321449280e-01
2.269280841574072838e-03,1.254100546551248612e-04,2.493657169300907421e-04,2.669856320254913840e+01,-2.288791835308074951e-01
2.337857071931163759e-03,-1.355644102053095174e-04,2.337872695837480688e-04,-3.010782665209468689e+01,-1.707417070865631104e-01
2.983233270545800671e-03,2.149979021244993174e-04,-8.920314697509941504e-05,1.125336797184101982e+02,-4.237836226820945740e-02
3.178466887523731174e-03,3.505623123298089974e-04,9.919136815976038800e-05,7.420117536415907011e+01,-1.523490697145462036e-01
3.329639788717031479e-03,-3.620952193159608949e-04,4.798004374606540260e-05,-8.245189678937553879e+01,-1.156850233674049377e-01
3.722280496731400923e-03,-1.369429616412769484e-04,-1.882851914463875556e-04,-1.439709792814447553e+02,-1.129068341106176376e-02
4.023355043803652706e-03,2.251522576746842175e-04,3.688538272399456393e-04,3.140033044471929813e+01,-1.499309390783309937e-01
4.105951714639862957e-03,-2.265308091106512961e-04,3.332209501725932866e-04,-3.420871309920489267e+01,-1.714043617248535156e-01
4.923241212964057922e-03,5.243625103806458460e-04,3.112013995026549065e-04,5.931149529598965131e+01,-1.113308072090148926e-01
5.014508962631225586e-03,1.701812337463101384e-04,-4.769705798632155043e-04,1.603637990731080833e+02,-8.127252012491226196e-02
5.118345220883687915e-03,-5.635000416077672351e-04,1.354852429358288104e-04,-7.648069218353330712e+01,-1.236575841903686523e-01
5.439157752941052408e-03,6.959222955629229546e-04,-2.627248953407010346e-04,1.106825470174721886e+02,-1.255933046340942383e-01
5.634261760860681534e-03,-3.919402564254900181e-04,-4.384410519075269681e-04,-1.382051775645475686e+02,-1.379200816154479980e-01
5.765692796558141708e-03,2.992102527059617369e-04,7.533153499631832766e-04,2.166254207526484521e+01,-1.575948446989059448e-01
5.878200133641561451e-03,-3.369692324971157492e-04,6.132320704637096416e-04,-2.878866608549542505e+01,-1.484481990337371826e-01
6.562927272170782089e-03,8.700580607789258885e-04,-5.881628991725539166e-05,9.386733488979996309e+01,-1.701064407825469971e-01
6.701024714857339859e-03,6.984982755966486715e-04,6.241123289025078940e-04,4.821902420383913324e+01,-1.519650220870971680e-01
6.806713528931141767e-03,-3.744891534248988556e-04,-7.277022765871758985e-04,-1.527688053155690397e+02,-1.549013406038284302e-01
7.040439173579216003e-03,-7.859866600483653761e-04,4.467726830625907671e-04,-6.038511571596593086e+01,-1.468683779239654541e-01
7.453036028891801834e-03,-9.950663661584258080e-04,-3.202353691449389404e-04,-1.078393760107148154e+02,-1.390590220689773560e-01
7.668020358930031748e-03,9.235594964896639550e-04,-5.300248158164322376e-04,1.198512350592596647e+02,-1.028861328959465027e-01
7.772354564319055442e-03,3.992880228906872057e-04,1.010300746808449500e-03,2.156477387893663789e+01,-1.091828495264053345e-01
7.799299278606971683e-03,3.151917674889167511e-04,-1.058827522986879096e-03,1.634227846255286067e+02,-9.682768583297729492e-02
7.999261685957511844e-03,-4.490174275512495727e-04,9.730443804680058992e-04,-2.477125806946597919e+01,-1.132328659296035767e-01
8.753474801778793335e-03,8.570988429710271143e-04,9.191178639108935631e-04,4.300025237095623964e+01,-8.816889673471450806e-02
8.787238039076328278e-03,1.209810531387726538e-03,6.172092010577523349e-05,8.707947247895594955e+01,-6.373076885938644409e-02
8.837190456688404083e-03,-1.001434866338968277e-03,-7.454746422202638244e-04,-1.266642373052911097e+02,-9.568919241428375244e-02
9.098852363725503864e-03,-1.997057503710189552e-04,-1.204722599747280352e-03,-1.705877233548672223e+02,-4.569995030760765076e-02
9.195570523540180091e-03,-9.274681409200031829e-04,9.160738651795934367e-04,-4.535412027261022416e+01,-7.013944536447525024e-02
9.620902438958486499e-03,-1.270805873597661726e-03,-3.543710530114657946e-05,-9.159730969027098979e+01,-6.040513142943382263e-02
1.003682923813660997e-02,4.578108200803401797e-04,1.418101911743482098e-03,1.789181828855742751e+01,-9.952858090400695801e-02
1.004616698871056354e-02,1.442473575783272729e-03,-8.147250628098840061e-05,9.323269449196621395e+01,-9.043335169553756714e-02
1.019076009591420549e-02,3.294647128010789734e-04,-1.350990807016690717e-03,1.662948499240834792e+02,-3.564646467566490173e-02
1.025201783825953859e-02,-4.784507133687534476e-04,1.452314279352625356e-03,-1.823396104527062178e+01,-7.744911313056945801e-02
1.056955133875211138e-02,1.304753512764970317e-03,-9.035658828603726446e-04,1.247033158580825898e+02,-9.358445554971694946e-02
1.084095239639282227e-02,1.089761887366573305e-03,9.140158654190599918e-04,5.001243397950433689e+01,-1.477322578430175781e-01
1.089073469241460222e-02,-1.465181897704799898e-03,-3.278949686015645844e-04,-1.026144503223121518e+02,-4.874210804700851440e-02
1.143244436631600178e-02,-2.740587806329131669e-04,-1.656349670762816920e-03,-1.706049874129372768e+02,-4.592219740152359009e-02
1.161976717412471771e-02,-1.063123811036348126e-03,1.384603946159283392e-03,-3.751770236208699316e+01,-8.817881345748901367e-02
1.170599708954493320e-02,-1.237542989353338733e-03,-1.310992985963821411e-03,-1.366508341441265202e+02,-5.442112684249877930e-02
1.183315211286147493e-02,-1.706517262694736249e-03,5.559056686858336854e-04,-7.195674758801587245e+01,-6.920611858367919922e-02
1.203396916389465332e-02,1.448221543493370504e-03,-1.103411564448227630e-03,1.273040652809954025e+02,-8.520426601171493530e-02
1.223642068604628187e-02,1.354593356760840127e-03,8.997431335349879121e-04,5.640723514187291698e+01,-1.345145553350448608e-01
1.250529351333777225e-02,5.654586711898444999e-04,-1.762081325675050273e-03,1.622083646025730275e+02,-2.283819392323493958e-02
1.290605310350656509e-02,1.850773075905939088e-03,-2.955909197529156822e-04,9.907419445445916040e+01,-6.883545219898223877e-02
1.292071149994929689e-02,-5.846730976675945700e-04,1.857783296145498753e-03,-1.746959405272624366e+01,-1.202063858509063721e-01
1.319342696418364901e-02,7.226422894746070561e-04,1.697350739656637185e-03,2.306174288910755266e+01,-9.849704056978225708e-02
1.320889964699745352e-02,-1.683931176861127362e-03,-1.075705629773437977e-03,-1.225706914543563073e+02,-5.429862812161445618e-02
1.330120147516329968e-02,-2.017792469511429758e-03,1.933984458446516238e-05,-8.945085653856460794e+01,-7.919071614742279053e-02
1.419748334834973133e-02,1.367579291885090594e-05,-2.102077550565203175e-03,1.796272477384356705e+02,-1.857211999595165253e-02
1.430662535130977631e-02,-1.268577257481714017e-03,1.754675176925957203e-03,-3.586579493663240470e+01,-1.000495627522468567e-01
1.447373038778702534e-02,-2.058303177667160973e-03,7.449300028383732926e-04,-7.010406948571746000e+01,-7.800658792257308960e-02
1.462753675878047943e-02,-1.272229846411695228e-03,-1.761058539462586172e-03,-1.441547735494214351e+02,-4.153362661600112915e-02
1.463310606777668173e-02,2.007675434773167119e-03,-7.625237146082024502e-04,1.107969912070738872e+02,-1.459211204200983047e-02
1.530920155346393585e-02,1.494197718178232655e-03,1.679515873547643640e-03,4.165820341984561992e+01,-6.508615612983703613e-02
1.545321196317672729e-02,1.053341024089604833e-03,-1.910340584193666921e-03,1.511281357479214762e+02,-2.669485099613666534e-02
1.574968298276265694e-02,-6.839041598141191221e-04,2.290853299200534821e-03,-1.662230364687667006e+01,-8.015227317810058594e-02
1.607924823959668709e-02,2.283051144331693649e-03,4.149754725707074910e-04,7.969818376798401971e+01,-4.686032608151435852e-02
1.609297189861536026e-02,-2.439885012184580312e-03,7.394551842783880953e-05,-8.826406997088422202e+01,-3.984506800770759583e-02
1.633908009777466572e-02,-1.987672973579416962e-03,-1.336997549515217543e-03,-1.239265374381313478e+02,-2.826419845223426819e-02
1.647954372068246437e-02,7.715554287036263583e-04,2.376126552311082826e-03,1.798920556304007690e+01,-6.689821183681488037e-02
1.714330414930979526e-02,9.264459949918093466e-04,-2.311874336252610178e-03,1.581623592865773844e+02,-2.601184509694576263e-02
1.718841182688872135e-02,-1.464238079885641589e-03,2.173609255502621622e-03,-3.396592838469692310e+01,-9.895877540111541748e-02
1.736459570626417911e-02,-2.430493012070655823e-03,9.664466488175096296e-04,-6.831554960096607942e+01,-8.069454133510589600e-02
1.813310384750366211e-02,2.661905406663815036e-03,-1.912573740507145714e-05,9.041166195249056159e+01,-4.107522591948509216e-02
1.823244554301103187e-02,-1.747473084833472967e-03,-2.111711752756188602e-03,-1.403917343355217042e+02,-4.850953444838523865e-02
1.837705386181672645e-02,2.259634668007493019e-03,-1.598158676642924547e-03,1.252704017001717887e+02,-8.124007843434810638e-03
1.843372794489065922e-02,-4.119334626011548258e-04,-2.831793312604228945e-03,-1.717233888534497339e+02,-4.244003072381019592e-02
1.871069893240928650e-02,7.715554287036264667e-04,2.747985728395482049e-03,1.568321582364095690e+01,-4.829256236553192139e-02
1.896623397866884983e-02,-7.803339200715218166e-04,2.804006682708859877e-03,-1.555148412669909419e+01,-7.983533293008804321e-02
1.915799081325531006e-02,-2.902050502598285675e-03,5.894401692785322666e-04,-7.851874507011494586e+01,-4.533701017498970032e-02
1.977973245084285736e-02,-2.671242613966266603e-03,-1.077775164352108963e-03,-1.119727618492494798e+02,-2.473287098109722137e-02
2.010631437102953709e-02,2.804167956734697313e-03,1.285950323411573677e-03,6.536450391970824114e+01,-6.316623836755752563e-02
2.014421485364437103e-02,2.108787225248912826e-03,-2.158344315830618577e-03,1.356653848049121507e+02,1.778866723179817200e-02
2.016328461468219757e-02,-1.935795570413271658e-03,1.993515722764035211e-03,-4.415840638970736620e+01,-6.634934991598129272e-02
2.027149436374505592e-02,4.577646420026819634e-04,-2.987038033703963251e-03,1.712871881349544765e+02,-9.364605881273746490e-03
2.040427861114343239e-02,1.702671404927969196e-03,2.613575158951183738e-03,3.308312291272680028e+01,-7.351151108741760254e-02
2.200648250679175522e-02,-2.296171927203734860e-03,2.019478667837878213e-03,-4.866843580427105564e+01,-6.311268545687198639e-03
2.208196371793746948e-02,-2.973310261343916835e-03,-1.379599678330123425e-03,-1.148910419381517727e+02,-5.044278874993324280e-02
2.219369076192378998e-02,3.104887243049840422e-03,-1.320580117559681192e-03,1.130411678998880234e+02,-2.921844646334648132e-02
2.237132191658020020e-02,-1.915340350630383420e-04,-3.376810345798730850e-03,-1.767536388619087404e+02,-2.413322404026985168e-02
2.239974029362201691e-02,3.397997235879302025e-03,5.446815824446578098e-04,8.089324980082395200e+01,-7.722213864326477051e-02
2.277533647914727760e-02,9.311159762243439216e-04,3.379215408737460628e-03,1.540512140930880136e+01,-6.760357320308685303e-02
2.330341997245947289e-02,-3.564494506766398459e-03,3.135786003743609696e-04,-8.497247228463885449e+01,-1.100884843617677689e-02
2.331400600572426998e-02,-1.140710276861985235e-03,3.247398650273680687e-03,-1.935479101759860043e+01,-2.250680699944496155e-02
2.336220691601435459e-02,-2.097862598020583825e-03,-2.886125197013218908e-03,-1.439873997005229285e+02,-5.436366051435470581e-02
2.405137258271376061e-02,2.797525958158075809e-03,-2.337446009429792419e-03,1.298801202885913710e+02,-1.317060831934213638e-02
2.410172422726949287e-02,1.152127263291428342e-03,-3.564982519795497403e-03,1.620902600819331099e+02,1.906788721680641174e-02
2.465328139563401771e-02,3.299461600060264559e-03,1.809872337616980076e-03,6.125366117505516428e+01,-7.742788642644882202e-02
2.473091334104537964e-02,1.934076892212034139e-03,3.316781328370173917e-03,3.024725672788768449e+01,-5.746405944228172302e-02
2.560454544921715939e-02,-3.919687742988268823e-03,5.022278443599743555e-04,-8.269850054031948616e+01,-1.573042944073677063e-03
2.576630686720212185e-02,-2.147166058421134081e-03,3.291705157607793808e-03,-3.311624876697141673e+01,-1.256528589874505997e-02
2.592771065731843544e-02,-2.504669032835712180e-03,-3.128770583619673758e-03,-1.413217436322666458e+02,-8.107541128993034363e-03
2.638370792071024692e-02,3.459099835405747385e-03,-2.242782191994289413e-03,1.229582308106274269e+02,-2.889472246170043945e-02
2.661365208526452614e-02,6.824428952919938708e-04,-4.156044606740275441e-03,1.706749689622025983e+02,8.332790806889533997e-03
2.675990884502728664e-02,-3.657820944984753637e-03,2.252434419157604666e-03,-5.837582583124263635e+01,1.306605711579322815e-02
2.682393540938695503e-02,3.955350335066517772e-03,1.251752953976392963e-03,7.243894043155609097e+01,-4.435463622212409973e-02
2.695214189589023590e-02,1.002960915987691519e-03,4.103660040224592180e-03,1.373421323428350505e+01,-2.732261084020137787e-02
2.744875351587931431e-02,-1.068024837877601385e-03,-4.210517819349965038e-03,-1.657667532350739634e+02,1.138779707252979279e-02
2.744886589546998226e-02,-1.006455781559148629e-03,4.210400627925992012e-03,-1.344373448583835007e+01,-2.752060629427433014e-02
2.750674635171890259e-02,4.251969279721379280e-03,-7.877343644698463427e-04,1.004958107729823666e+02,-4.468541219830513000e-02
2.755013294517993927e-02,-4.372847887376944513e-03,-6.715359631925823473e-04,-9.873067573487833215e+01,7.590918336063623428e-03
2.762825352450211727e-02,-3.818525467067956924e-03,-2.251745240452388778e-03,-1.205274161070744583e+02,1.136913150548934937e-02
2.795622373620668816e-02,2.262036742952962861e-03,-3.744036580125491114e-03,1.488608634066727348e+02,5.828309338539838791e-03
2.909802397092183662e-02,3.784934757277369499e-03,2.653208211995661259e-03,5.496985951128143455e+01,-1.218735799193382263e-02
2.914859851201375557e-02,2.197930046046773882e-03,3.998206307490667286e-03,2.879887233718143591e+01,-1.511915959417819977e-02
2.957643754780292511e-02,-4.195180100699266376e-03,2.224954194389283657e-03,-6.206032581090995137e+01,-1.858041062951087952e-02
2.988114456335703301e-02,-1.908648914347092166e-03,4.371670307591557503e-03,-2.358583569737625396e+01,-3.032738156616687775e-02
2.989421163996060921e-02,4.598177581404646816e-03,-1.111008420897026568e-03,1.035834266990024730e+02,-1.098732929676771164e-02
3.012049570679664612e-02,-4.782594740390777588e-03,5.437436047941446304e-04,-8.351376925994354394e+01,3.267965046688914299e-03
3.012493314842382836e-02,-1.962214591912925243e-03,-4.257467342540621758e-03,-1.552556022722523608e+02,3.606868907809257507e-02
3.030331184466679775e-02,-3.724406628559033365e-03,-3.106724121607840495e-03,-1.298332684230129814e+02,5.306082591414451599e-02
3.051852807402610779e-02,2.578448232573767648e-03,-4.042907540375987978e-03,1.474714600287576047e+02,-6.858637556433677673e-03
3.101511423786481453e-02,-3.586718346923589706e-03,3.425494612505038724e-03,-4.631710380089426593e+01,-4.701852798461914062e-02
3.133347754677136970e-02,4.121719626709818840e-03,-2.864927208671967478e-03,1.248024129893036616e+02,-7.883586920797824860e-03
3.141076986988385750e-02,1.194969130059084098e-03,4.763598476226131410e-03,1.408230234977872186e+01,-1.969168335199356079e-02
3.147950892647107674e-02,4.598323721438646317e-03,2.060794543164472074e-03,6.585988438148642388e+01,-6.763462442904710770e-03
3.159288565317790176e-02,5.114947600911061258e-03,3.360652287180225777e-04,8.624092263007354120e+01,-5.232659168541431427e-03
3.164659192164739204e-02,-9.021931327879422358e-04,5.030321888625621796e-03,-1.016795025668850094e+01,-3.470190986990928650e-02
3.202224026123683120e-02,-1.080879689349482312e-03,-4.899042192846536636e-03,-1.675581113704169809e+02,3.456194326281547546e-02
3.217226639389991760e-02,1.203870808240026452e-03,-4.981524931887785883e-03,1.664139839824031810e+02,1.127398665994405746e-02
3.222896965841452743e-02,-5.147341483583052664e-03,-1.109624087500077306e-04,-9.123494684911477748e+01,-4.408670589327812195e-03
3.233366521696250107e-02,-4.643475792060296030e-03,-2.181220857892185450e-03,-1.151612665293816775e+02,4.160597920417785645e-02
3.373151769240697456e-02,4.725452667723099680e-03,-2.549556161587437138e-03,1.183484997891080752e+02,-5.100660957396030426e-03
3.375355526804924011e-02,2.484386864428719463e-03,4.685783370708426418e-03,2.793238741316388740e+01,-2.668265253305435181e-02
3.387286886572837830e-02,4.300736744577686281e-03,3.327977533141771808e-03,5.226673374745035261e+01,-1.668623462319374084e-02
3.387767076492309570e-02,-3.750181601693232565e-03,3.900198809181650191e-03,-4.387662430517946888e+01,-4.490055888891220093e-02
3.394655759135882522e-02,5.431255791336297989e-03,-5.610422231256965075e-04,9.589766751084874841e+01,-3.243407467380166054e-03
3.422811875740687515e-02,-2.072112169116735025e-03,5.093777397026618900e-03,-2.213613972461881119e+01,-3.031303174793720245e-02
3.472050155202547478e-02,-2.272529081286241755e-03,-5.088709450016419382e-03,-1.559352924933844520e+02,3.526175022125244141e-02
3.491702924172083999e-02,-4.898478121807178440e-03,-2.689264966951062426e-03,-1.187667903834232703e+02,4.392293840646743774e-02
3.493123377362886833e-02,1.391725711679707260e-03,-5.419519574691851645e-03,1.655977228816214790e+02,3.274435549974441528e-02
3.506866469979286194e-02,-5.638968509932359638e-03,8.244098280556502126e-04,-8.168235844386562405e+01,-1.713748648762702942e-02
3.581213454405467178e-02,4.394798850019773426e-03,-3.705966907242934198e-03,1.301396632016818558e+02,-5.336817819625139236e-03
3.595834970474243164e-02,-4.933485916505257578e-03,2.816881208370129556e-03,-6.027485264974890100e+01,-2.307125553488731384e-02
3.600809847315152717e-02,-4.046404268592596054e-03,-4.193118851010997801e-03,-1.360201122073610236e+02,4.142723977565765381e-02
3.601425265272458626e-02,1.289417734369636449e-03,5.534096155315637589e-03,1.311564660030116514e+01,-2.071166038513183594e-02
3.620191290974617004e-02,5.821465980261564255e-03,3.121969445298112883e-04,8.693024943721562181e+01,3.332647727802395821e-03
3.624160091082255508e-02,5.207570812975367489e-03,2.476487386350830541e-03,6.456633280637052508e+01,-8.579376153647899628e-03
3.625299409031867981e-02,-1.169919036328791488e-03,5.675366769234339685e-03,-1.164778472611027027e+01,-9.331813082098960876e-03
3.632545347015062737e-02,-7.421488213973740375e-04,-5.753472447395324707e-03,-1.726499198262725088e+02,3.453576192259788513e-02
3.635265429814656807e-02,2.847662467199067130e-03,-5.145058501511812210e-03,1.510365581931593795e+02,1.833964325487613678e-02
3.678108751773834229e-02,-5.809771828353404999e-03,-8.299178637874624585e-04,-9.812962356042184808e+01,2.598990499973297119e-02
3.832171484827995300e-02,5.328893040617307605e-03,-3.208812015751997919e-03,1.210543989974979695e+02,-1.185906864702701569e-02
3.849645331501960754e-02,6.049757047245900125e-03,-1.179162102440993280e-03,1.010292772951316635e+02,-5.046856589615345001e-03
3.852055221796035767e-02,3.009957959875465307e-03,5.169951667388280811e-03,3.020806433499390309e+01,-1.107855327427387238e-02
3.862858687837918831e-02,5.111761158332228661e-03,3.470148735990127506e-03,5.582915045921922825e+01,-8.942686952650547028e-03
3.869200622042019699e-02,-1.132378199448188507e-03,-6.101278432955345096e-03,-1.694857187811759331e+02,3.069137036800384521e-02
3.905208036303520203e-02,-4.446431683997313471e-03,-4.516960664962729396e-03,-1.354508259138653727e+02,4.321893304586410522e-02
3.914764150977134705e-02,-5.097506412615379276e-03,3.586271234477560015e-03,-5.487229425594667731e+01,5.869919899851083755e-03
3.929045299688974785e-02,-6.169606310625871601e-03,-1.137804239988327026e-03,-1.004491318695403095e+02,3.881316259503364563e-02
3.940711046258608963e-02,-2.084548507506648121e-03,6.019281689077615738e-03,-1.910157528696747065e+01,-1.022290252149105072e-02
3.943299005428950454e-02,2.656274591572582722e-03,-5.842739716172218323e-03,1.555521133306504851e+02,3.665237873792648315e-02
4.013103619217872620e-02,-3.062785874741773100e-03,-5.760357249528169632e-03,-1.520003908540114423e+02,3.320904821157455444e-02
4.037812228004138138e-02,8.101084580024084901e-04,-6.465006774912277279e-03,1.728576838383512495e+02,4.721269756555557251e-02
4.047037661075592041e-02,-5.658340019484360724e-03,-3.320993157103657722e-03,-1.204095266454183104e+02,5.853788927197456360e-02
4.048764457305272652e-02,4.344739019870758057e-03,-4.763304566343625965e-03,1.376312102821813994e+02,7.568154949694871902e-03
4.068345203995704651e-02,-3.926638436193267793e-03,5.334676088144381552e-03,-3.635527546876463845e+01,-8.515258319675922394e-03
4.123688737551371719e-02,2.739918263008197727e-03,5.870013342549404087e-03,2.502153173649119466e+01,1.298111118376255035e-02
4.128347213069598343e-02,6.613517645746469498e-03,-5.853574742407850967e-04,9.505802584341800809e+01,3.844967111945152283e-03
4.137591769297917915e-02,6.289416924118995667e-03,1.899662922369316654e-03,7.319352153059415400e+01,1.186116039752960205e-02
4.151719932754834724e-02,-9.146294711778550071e-04,6.737761975576480808e-03,-7.730464923784039044e+00,-9.388063102960586548e-03
4.166980708638827469e-02,-6.765728816390037537e-03,3.143032081425191056e-04,-8.734022599626479177e+01,-3.206775523722171783e-03
4.179186125596363877e-02,-6.372582633048295975e-03,2.374419787277778134e-03,-6.956464194174172633e+01,-1.410265360027551651e-02
4.193778584400813247e-02,1.019378037502369303e-03,6.768690732618173542e-03,8.564493009017894565e+00,1.067534275352954865e-02
4.293804615736007690e-02,-2.715611869158844442e-03,-6.405676094194253864e-03,-1.570260487201388742e+02,4.000078886747360229e-02
4.310052345196406509e-02,4.996432612339655847e-03,-4.702127383400997104e-03,1.332618786157417787e+02,1.985228620469570160e-02
4.312442615628242493e-02,-2.222218317911031030e-04,-6.861998233944177628e-03,-1.781451576619657260e+02,3.323387354612350464e-02
4.343229532241821289e-02,-6.100275553762912750e-03,-3.541258396580815315e-03,-1.201355053869092018e+02,5.273534730076789856e-02
4.372161254286766052e-02,6.544347231586774769e-03,-2.553830204609160333e-03,1.113174457775309776e+02,9.316885843873023987e-03
4.382147764166196419e-02,4.901180664698283167e-03,5.110650168110927524e-03,4.380142124469838905e+01,2.288714796304702759e-02
4.385247329870860244e-02,6.348876127352317753e-03,2.840102679328993397e-03,6.589914918849250114e+01,1.963133178651332855e-02
4.431288316845893860e-02,-4.619645653292536736e-03,5.542699402819077463e-03,-3.981002111056527326e+01,2.120984718203544617e-04
4.437539478143056465e-02,-6.971039654066165867e-03,-1.349378377199173190e-03,-1.009552105520328098e+02,6.036459002643823624e-03
4.482100903987884521e-02,-4.541193212692936840e-03,-5.382544749105970354e-03,-1.398460456681542610e+02,4.420812800526618958e-02
4.489310582478841377e-02,-9.146294711778548987e-04,7.300413058449825229e-03,-7.141072389539892207e+00,-8.769583888351917267e-03
4.490009571115176346e-02,-6.150011438876390457e-03,3.802985651418567137e-03,-5.826857604114520228e+01,-1.237688492983579636e-02
4.531369234124819900e-02,1.019378037502369954e-03,7.331341815491517963e-03,7.915873459509341181e+00,1.129382196813821793e-02
4.558703303337097862e-02,1.173867533604304285e-03,-7.153929832080999432e-03,1.706815419197342294e+02,4.577598348259925842e-02
4.559020698070526817e-02,3.882654088859756498e-03,-6.236196961253881454e-03,1.480936211360038897e+02,4.930746555328369141e-02
4.641244808832804825e-02,-2.777555724605917063e-03,6.789956086625656070e-03,-2.224791345841932610e+01,-8.770668064244091511e-04
4.663353785872459412e-02,7.323272060602904233e-03,1.872943122483169184e-03,7.565398756381881640e+01,3.285606205463409424e-02
4.668846105535825325e-02,4.493274415532748194e-03,6.038472211609285240e-03,3.665322389363875288e+01,1.488732267171144485e-02
4.680502787232398987e-02,7.183867972344160080e-03,-2.304204477695748210e-03,1.077834902653442981e+02,2.741366811096668243e-02
4.728865747650463913e-02,-7.497984605530897198e-03,-2.451963955536483634e-04,-9.187299850286886738e+01,6.408928427845239639e-03
4.747977728645007278e-02,2.332012013842663187e-03,7.360486468921106223e-03,1.757968657794702594e+01,5.599764641374349594e-03
4.749975105126699043e-02,-4.387729878847798290e-03,-6.049672529722253771e-03,-1.440472288150711506e+02,4.251926764845848083e-02
4.769130423665046692e-02,-7.070102573682864218e-03,2.847051053928832502e-03,-6.806590657650593812e+01,-1.108537777327001095e-03
4.798371468981107307e-02,7.846171346803506794e-03,-2.276498998980968106e-04,9.166192142409821031e+01,3.001771681010723114e-02
4.822519297401110100e-02,2.024150405001520119e-04,-7.779167344172796192e-03,1.785094919905689608e+02,5.231983959674835205e-02
4.836795354882876541e-02,4.980297371124228420e-03,-6.039074622094631195e-03,1.404883176343449804e+02,4.903005808591842651e-02
4.879862690965335037e-02,-2.149215205766571209e-03,-7.650739513337613019e-03,-1.643090972686732698e+02,5.277770012617111206e-02
4.896168534954389168e-02,6.733596635361513080e-03,-4.255379317328334722e-03,1.222913435541810401e+02,3.767165914177894592e-02
4.915264124671618606e-02,7.257158247133096637e-03,3.505699336528778510e-03,6.421630848335374253e+01,3.414146974682807922e-02
4.923856010039647652e-02,5.874856064716975183e-03,5.400680936872959137e-03,4.740806579271194465e+01,1.291691046208143234e-02
4.934284215172131394e-02,-3.000921104103325930e-03,7.225791923701764020e-03,-2.255344806248143996e+01,1.763160526752471924e-02
4.957053562005360459e-02,-6.209603510797024641e-03,-5.054901742065946550e-03,-1.291471680940526880e+02,5.248562991619110107e-02
4.972361649076144363e-02,-7.551016751676797867e-03,-2.180218269738058538e-03,-1.061051079268636812e+02,4.657767340540885925e-02
5.066576227545738220e-02,1.312633976340295185e-03,8.112424208472173576e-03,9.191107741097198414e+00,-1.225981279276311398e-03
5.083275834719339775e-02,-6.917256861925125122e-03,4.332773736678063869e-03,-5.793813679788102888e+01,2.496318705379962921e-02
5.122503265738487244e-02,1.990287637454457581e-03,-8.160608975837629203e-03,1.662937334579539481e+02,7.327734678983688354e-02
5.128721644481023384e-02,-5.293070649107297840e-03,6.492647652824720325e-03,-3.918832007482807001e+01,1.695877127349376678e-02
5.136461928486824036e-02,4.059383412823081017e-03,-7.338249124586582184e-03,1.510494444990603142e+02,6.645607948303222656e-02
5.137698973218600418e-02,-1.137994850675263549e-03,8.328497409820556641e-03,-7.780636319024844205e+00,1.475831866264343262e-02
5.144443487127621506e-02,-1.937661286016615584e-03,-8.146667076895635490e-03,-1.666209565558090446e+02,5.672175437211990356e-02
5.149836217363675667e-02,8.400057442486286163e-03,2.430644429599246835e-04,8.834254921494552093e+01,2.283019572496414185e-02
5.205777163306872513e-02,5.406068948407968464e-03,6.543382536619902524e-03,3.956313396191080756e+01,-4.619953688234090805e-03
5.212589477499325608e-02,8.116855441282192288e-03,2.579656002732614532e-03,7.236897822616617759e+01,2.031840197741985321e-02
5.224738642573356628e-02,7.439197196314732523e-03,-4.164333998536070766e-03,1.192393480261504806e+02,3.345411270856857300e-02
5.245128770669300888e-02,-5.580247379839420319e-03,-6.431112842013439121e-03,-1.390519723179795619e+02,5.973898991942405701e-02
5.247473468383153511e-02,-8.273665327578783035e-03,-1.418744136268894384e-03,-9.973027962935167068e+01,4.126488789916038513e-02
5.269365757703781128e-02,3.005109261721373472e-03,7.933111550907295112e-03,2.074698199228373596e+01,-9.475287981331348419e-03
5.302631109952926636e-02,-3.546819828140239210e-03,-7.921811193227767944e-03,-1.558805821956624129e+02,5.371668189764022827e-02
5.307280644774436951e-02,5.948253625926249767e-04,-8.598893570403259162e-03,1.760428888397554488e+02,6.287162005901336670e-02
5.360537643233935501e-02,8.443354628980159760e-03,-1.742444816045463302e-03,1.016603684784807626e+02,1.600859686732292175e-02
5.385546013712882996e-02,5.866754334419965744e-03,-6.271827965974808607e-03,1.369112940389689754e+02,5.142023041844367981e-02
5.403603116671244766e-02,-8.080347285916408481e-03,3.445468881788353414e-03,-6.690654739623006719e+01,2.661423943936824799e-02
5.422464385628700256e-02,-2.426805207505821314e-03,8.528717172642549457e-03,-1.588344646249911030e+01,1.733868941664695740e-02
5.422825987140337395e-02,-8.801654602090518836e-03,1.048847644900281935e-03,-8.320440386003080846e+01,3.144712373614311218e-02
5.434673900405566360e-02,-4.718954752509792357e-03,7.491859607398510847e-03,-3.220590815582139754e+01,1.758377067744731903e-02
5.470386644204458526e-02,6.746357617278894367e-03,5.907932762056589127e-03,4.879065872380392221e+01,8.914026431739330292e-03
5.484368155399958755e-02,-8.219660725444555283e-03,-3.608551613676051588e-03,-1.137021788587792486e+02,3.838492557406425476e-02
5.485790843764941360e-02,8.074841927736997604e-03,3.839187828513483496e-03,6.457122436052229375e+01,1.262782420963048935e-02
5.497331544756890037e-02,-6.867656018584966660e-03,-5.746236847092708530e-03,-1.299195617871235413e+02,5.095107108354568481e-02
5.569324766596159271e-02,3.164833256353935184e-03,8.413694643725952091e-03,2.061392141373615061e+01,5.970773287117481232e-03
5.570758506655693054e-02,1.270147816588480544e-04,-8.996527021129926624e-03,1.791911403761024815e+02,5.083260685205459595e-02
5.580688764651615952e-02,-2.646156198655565291e-03,-8.733876515179872513e-03,-1.631444435569514155e+02,4.314346984028816223e-02
5.656199281414350105e-02,5.846281070262193680e-03,-6.890962831676006317e-03,1.396887835395820048e+02,6.687629967927932739e-02
5.681895837187767029e-02,-1.288810356830555597e-03,9.195437033971151294e-03,-7.978466259293428564e+00,7.930754683911800385e-03
5.686968440810839798e-02,9.054944229622682514e-03,-1.460909571809073000e-03,9.916502785399363518e+01,2.911089546978473663e-02
5.695193757613499497e-02,5.817755901565154972e-03,7.215141008297603492e-03,3.888013579971391920e+01,8.791465312242507935e-03
5.740576858321826126e-02,1.472357970972857331e-03,9.216409797469776038e-03,9.076531270029249754e+00,9.165242314338684082e-03
5.740918591618538597e-02,-9.362083859741687775e-03,2.778538425142564917e-04,-8.830003864273155045e+01,2.667330205440521240e-02
5.747837200760841370e-02,-9.044243643681207714e-03,-2.428847869547704711e-03,-1.050322089129658707e+02,3.254443034529685974e-02
5.756030976772308350e-02,-6.030857795849442482e-03,7.226337833950917215e-03,-3.984723614645545808e+01,1.546319480985403061e-02
5.770406002799669670e-02,-7.768064116438229590e-03,5.339821024487416239e-03,-5.549509859989417748e+01,1.648924686014652252e-02
5.772423620025317337e-02,-6.180176045745611191e-03,-7.105251153310140552e-03,-1.389831227326237979e+02,6.594854593276977539e-02
5.798278500636418892e-02,-3.992103777515391798e-03,-8.602192470182975712e-03,-1.551049376862778786e+02,6.416326016187667847e-02
5.802787343660990860e-02,8.975993531445663337e-03,3.108304731237391920e-03,7.089949676776313936e+01,3.474019933491945267e-03
5.835647881031036377e-02,1.427890228418012605e-03,-9.370891377329826355e-03,1.713361939613871812e+02,6.072696670889854431e-02
5.856781949599583481e-02,3.944323320562640248e-03,-8.770032941053312187e-03,1.557841621379570540e+02,8.140078186988830566e-02
5.877007295687994293e-02,9.618822174767654304e-03,8.620730368420482766e-04,8.487863157523720758e+01,2.112275362014770508e-02
5.906177187959353592e-02,7.728039752691985044e-03,-5.799583004166683139e-03,1.268867536953847264e+02,5.130608007311820984e-02
5.935446048776309158e-02,9.027462142209213142e-03,-3.651573400323589354e-03,1.120231410211723642e+02,4.249151796102523804e-02
5.963957930604617264e-02,-2.476622816175221529e-03,9.455469436943531036e-03,-1.467747249459140590e+01,1.307707186788320541e-02
5.996784443656603958e-02,-8.971001332004865589e-03,-3.813104626412193270e-03,-1.130278130377107431e+02,3.422175720334053040e-02
6.008407473564147949e-02,-7.458938440928857688e-03,-6.351822676757971735e-03,-1.304167837019791989e+02,5.505973473191261292e-02
6.011386960744858482e-02,6.695400302608808460e-03,7.160245440900325775e-03,4.307849599217075820e+01,1.192572154104709625e-02
6.025883555412292480e-02,-4.926520710190137806e-03,8.523227802167337303e-03,-3.002839116687911769e+01,2.036442980170249939e-02
6.035389751195908287e-02,-9.718006787200769367e-03,1.791735257332523808e-03,-7.955353738628144811e+01,2.649767138063907623e-02
6.047438457608222961e-02,2.631790237501264486e-03,9.530496162672838154e-03,1.543717640402580216e+01,3.185444977134466171e-03
6.084100032846133377e-02,-8.845294360071420670e-03,4.457081202417612076e-03,-6.325678851961480831e+01,2.114650234580039978e-02
6.103576347231865623e-02,8.525153622031211853e-03,5.122154097383220701e-03,5.900135789816481946e+01,2.894477220252156258e-03
6.131270031134287285e-02,-3.025551986259719314e-03,-9.578883958359559955e-03,-1.624709438232071079e+02,5.646940693259239197e-02
6.178569669524829056e-02,-3.787289606407286905e-04,-1.008493235955635822e-02,-1.778493282933129649e+02,4.534398391842842102e-02
6.192379569013913704e-02,5.201909923925995827e-03,8.672885441531736489e-03,3.095490839969000874e+01,3.125231480225920677e-03
6.204829737544059753e-02,4.946524044498801231e-03,-8.881013685216506900e-03,1.508831807446145206e+02,7.749424129724502563e-02
6.225321441888809204e-02,7.103725957373778314e-03,-7.300783569614091931e-03,1.357837729717509205e+02,6.904311478137969971e-02
6.235793357094129852e-02,1.022631302475929260e-02,1.560764697690830097e-05,8.991255385949975221e+01,4.001614078879356384e-02
6.238170464833577705e-02,-6.878016206125418634e-03,-7.530622029056152286e-03,-1.375933069783102667e+02,7.690976560115814209e-02
6.246918315688769485e-02,-9.847435168921947479e-03,-2.587588387541473346e-03,-1.047226549849034427e+02,3.415289521217346191e-02
6.255137672026953033e-02,-1.187812459344663330e-03,1.021515826384226597e-02,-6.632533203522754661e+00,3.102739807218313217e-03
6.266828874746958877e-02,9.917679242789745331e-03,-2.606214955449104309e-03,1.047235665862697118e+02,5.407764017581939697e-02
6.279937177896499634e-02,1.159432266528409323e-03,1.026921222607294834e-02,6.441628084230687890e+00,-8.023374713957309723e-03
6.292442232370376587e-02,-1.027660040805737293e-02,3.105497841412820960e-04,-8.826909892362944277e+01,3.229993581771850586e-02
6.335178141792616180e-02,-4.632702019686500521e-03,-9.260741993784904480e-03,-1.534234124410167226e+02,8.010473102331161499e-02
6.386135891079902649e-02,-5.274967833732564955e-03,9.023341815918684006e-03,-3.031018813306252113e+01,1.029477640986442566e-02
6.452538569768270782e-02,9.498507405320804481e-03,4.410355274255077333e-03,6.509357388224380259e+01,1.343133579939603806e-02
6.463647012909254363e-02,-8.804376392314832572e-03,5.838440886388223533e-03,-5.645047171250164553e+01,2.122456207871437073e-02
6.509820744395256042e-02,-8.306744663665693168e-03,-6.707014205555121393e-03,-1.289180267078965016e+02,4.912547767162322998e-02
6.510535627603530884e-02,1.055683816472689426e-02,1.550040518244107709e-03,8.164705380183761463e+01,3.290426358580589294e-02
6.511166940132775971e-02,1.068615121766925075e-03,-1.056628394871950150e-02,1.742250595175656258e+02,3.391289338469505310e-02
6.516292939583460953e-02,3.877435034761826486e-03,-9.963223710656166077e-03,1.587352691583922706e+02,4.538933932781219482e-02
6.522063165903091431e-02,5.280182153607409362e-03,9.243873724093040409e-03,2.973538862319307086e+01,-1.665237476117908955e-03
6.526113798220953277e-02,-2.825069939717649546e-03,1.029208954423666000e-02,-1.534905171058583839e+01,6.682947278022766113e-04
6.530191625157992508e-02,-9.764100735386213245e-03,-4.302698614386221351e-03,-1.137814140450127098e+02,2.720658853650093079e-02
6.543072188893953034e-02,8.384627445290487174e-03,-6.639055286844572010e-03,1.283726318267168551e+02,4.890103638172149658e-02
6.555310760935147141e-02,9.899158341189226093e-03,-4.092496276522676439e-03,1.124611118998730888e+02,4.275012016296386719e-02
6.579025586446127227e-02,2.710062467182677154e-03,1.043799053877592087e-02,1.455459892432348745e+01,-3.944147843867540359e-03
6.600533301631610061e-02,-7.072254084050655365e-03,8.154658755908410911e-03,-4.093397056547858881e+01,9.750857949256896973e-03
6.626354902982711792e-02,-1.077173401912053484e-02,1.348476895752052538e-03,-8.286445626184837465e+01,3.442435711622238159e-02
6.654143085082372955e-02,-4.825978617494304686e-03,-9.766461327672004700e-03,-1.537042775932320069e+02,6.090157479047775269e-02
6.748849401871363785e-02,-1.017222243050734318e-02,4.211022052913904190e-03,-6.751178197375084267e+01,2.870015241205692291e-02
6.759256372849146988e-02,9.201239484051864509e-03,6.065590617557367267e-03,5.660654941102380633e+01,9.259153157472610474e-03
6.765058139959971573e-02,-7.370354142040014267e-03,-8.211614408840736332e-03,-1.380903612584023676e+02,5.250661075115203857e-02
6.775327275196711685e-02,7.125593256205321226e-03,8.464410590628782330e-03,4.009167262256918463e+01,-4.156093578785657883e-03
6.829321136077246002e-02,-1.069854417194922823e-02,-3.290536774632831559e-03,-1.070962563774492793e+02,1.123693771660327911e-02
6.846722215414047241e-02,5.398012154425184221e-03,-9.845372910300890026e-03,1.512649622711813890e+02,5.053714662790298462e-02
6.850293527046839859e-02,-1.637257480372983614e-03,1.104245986789464951e-02,-8.433759716144239249e+00,-8.261663024313747883e-04
6.853009760379791260e-02,7.748002652078866959e-03,-8.101434602091710929e-03,1.362774462097800097e+02,6.249997019767761230e-02
6.862161308526992798e-02,1.122170562545458591e-02,1.533201818043990932e-04,8.921722659006687195e+01,4.224732518196105957e-02
6.873571624358496002e-02,-2.575004861379663872e-04,-1.124387917419274879e-02,-1.786880762098956836e+02,4.119634255766868591e-02
6.875900924205780029e-02,1.087265958388646502e-02,-2.867394010536372662e-03,1.047739560520414557e+02,3.803168237209320068e-02
6.878405809402465820e-02,1.550630200654270216e-03,1.113430690020322800e-02,7.928358647140731463e+00,5.687505472451448441e-03
6.879960497220358184e-02,-1.127701221654812611e-02,-5.374994361773135446e-04,-9.272883981338367221e+01,2.030766569077968597e-02
6.926905363798141479e-02,-3.188564403293034019e-03,-1.089120997736851490e-02,-1.636818195882872260e+02,5.415368452668190002e-02
7.035171985626220703e-02,-6.614822739114364566e-03,9.403565898537635803e-03,-3.512399844639093516e+01,1.067056879401206970e-02
7.106147458155950836e-02,-8.704788361986478748e-03,-7.619722591092189731e-03,-1.311972291373890016e+02,3.202375024557113647e-02
7.120286921660105850e-02,-1.047666495045026201e-02,5.079104099422693253e-03,-6.413581750598270048e+01,2.942697145044803619e-02
7.120943317810694839e-02,1.061769543836514271e-02,4.789036388198534069e-03,6.572258169193237620e+01,2.350635454058647156e-02
7.135237753391265869e-02,6.294043113787969532e-03,9.782136883586645126e-03,3.275812478893066526e+01,1.212178729474544525e-03
7.144954303900401260e-02,-3.629724029451607790e-03,1.102261928220590013e-02,-1.822659920142145751e+01,9.720027446746826172e-03
7.150039573510488800e-02,-1.057562232017517090e-02,-5.102960548053185434e-03,-1.157582882321164419e+02,1.267297007143497467e-02
7.165851195653280548e-02,1.157983082036177433e-02,1.737080708456536279e-03,8.146872104173181128e+01,3.702159970998764038e-02
7.178258895874023438e-02,4.455217315504948587e-03,-1.090954182048638546e-02,1.577859738612986575e+02,4.401073232293128967e-02
7.181353867053985596e-02,3.289199744661650514e-03,1.125791637847821033e-02,1.628665858562471414e+01,1.333468779921531677e-02
7.182670384645462036e-02,9.189886661867301826e-03,-7.347211086501678409e-03,1.286419428678460974e+02,5.876864492893218994e-02
7.193322976430258087e-02,1.080001269777615923e-02,-4.659729505268236580e-03,1.133380689414937876e+02,4.045127332210540771e-02
7.210234304269155792e-02,1.608524587936699607e-03,-1.170498784631490707e-02,1.721753012829180705e+02,4.614637419581413269e-02
7.269723216692607071e-02,-8.651387567321458874e-03,7.955430075526237488e-03,-4.739974378896002349e+01,2.287109382450580597e-02
7.283671200275421143e-02,-1.198138855397701263e-02,-1.594240893609832638e-05,-9.007623759167152855e+01,9.410134516656398773e-03
7.311274359623591568e-02,-4.452890289636949987e-03,-1.112217425058285511e-02,-1.581807375415862680e+02,7.282549142837524414e-02
7.379601399103800918e-02,-7.424738723784685135e-03,-9.405533783137798309e-03,-1.417123988353203572e+02,5.909052491188049316e-02
7.401503125826518203e-02,-1.178055287649234194e-02,2.738115969502056928e-03,-7.691524733511369050e+01,2.425364404916763306e-02
7.439412921667098999e-02,-1.162533306827147860e-02,-3.059590730117634372e-03,-1.047449113051293637e+02,1.054674480110406876e-02
7.445497314135234024e-02,8.062134341647228183e-03,9.079203785707553806e-03,4.160437564339962080e+01,3.522597486153244972e-03
7.447273780902227691e-02,1.031014043837785721e-02,6.484923263390859546e-03,5.783072463298077537e+01,1.240152679383754730e-02
7.489668577909469604e-02,8.601390135784944477e-03,-8.789272358020147266e-03,1.356189781208138641e+02,6.316769123077392578e-02
7.491544634103775024e-02,6.216711287076274843e-03,-1.060766478379567349e-02,1.496272056775908368e+02,6.037260219454765320e-02
7.512110223372778228e-02,-1.992466549078622442e-03,1.200924161821603775e-02,-9.420196582174302335e+00,1.548481732606887817e-02
7.520397504170736602e-02,1.738569544007382900e-03,1.215269168217977119e-02,8.141517712481221025e+00,1.258580572903156281e-02
7.552854716777801514e-02,1.233072796215613914e-02,-2.430041786283297991e-05,9.011291381869455108e+01,1.683734729886054993e-02
7.566586881875991821e-02,1.189995588113864321e-02,-3.400396439246833324e-03,1.059472167093294388e+02,2.448266372084617615e-02
7.609372834364573623e-02,3.735901555046443508e-04,-1.247455862661202633e-02,1.782846091882416601e+02,6.439886987209320068e-02
7.654443383216857910e-02,-8.717468008399009705e-03,8.826332477231821003e-03,-4.464446731193835660e+01,2.054735086858272552e-02
7.657079150279363922e-02,-2.756760804913938046e-03,-1.224441422770420652e-02,-1.673117440863612160e+02,7.812064886093139648e-02
7.715573161840438843e-02,-8.522435246656339530e-03,-9.261411304275195960e-03,-1.373794551515063063e+02,5.306235328316688538e-02
7.744973649581274322e-02,-1.185205982377131838e-02,-4.020067581829304786e-03,-1.087362811089307826e+02,3.925263881683349609e-02
7.805695633093516494e-02,6.978149681041638346e-03,1.065072106818358219e-02,3.323205376803419142e+01,1.410583965480327606e-02
7.818132390578588775e-02,1.168881915509700775e-02,5.156894912943243980e-03,6.619379826026914770e+01,2.475504018366336823e-02
7.819226384162902832e-02,-3.627835462490717425e-03,1.221454640229542934e-02,-1.654191600539659390e+01,9.064760990440845490e-03
7.830583552519480850e-02,5.724440095946192741e-03,-1.154499563078085697e-02,1.536260679361618315e+02,5.625288560986518860e-02
7.830889771382014419e-02,-1.215486414730548859e-02,3.895703518840794907e-03,-7.222904796316170462e+01,1.399983838200569153e-02
7.834479709466299346e-02,3.659428252528112296e-03,1.224842946976423264e-02,1.663441710283217745e+01,1.104653812944889069e-02
7.838886727889379791e-02,-1.066459373881419731e-02,-7.248642078290383310e-03,-1.242036443233471630e+02,4.393182322382926941e-02
7.870460301637649536e-02,-6.679014613231023731e-03,1.109355532874663555e-02,-3.105057268191642095e+01,1.214999519288539886e-02
7.878805448611576889e-02,1.274727129687865806e-02,1.699626911431550546e-03,8.240539753233419162e+01,1.567561365664005280e-02
7.890826215346655181e-02,1.000676707675059694e-02,-8.314257798095543023e-03,1.297219558332560041e+02,5.124246701598167419e-02
7.916436344385147095e-02,2.728011691942811446e-03,-1.261644344776868820e-02,1.677989584678774406e+02,5.814351141452789307e-02
7.934393733739852905e-02,-1.091705666234095949e-02,7.107594050467015180e-03,-5.693369726868775871e+01,1.684942282736301422e-02
7.957091927528381348e-02,1.169520678619543827e-02,-5.612863460555672646e-03,1.156376778403334242e+02,3.087480925023555756e-02
8.026048044363656708e-02,-7.218522795786459952e-03,-1.111061125993728638e-02,-1.469883674756411551e+02,6.553926318883895874e-02
8.035881072282791138e-02,-4.424696788191795349e-03,-1.237697371592124361e-02,-1.603283227338141614e+02,7.686258852481842041e-02
8.112072199583053589e-02,8.315545041114091873e-03,-1.026583090424537659e-02,1.409917792657668087e+02,5.278933048248291016e-02
8.131072918574015762e-02,-1.315352972596883774e-02,-2.275835324932510943e-03,-9.981618312345042909e+01,3.316043317317962646e-02
8.154702683289846710e-02,8.770416180292766456e-03,1.003404210011164463e-02,4.115560585652225711e+01,1.866214349865913391e-02
8.165362974007925323e-02,1.123307955761750597e-02,7.134496467188001546e-03,5.757903349827638095e+01,2.043241634964942932e-02
8.196265498797099258e-02,-1.635368913412092381e-03,1.335388701409101486e-02,-6.981898932569800209e+00,-4.081003367900848389e-03
8.203231543302536011e-02,1.920858708520733083e-03,1.324432001759608644e-02,8.252218892904537029e+00,7.997846114449203014e-04
8.214331418275833130e-02,-1.324420018742481983e-02,1.407831528922542930e-03,-8.393236005031870661e+01,1.404111087322235107e-02
8.227284749348959259e-02,-1.098864587644736088e-02,-7.906160783022642136e-03,-1.257344318318114915e+02,3.236582130193710327e-02
8.267134924729666046e-02,2.304981773098309979e-03,-1.330916335185368914e-02,1.701745437831804111e+02,7.053206115961074829e-02
8.314813176790873672e-02,-7.368881255388259888e-03,1.154197597255309481e-02,-3.255586708325481027e+01,1.173173449933528900e-02
8.320943514506022598e-02,1.362641590336958683e-02,-4.770311837395285227e-06,9.002005800542245595e+01,1.141847204416990280e-02
8.347373207410177520e-02,-9.045037130514781837e-03,-1.027292975534995455e-02,-1.386369535562415081e+02,3.711382672190666199e-02
8.369783560434977676e-02,-9.925567544996738434e-03,9.243884744743507270e-03,-4.703663075780472980e+01,1.487215235829353333e-02
8.385497828324636749e-02,1.300512347370386124e-02,-3.941164662440618457e-03,1.068592790416678326e+02,1.897235028445720673e-02
8.424207319815954498e-02,-3.238823497667908669e-03,-1.343983132392168219e-02,-1.664508122712828424e+02,6.383015960454940796e-02
8.436478674411773682e-02,-1.265028367439905918e-02,-5.267334830326339187e-03,-1.126059059322625586e+02,3.392799198627471924e-02
8.447496592998504639e-02,8.128313192476827737e-03,-1.107362875094016451e-02,1.437204241266997826e+02,6.564147770404815674e-02
8.483797560135523941e-02,-3.329527098685506259e-04,-1.400869588057200056e-02,-1.786384746810498996e+02,6.687945872545242310e-02
8.494784186283747818e-02,1.250079460442066193e-02,6.015244793767730684e-03,6.430365217652587262e+01,2.141507342457771301e-02
8.499050637086233428e-02,-4.317702104647953149e-03,1.305541954934597015e-02,-1.830013806379053420e+01,3.774618671741336584e-04
8.516706526279449463e-02,5.114178328464428873e-03,-1.304551338156064409e-02,1.585935373088209417e+02,8.149358630180358887e-02
8.538099129994711212e-02,7.478779337058465843e-03,1.179034014542897600e-02,3.238753348647188091e+01,2.022270672023296356e-02
8.557843913634619049e-02,3.947943293799958085e-03,1.340290966133276737e-02,1.641279466235010531e+01,5.419647786766290665e-03
8.589691668748855591e-02,1.383567880839109421e-02,2.333246016254027829e-03,8.042771672974892283e+01,2.148055657744407654e-02
8.649866779645284942e-02,-1.350683905184268951e-02,3.470077916669349598e-03,-7.559159899171039854e+01,3.037829510867595673e-02
8.701814959446589615e-02,-1.142601389437913895e-02,8.094240600864093665e-03,-5.468606828570644041e+01,2.835975214838981628e-02
8.739172170559565689e-02,1.036322427292664730e-02,-9.847651546200117054e-03,1.335387206196815839e+02,6.413269788026809692e-02
8.748758584260940552e-02,1.272744250794251644e-02,-6.185598749046525811e-03,1.159199765552924077e+02,4.353251308202743530e-02
8.753037204345068267e-02,-8.599172967175643806e-03,-1.146737237771352190e-02,-1.431344397021398436e+02,4.954917728900909424e-02
8.820038288831710815e-02,-5.586785341923435240e-03,-1.336791149030129230e-02,-1.573187271812191455e+02,6.494218111038208008e-02
8.840338885784149170e-02,1.195194323857625210e-02,8.209138487776121082e-03,5.551694885487756892e+01,1.269161049276590347e-02
8.840379863977432251e-02,-1.297378198554118359e-02,-6.112388529193899488e-03,-1.152267143252529280e+02,2.354214154183864594e-02
8.874798317750295928e-02,4.335900302976369858e-03,-1.392607546101013935e-02,1.627059603679965392e+02,8.293613046407699585e-02
8.893887450297674468e-02,1.061045331880450032e-03,-1.458682709683974468e-02,1.758396341655468973e+02,7.213266193866729736e-02
8.894314120213191177e-02,9.392591348538797263e-03,1.108468820651372332e-02,4.027621609285152005e+01,1.326951477676630020e-02
8.898968001206716827e-02,-2.682333191235858165e-03,1.402850386997064186e-02,-1.082463984773670518e+01,4.689665511250495911e-03
8.950795233249664307e-02,2.027084585279228905e-03,1.448556097845236576e-02,7.966142425190016141e+00,4.851063713431358337e-03
9.019327660401663116e-02,1.462125654021899021e-02,2.111435246964296283e-03,8.178280229353882191e+01,2.266597561538219452e-02
9.036849935849508575e-02,-1.086628002425034899e-02,-9.945657104253768921e-03,-1.324671534495673484e+02,3.441531956195831299e-02
9.043835351864497329e-02,-1.456753754367430889e-02,1.222031074576079412e-03,-8.520483994218837154e+01,3.785224258899688721e-02
9.082936992247900299e-02,9.411416326959928455e-03,-1.151601970195770264e-02,1.407427398944228401e+02,7.680424302816390991e-02
9.119595338900884918e-02,-1.444079509625832355e-02,-3.501680796034634113e-03,-1.036302999639395352e+02,3.119167499244213104e-02
9.135817239681880142e-02,-1.117907557636499405e-02,9.767972864210605621e-03,-4.885392054558290198e+01,2.812339738011360168e-02
9.149353206157684326e-02,6.398227221022049875e-03,-1.362255898614724361e-02,1.548415507582585064e+02,7.975556701421737671e-02
9.150237838427226211e-02,1.401298555235067946e-02,-5.133442192648848476e-03,1.101195330590255992e+02,3.920008242130279541e-02
9.155286848545074463e-02,1.359020701299110991e-02,6.030796794220805168e-03,6.607024353716646203e+01,1.203245110809803009e-02
9.236308187246322632e-02,-4.721051237235466061e-03,1.418550622959931923e-02,-1.840785976476331243e+01,1.415183488279581070e-02
9.237844993670782379e-02,-4.149412658686439485e-03,-1.454427093267440796e-02,-1.640767989924937638e+02,5.463206395506858826e-02
9.252103914817175201e-02,-4.074527726819119310e-04,-1.519432198256254196e-02,-1.784639175898978465e+02,5.877324193716049194e-02
9.285762657721838287e-02,1.508259276549021345e-02,-1.232490409165621454e-03,9.467160690491650143e+01,2.653490379452705383e-02
9.286537269751231338e-02,7.952417402217786674e-03,1.289603952318429947e-02,3.166029947872512196e+01,2.175759756937623024e-03
9.323273599147796631e-02,4.117746682216724338e-03,1.468434277921915228e-02,1.566442594400838395e+01,8.560366928577423096e-03
9.325363487005233765e-02,-8.666168122241895561e-03,1.258806294451157368e-02,-3.454520888272643475e+01,1.274369470775127411e-02
9.386015186707177826e-02,-1.077825296670198441e-02,-1.090567031254371065e-02,-1.353366730289383213e+02,5.123681947588920593e-02
9.389607111612954804e-02,1.093777610609928883e-02,-1.090862912436326403e-02,1.349235573070021985e+02,4.052620381116867065e-02
9.447321544090905854e-02,1.317512709647417068e-02,-8.188104412208001975e-03,1.218602074751366331e+02,2.352222986519336700e-02
9.466872115929921006e-02,-1.498280434558789051e-02,3.619775719319780812e-03,-7.641787003289944380e+01,4.205922037363052368e-02
9.506905823945999146e-02,-1.367516753574212450e-02,7.541554824759562521e-03,-6.112422845914421288e+01,3.434891998767852783e-02
9.533115476369857788e-02,1.335541500399510008e-02,7.746539156263073864e-03,5.988498775847948252e+01,7.515618111938238144e-03
9.597909698883692886e-02,5.968297210832436590e-03,-1.466507526735464848e-02,1.578549787523545831e+02,7.319711148738861084e-02
9.610390663146972656e-02,1.027697728325923168e-02,1.173623216648896593e-02,4.120741361765602306e+01,-2.918977057561278343e-03
9.630205730597177216e-02,-1.473359080652396000e-02,-5.466926454876860561e-03,-1.103574662365628427e+02,3.892467170953750610e-02
9.677748630444209244e-02,-2.038718045999603559e-03,1.572435007741054130e-02,-7.387391883119757807e+00,5.759291350841522217e-03
9.680521984895071319e-02,-6.459398660808802518e-03,-1.442740764468908310e-02,-1.558811162641296448e+02,4.175456985831260681e-02
9.681571274995803833e-02,2.437472188224395261e-03,-1.557608662794033802e-02,1.711060243792628341e+02,6.301825493574142456e-02
9.689803669850030610e-02,-9.436708875000476837e-03,-1.301938015967607498e-02,-1.440646436747536256e+02,4.484328255057334900e-02
9.697428345680236816e-02,1.577101772030194832e-02,-1.244854802886645505e-03,9.451317413780893162e+01,3.183743730187416077e-02
9.700155506531396576e-02,-1.317855063825845718e-02,-9.037647396326066798e-03,-1.244417303999601927e+02,4.809664189815521240e-02
9.712886810302735763e-02,2.090662096937500637e-03,1.576612951854864872e-02,7.553618282430297981e+00,6.425815172406146303e-06
9.744061529636383057e-02,8.909855503588914871e-03,-1.321590350319942070e-02,1.460130649655787067e+02,4.262739419937133789e-02
9.816971917947132920e-02,-8.905429548273485069e-03,1.340488251298666000e-02,-3.359776678098513969e+01,5.196443293243646622e-03
9.831781685352325439e-02,1.497087876001993757e-02,5.717779587333401622e-03,6.909680394070363718e+01,1.782042533159255981e-02
9.864374995231628418e-02,-1.610710130383571220e-02,1.652244701593493133e-03,-8.414316160541901013e+01,1.836510002613067627e-02
9.875615686178207397e-02,1.617337949573993683e-02,1.804517116397619898e-03,8.363365177606114287e+01,3.019733168184757233e-02
9.912719080845516784e-02,1.390761261185010332e-02,-8.492198307067155838e-03,1.214088693356619615e+02,1.446837745606899261e-02
9.938505291938781738e-02,-1.375806269546349901e-02,8.812983985990285873e-03,-5.735764807337961457e+01,1.848929561674594879e-02
9.951948622862497040e-02,-1.598463021218776703e-02,-2.710745601992433414e-03,-9.962490629038546786e+01,2.189111709594726562e-02
9.988812605539958145e-02,-4.960312663267055569e-03,1.543715316802263260e-02,-1.781340736312008133e+01,3.199226630385965109e-04
1.000394398967424936e-01,-1.183700654655695135e-02,-1.115135724345843113e-02,-1.332916066235513313e+02,4.170310124754905701e-02
1.002730106314023428e-01,1.543389602253834522e-02,-5.449900481229027691e-03,1.094487594270714794e+02,3.544876351952552795e-02
1.003153746326764378e-01,5.771101762851076414e-04,-1.622280230124791695e-02,1.779626183604364940e+02,6.455067545175552368e-02
1.004474709431330270e-01,-4.577800786743561716e-03,-1.572417436788479603e-02,-1.637680638377492528e+02,4.742817208170890808e-02
1.005235761404037476e-01,9.278026099006334362e-03,1.346771481136481083e-02,3.456329498832504044e+01,1.690977835096418858e-03
1.005902513861656189e-01,-1.150123216211795807e-02,1.185622159391641617e-02,-4.412927878930787529e+01,4.716522525995969772e-03
1.009525110324223929e-01,1.093141191328565222e-02,-1.203799744447072578e-02,1.377581770092721456e+02,2.719872072339057922e-02
1.011811743179956979e-01,4.926381632685663051e-03,1.570930890738964081e-02,1.741123335414577511e+01,-1.768226386047899723e-03
1.020642518997192383e-01,1.490418550868829149e-02,7.672639563679695997e-03,6.276069709669722130e+01,1.825799793004989624e-02
1.028422067562738962e-01,1.694499887526035309e-02,9.394215497498712396e-04,8.682680136779717373e+01,3.244119510054588318e-02
1.028990795214970860e-01,-4.414900516470272179e-03,1.614981486151615894e-02,-1.528947380501088205e+01,7.380137685686349869e-03
1.034560725092887878e-01,-1.652545388787984848e-02,4.141432533894355388e-03,-7.593090413959882312e+01,1.081911195069551468e-02
1.034972593188285828e-01,1.228977056841055668e-02,1.143288177748521227e-02,4.706868838859170978e+01,1.256314665079116821e-02
1.037970383961995535e-01,-1.548405208935340303e-02,7.380392712851365986e-03,-6.451544005710718466e+01,1.865360885858535767e-02
1.038722420732180324e-01,-1.670963689684867859e-02,-2.740700544867043405e-03,-9.931466773052898134e+01,2.343626134097576141e-02
1.039950847625732422e-01,1.632684251914421833e-02,-3.652569022960962166e-03,1.026103184069421133e+02,3.565660119056701660e-02
1.042616988221804347e-01,-1.274477690458297903e-02,-1.121858072777589220e-02,-1.313558256180317017e+02,3.141489624977111816e-02
1.044180964430173192e-01,1.420741755282506347e-03,-1.695392404993375374e-02,1.752097959074436915e+02,5.731422081589698792e-02
1.045939698815345764e-01,-6.468595626453558893e-03,-1.587195911755164696e-02,-1.578267135653187836e+02,4.628845304250717163e-02
1.046723897258440561e-01,1.649326023956139767e-02,4.410303003775577907e-03,7.502934567788369691e+01,2.685159444808959961e-02
1.047636742393175668e-01,-1.194459199905395508e-02,1.240124367177486420e-02,-4.392543652270781251e+01,-3.735607722774147987e-03
1.051436016956965175e-01,-1.493305899202820820e-03,1.732953948279221737e-02,-4.925075456520437100e+00,2.299530169693753123e-04
1.051670685410499573e-01,9.691631266226373442e-03,-1.387366217871507067e-02,1.450632632164474956e+02,7.205276191234588623e-02
1.052901347478230748e-01,2.835719535748166317e-03,1.681615132838487625e-02,9.571777211511193428e+00,-7.447461597621440887e-03
1.062592615683873587e-01,-7.009943791975578251e-03,1.613826832423607277e-02,-2.347857341720427726e+01,5.803125444799661636e-03
1.063936029871304784e-01,-1.732478911677996433e-02,1.922689717806255836e-03,-8.366727910291220383e+01,1.033301278948783875e-02
1.065945103764533997e-01,4.982881412918990435e-03,-1.669370134671529365e-02,1.633802295300365870e+02,7.006613165140151978e-02
1.065966486930847168e-01,-1.682506377498308933e-02,-4.893221387950083198e-03,-1.062159782135178290e+02,3.933159634470939636e-02
1.067239170273144994e-01,-1.030002099772294420e-02,-1.417091147353252006e-02,-1.439887517548177129e+02,3.080117702484130859e-02
1.069555729627609392e-01,-1.469410366068283832e-02,9.658406022936107463e-03,-5.668315855882636356e+01,4.599339736159890890e-04
1.069987465937932425e-01,-3.262028398845965519e-03,-1.718744573493798805e-02,-1.692535720061618747e+02,5.026927962899208069e-02
1.071656495332717896e-01,-1.545278728008270264e-02,-8.501210870842140083e-03,-1.188169930556423850e+02,3.667021542787551880e-02
1.074174642562866211e-01,-9.905114614715179386e-03,1.462927957375844377e-02,-3.410093378132769715e+01,-9.959906339645385742e-03
1.074727748831113272e-01,1.256302092224359512e-02,1.214132489015658928e-02,4.597792739760168956e+01,1.158552244305610657e-02
1.079113905628522330e-01,1.663112112631400658e-02,-5.242224976730843963e-03,1.074951510639424299e+02,4.156357795000076294e-02
1.085037837425867763e-01,-4.088349174708126241e-03,1.731799294551213467e-02,-1.328291921261992137e+01,-1.347059034742414951e-03
1.086726958552996225e-01,1.686887443065643311e-02,5.404229547517996196e-03,7.223625960249475497e+01,3.201549500226974487e-02
1.091538717349370413e-01,1.233318882683913029e-02,-1.280889225502808947e-02,1.360839415765218519e+02,6.840835511684417725e-02
1.099031319220860753e-01,5.830224913855396041e-03,1.683930649111668384e-02,1.909724196231240256e+01,-3.067659446969628334e-03
1.100014398495356427e-01,1.540353149175644094e-02,-9.520585648715496063e-03,1.217193036710945790e+02,5.044167861342430115e-02
1.100400735934575491e-01,1.555305005361636711e-02,9.375009220093488693e-03,5.891942529296535014e+01,2.244427241384983063e-02
1.104748472571372986e-01,1.045511973400910753e-02,1.484845516582330299e-02,3.515020807618067522e+01,5.718814209103584290e-03
1.109297474225362234e-01,-1.808113294343153751e-02,1.916878759705772798e-03,-8.394836873884788986e+01,1.878150179982185364e-02
1.109715675314267569e-01,-4.217310798897718968e-03,-1.766369926432768619e-02,-1.665716901516708788e+02,4.199373722076416016e-02
1.112188274661699977e-01,-1.478149183094501669e-02,1.066777560239036936e-02,-5.418208505811935538e+01,2.198849571868777275e-03
1.112954144676526480e-01,1.816576533019542694e-02,-1.696772524155676148e-03,9.533622713230759871e+01,3.619036450982093811e-02
1.113260015845298767e-01,-1.820137600104014194e-02,-2.249322773423046741e-03,-9.704488393634706256e+01,2.644879184663295746e-02
1.116090118885040283e-01,1.813309018810590340e-02,2.789776345404486151e-03,8.125362116811560043e+01,2.981603518128395081e-02
1.118854309121767587e-01,-1.170542882755398750e-02,1.412109099328517914e-02,-3.965643345640778250e+01,-4.418995697051286697e-03
1.120345319310824261e-01,3.643933926165724650e-03,-1.795446003476778782e-02,1.685274046883860990e+02,5.660625547170639038e-02
1.120500912268956456e-01,-1.112289198984702486e-02,-1.467870610455672062e-02,-1.428467168444841775e+02,3.582354635000228882e-02
1.123956988255182948e-01,-1.625577298303445412e-02,-8.843623412152131977e-03,-1.185475041149158386e+02,2.666000463068485260e-02
1.128438338637351990e-01,-2.595043275505301301e-03,1.823572938640912605e-02,-8.099121250902259206e+00,-5.967234726995229721e-03
1.136064231395721436e-01,1.052068142841259754e-02,-1.539722084999084646e-02,1.456558123086801402e+02,7.864597439765930176e-02
1.138309389352798462e-01,-8.734881315225113702e-04,-1.869093626737594604e-02,-1.773243289658458650e+02,3.557880595326423645e-02
1.138929650187492509e-01,-8.246749018629392566e-03,-1.685600727796554565e-02,-1.539299522737321979e+02,4.303528368473052979e-02
1.140966489911079407e-01,2.994505378107233627e-03,1.827043108642101288e-02,9.307963491966514624e+00,-1.042087842506589368e-05
1.141800011197725839e-01,1.553846274813016314e-02,1.060725950325528896e-02,5.568078199358495795e+01,1.099671982228755951e-02
1.144942566752433777e-01,-1.808255538344383240e-02,-4.735982802230865631e-03,-1.046766168295860666e+02,2.045069634914398193e-02
1.147823532422383719e-01,1.270721945911645889e-02,1.388837831715742689e-02,4.245706127367417082e+01,7.763504981994628906e-06
1.148179223140080724e-01,-1.437063359965880770e-02,-1.206878790011008638e-02,-1.300243111515779901e+02,2.642705477774143219e-02
1.150336116552352905e-01,-1.835270846883456028e-02,4.624030727427452803e-03,-7.585845702301523374e+01,1.187015697360038757e-02
1.150596415003140860e-01,6.540176381046572743e-03,-1.772274946173032356e-02,1.597445681702253069e+02,6.883050501346588135e-02
1.151016876101493835e-01,-1.664235101391872002e-02,8.878171443939208984e-03,-6.192148017904086998e+01,1.299508009105920792e-02
1.154301414887110300e-01,1.649271231144666672e-02,-9.461342667539915027e-03,1.198415174498948517e+02,4.816617816686630249e-02
1.154574006795883317e-01,1.879644580185413361e-02,-2.729297149926424026e-03,9.826176897368313234e+01,3.620796650648117065e-02
1.159663796424865723e-01,-9.968882271399101200e-03,1.615102806439002586e-02,-3.168408625419160884e+01,-5.600844975560903549e-03
1.166335965196291652e-01,-5.246973441292841073e-03,1.832071753839651859e-02,-1.598148127744661906e+01,-4.419800825417041779e-03
1.168759713570277081e-01,1.876764185726642609e-02,4.486143045748274688e-03,7.655650019754303059e+01,2.187504246830940247e-02
1.175020784139633179e-01,1.835098241766294075e-02,-6.215506621326010589e-03,1.087113213435694803e+02,3.930567577481269836e-02
1.175884480277697153e-01,1.231397098551193989e-02,-1.494546389828125751e-02,1.405139692275957941e+02,5.406146869063377380e-02
1.180795828501383649e-01,1.748883879433075703e-02,8.332846531023580666e-03,6.452376268348669441e+01,1.262694876641035080e-02
1.181083321571350236e-01,-2.937242155894637542e-03,-1.912064043184121681e-02,-1.712667029875206026e+02,4.782133921980857849e-02
1.181265811125437604e-01,-7.576076624294122638e-03,-1.786904844144979881e-02,-1.570241424046139400e+02,4.918108135461807251e-02
1.185058206319808960e-01,5.082913984855018386e-03,1.867712599535783363e-02,1.522414063940723850e+01,9.011364541947841644e-03
1.185387025276819911e-01,1.210557607312997414e-02,1.528165210038423538e-02,3.838500114625909987e+01,-4.817227832973003387e-03
1.185645982623100281e-01,1.521565920362870014e-02,-1.229789232214291948e-02,1.289465022286674127e+02,4.154834896326065063e-02
1.189778521656990190e-01,1.951329285899797844e-02,1.207651415218910160e-03,8.645855824406434920e+01,1.857668533921241760e-02
1.191798672080040117e-01,-1.915882341563701630e-02,-3.508992784190922976e-03,-1.003788518836692134e+02,1.069963816553354263e-02
1.199432238936424255e-01,9.106165419022243385e-03,1.759777218103408813e-02,2.735981415771520631e+01,-8.992932271212339401e-04
1.201154763499895917e-01,-1.954921955863634861e-02,1.684819212338576786e-03,-8.507422345801970209e+01,9.786387905478477478e-03
1.202373181780179434e-01,-1.615347744276126457e-02,1.131464090819160259e-02,-5.499082776686356766e+01,1.295544952154159546e-02
1.203374216953913556e-01,6.442492439722021999e-03,-1.873780352373918129e-02,1.610258390566399100e+02,4.151283204555511475e-02
1.203786755601564951e-01,-1.543161055694023884e-02,-1.222151704132556915e-02,-1.283784971524927414e+02,3.670813143253326416e-02
1.204354067643483572e-01,-1.255607170363267494e-02,1.513418213774760449e-02,-3.968079176831442823e+01,9.773690253496170044e-04
1.210445016622543335e-01,-9.513728320598602295e-03,-1.753460429608821869e-02,-1.515171255863898807e+02,4.017667472362518311e-02
1.215798358122507916e-01,-1.438797723191479914e-03,-1.993381666640440739e-02,-1.758716223296279679e+02,2.883929386734962463e-02
1.216751188039779663e-01,1.029123862584432197e-02,-1.721104575941960133e-02,1.491229469376184795e+02,4.552266001701354980e-02
1.219529956579208374e-01,-2.651930165787534134e-03,1.977886073291301727e-02,-7.636617397707729182e+00,-1.281711040064692497e-03
1.221961850921313153e-01,1.937301891545454777e-02,-5.456138169392943382e-03,1.057291269544454622e+02,2.374976128339767456e-02
1.222618197401364737e-01,1.460742546866337574e-02,1.398631619910399235e-02,4.624437524318939552e+01,-5.189340095967054367e-03
1.224050521850586076e-01,1.715944490085045612e-02,1.031862944364547729e-02,5.897990004115778362e+01,1.265879836864769459e-03
1.225402156511942453e-01,-1.323966340472300905e-02,-1.518570352345705032e-02,-1.389164375791756640e+02,3.825217485427856445e-02
1.225724046428998404e-01,2.088408606747790396e-03,2.010056748986244202e-02,5.931633968315193961e+00,6.192639935761690140e-03
1.226420626044273376e-01,-1.839301797250906742e-02,-7.769362535327673826e-03,-1.128995970241545734e+02,2.719002217054367065e-02
1.228217656413714276e-01,2.002713084220886230e-02,-4.790643385301040884e-04,9.137029769163237347e+01,1.671680621802806854e-02
1.228390435377756940e-01,3.192125237546861172e-03,-1.988806575536727905e-02,1.708815377591994604e+02,1.755522564053535461e-02
1.238243033488591605e-01,1.614860072731971741e-02,-1.254638781150182146e-02,1.278448285009643968e+02,4.376404732465744019e-02
1.247562095522880554e-01,-1.123946563651164604e-02,1.705187434951464104e-02,-3.339022420092861410e+01,-1.689697732217609882e-03
1.247876460353533612e-01,-1.989692014952500893e-02,4.012077581137419614e-03,-7.859957182237390327e+01,1.881642267107963562e-02
1.248414119084676199e-01,-1.821153548856576515e-02,9.387758560478687286e-03,-6.272961047371236276e+01,2.086056023836135864e-02
1.249707937240600586e-01,9.645620050529640083e-03,1.825787809987863136e-02,2.784745215909115501e+01,-7.283107843250036240e-04
1.253462533156077252e-01,-8.751085028052330017e-03,-1.883069674173990654e-02,-1.550745551373551052e+02,4.710728675127029419e-02
1.253596444924672537e-01,1.291783899068832397e-02,-1.580962321410576271e-02,1.407481852583865418e+02,4.501137509942054749e-02
1.253839532534281598e-01,1.844769033292929447e-02,-8.950469704965751533e-03,1.158817824612076492e+02,3.482595831155776978e-02
1.256065815687179565e-01,-6.057232928772766228e-03,1.952686347067356110e-02,-1.723388975929868394e+01,-5.129822064191102982e-03
1.258998364210128784e-01,-5.314988899044692516e-03,-1.997831712166468418e-02,-1.651022237108366255e+02,3.712964430451393127e-02
1.261515344182650433e-01,1.305356621742248709e-02,1.612130211045344902e-02,3.899740947230354493e+01,5.624869954772293568e-04
1.265179216861724854e-01,1.863866237302621437e-02,9.250606720646223011e-03,6.360420674026812549e+01,2.852794481441378593e-03
1.265761082371075763e-01,5.622368616362415084e-03,1.984435195724169529e-02,1.581866536210232432e+01,3.176177619025111198e-03
1.268419673045476370e-01,-1.247702011217673677e-02,-1.648179596910874165e-02,-1.428736143212032346e+02,4.518278688192367554e-02
1.274993022282918387e-01,2.082306953767935551e-02,1.280445838347077803e-03,8.648121605417664171e+01,1.505589112639427185e-02
1.275760630766550885e-01,-1.945649459958076477e-02,-7.354065154989561023e-03,-1.107053300726088310e+02,3.071788512170314789e-02
1.284904479980468750e-01,2.925032128890355139e-03,-2.085666793088118351e-02,1.720166527980507283e+02,2.360883913934230804e-02
1.289718697468439923e-01,2.050964596370856083e-02,5.745842354372143745e-03,7.434961583219160275e+01,9.254590608179569244e-03
1.290520156423251019e-01,-1.430023461580276663e-02,1.563074129323164391e-02,-4.245473503664571524e+01,5.377912428230047226e-03
1.293353065848350525e-01,-1.767489872872829437e-02,1.178616673375169552e-02,-5.630342268519490290e+01,1.595009118318557739e-02
1.296006143093109131e-01,1.963642550011476112e-02,-7.898671862979730549e-03,1.119122555876693497e+02,3.637677058577537537e-02
1.298227161169052124e-01,1.213694332788388050e-02,-1.731003572543462349e-02,1.449637559757508143e+02,5.965393036603927612e-02
1.298974106709162579e-01,-2.116587633887926853e-02,1.981230821305265174e-03,-8.465241334681316232e+01,1.936885714530944824e-02
1.300443013509114398e-01,-5.375042868157226678e-03,2.054785005748271942e-02,-1.465933428754589052e+01,7.277786266058683395e-03
1.301769961913426810e-01,-2.908931734661261096e-03,-2.096111513674259186e-02,-1.720990971712741384e+02,3.062253072857856750e-02
1.303061892588933124e-01,-1.453682811309894157e-02,-1.543610449880361557e-02,-1.367185268477533953e+02,5.329469591379165649e-02
1.303269068400065012e-01,5.494047887623311824e-03,2.053460789223512245e-02,1.497869323727886126e+01,-9.753751801326870918e-04
1.304193983475367413e-01,1.468837757905324358e-02,1.557826064527034760e-02,4.331590613072464180e+01,5.488415248692035675e-03
1.306425531705220633e-01,1.772145430246989048e-02,1.237525201092163837e-02,5.507261962279511636e+01,1.323502627201378345e-03
1.306599378585815430e-01,-2.130832585195700443e-02,-2.917041322992493853e-03,-9.779515343899616653e+01,1.673927903175354004e-02
1.308286488056182861e-01,-1.831567784150441719e-02,-1.133915145571033276e-02,-1.217614582228252544e+02,4.555064812302589417e-02
1.310903827349344797e-01,2.135769277811050415e-02,-2.644830150529741807e-03,9.705928498740323107e+01,2.363966032862663269e-02
1.316676338513692313e-01,6.956403648170332403e-03,-2.035567102332910133e-02,1.611325073188025954e+02,5.367638170719146729e-02
1.325686971346537457e-01,1.960087878008687570e-03,2.183173969388008118e-02,5.130349789232049318e+00,-1.246627233922481537e-02
1.326362093289693289e-01,-1.969740105171995451e-03,2.184076358874639107e-02,-5.153359188978392957e+00,-3.381462302058935165e-03
1.334184507528940744e-01,-1.315112039446830750e-02,1.754211448132991791e-02,-3.685847115562214071e+01,-1.954777864739298820e-03
1.335603644450505390e-01,-9.408161354561647358e-03,1.998423412442207336e-02,-2.521007979841917290e+01,3.385220188647508621e-03
1.341407746076583862e-01,1.907056507964929176e-02,-1.106107048690319061e-02,1.201140540504785434e+02,4.107907786965370178e-02
1.341867695252100812e-01,2.087941082815329349e-02,7.235735266779860439e-03,7.088630140780733768e+01,-1.251760311424732208e-02
1.343487948179244995e-01,-1.958628495534261299e-02,1.033695554360747337e-02,-6.217647654160546011e+01,1.233962643891572952e-02
1.344478925069172992e-01,-1.296340239544709581e-02,-1.783124047021071232e-02,-1.439826578686183893e+02,4.918292909860610962e-02
1.346267710129420148e-01,1.576114601145188129e-02,-1.540970522910356695e-02,1.343540368766960569e+02,5.815131962299346924e-02
1.347388376792272024e-01,1.917013525962829590e-02,1.132976170629262924e-02,5.941644352959532682e+01,-2.034457214176654816e-02
1.347849468390146799e-01,9.280052036046981812e-03,2.029806313415368629e-02,2.456936006186824528e+01,-7.609450723975896835e-03
1.349646647771199637e-01,-2.139187790453433990e-02,5.907700610502312870e-03,-7.456167921920220465e+01,1.780253089964389801e-02
1.351732065280278616e-01,-4.594944378671547355e-03,-2.155850020547708107e-02,-1.679681076066781031e+02,4.749464243650436401e-02
1.352209051450093402e-01,1.297802695383628267e-02,1.806049328297376633e-02,3.570051466795999318e+01,-3.592272521927952766e-03
1.354545007149378644e-01,-1.995977821449438847e-02,-9.877499969055255832e-03,-1.163294375548095445e+02,3.337054699659347534e-02
1.358469774325688495e-01,2.219790841142336643e-02,-2.440811290095250101e-03,9.627485369405664528e+01,2.594598010182380676e-02
1.358741124471028738e-01,-2.175126969814300537e-02,-4.796039720531553897e-03,-1.024344514985890555e+02,2.335377782583236694e-02
1.365334639946619577e-01,-9.153510909527540207e-03,-2.062193738917509830e-02,-1.560648814613624609e+02,4.796549305319786072e-02
1.370267371336618967e-01,5.746092026432356691e-03,2.159519493579864502e-02,1.490013612417503097e+01,-1.910034753382205963e-02
1.374586770931879864e-01,5.721193621866405010e-03,-2.172636489073435581e-02,1.652472400806420580e+02,5.556391924619674683e-02
1.378948042790095196e-01,-4.134694890429575082e-03,2.241633211572965217e-02,-1.045075131166340121e+01,-7.177650928497314453e-03
1.379882295926411762e-01,2.114516993363698555e-02,-7.811408877993624572e-03,1.102751433338848273e+02,2.642597258090972900e-02
1.382080912590026855e-01,-8.167813376833995762e-03,2.131891995668411255e-02,-2.096309045605854138e+01,-2.569026313722133636e-03
1.383838951587677002e-01,2.207979373633861542e-02,5.879921450590094509e-03,7.508802293132292505e+01,-1.706148684024810791e-02
1.384288767973582135e-01,-1.572537235915660858e-02,1.655280031263828278e-02,-4.353158510751246979e+01,-4.982984159141778946e-03
1.388241549332936420e-01,-1.607114790628353870e-02,-1.625836112846931053e-02,-1.353317838075721227e+02,4.102691635489463806e-02
1.390759299198786603e-01,-1.878587280710538460e-02,1.319221593439579010e-02,-5.492188420088866962e+01,-1.260758028365671635e-03
1.390992452700932636e-01,2.285543394585450722e-02,1.416467285404602976e-03,8.645362543025197510e+01,9.092390537261962891e-03
1.392777015765508108e-01,3.809458576142787933e-06,-2.282474686702092720e-02,1.799904373135926505e+02,4.236849397420883179e-02
1.393083035945892334e-01,-1.928867399692535400e-02,-1.240157367040713859e-02,-1.227388240630015730e+02,3.295858204364776611e-02
1.395484556754430228e-01,1.459797099232673645e-02,-1.760593398163716114e-02,1.403361541820107163e+02,5.950317159295082092e-02
1.398667494455973492e-01,-2.279698289930820465e-02,-3.123221860732883649e-03,-9.780104514655860726e+01,1.892208680510520935e-02
1.399077872435252057e-01,-2.250788547098636627e-02,4.942659657293309479e-03,-7.761461841237770898e+01,6.187906954437494278e-03
1.400671501954396658e-01,1.889125940700371944e-02,1.341551356017589743e-02,5.461976506340150195e+01,-1.662391982972621918e-02
1.405354440212249756e-01,9.738558282454809131e-03,-2.087695834537347042e-02,1.549921720182337026e+02,6.289332360029220581e-02
1.407723724842071533e-01,1.573222782462835312e-02,1.694323650250832355e-02,4.287749171836871653e+01,-4.036533646285533905e-03
1.413741757472356253e-01,3.786004148423675626e-03,2.258281161387761665e-02,9.517121164930586019e+00,-1.492922101169824600e-02
1.413939942916234427e-01,-2.338239612678686893e-02,1.037713819338629715e-03,-8.745887321569601625e+01,1.202721334993839264e-02
1.419443736473719464e-01,2.160649622480074680e-02,-8.509945201997956218e-03,1.114975207166296798e+02,2.877565845847129822e-02
1.421747306982676373e-01,-2.164954785257574427e-03,2.339492489894231392e-02,-5.287065389508845747e+00,-1.209133397787809372e-02
1.423458456993103027e-01,-1.030786195769906044e-02,2.115939247111479557e-02,-2.597316840537405724e+01,-1.414669305086135864e-02
1.425192703803380423e-01,-1.048893310750524145e-02,-2.101456622282664097e-02,-1.534749875256338214e+02,4.794472828507423401e-02
1.427085449298222675e-01,-1.412246190011501312e-02,1.883539247016112125e-02,-3.686194897971266471e+01,-1.122065261006355286e-02
1.427858670552571707e-01,2.100061625242233276e-02,1.022287085652351379e-02,6.404368637876611103e+01,-2.336444891989231110e-02
1.435957401990890503e-01,-1.482333615422248840e-02,-1.841415061304966724e-02,-1.411660390561836778e+02,4.262210801243782043e-02
1.440935432910919189e-01,-2.135748292009035862e-02,-1.033614265422026432e-02,-1.158250713805909271e+02,1.881941221654415131e-02
1.440951873858769827e-01,-1.852308399975300486e-03,-2.352452588578065121e-02,-1.754978503817997080e+02,4.576584696769714355e-02
1.441922634840011597e-01,1.702703939129909111e-02,-1.658513862639665604e-02,1.342467732922410164e+02,3.994565829634666443e-02
1.442323774099349976e-01,-2.307430033882459236e-02,-6.139251093069712610e-03,-1.048991987801630330e+02,1.479968708008527756e-02
1.445323030153910504e-01,2.378169757624467445e-02,-9.243601622680765184e-05,9.022269928027883168e+01,6.002102047204971313e-03
1.447350084781646729e-01,2.011536372204621864e-02,-1.278949932505687136e-02,1.224485071338845756e+02,3.049246966838836670e-02
1.448298841714859009e-01,-2.055753457049528873e-02,1.222560120125611681e-02,-5.925997779967648427e+01,-7.476890459656715393e-03
1.450458715359370099e-01,-2.247395428518454349e-02,8.405299857258796692e-03,-6.949411160543888855e+01,-5.491130053997039795e-03
1.452361792325973511e-01,2.358549833297729492e-02,-4.648250915730992375e-03,1.011490224768509449e+02,2.520537562668323517e-02
1.459764987230300903e-01,-7.786484435200691223e-03,-2.265090805788835121e-02,-1.610290610499901049e+02,5.087123438715934753e-02
1.461279739936192645e-01,9.839456217984359626e-03,-2.188645303249359131e-02,1.557928257077295484e+02,5.050053074955940247e-02
1.470758120218912945e-01,-9.195786435157060623e-03,2.257559386392434669e-02,-2.216269386369852512e+01,-1.627796143293380737e-02
1.470806996027628766e-01,-2.433296913901964592e-02,9.742435067892077838e-04,-8.770721599123726264e+01,1.025184243917465210e-02
1.471985777219136649e-01,1.436508167535066605e-02,1.943721622228622437e-02,3.646626730951243189e+01,-3.696656087413430214e-03
1.472179840008417950e-01,-5.085997749119995290e-03,2.371371413270632195e-02,-1.210512329681939470e+01,-9.613977745175361633e-03
1.472601542870203839e-01,8.076920794943969611e-03,2.241347978512446548e-02,1.981713247984202297e+01,-5.066713318228721619e-03
1.474259595076243268e-01,2.208116340140501774e-02,9.606638612846534614e-03,6.648805237361683851e+01,3.102696733549237251e-03
1.481480548779169626e-01,1.461381247888008869e-02,-1.952856530745824409e-02,1.431913869261647108e+02,4.643120616674423218e-02
1.482432434956232892e-01,-1.603686685363451755e-02,1.850839145481586456e-02,-4.090777251588312424e+01,-2.002994902431964874e-02
1.483771055936813354e-01,-2.423260423044364120e-02,-3.227349060277143536e-03,-9.758612938405210002e+01,1.122580841183662415e-02
1.484169363975524902e-01,-1.761927610884110249e-02,-1.687778873989979542e-02,-1.337686617330450360e+02,3.649779409170150757e-02
1.484305908282597952e-01,-2.093589678406715393e-02,-1.265656823913256443e-02,-1.211546026037533466e+02,2.076343074440956116e-02
1.484570453564326153e-01,2.408660451571146763e-02,3.754785905281702099e-03,8.113965073730979327e+01,6.315371021628379822e-03
1.488387932380040579e-01,1.063199092944462588e-03,-2.449604744712511814e-02,1.775147577499837155e+02,5.136337131261825562e-02
1.493375202020009451e-01,-2.384920045733451843e-02,5.511733703315258893e-03,-7.698697262109809003e+01,-8.841823437251150608e-04
1.495572527249654227e-01,2.172042243182659149e-02,-1.154808731128772158e-02,1.179982187404413452e+02,2.251627668738365173e-02
1.497175296147664481e-01,-1.941143907606601715e-02,1.525918456415335279e-02,-5.182938118275959738e+01,-2.000841125845909119e-02
1.497632016738255911e-01,6.355158518999814987e-03,-2.381081568698088444e-02,1.650559857169579629e+02,4.817199707031250000e-02
1.498419890801112042e-01,2.378448098897933960e-02,-6.773256386319797401e-03,1.058956967850853914e+02,1.962517015635967255e-02
1.508679787317911969e-01,-1.297835508982340610e-02,2.110940838853518284e-02,-3.158377334363499145e+01,-2.518363483250141144e-02
1.512635052204132080e-01,-9.399488413085538979e-03,-2.302137079338232792e-02,-1.577900991059713931e+02,5.737658217549324036e-02
1.520820111036300659e-01,-2.921042963862415659e-03,2.482524886727333069e-02,-6.710805324148100937e+00,-7.395646069198846817e-03
1.522701531648635864e-01,2.135217127700646950e-02,1.309333865841229814e-02,5.848300916344131650e+01,1.167581416666507721e-02
1.529247363408406668e-01,4.290916646520300491e-03,2.433712780475616802e-02,9.999142361552648239e+00,-1.049460843205451965e-05
1.529659976561864310e-01,1.761750504374504089e-02,1.783830299973487854e-02,4.464320013645620122e+01,5.791448522359132767e-03
1.531628072261810303e-01,-2.472058745721976425e-02,-4.906409420073031512e-03,-1.012258719815986154e+02,1.642243936657905579e-02
1.533021926879882812e-01,1.642420639594395840e-02,-1.913493126630783081e-02,1.393593094691435965e+02,3.783167526125907898e-02
1.533551265796025687e-01,-2.314069742957750725e-02,-1.013873703777790070e-02,-1.136598824988181917e+02,2.194033563137054443e-02
1.534531960884730206e-01,2.510458044707775116e-02,1.651275359715024486e-03,8.623674180166673864e+01,1.922953315079212189e-02
1.539887736241022931e-01,-2.441601020594438148e-02,6.471105075130861167e-03,-7.515588206646008018e+01,9.828057372942566872e-04
1.541342635949452811e-01,2.499865616361299919e-02,-4.320952032382289858e-03,9.980653038961477819e+01,1.333605870604515076e-02
1.541686455408732281e-01,2.044249201814333713e-02,-1.495009257147709471e-02,1.261789143601734082e+02,2.336993440985679626e-02
1.543903102477391653e-01,-1.727229822427034378e-02,-1.867746375501155853e-02,-1.372383761892012899e+02,4.267809540033340454e-02
1.544865866502126150e-01,-1.761621485153834097e-03,-2.546560702224572384e-02,-1.760427829239908135e+02,5.516043305397033691e-02
1.550299872954686298e-01,-6.290132955958446445e-03,-2.486454819639524055e-02,-1.658033892803613867e+02,5.606826022267341614e-02
1.554642518361409598e-01,-1.391323624799649036e-02,-2.162428572773933411e-02,-1.472424508854346072e+02,5.424025654792785645e-02
1.557866930961608887e-01,8.504549507051708049e-03,-2.419042401015758514e-02,1.606300196491650922e+02,5.939030647277832031e-02
1.559384663899739676e-01,-2.092495684822400642e-02,1.499617689599593538e-02,-5.437216901058664575e+01,-2.060334384441375732e-02
1.565985182921091901e-01,-1.301775220781564886e-02,2.217675931751728058e-02,-3.041292343994882330e+01,-2.258806489408016205e-02
1.573056032260259085e-01,1.379924112310012239e-02,-2.187242731451988567e-02,1.477523098060169389e+02,5.311930924654006958e-02
1.573762396971384869e-01,-2.344021759927272797e-02,1.127743239824970621e-02,-6.430711045807740334e+01,-4.918883088976144791e-03
1.576703786849975586e-01,-7.070228767891722013e-03,2.475447952747344971e-02,-1.594008957203856625e+01,-1.146406121551990509e-02
1.580018500487009869e-01,-2.316712525983651710e-02,-1.193692783514658726e-02,-1.172599175871740442e+02,2.878490649163722992e-02
1.580807119607925415e-01,2.388573996722698212e-02,1.021262630820274353e-02,6.685030590846864129e+01,6.173714995384216309e-03
1.582326690355936871e-01,2.563270802299182083e-02,4.622415717070301085e-03,7.977756269328872918e+01,1.051475945860147476e-02
1.582605739434560232e-01,-2.602634268502394821e-02,-2.103302724814662752e-03,-9.462028200693048063e+01,1.770834624767303467e-02
1.583140840133031302e-01,-2.603301405906677246e-02,2.795542338086913752e-03,-8.387080849661923310e+01,9.825350716710090637e-03
1.584950635830561227e-01,7.120051421225073555e-03,2.481390163302421570e-02,1.601019723742313161e+01,-5.246248561888933182e-03
1.590506881475448608e-01,-2.061534672975540161e-02,-1.625443405161301411e-02,-1.282544650033008224e+02,3.378830477595329285e-02
1.592091818650563650e-01,1.711740158498287201e-02,1.979285664856433868e-02,4.085414296197711082e+01,-3.976936917752027512e-03
1.592485010623931885e-01,2.514935843646526337e-02,-7.234578564142188015e-03,1.060486504971394481e+02,1.524210069328546524e-02
1.595676193634669171e-01,2.265725284814834595e-02,-1.308888817826906956e-02,1.200146342131734656e+02,2.238486893475055695e-02
1.599698513746261597e-01,5.525013742347564122e-04,-2.645061475535234047e-02,1.788033777485479447e+02,5.600604787468910217e-02
1.601947198311488019e-01,-1.758978174378474785e-02,1.931273471564054489e-02,-4.232684095114503009e+01,-1.802931167185306549e-02
1.603455493847529278e-01,5.526712940384943991e-03,-2.586066350340843201e-02,1.679367197588653084e+02,6.342729926109313965e-02
1.609789480765660419e-01,-8.682539997001489582e-03,-2.516652954121430946e-02,-1.609653880220136841e+02,4.949228465557098389e-02
1.611280788977940970e-01,1.290810884286959850e-02,2.320075966417789459e-02,2.909006582976417121e+01,-1.089133135974407196e-02
1.615762958923975534e-01,-1.321724088241656679e-02,-2.315751897792021549e-02,-1.502842740411992111e+02,4.884566366672515869e-02
1.626851161321004324e-01,-2.485208399593830109e-02,1.009657979011535645e-02,-6.788971921235578577e+01,3.409023163840174675e-03
1.627631783485412598e-01,1.517594326287508011e-02,-2.210482396185398449e-02,1.455286722937043749e+02,5.855307355523109436e-02
1.630743394295374737e-01,-2.646037625769774235e-02,5.140800242467474107e-03,-7.900537467701757066e+01,8.249590173363685608e-03
1.632641901572545462e-01,2.829134774704778268e-03,2.675908369322618080e-02,6.035241214663273013e+00,-9.056281298398971558e-03
1.632822304964065552e-01,-4.149185804029302885e-03,2.621154052515824867e-02,-8.995064751244951751e+00,-7.888942956924438477e-03
1.636523356040318899e-01,2.371032722294330597e-02,1.268351015945275682e-02,6.185606498334342973e+01,9.289616718888282776e-04
1.636804143587748395e-01,-2.542336471378803253e-02,-9.334380583216747226e-03,-1.101610924036769603e+02,2.491310797631740570e-02
1.640849610169728690e-01,2.067665507396062446e-02,1.751877615849177158e-02,4.972628680242343080e+01,-3.337323898449540138e-03
1.641314576069514142e-01,-2.670269211133321011e-02,-4.733083090589691906e-03,-1.000513466313751536e+02,1.935444585978984833e-02
1.642218381166458130e-01,2.704584846893946792e-02,1.300903890902797020e-03,8.724619844223140319e+01,1.598397456109523773e-02
1.645566026369730817e-01,2.666842316587766243e-02,-4.583862998212376652e-03,9.975290024515966536e+01,2.660479024052619934e-02
1.648767441511154175e-01,-2.030522717783849167e-03,-2.719231260319551063e-02,-1.757294965715672674e+02,5.332770571112632751e-02
1.651117304960886822e-01,-2.153679355978965759e-02,-1.670140928278366840e-02,-1.277929563867967460e+02,2.907023578882217407e-02
1.651938358942667828e-01,2.212323062121868134e-02,-1.579577258477608478e-02,1.255264693607055762e+02,2.759267948567867279e-02
1.653424402077992850e-01,-6.737052618215480862e-03,-2.650928621490796638e-02,-1.657407588864614638e+02,4.590611532330513000e-02
1.660985946655273438e-01,-1.811441748092572010e-02,2.017022141565879417e-02,-4.192629016361816241e+01,-3.402019152417778969e-03
1.662011593580245972e-01,1.895700146754582954e-02,-1.991966366767883301e-02,1.364184656006935370e+02,4.117622599005699158e-02
1.663554261128107892e-01,7.599005786081156587e-03,-2.641581185162067413e-02,1.639511221650277548e+02,4.780017957091331482e-02
1.671112626791000366e-01,-2.475593425333499908e-02,1.224528268600503719e-02,-6.368114579028148370e+01,-1.142480038106441498e-02
1.672426263491312848e-01,1.244088293363650698e-02,2.457556935648123539e-02,2.684988714730175019e+01,-1.446376554667949677e-02
1.672541449467341290e-01,1.195354449252287662e-02,-2.497796900570392609e-02,1.544259244337110886e+02,4.919695109128952026e-02
1.673154383897781372e-01,-1.547273714095354080e-02,-2.293483043710390842e-02,-1.459948515185876090e+02,4.271680116653442383e-02
1.679535160462061749e-01,-2.477767380575338768e-02,-1.232324338828524185e-02,-1.164435802173130412e+02,1.928394846618175507e-02
1.683448702096939087e-01,6.652825511991979426e-03,2.681125452121099068e-02,1.393565841127428762e+01,-9.689541533589363098e-03
1.687564700841903687e-01,-2.765942054490248478e-02,4.056386242154985666e-03,-8.165677511654605780e+01,5.515524186193943024e-03
1.687914878129959106e-01,-1.950016555686791969e-02,-1.990712061524391174e-02,-1.355916666876082388e+02,3.552389144897460938e-02
1.688508788744608746e-01,-2.233186612526575840e-02,1.668466099848350120e-02,-5.323572892924204325e+01,-1.236021611839532852e-02
1.691064188877741681e-01,-7.617404373983540679e-03,2.654250711202621460e-02,-1.601289037648322733e+01,-1.475527137517929077e-02
1.695523758729299002e-01,2.614344159762064732e-02,9.772899405409892978e-03,6.950333205599918074e+01,-8.020898327231407166e-03
1.698441306749979840e-01,2.690132086475690437e-02,-7.722775607059398709e-03,1.060176044257275549e+02,2.547430247068405151e-02
1.698670983314514160e-01,-2.790840777258078373e-02,-9.186520280006031918e-04,-9.188530591657516311e+01,8.737384341657161713e-03
1.699278553326924734e-01,2.025286667048931122e-02,1.944219941894213474e-02,4.616995286608106852e+01,-1.068296097218990326e-02
1.699699213107427054e-01,2.773199478785197403e-02,3.980503727992376270e-03,8.183185616285703645e+01,2.693070098757743835e-03
1.701622456312179565e-01,2.484823390841484070e-02,-1.308037557949622530e-02,1.177627976732331376e+02,1.931942068040370941e-02
1.702031741539637433e-01,-1.408956355104843891e-02,2.419973040620485710e-02,-3.020881384699992722e+01,-1.038112491369247437e-02
1.706206202507019043e-01,-5.360252689570184186e-04,-2.825512054065863407e-02,-1.789131774536874104e+02,4.708634316921234131e-02
1.711666236321131573e-01,1.622638727227846897e-02,2.309108960131804264e-02,3.509617591091224398e+01,-1.489500794559717178e-02
1.714396973450978690e-01,-2.692469023168087006e-02,8.562946381668250923e-03,-7.235760657399708862e+01,-9.711185470223426819e-03
1.716667711734771729e-01,-8.498925250023603439e-03,-2.716302437086900307e-02,-1.626258382475480744e+02,4.514081403613090515e-02
1.717236042022705078e-01,4.119291668757796288e-03,-2.806857104102770603e-02,1.716509770338774388e+02,3.413756564259529114e-02
1.730424215396245413e-01,-1.269990888734658617e-02,-2.559757915635903561e-02,-1.536122842078739552e+02,4.259812086820602417e-02
1.731140315532684326e-01,1.855623597900072849e-02,-2.178024065991242958e-02,1.395698091554639575e+02,4.266110435128211975e-02
1.733580082654953003e-01,-2.620620342592398441e-02,-1.142096752300858671e-02,-1.135481309069319309e+02,8.946035988628864288e-03
1.736013392607371197e-01,1.424149082352717949e-02,-2.487375214695930481e-02,1.502066634417092530e+02,4.108280688524246216e-02
1.743117024501164847e-01,6.060992678006493252e-03,2.800596257050832344e-02,1.221150989774680440e+01,-1.599054783582687378e-02
1.747336437304814749e-01,-3.468218569954231289e-03,2.848254268368085457e-02,-6.942526772517901179e+00,-2.583337947726249695e-02
1.750650852918624878e-01,-4.591067709649602861e-03,-2.853577646116415775e-02,-1.708601140387492876e+02,4.298571497201919556e-02
1.750779151916503906e-01,-2.338883653283119202e-02,1.696189182500044274e-02,-5.404988394772730942e+01,-1.113039162009954453e-02
1.751552224159240723e-01,2.319200274844964577e-02,1.730984076857566833e-02,5.326340326297817995e+01,-9.153767488896846771e-03
1.752123683691024780e-01,2.604890552659829689e-02,1.247580675408244306e-02,6.440847567963990628e+01,-1.075799111276865005e-02
1.755896806716918945e-01,-2.172917748490969456e-02,-1.915028070410092903e-02,-1.313902566729968555e+02,3.544341400265693665e-02
1.756305297215779715e-01,2.492924965918064117e-02,-1.488389447331428528e-02,1.208391202650773408e+02,2.607698179781436920e-02
1.759496579567591534e-01,2.853699711461862160e-02,-5.636852545042833271e-03,1.011736736873323963e+02,1.502428483217954636e-02
1.762939443190892630e-01,-2.657850583394368374e-02,1.130124662692348278e-02,-6.696468228731136207e+01,-1.280728820711374283e-02
1.763814687728881836e-01,-1.626106475790341926e-02,2.401500629882018234e-02,-3.410275339940779560e+01,-1.952887326478958130e-02
1.763968666394551688e-01,-2.895396637419859684e-02,-1.952516768748562481e-03,-9.385791196997358554e+01,1.601255685091018677e-02
1.764102131128311157e-01,2.899024573465188576e-02,1.816599008937684698e-04,8.964097546823812479e+01,2.863867906853556633e-03
1.766804158687591553e-01,1.541379000991583044e-02,2.475272553662459171e-02,3.191096858818055892e+01,-1.460507046431303024e-02
1.768980224927266531e-01,2.237301940719291227e-03,2.923162591954072548e-02,4.376716174317201613e+00,-2.775056660175323486e-02
1.773144155740737915e-01,-2.519433510800202919e-02,-1.504229350636402708e-02,-1.208393398540318771e+02,1.865184679627418518e-02
1.774111042420069562e-01,-2.854270488023758282e-02,-6.924981639410059814e-03,-1.036374942058599373e+02,1.436025649309158325e-02
1.775749921798706055e-01,2.180348088343938423e-02,-1.945986847082773960e-02,1.317492946304310237e+02,3.583511710166931152e-02
1.782037516434987479e-01,5.900121061131358147e-03,-2.883268892765045166e-02,1.684350520154182789e+02,3.258867189288139343e-02
1.785039256016413556e-01,-2.134288909534613754e-02,2.026272813479105747e-02,-4.648717334904517884e+01,-1.131994463503360748e-02
1.787232508261998587e-01,1.103645283728837967e-02,2.743191334108512069e-02,2.191599101886310308e+01,-2.047483436763286591e-02
1.791821221510569440e-01,-1.499394358446200920e-02,-2.544232706228892124e-02,-1.494878508842003271e+02,4.044188186526298523e-02
1.791827678680419922e-01,1.166778150945901871e-02,-2.707571287949879849e-02,1.566872607448050871e+02,3.813713788986206055e-02
1.796936392784118652e-01,2.762359380722045898e-02,-1.038443126405279131e-02,1.106025533282903552e+02,1.673110760748386383e-02
1.802533318599065237e-01,-1.999578376611074043e-02,-2.202273843189080788e-02,-1.377617817625976215e+02,4.048008471727371216e-02
1.811284472544988089e-01,2.830461102227369713e-02,9.677511329452197913e-03,7.112414307106860178e+01,-8.916267193853855133e-03
1.811513106028239117e-01,2.262496637801329410e-02,1.956625158588091301e-02,4.914648820314765487e+01,-1.910236664116382599e-02
1.814377357562383108e-01,1.887323303769032276e-02,2.336024617155393196e-02,3.893547199873235343e+01,-2.034162171185016632e-02
1.814630528291066580e-01,-2.825608476996421814e-02,9.436172277977068062e-03,-7.153316163881451928e+01,-9.097567526623606682e-04
1.815024216969808313e-01,-8.209991268813608342e-03,2.847913093864917755e-02,-1.608126440955255987e+01,-3.191469237208366394e-02
1.819087465604146414e-01,2.965739804009596622e-02,3.175760153681038943e-03,8.388796922583979665e+01,-6.008376833051443100e-03
1.819684704144795828e-01,-3.774885476256410570e-03,-2.979270058373610294e-02,-1.727788149768653057e+02,3.997932374477386475e-02
1.820534914731979370e-01,-1.453067827969789505e-02,2.635437125960985588e-02,-2.887047140193604733e+01,-2.998433448374271393e-02
1.821550081173579083e-01,-2.985296522577603889e-02,3.169297163064281435e-03,-8.393997477333162749e+01,9.976158849895000458e-03
1.836773256460825787e-01,-2.740241835514704849e-02,-1.299423289795716661e-02,-1.153703183811602031e+02,1.601877063512802124e-02
1.840041528145472394e-01,2.060986356809735298e-03,-3.027616254985332489e-02,1.761057176566153828e+02,4.253105074167251587e-02
1.841564923524856567e-01,-2.941599550346533920e-02,-7.926443514103691940e-03,-1.050807507434808201e+02,1.088091265410184860e-02
1.846464773019154959e-01,2.265592416127523018e-02,-2.027904801070690155e-02,1.318313452339272089e+02,3.184710815548896790e-02
1.847930848598480502e-01,2.816820144653320312e-02,-1.127701454485456264e-02,1.118184759523720402e+02,2.427592873573303223e-02
1.849655260642369681e-01,-2.328995491067568577e-02,1.972642913460731506e-02,-4.973563375450660828e+01,-1.999608427286148071e-02
1.849683324495951520e-01,2.237301940719291660e-03,3.057667737205823494e-02,4.184886460340793590e+00,-3.269274160265922546e-02
1.849903017282485962e-01,-1.311346360792716402e-02,-2.759454088906447208e-02,-1.545820220664971032e+02,4.457059130072593689e-02
1.853619366884231567e-01,1.387133325139681614e-02,-2.720859150091806816e-02,1.529868556243011994e+02,5.286318063735961914e-02
1.856392174959182739e-01,1.164148716876904285e-02,2.842451880375544346e-02,2.227194223145945529e+01,-2.441694214940071106e-02
1.866064270337422781e-01,-7.804678908238809470e-03,-2.982161069909731663e-02,-1.653339328989241608e+02,4.922158271074295044e-02
1.867086241642634259e-01,-2.701348128418128158e-02,1.456051847587029081e-02,-6.167491829242054990e+01,-7.908999919891357422e-03
1.868103891611099243e-01,2.788283117115497936e-02,1.306521380320191557e-02,6.489335889180165395e+01,-4.946073517203330994e-03
1.868577400843302594e-01,-2.284251215557257450e-02,-2.070315989355246342e-02,-1.321873811141439035e+02,3.474137559533119202e-02
1.868903984626134329e-01,2.506008930504322399e-02,1.811992004513740540e-02,5.413085543680031719e+01,-1.673639565706253052e-02
1.874838024377822876e-01,-4.741772698859367946e-03,3.011575900018215179e-02,-8.947849413814715547e+00,-3.086139820516109467e-02
1.874886502822240009e-01,1.668731899311145031e-02,2.600416044394174980e-02,3.268899047221606224e+01,-2.200323715806007385e-02
1.875229179859161655e-01,-1.948168470213810718e-02,2.376687216262022423e-02,-3.934144380118065243e+01,-2.829085662961006165e-02
1.878014604250590192e-01,2.632630057632923126e-02,-1.659565729399522377e-02,1.222266420048824358e+02,2.963379397988319397e-02
1.878870874643325806e-01,1.940504709879557407e-02,-2.411545937259992195e-02,1.411773226721514050e+02,3.713314607739448547e-02
1.885569989681243896e-01,-2.678398912151654793e-02,-1.578264155735572410e-02,-1.205089979454048859e+02,2.707162871956825256e-02
1.892979790767033987e-01,6.666027009487153834e-03,3.034361948569615913e-02,1.239018254239817018e+01,-2.487483061850070953e-02
1.894461611906687604e-01,-3.116445988416672100e-02,1.722006102985082152e-03,-8.683731231772620163e+01,5.873707123100757599e-03
1.898209402958552228e-01,3.125329253574211930e-02,1.076331633764008103e-03,8.802757112948873441e+01,-1.181281288154423237e-03
1.900012195110321045e-01,2.992784542342027260e-02,-9.655427653342487163e-03,1.078809230003080444e+02,9.198379702866077423e-03
1.904334078232447491e-01,-3.113875165581703533e-02,-4.401269703521393239e-03,-9.804511080579430882e+01,8.430761285126209259e-03
1.905671109755833759e-01,4.336094483733178052e-03,-3.110401021937529362e-02,1.720637558156944351e+02,4.103571549057960510e-02
1.909458786249160767e-01,1.037878092999259746e-02,-2.979341521859169006e-02,1.607937983161343141e+02,4.581937193870544434e-02
1.916210005680719919e-01,-2.867883692185083794e-02,1.301501380900542057e-02,-6.559052918348396588e+01,-7.370106875896453857e-03
1.916256695985794067e-01,-1.626855445404847694e-02,-2.724179315070311344e-02,-1.491547300199755739e+02,4.520982503890991211e-02
1.923863540093104230e-01,2.370694962640603615e-02,2.124557519952456272e-02,4.813409942143194797e+01,-2.285462804138660431e-02
1.924218982458114902e-01,-2.099576282004515446e-02,-2.377000078558921814e-02,-1.385462168591977843e+02,3.534240648150444031e-02
1.926762312650680542e-01,2.949069254100322723e-02,1.193670385206739223e-02,6.796378146265432463e+01,-5.602194927632808685e-03
1.926981806755065918e-01,1.908591265479723728e-02,2.533582101265589512e-02,3.699134768717920707e+01,-2.688221447169780731e-02
1.930095950762431012e-01,2.808594455321630073e-02,-1.497407040248314655e-02,1.180643862199968055e+02,1.455624494701623917e-02
1.932745228211085187e-01,3.143238089978694916e-02,-5.043760446521143408e-03,9.911618758784655370e+01,-5.679762922227382660e-03
1.933757315079371319e-01,-2.038039173930883408e-02,2.428904486199219906e-02,-3.999925685320911128e+01,-2.313242107629776001e-02
1.936665823062261038e-01,-3.123293506602446701e-02,6.443376551032997668e-03,-7.834337275200496720e+01,-4.473315551877021790e-03
1.945411115884781161e-01,-7.972818644096454563e-03,-3.115608108540376259e-02,-1.656460796081066178e+02,4.640186205506324768e-02
1.949064830938975201e-01,3.150836688776810501e-02,6.449572858400642872e-03,7.843170159245033801e+01,-4.745292477309703827e-03
1.950788795948028564e-01,-2.922572878499826027e-02,-1.345765590667724783e-02,-1.147247890533460577e+02,1.081635244190692902e-02
1.956265121698379517e-01,-9.333266876637932169e-03,3.050598998864491665e-02,-1.701142115997873461e+01,-2.489886432886123657e-02
1.956299940745035992e-01,1.905262346069018162e-02,-2.587393174568812515e-02,1.436334184009697594e+02,3.700417652726173401e-02
1.960417876640955515e-01,7.126679954429470699e-03,3.138933144509792328e-02,1.279166616057572448e+01,-2.344379387795925140e-02
1.964761217435201102e-01,-3.156691417098045349e-02,-7.144073436696392505e-03,-1.027520892491481845e+02,-2.686656080186367035e-03
1.965168565511703491e-01,1.405077152109395627e-03,-3.245577712853749824e-02,1.775210960848981188e+02,3.031746111810207367e-02
1.970516641934712820e-01,1.321451598778367216e-02,-2.972051935891310837e-02,1.560288245390118220e+02,4.321108013391494751e-02
1.970518032709757672e-01,-2.819188311696052551e-02,1.633587386459112167e-02,-5.990972008971149876e+01,-2.361560426652431488e-02
1.973994225263595581e-01,-1.349117203305165089e-02,-2.969519793987274170e-02,-1.555666723104408220e+02,4.786730930209159851e-02
1.978918264309565411e-01,-1.655266092469294750e-02,2.821364253759384155e-02,-3.039972075640316262e+01,-2.439031377434730530e-02
1.982636650403340473e-01,-2.519587861994902409e-02,2.097793730596701420e-02,-5.021943782242701104e+01,-3.080158121883869171e-02
1.982849190632502423e-01,2.545368547240893509e-02,2.074997810026010109e-02,5.081290019984790973e+01,-2.862726151943206787e-02
1.983722696701685773e-01,2.788998062411944187e-02,-1.710912243773540092e-02,1.215270549277232561e+02,5.288125481456518173e-03
1.984690378109613962e-01,-4.294540791306644678e-03,-3.255333006381988525e-02,-1.724847523945304317e+02,3.446913883090019226e-02
1.986548056205113544e-01,2.841468652089437080e-02,1.649581299473842216e-02,5.986319480936025172e+01,-2.316514961421489716e-02
1.993972063064575195e-01,-2.368895088632901741e-02,-2.283183299005031586e-02,-1.339444786139140149e+02,3.094568848609924316e-02
2.001507530609766550e-01,1.786698773503303528e-02,2.785208697120349075e-02,3.267998809133657545e+01,-3.773048520088195801e-02
2.002069801092147827e-01,2.697954885661608092e-03,3.303819522261619568e-02,4.668511098666579429e+00,-2.494659833610057831e-02
2.002210716406504221e-01,-3.237851647039254738e-02,6.371845078926222442e-03,-7.886689095190797616e+01,-9.566460736095905304e-03
2.003549287716547833e-01,-2.797743988533814632e-02,-1.744000644733508659e-02,-1.219377475488851417e+02,1.408938039094209671e-02
2.003903885682423724e-01,2.314511748651663578e-02,-2.318014639119307663e-02,1.350433242651722878e+02,2.163770049810409546e-02
2.012843141953150339e-01,-4.591494177778558151e-03,3.258049860596656799e-02,-8.021734299058453033e+00,-2.402486465871334076e-02
2.015267908573150635e-01,1.319088879972696304e-02,3.059769421815872192e-02,2.332122586862940850e+01,-3.484884276986122131e-02
2.022498697042465488e-01,3.228299381832281517e-02,8.117778808809816837e-03,7.588522410374537230e+01,-1.762419193983078003e-02
2.022738456726074219e-01,-3.096245291332403934e-02,1.250803874184687990e-02,-6.800255210897910274e+01,-2.191173285245895386e-02
2.028114497661590576e-01,3.278939301768939163e-02,-6.368897894086938266e-03,1.009920617313555340e+02,-1.143755670636892319e-02
2.031742284695307599e-01,4.376152161664019317e-03,-3.338354453444480896e-02,1.725318451035971350e+02,2.432263456284999847e-02
2.033302684624989920e-01,1.014290455107887644e-02,-3.195888176560401917e-02,1.623919372378042283e+02,3.243259340524673462e-02
2.038906713326772424e-01,2.246813227732976509e-02,2.497140504419803619e-02,4.197943795329786809e+01,-4.529756307601928711e-02
2.040713628133137836e-01,3.024542704224586487e-02,1.481447368860244751e-02,6.390398461342444136e+01,-3.007575683295726776e-02
2.040786643822987967e-01,-3.336353848377864029e-02,-4.559007419932943790e-03,-9.778107080865214584e+01,-1.122014969587326050e-02
2.049008210500081195e-01,3.108889361222585274e-02,-1.311561713616053379e-02,1.128736497699777743e+02,-5.827533081173896790e-03
2.052017748355865479e-01,-2.465651743113994598e-02,2.325269269446532047e-02,-4.667838760861781822e+01,-3.612497076392173767e-02
2.054335176944732944e-01,-1.529537669072548664e-02,-3.032669238746166229e-02,-1.532357418940111131e+02,3.191178292036056519e-02
2.056195139884948730e-01,-1.969075202941894531e-02,2.761273396511872494e-02,-3.549282091475829759e+01,-2.793438360095024109e-02
2.059130072593688965e-01,-3.397824739416440559e-02,1.787615372450090728e-03,-8.698841220743638303e+01,-1.580022834241390228e-02
2.062797645727793283e-01,-4.841606035673369675e-03,-3.380995492140452530e-02,-1.718506131616496475e+02,1.067475229501724243e-02
2.066181500752767297e-01,5.283761303871873510e-03,3.381957982977231575e-02,8.879752800781162136e+00,-2.884409204125404358e-02
2.066350728273391724e-01,-2.076594717800617218e-02,-2.693511980275313175e-02,-1.423691511833941661e+02,2.485757879912853241e-02
2.068273375431696759e-01,2.279959370692571236e-02,-2.508912980556488037e-02,1.377371985299984942e+02,3.802975639700889587e-02
2.070271074771881104e-01,3.374946365753810074e-02,5.121688785341879310e-03,8.137085378789423373e+01,-8.102614432573318481e-03
2.077468832333882742e-01,1.134797014916936672e-02,3.230189718306064606e-02,1.935687046860259386e+01,-3.998400270938873291e-02
2.077972839275995798e-01,-3.024065122008324016e-02,-1.603248249739408493e-02,-1.179308923722213933e+02,1.868122140876948833e-03
2.081033388773600445e-01,3.430595373113949631e-02,-1.723891628595689571e-03,9.287672234853965847e+01,-7.610019296407699585e-03
2.084553341070811139e-01,-3.104138684769471718e-02,1.474144371847311771e-02,-6.459712391498661077e+01,-2.714261971414089203e-02
2.087547232707341882e-01,-7.765777098635830156e-03,3.339674944678942825e-02,-1.309041387552052349e+01,-3.070966340601444244e-02
2.087795088688532419e-01,6.608712525727840261e-04,-3.451138734817504883e-02,1.789029561214063904e+02,6.673437077552080154e-03
2.099739064772923880e-01,2.923472163577874733e-02,1.852634269744157791e-02,5.763714591740733084e+01,-3.141457960009574890e-02
2.101237773895263672e-01,-3.328556443254153396e-02,-9.465065939972797451e-03,-1.058736042939257658e+02,-9.938399307429790497e-03
2.101631015539169312e-01,2.441842791934808327e-02,2.442910894751548767e-02,4.498747167484069820e+01,-4.117427766323089600e-02
2.101714015007019043e-01,-2.773145586252212524e-02,2.084403422971566749e-02,-5.307006121364538132e+01,-3.416988253593444824e-02
2.103859335184097290e-01,-1.032408854613701445e-02,-3.304420039057731628e-02,-1.626494886938653508e+02,6.651948671787977219e-03
2.107951641082763672e-01,1.290056357781092441e-02,-3.232317045331001282e-02,1.582424673362676799e+02,1.579816266894340515e-02
2.113585174083709717e-01,1.859028792629639423e-02,-2.958658089240392280e-02,1.478574108068829958e+02,2.583295106887817383e-02
2.122300267219543457e-01,-1.879311415056387699e-02,2.961826634903748715e-02,-3.239557403449926909e+01,-4.032444208860397339e-02
2.123119334379831857e-01,2.768076894183953487e-02,-2.160200973351796699e-02,1.279683970416801344e+02,1.866726018488407135e-02
2.124035358428955356e-01,3.122520570953687263e-02,-1.569952101757129265e-02,1.166924994172170216e+02,-8.840456604957580566e-03
2.126330385605494366e-01,2.585806418210273658e-03,3.515169521172841621e-02,4.207177510536196152e+00,-3.608189523220062256e-02
2.132742802302042828e-01,-1.408753326783577717e-02,3.238388895988464355e-02,-2.350984593979130111e+01,-4.232603311538696289e-02
2.133782754341761456e-01,-3.489848598837852478e-02,4.661465218911569480e-03,-8.239191381852107554e+01,-1.852764934301376343e-02
2.133918404579162598e-01,-2.373512337605158951e-02,-2.575501116613547123e-02,-1.373371698202984703e+02,2.431497722864151001e-02
2.135963290929794312e-01,-2.892133841911951816e-02,-2.024420040349165714e-02,-1.249910409567145706e+02,1.818182691931724548e-02
2.136922776699066162e-01,-3.174282920857265933e-03,3.518656144539515640e-02,-5.154866479829233405e+00,-3.886919841170310974e-02
2.138678282499313354e-01,-3.337768899897734787e-02,1.147909990201393879e-02,-7.102111946014561283e+01,-1.752476952970027924e-02
2.148876835902532034e-01,3.431964914004007744e-02,9.125512248526018028e-03,7.510972967962877078e+01,-1.660125330090522766e-02
2.150463064511616840e-01,1.221186776335040844e-02,3.332650847733020782e-02,2.012440297267981038e+01,-4.853993654251098633e-02
2.158274799585342685e-01,-2.726767212152481079e-02,2.300614925722281254e-02,-4.984516533206415545e+01,-3.075337782502174377e-02
2.160129894812901907e-01,3.184247389435768127e-02,1.583347128083308769e-02,6.356142503205511929e+01,-2.746165357530117035e-02
2.170903186003367291e-01,2.245041169226169586e-02,2.786224335432052612e-02,3.886064025652352427e+01,-3.956675902009010315e-02
2.172562579313914166e-01,2.521721025307972503e-03,-3.582067290941874649e-02,1.759731076373611529e+02,4.724848549813032150e-03
2.174350619316101352e-01,3.586299220720926689e-02,-1.842312980443238995e-03,9.294074880578145326e+01,-1.437144540250301361e-02
2.174683660268783569e-01,-2.329509581128756321e-02,2.742034010589123119e-02,-4.034974186617481706e+01,-4.509852454066276550e-02
2.180980145931243896e-01,-3.485786293943723274e-02,-8.842229998360078697e-03,-1.042337248819303142e+02,-2.399623021483421326e-02
2.185029983520507812e-01,6.147658918052915228e-03,3.560842821995417740e-02,9.795336644006912508e+00,-4.591213539242744446e-02
2.186892678340276175e-01,2.144248752544323719e-02,-2.902884781360626221e-02,1.435481510683228237e+02,1.689863763749599457e-02
2.188679327567418509e-01,2.670613241692384315e-02,-2.435108770926793648e-02,1.323590698828749055e+02,2.108540758490562439e-02
2.191158731778462820e-01,8.994660961131254254e-03,-3.505711878339450027e-02,1.656099318711148385e+02,5.739612504839897156e-03
2.192185670137405396e-01,3.385979558030764724e-02,-1.285263399283091343e-02,1.107859566662042425e+02,-1.560583617538213730e-02
2.193916638692220422e-01,-9.535957283029954795e-03,-3.479003285368283821e-02,-1.646716862487784567e+02,-5.230157636106014252e-03
2.194933493932088309e-01,1.668791472911834717e-02,3.217475799222786759e-02,2.741418085757289802e+01,-4.936433956027030945e-02
2.207129647334416800e-01,-2.363535948097705841e-02,-2.763196701804796970e-02,-1.394575478341743349e+02,1.968873851001262665e-02
2.208349605401356830e-01,-3.314911884566148353e-02,1.515605331708987612e-02,-6.542972580677853500e+01,-2.665556035935878754e-02
2.209468533595402850e-01,-3.647184123595555855e-02,2.176790304171541748e-03,-8.658440277800683305e+01,-2.357647381722927094e-02
2.210331012805302753e-01,3.606362144152323868e-02,5.201299209147690859e-03,8.179307097522251979e+01,-1.559516973793506622e-02
2.210785448551177979e-01,-3.034903295338153839e-02,2.058051216105620182e-02,-5.585772713866315087e+01,-3.285690769553184509e-02
2.214032908280690604e-01,-1.387269143015146255e-02,3.393025820453961922e-02,-2.223764022795206685e+01,-5.608583241701126099e-02
2.214691589275995798e-01,-7.550935260951516410e-03,3.570735578735669685e-02,-1.194027012392267473e+01,-5.298157408833503723e-02
2.217510739962260113e-01,3.606299435098965500e-02,-6.404645120104153662e-03,1.000705040821745229e+02,-1.996724680066108704e-02
2.221899181604385376e-01,-3.144495810071627762e-02,-1.908237549165884769e-02,-1.212514735327527404e+02,-2.189591759815812111e-03
2.227979401747385846e-01,-3.672566389044126106e-02,-3.677044257832071204e-03,-9.571750981811298686e+01,-3.151972591876983643e-02
2.229858885208765573e-01,3.109793985883394993e-02,1.956556613246599949e-02,5.782355718294628844e+01,-3.195821121335029602e-02
2.237622439861297607e-01,-2.192624999831120462e-03,-3.686507294575373794e-02,-1.765962271358005751e+02,-3.155942540615797043e-03
2.238740225632985525e-01,2.652217137316862858e-02,2.569157195587953163e-02,4.591136594279699068e+01,-3.430362045764923096e-02
2.242231120665868493e-01,-2.377490637203057838e-02,2.849591461320718361e-02,-3.983914899578853408e+01,-5.126062408089637756e-02
2.243651101986567087e-01,-3.433656940857569839e-02,-1.424782164394855499e-02,-1.125358098975043646e+02,-3.256112709641456604e-02
2.256998121738433838e-01,-2.078217888871828831e-02,-3.104784650107224667e-02,-1.462032403873389512e+02,3.080733120441436768e-03
2.258601536353429251e-01,3.561852499842649809e-03,3.712176531553268433e-02,5.480781041099604955e+00,-5.447063595056533813e-02
2.261828631162643433e-01,-1.462324103340506727e-02,-3.430829569697380066e-02,-1.569148196447314660e+02,2.879068022593855858e-03
2.263511965672175275e-01,-2.922006137669086803e-02,-2.334356556336085117e-02,-1.286209488179520122e+02,1.632725819945335388e-03
2.264224638541539603e-01,1.870356158663829399e-02,-3.229755784074465896e-02,1.499248069253937388e+02,1.454614452086389065e-03
2.266823053359985629e-01,2.999317149321238662e-02,-2.239170608421166622e-02,1.267435517066032702e+02,-4.945260938256978989e-03
2.269413371880849017e-01,3.360239788889884949e-02,-1.679574108372132099e-02,1.165576056917319647e+02,-1.412878744304180145e-02
2.270245055357615338e-01,-2.841437483827273167e-02,2.440772081414858963e-02,-4.933768501303342902e+01,-4.616585373878479004e-02
2.271137833595276156e-01,-1.905808287362257755e-02,3.224021010100841522e-02,-3.058851187039475761e+01,-6.024634093046188354e-02
2.272345324357350482e-01,-3.538003191351890564e-02,1.258421565095583713e-02,-7.042019100464875692e+01,-3.575666993856430054e-02
2.274124224980672293e-01,1.194545937081178261e-02,-3.558923924962680008e-02,1.614457721410018962e+02,3.303783014416694641e-04
2.277670751015345441e-01,-4.376652340094241804e-03,3.718582664926847053e-02,-6.712647141774112036e+00,-5.875277146697044373e-02
2.277711133162180768e-01,3.650400166710217331e-02,8.566902950406074524e-03,7.679261117335830988e+01,-2.674939855933189392e-02
2.278359780708948956e-01,-3.718195731441180374e-02,6.422587321139872074e-03,-8.019977839080667081e+01,-3.167470544576644897e-02
2.285985946655273438e-01,3.401549533009529114e-02,1.622321084141731262e-02,6.450184999958298704e+01,-3.225203976035118103e-02
2.289048979679743634e-01,1.476704732825358767e-02,3.478205949068069458e-02,2.300410212257066433e+01,-4.829860106110572815e-02
2.310112913449605121e-01,3.766244774063427780e-02,-6.332797929644584656e-03,9.954478295362712004e+01,-1.797708496451377869e-02
2.314915607372919903e-01,2.521787521739801002e-02,2.870243787765502930e-02,4.130244182602277903e+01,-4.754653945565223694e-02
2.316504816214243756e-01,-3.794278452793757583e-02,-5.618702038191258907e-03,-9.842334699209717996e+01,-4.335424304008483887e-02
2.318150103092193604e-01,7.705193944275382650e-03,3.744714707136154175e-02,1.162700982611236356e+01,-5.603270232677459717e-02
2.323842992385228567e-01,-3.647347042957942154e-02,-1.200629708667596239e-02,-1.082204544456610051e+02,-4.775361344218254089e-02
2.326986243327458792e-01,2.242330958445867134e-02,-3.106582288940747810e-02,1.441782506091872733e+02,1.409870386123657227e-02
2.327798008918762207e-01,2.844927459955215454e-02,-2.583773123721281803e-02,1.322458391285950370e+02,3.512059338390827179e-03
2.336648752291997366e-01,3.621756782134373520e-02,-1.319727239509423805e-02,1.100211686912458049e+02,-1.701352559030056000e-02
2.340420881907145367e-01,-2.996862928072611607e-02,-2.443443735440572334e-02,-1.291915253476390149e+02,-1.661385595798492432e-02
2.341054628292719708e-01,-3.098688895503680027e-02,2.285799756646156311e-02,-5.358503780109028725e+01,-4.791547358036041260e-02
2.341194053490956994e-01,1.922524813562631607e-02,3.348041077454885078e-02,2.986546727335265317e+01,-5.174393951892852783e-02
2.341512391964594708e-01,-1.223862520419060533e-03,-3.866529713074366714e-02,-1.781870370066121723e+02,-6.930631934665143490e-04
2.345590740442276001e-01,-3.515246013800303604e-02,1.645895124723513805e-02,-6.491024520816885968e+01,-4.370763897895812988e-02
2.346912423769633160e-01,-2.507738582789897919e-02,-2.953638757268587864e-02,-1.396676238694805079e+02,-2.879885723814368248e-03
2.348633259534835815e-01,3.837327907482783462e-02,5.563328120236596917e-03,8.175077878904170348e+01,-2.817383967339992523e-02
2.351430555184682303e-01,-1.769256126135587692e-02,3.440449821452300216e-02,-2.721455656072394191e+01,-5.851687863469123840e-02
2.352422575155894147e-01,3.341194863120715286e-02,1.975704170763492584e-02,5.940346805644649208e+01,-3.812649846076965332e-02
2.357304791609446115e-01,-9.332886897027489054e-03,3.757301717996597290e-02,-1.394957044184875450e+01,-6.012756749987602234e-02
2.357367873191833496e-01,-1.279892011856039423e-02,-3.678371508916219307e-02,-1.608146220086991036e+02,-7.589001674205064774e-03
2.363952000935872766e-01,-3.880768766005834175e-02,5.469593646315237465e-03,-8.197751850582287148e+01,-3.801936656236648560e-02
2.366294066111246930e-01,1.023132416109244144e-02,-3.783251841862996651e-02,1.648670743995039345e+02,9.069278836250305176e-03
2.370596776405970163e-01,3.916782016555468704e-02,-1.432717079296708974e-03,9.209488449602464755e+01,-2.674480900168418884e-02
2.372470895449320660e-01,2.919009700417518616e-02,2.611026292045911384e-02,4.818767166297791249e+01,-5.107558518648147583e-02
2.383586168289184848e-01,-3.931469221909841133e-02,-7.178611510122814322e-04,-9.104606806778458861e+01,-4.175565391778945923e-02
2.393345832824707031e-01,-6.742873888773223343e-03,-3.906567643086115982e-02,-1.702070356771633897e+02,-1.323534734547138214e-02
2.395945837100347253e-01,-2.936065072814623630e-02,2.637648644546667850e-02,-4.806468783403122558e+01,-4.437723755836486816e-02
2.398752073446909772e-01,4.731147976902624550e-03,-3.942947958906491829e-02,1.731577846495338520e+02,-8.581680012866854668e-04
2.401762455701828003e-01,-2.265089532981316364e-02,3.230113846560319496e-02,-3.503972831948041744e+01,-4.738786444067955017e-02
2.404217670361201153e-01,-3.704523046811421944e-02,-1.447001223762830330e-02,-1.113358113851984683e+02,-4.460574313998222351e-02
2.404376318057378226e-01,4.143341444432743249e-03,3.940584510564804077e-02,6.002330050810131823e+00,-6.437183171510696411e-02
2.404399712880452844e-01,-3.771052757898966934e-02,1.195905186856786526e-02,-7.240473798627120061e+01,-4.245601221919059753e-02
2.404781182607015066e-01,2.132984499136606968e-02,-3.350796923041343689e-02,1.475207857722010658e+02,-7.016615942120552063e-03
2.411895195643107281e-01,-3.401732134322325851e-02,-2.071088862915833675e-02,-1.213344600916197322e+02,-2.924072742462158203e-02
2.412211944659551355e-01,3.620430827140808105e-02,1.671047632892926765e-02,6.522382147272242037e+01,-5.203566327691078186e-02
2.416697442531585971e-01,3.867713237802188064e-02,1.017307063254217422e-02,7.526353376379468330e+01,-4.758564382791519165e-02
2.417650620142618723e-01,3.072439382473627495e-02,-2.563886965314547683e-02,1.298442977672685572e+02,-1.033766753971576691e-02
2.418771187464396344e-01,-2.346428297460079193e-02,-3.223435021936893463e-02,-1.439480818416004695e+02,-1.757704280316829681e-02
2.418888757626215802e-01,3.711713477969169617e-02,-1.475434905538956440e-02,1.116782047357454246e+02,-2.363503538072109222e-02
2.424396127462387363e-01,-1.734475512057542801e-02,-3.622122853994369507e-02,-1.544122871291301351e+02,-2.208449319005012512e-02
2.424461791912714825e-01,-4.956234556933238576e-03,3.946765388051669265e-02,-7.157572213767817715e+00,-6.418456137180328369e-02
2.432828197876612530e-01,1.712185734262069298e-02,3.628400837381680344e-02,2.526189337885766406e+01,-6.156555935740470886e-02
2.434189418951670514e-01,1.589596178382635464e-02,-3.698298335075378418e-02,1.567410834967308801e+02,-1.092180516570806503e-02
2.454083810249964581e-01,2.844199972848097946e-02,2.890573193629582954e-02,4.453669799204446633e+01,-6.092405691742897034e-02
2.459967533747355051e-01,3.474810843666394783e-02,-2.108334315319856239e-02,1.212471959813459677e+02,-2.417183853685855865e-02
2.462046196063359671e-01,2.684363474448521816e-02,-3.059391739467779911e-02,1.387357231637749067e+02,-1.762695051729679108e-02
2.466151813666025983e-01,4.068749149640401436e-02,-2.973969637726744594e-03,9.418048446888157343e+01,-4.116007685661315918e-02
2.466909339030583515e-01,9.101804035405322568e-03,3.954435512423515320e-02,1.296184970640153722e+01,-6.645935028791427612e-02
2.471684714158376428e-01,-4.069995507597923279e-02,-2.446319131801525174e-03,-9.343969259642287284e+01,-4.318211600184440613e-02
2.479110956192016879e-01,-3.832669307788212631e-02,1.398707662398616589e-02,-6.995077571787881254e+01,-4.825557023286819458e-02
2.480025937159856531e-01,-3.225414082407951355e-02,2.538205621143182350e-02,-5.179939642864508187e+01,-5.165667459368705750e-02
2.483530690272648944e-01,-2.230049824963013447e-02,3.427649165193240310e-02,-3.304827776786015647e+01,-5.778756737709045410e-02
2.484978040059407922e-01,-3.989980742335319519e-02,-9.810875169932843989e-03,-1.038142766709405578e+02,-4.163283482193946838e-02
2.487907956043879099e-01,4.008168602983157303e-02,-9.431127148369949226e-03,1.032407125232393383e+02,-3.901386260986328125e-02
2.488162666559219638e-01,2.236638714869817329e-02,3.430150449275970459e-02,3.310646741727126141e+01,-6.721662729978561401e-02
2.490286280711492273e-01,-3.329901210963726044e-02,-2.397074053684870865e-02,-1.257487329382161931e+02,-2.738320827484130859e-02
2.490670730670293542e-01,-2.763721719384193420e-02,-3.039225190877914429e-02,-1.377181606855719451e+02,-2.945349365472793579e-02
2.494230320056279315e-01,-7.108716488194962921e-03,-4.070713991920153763e-02,-1.700942861585959349e+02,-2.915064804255962372e-02
2.495173811912536621e-01,3.626393402616183426e-02,1.983398447434107578e-02,6.132424409652895747e+01,-6.867080181837081909e-02
2.508002469937006818e-01,4.503882761734228496e-03,-4.128767053286235000e-02,1.737744819021115745e+02,-1.553740072995424271e-02
2.510894934336344586e-01,-1.381951974083979809e-02,-3.905997176965077949e-02,-1.605160880035215030e+02,-3.619024902582168579e-02
2.510954489310582849e-01,4.064990952610969543e-02,8.929372221852343444e-03,7.761087750020115550e+01,-6.330033391714096069e-02
2.513851970434188843e-01,-8.869708515703674662e-03,4.041949038704236580e-02,-1.237688566870957807e+01,-6.660412997007369995e-02
2.516997357209523889e-01,3.272347711026668549e-02,2.567601886888345314e-02,5.188099180162670621e+01,-6.461010873317718506e-02
2.519418895244598389e-01,-3.606056546171505783e-02,2.099375737210114681e-02,-5.979287102872493875e+01,-6.084520742297172546e-02
2.528602729241053448e-01,1.618303948392470562e-02,-3.856743872165679932e-02,1.572368991636464557e+02,-2.938864752650260925e-02
2.530368814865748273e-01,-2.859742815295855320e-02,3.053079110880693031e-02,-4.312722103566959220e+01,-6.576026976108551025e-02
2.538445343573887958e-01,4.186572755376498367e-02,2.778377151116727915e-03,8.620319029167171720e+01,-5.830379202961921692e-02
2.538940707842508582e-01,-1.687898579984903336e-02,3.837956984837850166e-02,-2.373945669074689846e+01,-6.941463053226470947e-02
2.547117819388707849e-01,2.672606706619262695e-02,-3.252550152440866066e-02,1.405901991826808910e+02,-3.107546456158161163e-02
2.551647275686264038e-01,-1.816970335009198334e-03,-4.216495156288146973e-02,-1.775325391920449363e+02,-3.128759562969207764e-02
2.552899519602457867e-01,-4.210971668362617493e-02,2.879259021331866727e-03,-8.608847944217654913e+01,-5.648392066359519958e-02
2.553070684274038049e-01,-4.110271483659744263e-02,9.899535371611516837e-03,-7.645829710307042149e+01,-6.478971987962722778e-02
2.554616431395212994e-01,3.619113564491271973e-02,-2.174347576995690895e-02,1.209972636308688720e+02,-4.106770083308219910e-02
2.557652493317921771e-01,3.944454093774159981e-02,1.508073539783557487e-02,6.907676662911271137e+01,-7.672617584466934204e-02
2.559910168250402185e-01,4.958462590972588860e-03,4.176146288712819649e-02,6.771197881134185081e+00,-7.702875882387161255e-02
2.565107842286428186e-01,-2.541823002199332035e-02,-3.386192334194978310e-02,-1.431065157965511787e+02,-3.577271848917007446e-02
2.569957772890726910e-01,1.029113664602239984e-02,-4.127516473333041336e-02,1.659998924997096310e+02,-2.407679520547389984e-02
2.570891678333282471e-01,-3.693718711535136368e-02,-2.069695666432380676e-02,-1.192631502917709554e+02,-4.788468778133392334e-02
2.573260962963104248e-01,-4.051007330417633057e-02,-1.277796768893798424e-02,-1.075066773393635060e+02,-4.676930233836174011e-02
2.577653129895527973e-01,2.196177467703819275e-02,3.637285530567169189e-02,3.112339998679712494e+01,-7.341043651103973389e-02
2.579707105954488489e-01,-1.772006042301655163e-02,-3.854276488224665786e-02,-1.553093634510977950e+02,-3.800202161073684692e-02
2.580368618170419959e-01,4.117250318328539993e-02,-1.130378556748231136e-02,1.053521161561313022e+02,-5.823315680027008057e-02
2.584266116221746179e-01,2.149935501317183292e-02,-3.702400873104731704e-02,1.498568281415398644e+02,-3.893197327852249146e-02
2.586767325798670081e-01,-3.913473958770426545e-03,4.257478937506675720e-02,-5.251868808189142257e+00,-7.736080884933471680e-02
2.605998317400614050e-01,3.965097914139430191e-02,-1.728714009126027656e-02,1.135563677585614926e+02,-5.975019559264183044e-02
2.606478234132131311e-01,3.240710434814294411e-02,2.838384918868541718e-02,4.878641646080979655e+01,-8.705564588308334351e-02
2.615771989027659283e-01,-2.922689293821652962e-02,3.188461251556873322e-02,-4.250979426860833854e+01,-8.095397800207138062e-02
2.621029814084371301e-01,3.056991100311279297e-02,-3.090535104274750103e-02,1.353126315720019761e+02,-3.716115653514862061e-02
2.621493041515350342e-01,3.443272163470585678e-02,-2.660435996949673046e-02,1.276913823667732828e+02,-5.246367678046226501e-02
2.623182535171508789e-01,-3.780459364255268906e-02,2.141085391243299080e-02,-6.047469815082212818e+01,-7.887355238199234009e-02
2.629739443461100445e-01,4.342357441782951355e-02,8.128583431243907326e-04,8.892758912130955196e+01,-7.334241271018981934e-02
2.631987830003102991e-01,-2.940129985411962105e-02,-3.205396110812823440e-02,-1.374715867569059071e+02,-4.075000435113906860e-02
2.633055150508880615e-01,2.772101449469725407e-02,3.368491306900978088e-02,3.945268791248758333e+01,-8.956339955329895020e-02
2.635183235009511127e-01,9.062148320178193758e-03,4.244824250539144112e-02,1.205099655314512042e+01,-8.419440686702728271e-02
2.635251681009928015e-01,-1.862204136947790897e-02,3.936203072468440201e-02,-2.531867011691945990e+01,-8.589340001344680786e-02
2.636939982573191510e-01,3.992135450243949890e-02,1.728033988426129139e-02,6.659416499409853429e+01,-7.499948889017105103e-02
2.637114723523457660e-01,1.667758915573358536e-02,4.036795099576314522e-02,2.244744583768018842e+01,-8.302021026611328125e-02
2.638156116008758545e-01,-3.525846203168233467e-02,-2.531050580243270065e-02,-1.256729104196053584e+02,-5.493226274847984314e-02
2.643359303474426270e-01,-4.371337716778119636e-02,9.823280076185804399e-05,-8.987124501047729552e+01,-6.614862382411956787e-02
2.644487520058950158e-01,-4.099344089627265930e-02,1.514436118304729462e-02,-6.972406784270087599e+01,-8.442436903715133667e-02
2.649906575679779053e-01,4.333615551392237808e-02,-6.812146864831447601e-03,9.893340229611345649e+01,-7.541799545288085938e-02
2.650386591752370569e-01,-2.881292253732682142e-03,-4.374957705537478592e-02,-1.762320132845897547e+02,-4.288113117218017578e-02
2.650427420934041711e-01,-4.291388144095738960e-02,-8.194437871376674537e-03,-1.008105339105218974e+02,-5.798328295350074768e-02
2.653246819972991943e-01,-1.601078857978185249e-02,-4.071880628665288521e-02,-1.585350602480359044e+02,-3.784707188606262207e-02
2.663942178090413782e-01,3.642437482873599197e-02,2.474141928056875633e-02,5.581351747259392226e+01,-8.938965201377868652e-02
2.665244837601979389e-01,-2.467301860451698303e-02,3.661277393500010635e-02,-3.397567523194553019e+01,-8.946004509925842285e-02
2.669192751248677942e-01,-3.462763379017512466e-02,2.715297415852546692e-02,-5.189852347287492762e+01,-8.487872779369354248e-02
2.676579157511393414e-01,1.033855679755409790e-02,-4.309311260779698921e-02,1.665090317681425631e+02,-4.146264493465423584e-02
2.686486542224884033e-01,-9.636302944272756577e-03,-4.344072937965393066e-02,-1.674928028676112888e+02,-4.712915048003196716e-02
2.694098452727000104e-01,-7.589189956585563890e-03,4.392581184705098701e-02,-9.802387238378486245e+00,-8.571024239063262939e-02
2.694965402285257605e-01,2.230073635776837898e-02,-3.869688386718432571e-02,1.500454613064790692e+02,-5.030469596385955811e-02
2.700812121232350482e-01,4.026411473751068115e-02,-1.964779508610566341e-02,1.160111198223073359e+02,-7.616476714611053467e-02
2.708733975887298584e-01,4.284392918149630691e-02,1.301122891406218153e-02,7.310704248184819676e+01,-7.437863945960998535e-02
2.708887060483297082e-01,4.450353359182675911e-02,5.355033092200756073e-03,8.313868596430981484e+01,-7.489380240440368652e-02
2.711284557978312360e-01,3.727953135967254639e-02,-2.512498820821444309e-02,1.239784736776481111e+02,-7.083356380462646484e-02
2.713363170623779297e-01,3.486980994542439490e-03,-4.469024389982223511e-02,1.755385043087991903e+02,-4.451678693294525146e-02
2.717494070529937744e-01,-1.428848008314768589e-02,4.275297373533248901e-02,-1.848015382280095409e+01,-9.143234044313430786e-02
2.719671428203582764e-01,2.800270852943261696e-02,-3.521923410395781662e-02,1.415118941693806960e+02,-5.579946935176849365e-02
2.721395095189412805e-01,-2.721161022782326092e-02,-3.584102851649125648e-02,-1.427931149837843066e+02,-4.712819308042526245e-02
2.723790307839711877e-01,-3.816701471805572510e-02,-2.372981421649456371e-02,-1.218707120679851101e+02,-6.317599862813949585e-02
2.725026110808054791e-01,-4.486782724658648636e-02,4.643821778396764813e-03,-8.409092461069664637e+01,-8.106634020805358887e-02
2.725983162720998498e-01,-4.315489282210668159e-02,1.266967381040255344e-02,-7.363849781451551735e+01,-9.103628993034362793e-02
2.728054821491241455e-01,-2.151926855246226108e-02,-3.982503215471903946e-02,-1.516156387417296116e+02,-4.199595004320144653e-02
2.729464272658030377e-01,2.632786892354488373e-02,3.668039540449778702e-02,3.566942548509452138e+01,-1.010906621813774109e-01
2.733224232991536273e-01,4.103685729205615307e-03,4.498596489429473877e-02,5.212179556958259852e+00,-9.751316159963607788e-02
2.737607558568319055e-01,1.971385224411885059e-02,4.076336200038592483e-02,2.580919713437151941e+01,-9.599433839321136475e-02
2.745502988497415808e-01,-4.390208298961321975e-02,-1.123766880482435226e-02,-1.043577878318027246e+02,-8.346758037805557251e-02
2.745923399925231934e-01,1.703184098005294800e-02,-4.205826173226039078e-02,1.579541065237430644e+02,-5.814721807837486267e-02
2.746793230374654504e-01,4.440174375971158577e-02,-9.766109598179658832e-03,1.024046195702390349e+02,-9.369474649429321289e-02
2.751603722572326660e-01,3.608755394816398621e-02,2.769278486569722378e-02,5.249817052426838160e+01,-9.357454627752304077e-02
2.757965524991353168e-01,-2.508705295622348785e-02,3.818777203559875488e-02,-3.330248955989463866e+01,-9.573192149400711060e-02
2.764129936695098877e-01,-3.535545865694682266e-02,2.875385619699954987e-02,-5.087926226045397726e+01,-9.191521257162094116e-02
2.765282293160756799e-01,-3.675715997815125636e-03,4.565020774801572395e-02,-4.603476074059515533e+00,-9.869695454835891724e-02
2.767958641052246094e-01,-1.125882643585403645e-02,-4.443366949756940437e-02,-1.657813634844790727e+02,-5.489640682935714722e-02
2.772069076697031842e-01,4.285122702519099380e-02,-1.661840329567591465e-02,1.111971033254035603e+02,-9.292448312044143677e-02
2.773612141609191895e-01,-4.226320981979370117e-02,-1.818512690563996864e-02,-1.132813720633417063e+02,-8.175811916589736938e-02
2.789259552955627441e-01,3.659159565965335037e-02,-2.827239471177260197e-02,1.276913685354124937e+02,-8.168435096740722656e-02
2.790548900763193951e-01,3.067713789641857147e-02,3.433069710930188034e-02,4.178325641241554678e+01,-1.027678027749061584e-01
2.791115442911784039e-01,-3.640821079413096573e-02,-2.860063686966896404e-02,-1.281515685758592440e+02,-7.040975242853164673e-02
2.794395486513773785e-01,4.325114563107490540e-02,1.639593299478292812e-02,6.923894956888432262e+01,-8.298482745885848999e-02
2.794548173745473041e-01,-1.823379533986250675e-02,-4.251205176115036011e-02,-1.567850784563276250e+02,-5.591116100549697876e-02
2.794888516267141076e-01,-3.130996848146121170e-02,-3.396839586397012306e-02,-1.373320521201751774e+02,-6.854420155286788940e-02
2.795313497384389612e-01,4.625299200415611961e-02,1.971114271630843191e-03,8.755976360563568051e+01,-8.529899269342422485e-02
2.796718577543894080e-01,-1.879831776022911072e-02,4.218296955029170181e-02,-2.401955063980332028e+01,-1.040736585855484009e-01
2.798109650611877441e-01,3.117758346100648476e-02,-3.406564953426520492e-02,1.375346083362863396e+02,-8.195278048515319824e-02
2.803429861863454553e-01,-3.036875215669472897e-02,3.506049265464147163e-02,-4.089850681717067715e+01,-9.426233172416687012e-02
2.805294791857401715e-01,-4.642623042066892219e-02,1.535061746835708401e-03,-8.810623158885445605e+01,-8.211369067430496216e-02
2.805702189604441510e-01,-4.335677747925122810e-02,1.653252169489860535e-02,-6.912747902513979170e+01,-9.653237462043762207e-02
2.806714673837026330e-01,7.802711178859078958e-03,4.577666769425074722e-02,9.673197428671842957e+00,-1.160222515463829041e-01
2.807945013046264648e-01,1.580282580107450485e-03,-4.632727180918058685e-02,1.780463250900373282e+02,-6.031972169876098633e-02
2.809166510899861469e-01,1.579743685821691918e-02,4.363435630997022224e-02,1.990234553988877408e+01,-1.156776174902915955e-01
2.810263037681579590e-01,3.999175007144610550e-02,2.361640955011050022e-02,5.943678832725210981e+01,-8.779057115316390991e-02
2.813052535057067871e-01,4.623862107594808174e-02,-5.525023210793733597e-03,9.681392944811926782e+01,-1.020243614912033081e-01
2.818703552087148401e-01,-4.625998189051946236e-02,-6.053758164246876745e-03,-9.745557771702168282e+01,-9.268026798963546753e-02
2.823976476987203332e-01,-4.003490383426348831e-02,2.398468243579069889e-02,-5.907441544186498561e+01,-1.026446446776390076e-01
2.826440533002217981e-01,-6.410514159748951883e-03,-4.637954508264859749e-02,-1.721305206221470883e+02,-6.645132601261138916e-02
2.868294119834899902e-01,1.728849175075690067e-02,-4.414324462413787842e-02,1.586124414287743889e+02,-8.452488481998443604e-02
2.880206207434336529e-01,4.315824930866559578e-02,-2.032802067697048187e-02,1.152209628310370562e+02,-1.332780718803405762e-01
2.880236307779947547e-01,-3.675715997815124335e-03,4.756610840559005737e-02,-4.418803759736812609e+00,-1.305204778909683228e-01
2.886270284652709961e-01,-4.305738831559817459e-02,-2.080397245784600460e-02,-1.157883688523394738e+02,-1.128206774592399597e-01
2.886924246946970252e-01,3.988320132096608711e-02,-2.650481897095839298e-02,1.236064611314633623e+02,-1.273691356182098389e-01
2.888276974360148297e-01,-1.778895159562428677e-02,4.427037139733632637e-02,-2.189150549459693096e+01,-1.178233847022056580e-01
2.888669868310292377e-01,-1.858762713770071781e-02,-4.405400032798449661e-02,-1.571237449676017945e+02,-8.826908469200134277e-02
2.889551917711893902e-01,4.625935728351275589e-02,1.238196591536204136e-02,7.501524530420726933e+01,-1.224431917071342468e-01
2.890316843986511230e-01,4.760159924626350403e-02,5.613343014071385355e-03,8.327454596786635932e+01,-1.242421939969062805e-01
2.891850968201955530e-01,3.066968483229478432e-02,3.663723419109980034e-02,3.993330436604652078e+01,-1.269226223230361938e-01
2.891896863778432580e-01,-3.980448593695958687e-02,-2.679385989904403687e-02,-1.239459436639968573e+02,-1.059491336345672607e-01
2.893531719843546735e-01,8.688509153823058967e-03,-4.681512340903282166e-02,1.694859925168921109e+02,-8.364324271678924561e-02
2.895624538262685510e-01,-4.635926708579063416e-02,1.234415918588638306e-02,-7.508971434953410551e+01,-1.224882900714874268e-01
2.895669937133789062e-01,-3.098582476377487530e-02,-3.659814099470774795e-02,-1.397470714352751315e+02,-9.773811697959899902e-02
2.895774344603220252e-01,3.074749124546845638e-02,-3.673351556062698364e-02,1.400692566742943086e+02,-1.235720217227935791e-01
2.896174192428588867e-01,-4.771578560272852348e-02,5.372551269829274091e-03,-8.357584727929986457e+01,-1.180395558476448059e-01
2.899873455365499231e-01,3.699025449653475361e-03,4.789708430568377640e-02,4.416107973213899918e+00,-1.431543380022048950e-01
2.902325292428334924e-01,1.738822615394989765e-02,4.475178197026252747e-02,2.123354984220501507e+01,-1.452289074659347534e-01
2.903283635775247840e-01,-3.111086102823416508e-02,3.661811227599780227e-02,-4.035133122624794311e+01,-1.222725138068199158e-01
2.905419468879699707e-01,4.101936519145965576e-02,2.504274869958559788e-02,5.859550099234709108e+01,-1.284352093935012817e-01
2.908055881659190045e-01,4.758776351809501648e-02,-7.669273919115465049e-03,9.915510443433961996e+01,-1.371984779834747314e-01
2.909582952658334998e-01,-4.755176107088725235e-02,-8.002747781574726105e-03,-9.955310156581423087e+01,-1.281733810901641846e-01
2.912027239799499512e-01,-1.070155544827381885e-02,-4.686574141184489395e-02,-1.671373309499809636e+02,-9.410036355257034302e-02
2.913898825645446777e-01,-4.105523104468981888e-02,2.523600993057092262e-02,-5.842160645061773749e+01,-1.287636160850524902e-01
2.938899397850036621e-01,-9.365639959772423251e-03,4.754249006509781578e-02,-1.114429373388673206e+01,-1.430387496948242188e-01
2.939122716585794715e-01,2.451016319294770790e-02,-4.182350635528564453e-02,1.496280774902788266e+02,-1.300832331180572510e-01
2.941002945105234967e-01,-2.480402216315269470e-02,-4.167889306942622329e-02,-1.492421963758762899e+02,-1.132532209157943726e-01
2.943788866202036170e-01,2.439945004880428314e-02,4.198013370235761238e-02,3.016576261795764324e+01,-1.606624126434326172e-01
2.948062221209208356e-01,3.710771600405375625e-02,3.142566109697023796e-02,4.973951356472041141e+01,-1.583739966154098511e-01
2.949040532112121582e-01,-4.598804066578546929e-02,-1.580550397435824192e-02,-1.089671932075511478e+02,-1.500232517719268799e-01
2.949377695719401227e-01,-2.481979566315810001e-02,4.183279350399971008e-02,-3.068106052776937887e+01,-1.374918371438980103e-01
2.949933707714080811e-01,4.605790848533312942e-02,-1.561997768779595751e-02,1.087337400340471589e+02,-1.692224442958831787e-01
2.953906059265136719e-01,-3.711789473891258240e-02,3.156280331313610077e-02,-4.962418030840792937e+01,-1.460443586111068726e-01
2.954667111237844201e-01,-3.703668216864267754e-02,-3.167322588463624550e-02,-1.305365750292226323e+02,-1.326860934495925903e-01
2.956651747226715088e-01,3.708155949910482002e-02,-3.167291420201460983e-02,1.305020284014039191e+02,-1.639697849750518799e-01
2.957357366879781457e-01,4.546800876657168533e-02,1.761672987292210030e-02,6.882097711131851270e+01,-1.648062914609909058e-01
2.958122293154398230e-01,4.879138246178627708e-02,-3.786787080268068026e-04,9.044467393712605485e+01,-1.616499423980712891e-01
2.958536545435587195e-01,9.393500474592055699e-03,4.787181193629901077e-02,1.110164158017643032e+01,-1.704435199499130249e-01
2.959992885589599609e-01,-4.548674946029981209e-02,1.768491044640541077e-02,-6.875428809868751046e+01,-1.547280699014663696e-01
2.960542539755503522e-01,-4.882765437165896560e-02,-5.128666137655564505e-04,-9.060179036299942368e+01,-1.496835201978683472e-01
2.964360316594442102e-01,-6.204118868936348875e-03,-4.839253673950831558e-02,-1.726943016297024656e+02,-1.205201372504234314e-01
2.964360316594442102e-01,5.195148993304125710e-03,-4.839419201016426086e-02,1.738727249606749581e+02,-1.161946207284927368e-01
