"Time_Iter","Outer_Iter","Inner_Iter",    "Time(sec)"   ,    "Time(sec)"   ,    "rms[Rho]"    ,    "rms[RhoU]"   ,    "rms[RhoV]"   ,    "rms[RhoW]"   ,    "rms[RhoE]"   ,"Linear_Solver_Iterations",    "LinSolRes"   ,     "Min DT"     ,     "Max DT"     ,     "Min CFL"    ,     "Max CFL"    ,     "Avg CFL"    ,    "RefForce"    ,       "CD"       ,       "CL"       ,       "CSF"      ,       "CMx"      ,       "CMy"      ,       "CMz"      ,       "CFx"      ,       "CFy"      ,       "CFz"      ,      "CEff"      ,   "relrms[Rho]"  ,  "relrms[RhoU]"  ,  "relrms[RhoV]"  ,  "relrms[RhoW]"  ,  "relrms[RhoE]"  ,    "CD(nose)"    ,    "CD(body)"    ,    "CD(fins)"    ,    "CD(base)"    ,    "CL(nose)"    ,    "CL(body)"    ,    "CL(fins)"    ,    "CL(base)"    ,    "CSF(nose)"   ,    "CSF(body)"   ,    "CSF(fins)"   ,    "CSF(base)"   ,    "CMx(nose)"   ,    "CMx(body)"   ,    "CMx(fins)"   ,    "CMx(base)"   ,    "CMy(nose)"   ,    "CMy(body)"   ,    "CMy(fins)"   ,    "CMy(base)"   ,    "CMz(nose)"   ,    "CMz(body)"   ,    "CMz(fins)"   ,    "CMz(base)"   ,    "CFx(nose)"   ,    "CFx(body)"   ,    "CFx(fins)"   ,    "CFx(base)"   ,    "CFy(nose)"   ,    "CFy(body)"   ,    "CFy(fins)"   ,    "CFy(base)"   ,    "CFz(nose)"   ,    "CFz(body)"   ,    "CFz(fins)"   ,    "CFz(base)"   ,   "CEff(nose)"   ,   "CEff(body)"   ,   "CEff(fins)"   ,   "CEff(base)"   
          0,           0,           0,       3.417159124,       3.417159124,      -5.905347428,      -6.193733494,      -7.054279059,       -7.05590871,      -5.854194906,                         2,      -1.535068676,   0.0002278071549,      0.8320047902,               2.5,              5.25,       5.247864119,      0.0039269908,     0.07130946142,   -0.003827451229,   -0.002047814265,    0.003496585677,    0.007283995105,    0.000785927284,     0.07130946142,   -0.002047814265,   -0.003827451229,    -0.05367382045,                 0,                 0,                 0,                 0,                 0,       0.113347603,   9.932550487e-05,     0.06310878778,     -0.1052462549,   -0.003541861333,   0.0007771584641,   -0.001062748359,                 0,   -0.001787105235,  -0.0002589570962,  -1.751933746e-06,                 0,   -1.73000691e-05,   1.174042415e-05,    0.003502145322,                 0,    0.006056908075,   -0.008711669945,    0.009537933434,   0.0004008235413,   -0.003501014648,    0.004407925376,  -0.0002080451703,   8.706172726e-05,       0.113347603,   9.932550487e-05,     0.06310878778,     -0.1052462549,   -0.001787105235,  -0.0002589570962,  -1.751933746e-06,                 0,   -0.003541861333,   0.0007771584641,   -0.001062748359,                 0,    -0.03124778327,       7.824359565,    -0.01683994253,                -0
          0,           0,           1,       3.142043941,       3.279601532,      -5.951531521,      -5.902561179,      -6.519439795,      -6.525046106,      -5.874710416,                         2,      -1.688471698,   0.0002702759107,      0.8736050299,               2.5,            5.5125,       5.509211075,      0.0039269908,      0.3253456897,    -0.00709079876,   -0.002269181308,     0.00270309431,     0.02052417078,  -0.0005204796046,      0.3253456897,   -0.002269181308,    -0.00709079876,    -0.02179466022,                 0,                 0,                 0,                 0,                 0,      0.1353150753,    0.000176728899,      0.0865220781,      0.1033318073,   -0.004946890049,   0.0006170576683,   -0.002760966379,                 0,   -0.001844635553,  -0.0005529365931,   0.0001283908383,                 0,  -1.152538231e-05,    1.42839522e-05,     0.00270033574,                 0,      0.0089844068,    -0.01400404471,      0.0249443189,   0.0005994897838,   -0.003700970374,      0.0026846503,   0.0006904985717,   -0.000194658102,      0.1353150753,    0.000176728899,      0.0865220781,      0.1033318073,   -0.001844635553,  -0.0005529365931,   0.0001283908383,                 0,   -0.004946890049,   0.0006170576683,   -0.002760966379,                 0,    -0.03655830688,       3.491549327,    -0.03191054168,                 0
          0,           0,           2,       3.021382041,       3.193528369,      -6.042865728,      -6.003155586,      -6.559065796,      -6.558594601,      -5.987401877,                         2,      -1.683834233,   0.0002873748999,      0.9172852863,               2.5,          5.788125,       5.783951507,      0.0039269908,      0.3822874687,   -0.008425178157,   -0.002223746946,   0.0003626196106,     0.02992928747,   -0.002116999815,      0.3822874687,   -0.002223746946,   -0.008425178157,    -0.02203885517,    -0.09133420687,     -0.1005944066,    -0.03962600096,    -0.03354849489,     -0.1126914611,      0.1334840048,   0.0001993553302,     0.09861123704,      0.1499928716,    -0.00452548099,  -5.087436251e-05,   -0.003848822805,                 0,   -0.001866661732,  -0.0006853250923,   0.0003282398783,                 0,  -9.763557657e-06,   1.204380976e-05,   0.0003603393585,                 0,    0.008182979081,    -0.01308602704,     0.03500862747,  -0.0001762920393,   -0.003780636762,  -0.0003976935861,    0.002499004669,  -0.0004376741367,      0.1334840048,   0.0001993553302,     0.09861123704,      0.1499928716,   -0.001866661732,  -0.0006853250923,   0.0003282398783,                 0,    -0.00452548099,  -5.087436251e-05,   -0.003848822805,                 0,    -0.03390279605,     -0.2551943931,    -0.03903026593,                 0
          0,           0,           3,         2.9252352,       3.126455076,      -6.050517273,      -5.985357911,      -6.548661166,      -6.549402904,      -5.992719842,                         2,      -1.757435209,   0.0003035208979,       0.963149582,             2.625,        6.07753125,       6.072777667,      0.0039269908,      0.3870403535,   -0.007790464577,   -0.001398811121,   -0.001863183831,     0.03193915493,    0.001389038428,      0.3870403535,   -0.001398811121,   -0.007790464577,    -0.02012830059,    -0.09898575245,    -0.08279673139,    -0.02922137082,    -0.02435679799,     -0.1180094262,      0.1226113026,   0.0001847987927,      0.1046284726,      0.1596157795,   -0.003058633281,  -0.0006614417992,   -0.004070389498,                 0,    -0.00158903297,  -0.0007008509858,   0.0008910728353,                 0,  -9.784315181e-06,   9.396996194e-06,   -0.001862796512,                 0,    0.005155139879,   -0.009929066889,     0.03713022274,  -0.0004171408028,   -0.003244099179,   -0.002775273967,    0.007855271553,  -0.0004468599792,      0.1226113026,   0.0001847987927,      0.1046284726,      0.1596157795,    -0.00158903297,  -0.0007008509858,   0.0008910728353,                 0,   -0.003058633281,  -0.0006614417992,   -0.004070389498,                 0,     -0.0249457694,      -3.579253898,    -0.03890326787,                 0
          0,           0,           4,       3.119339842,        3.12503203,      -6.055821506,      -5.976029193,       -6.51972818,      -6.520660313,      -5.994846631,                         2,      -1.793955499,   0.0003192029679,       1.011307137,           2.75625,       6.381407813,       6.376360889,      0.0039269908,      0.3828466888,    -0.00609621127,   -0.000359687576,   -0.003277425909,     0.02736982944,    0.006292605592,      0.3828466888,   -0.000359687576,    -0.00609621127,    -0.01592337468,     -0.1042899855,    -0.07346801353,  -0.0002883847255,                 0,     -0.1201362153,      0.1099870491,   0.0001568073074,       0.108076232,      0.1646266004,   -0.001453366412,   -0.001048437968,    -0.00359440689,                 0,   -0.001018494597,  -0.0007836306804,    0.001442437701,                 0,  -9.780129934e-06,   8.736201688e-06,   -0.003276381981,                 0,    0.001886345091,    -0.00712811944,     0.03272333335,  -0.0001117295585,   -0.002000281351,   -0.004399590582,     0.01305963558,  -0.0003671580548,      0.1099870491,   0.0001568073074,       0.108076232,      0.1646266004,   -0.001018494597,  -0.0007836306804,    0.001442437701,                 0,   -0.001453366412,   -0.001048437968,    -0.00359440689,                 0,    -0.01321397769,      -6.686155033,    -0.03325807002,                 0
          0,           0,           5,       3.049452163,       3.112435385,      -6.052262293,      -5.967888698,      -6.475836954,      -6.475256108,      -5.995307215,                         2,      -1.774512935,   0.0003352041677,       1.061872685,         2.8940625,       6.700478203,       6.695162375,      0.0039269908,      0.3740751203,   -0.004617135083,   0.0002476430486,   -0.003879088294,     0.02074744043,    0.009063708663,      0.3740751203,   0.0002476430486,   -0.004617135083,    -0.01234280184,     -0.1007307726,    -0.06532751883,                 0,                 0,     -0.1205967996,     0.09915889479,     0.00012896547,      0.1102374827,      0.1645497774,  -0.0006018596679,   -0.001181959299,   -0.002833316116,                 0,  -0.0004231864334,   -0.001130291651,    0.001801121133,                 0,  -9.575308301e-06,   9.468432135e-06,   -0.003878981418,                 0,   0.0003242185564,   -0.005537780502,     0.02563038954,   0.0003306128327,  -0.0006066892744,   -0.006433638731,     0.01640137525,  -0.0002973385856,     0.09915889479,     0.00012896547,      0.1102374827,      0.1645497774,  -0.0004231864334,   -0.001130291651,    0.001801121133,                 0,  -0.0006018596679,   -0.001181959299,   -0.002833316116,                 0,   -0.006069648811,      -9.164928401,    -0.02570193049,                 0
          0,           0,           6,       2.827252411,        3.07169496,      -6.045090727,      -5.968743877,       -6.44499689,       -6.44251932,      -5.999955974,                         2,      -1.728942907,    0.000351882711,       1.114966747,       3.038765625,       7.035502113,       7.029837688,      0.0039269908,      0.3605029353,   -0.003617391005,   0.0005228855653,   -0.004015677814,     0.01458183532,    0.009245027684,      0.3605029353,   0.0005228855653,   -0.003617391005,    -0.01003429002,    -0.09355920597,    -0.06618269739,                 0,                 0,      -0.125245558,     0.09134351617,   0.0001062623042,      0.1115639924,      0.1574891645,  -0.0004104220498,   -0.001146252038,   -0.002060716917,                 0,   0.0001178054593,   -0.001486672624,     0.00189175273,                 0,  -9.009907183e-06,   1.014719246e-05,     -0.0040168151,                 0,   0.0003111872024,    -0.00475173555,     0.01837593898,   0.0006464446924,   0.0006313262746,   -0.008285848203,     0.01719811431,  -0.0002985646979,     0.09134351617,   0.0001062623042,      0.1115639924,      0.1574891645,   0.0001178054593,   -0.001486672624,     0.00189175273,                 0,  -0.0004104220498,   -0.001146252038,   -0.002060716917,                 0,    -0.00449317113,       -10.7870053,    -0.01847116505,                 0
          0,           0,           7,       2.571000496,       3.009108152,      -6.022778055,      -5.959634879,      -6.428342994,      -6.424643162,      -5.990489427,                         2,      -1.702353472,    0.000369337253,       1.170715951,       3.038765625,       7.387277219,       7.381277676,      0.0039269908,      0.3480322406,   -0.002943577425,    0.000535572467,   -0.003992179754,    0.009428633223,    0.007708397598,      0.3480322406,    0.000535572467,   -0.002943577425,   -0.008457772247,     -0.0712465343,    -0.05707369937,                 0,                 0,      -0.115779011,     0.08728485523,    9.19793894e-05,      0.1122450289,       0.148410377,  -0.0005055527285,  -0.0009495988298,   -0.001488425867,                 0,   0.0004620698643,   -0.001719539604,    0.001793042207,                 0,  -8.513510224e-06,   1.031031969e-05,   -0.003993976564,                 0,   0.0009081957317,   -0.005273990889,      0.0129491663,   0.0008452620788,    0.001354380279,    -0.00957644974,      0.0162190021,  -0.0002885350414,     0.08728485523,    9.19793894e-05,      0.1122450289,       0.148410377,   0.0004620698643,   -0.001719539604,    0.001793042207,                 0,  -0.0005055527285,  -0.0009495988298,   -0.001488425867,                 0,   -0.005791986791,      -10.32403929,    -0.01326050589,                 0
          0,           0,           8,       2.677192001,        2.97222858,      -6.008535569,      -5.957829423,      -6.444382902,      -6.440404047,      -5.988076642,                         2,      -1.676307581,   0.0003877085506,       1.229252985,       3.190703906,        7.75664108,       7.750337636,      0.0039269908,      0.3358979742,   -0.002515475379,   0.0004674440244,   -0.003910119543,    0.005524260142,    0.005619531102,      0.3358979742,   0.0004674440244,   -0.002515475379,   -0.007488807827,    -0.05700404819,    -0.05526824342,      -0.016039908,    -0.01576088532,     -0.1133662266,     0.08513409401,   8.128985318e-05,      0.1125766356,      0.1381059548,  -0.0006863800195,  -0.0007567483994,    -0.00107234696,                 0,   0.0006608760621,   -0.001784738644,    0.001591306606,                 0,  -8.050427603e-06,   1.037446837e-05,   -0.003912443584,                 0,    0.001605919329,   -0.006002639904,    0.008959816668,   0.0009611640493,    0.001724427317,    -0.01012672509,     0.01427448425,  -0.0002526553736,     0.08513409401,   8.128985318e-05,      0.1125766356,      0.1381059548,   0.0006608760621,   -0.001784738644,    0.001591306606,                 0,  -0.0006863800195,  -0.0007567483994,    -0.00107234696,                 0,   -0.008062340094,      -9.309260255,   -0.009525484166,                 0
          0,           0,           9,       2.567107971,       2.931716519,      -5.963818324,      -5.908767069,      -6.435334707,      -6.433010007,      -5.940635444,                         2,      -1.680578976,   0.0004070187126,       1.290717547,       3.350239102,       8.144473134,       8.137854518,      0.0039269908,      0.3258618337,    -0.00221118847,   0.0003970925376,   -0.003865516475,    0.002611135489,    0.003954814416,      0.3258618337,   0.0003970925376,    -0.00221118847,   -0.006785662639,    -0.01228680275,   -0.006205889894,   -0.006991712445,   -0.008366844843,    -0.06592502848,     0.08435765455,   7.329751078e-05,      0.1126799357,      0.1287509459,  -0.0008430956802,   -0.000545636807,  -0.0008224559829,                 0,   0.0007053340417,   -0.001687717275,    0.001379475771,                 0,    -7.7910925e-06,   1.065667173e-05,   -0.003868382054,                 0,    0.002112380666,   -0.006967574247,    0.006518702706,   0.0009476263646,     0.00175615423,    -0.00981919893,     0.01224880887,  -0.0002309497499,     0.08435765455,   7.329751078e-05,      0.1126799357,      0.1287509459,   0.0007053340417,   -0.001687717275,    0.001379475771,                 0,  -0.0008430956802,   -0.000545636807,  -0.0008224559829,                 0,   -0.009994299684,      -7.444138297,   -0.007299045546,                 0
          0,           0,          10,       2.683420214,       2.909144128,      -5.906700608,      -5.840193653,      -6.409783782,      -6.409635781,      -5.874576918,                         2,      -1.687208151,   0.0004273123228,       1.355256122,       3.517751057,       8.551696791,       8.544743908,      0.0039269908,      0.3184883382,   -0.002116968896,   0.0002648261858,   -0.003851640122,    0.001562305115,    0.002545814798,      0.3184883382,   0.0002648261858,   -0.002116968896,   -0.006646927507,                 0,                 0,                 0,                 0,                 0,     0.08431549608,   6.644707401e-05,      0.1126295297,      0.1214768654,  -0.0009339494877,  -0.0004440598083,  -0.0007389595997,                 0,   0.0006048803522,   -0.001538786042,    0.001198731876,                 0,  -7.724271082e-06,    1.11073234e-05,   -0.003855023174,                 0,     0.00234140438,   -0.007255771836,    0.005660344191,   0.0008163283806,    0.001482610245,   -0.009216725311,     0.01052262671,  -0.0002426968497,     0.08431549608,   6.644707401e-05,      0.1126295297,      0.1214768654,   0.0006048803522,   -0.001538786042,    0.001198731876,                 0,  -0.0009339494877,  -0.0004440598083,  -0.0007389595997,                 0,    -0.01107684271,      -6.682909894,   -0.006560975634,                 0
          0,           0,          11,       2.550613535,       2.879266578,      -5.848189846,      -5.771910784,      -6.379388851,      -6.380951774,      -5.808308648,                         2,      -1.688011415,   0.0004486422551,       1.423022613,       3.693638609,        8.97928163,       8.971972598,      0.0039269908,      0.3129512513,   -0.002095839867,   0.0001388465705,   -0.003860307962,     0.00147590079,    0.001767389698,      0.3129512513,   0.0001388465705,   -0.002095839867,   -0.006697017055,                 0,                 0,                 0,                 0,                 0,        0.08458941,   6.021781147e-05,       0.112439387,      0.1158622364,  -0.0009735687124,  -0.0003564145394,  -0.0007658566155,                 0,    0.000402980394,   -0.001342633386,    0.001078499562,                 0,  -7.823734962e-06,   1.174804907e-05,   -0.003864232276,                 0,    0.002374924882,   -0.007408964728,    0.005861515978,   0.0006484246575,   0.0009972493051,   -0.008352123022,    0.009371735527,   -0.000249472112,        0.08458941,   6.021781147e-05,       0.112439387,      0.1158622364,    0.000402980394,   -0.001342633386,    0.001078499562,                 0,  -0.0009735687124,  -0.0003564145394,  -0.0007658566155,                 0,    -0.01150934511,      -5.918756107,   -0.006811284157,                 0
          0,           0,          12,       2.592191204,       2.857183857,      -5.794662179,      -5.713920708,      -6.353660254,      -6.355732297,      -5.752016907,                         2,      -1.681906638,    0.000471060408,       1.494178408,        3.87832054,       9.428245712,       9.420549421,      0.0039269908,      0.3077808796,   -0.002130624516,   8.090495979e-05,   -0.003858118989,    0.002085926913,    0.001794742071,      0.3077808796,   8.090495979e-05,   -0.002130624516,   -0.006922536964,                 0,                 0,                 0,                 0,                 0,     0.08490252759,   5.465892947e-05,      0.1121396326,      0.1106840605,    -0.00098259771,   -0.000277584945,  -0.0008704418608,                 0,   0.0001740195549,   -0.001116128261,    0.001023013666,                 0,   -8.02275158e-06,   1.246977294e-05,    -0.00386256601,                 0,    0.002314229977,    -0.00755825666,    0.006816717039,   0.0005132365568,   0.0004564749922,   -0.007261887607,    0.008836557895,   -0.000236403209,     0.08490252759,   5.465892947e-05,      0.1121396326,      0.1106840605,   0.0001740195549,   -0.001116128261,    0.001023013666,                 0,    -0.00098259771,   -0.000277584945,  -0.0008704418608,                 0,    -0.01157324449,      -5.078492164,   -0.007762125135,                 0
          0,           0,          13,       2.502999864,          2.831885,      -5.750997732,      -5.672119339,      -6.337867995,      -6.340123291,      -5.712403229,                         2,      -1.665461273,   0.0004946089805,       1.568892491,       4.072236567,       9.899657997,       9.891546631,      0.0039269908,      0.3022232443,   -0.002198946034,   9.141449978e-05,   -0.003848662677,    0.003038164748,    0.002387637329,      0.3022232443,   9.141449978e-05,   -0.002198946034,   -0.007275899772,                 0,                 0,                 0,                 0,                 0,     0.08513776871,   5.053820149e-05,      0.1117829135,      0.1052520238,   -0.000967061791,  -0.0002133759164,   -0.001018508327,                 0,  -2.158142805e-05,  -0.0009032931441,    0.001016289072,                 0,  -8.247907122e-06,   1.314410683e-05,   -0.003853558877,                 0,    0.002211537651,   -0.007799029839,    0.008197427844,    0.000428229092,  -1.163699466e-05,   -0.006132024194,     0.00876428302,  -0.0002329845029,     0.08513776871,   5.053820149e-05,      0.1117829135,      0.1052520238,  -2.158142805e-05,  -0.0009032931441,    0.001016289072,                 0,   -0.000967061791,  -0.0002133759164,   -0.001018508327,                 0,    -0.01135878712,      -4.222071821,   -0.009111484881,                 0
          0,           0,          14,       2.611297248,        2.81717915,      -5.719643704,      -5.649437008,      -6.333446873,      -6.336388559,      -5.692927622,                         2,      -1.636851664,   0.0005193415071,       1.647341721,       4.275848395,        10.3946409,         10.386097,      0.0039269908,      0.2961735652,   -0.002328928757,   0.0001168194951,   -0.003846515752,     0.00434816165,    0.003069953631,      0.2961735652,   0.0001168194951,   -0.002328928757,    -0.00786339171,                 0,                 0,                 0,                 0,                 0,     0.08526669812,   4.858955217e-05,      0.1114379903,      0.0994202873,  -0.0009442327646,   -0.000176265724,   -0.001208430269,                 0,  -0.0001587250905,  -0.0007660979212,    0.001041642507,                 0,  -8.448673164e-06,   1.369025045e-05,   -0.003851757329,                 0,    0.002115948356,   -0.008152226759,    0.009981578813,     0.00040286124,  -0.0003530981019,   -0.005354297476,    0.008995143331,  -0.0002177941229,     0.08526669812,   4.858955217e-05,      0.1114379903,      0.0994202873,  -0.0001587250905,  -0.0007660979212,    0.001041642507,                 0,  -0.0009442327646,   -0.000176265724,   -0.001208430269,                 0,    -0.01107387509,      -3.627646605,    -0.01084397041,                 0
          0,           0,          15,       2.511910217,       2.798099842,      -5.701221355,      -5.647018677,      -6.336258505,       -6.34015418,      -5.694339208,                         2,      -1.598638815,   0.0005453047647,       1.729711147,       4.489640815,       10.91437294,        10.9053921,      0.0039269908,      0.2904201821,     -0.0025246687,    0.000169385491,     -0.0038462038,     0.00602088358,    0.003802195556,      0.2904201821,    0.000169385491,     -0.0025246687,   -0.008693158586,                 0,                 0,   -0.002811632478,   -0.003765621892,   -0.001411586826,       0.085327651,   4.901967871e-05,      0.1111750013,      0.0938685102,  -0.0009278153345,  -0.0001860650381,   -0.001410788327,                 0,  -0.0002321845674,  -0.0006880948429,    0.001089664901,                 0,  -8.570327639e-06,   1.415802437e-05,   -0.003851791497,                 0,    0.002052856449,   -0.008338409562,     0.01188440192,   0.0004220347742,   -0.000544888201,   -0.004911085134,    0.009446930631,  -0.0001887617394,       0.085327651,   4.901967871e-05,      0.1111750013,      0.0938685102,  -0.0002321845674,  -0.0006880948429,    0.001089664901,                 0,  -0.0009278153345,  -0.0001860650381,   -0.001410788327,                 0,    -0.01087356002,      -3.795721289,    -0.01268979817,                 0
          0,           0,          16,       2.614825714,       2.787319011,       -5.69537157,      -5.664119278,      -6.335810118,        -6.3404558,      -5.713658028,                         2,      -1.554498891,   0.0005725242705,       1.816194863,       4.714122856,       11.46009159,       11.45064676,      0.0039269908,      0.2855191564,   -0.002752995655,   0.0002140547604,   -0.003854678237,    0.007809884771,    0.004375698121,      0.2855191564,   0.0002140547604,   -0.002752995655,   -0.009642069871,                 0,    -0.01710060067,   -0.002363245462,   -0.004067241424,    -0.02073040676,      0.0853492523,   5.100699606e-05,      0.1110373853,     0.08908151177,  -0.0009225860316,   -0.000209210585,   -0.001621199038,                 0,  -0.0002661544765,  -0.0006820151623,    0.001162224399,                 0,   -8.60481613e-06,   1.459059638e-05,   -0.003860664018,                 0,    0.002024648982,   -0.008509531428,     0.01386576282,   0.0004290043936,  -0.0006449223271,   -0.004930587286,     0.01013383096,  -0.0001826232226,      0.0853492523,   5.100699606e-05,      0.1110373853,     0.08908151177,  -0.0002661544765,  -0.0006820151623,    0.001162224399,                 0,  -0.0009225860316,   -0.000209210585,   -0.001621199038,                 0,    -0.01080953853,      -4.101605686,    -0.01460047924,                 0
          0,           0,          17,       2.798822643,       2.787958102,      -5.698803522,       -5.69499177,      -6.317773656,       -6.32204969,      -5.739374877,                         2,      -1.512449993,   0.0006011115492,       1.906996629,       4.949828999,       12.03309617,       12.02317349,      0.0039269908,      0.2815791374,   -0.002956663212,   0.0002465484405,   -0.003865053984,    0.009358854691,    0.004824647977,      0.2815791374,   0.0002465484405,   -0.002956663212,    -0.01050029217,   -0.003431952131,    -0.04797309329,                 0,                 0,     -0.0464472551,     0.08535700165,   5.329002531e-05,      0.1110471652,     0.08512168059,  -0.0009283579145,  -0.0002087550415,   -0.001819550256,                 0,  -0.0002834629633,  -0.0007294042453,    0.001259415649,                 0,  -8.579475082e-06,   1.493206957e-05,   -0.003871406579,                 0,    0.002026945753,   -0.008863907786,     0.01573492019,   0.0004608965351,  -0.0007060170632,   -0.005326787638,     0.01105528673,  -0.0001978340521,     0.08535700165,   5.329002531e-05,      0.1110471652,     0.08512168059,  -0.0002834629633,  -0.0007294042453,    0.001259415649,                 0,  -0.0009283579145,  -0.0002087550415,   -0.001819550256,                 0,    -0.01087617766,      -3.917338006,    -0.01638538231,                 0
          0,           0,          18,         3.5731787,       2.829285502,       -5.70666281,        -5.7278401,      -6.279867205,      -6.284023455,      -5.753113726,                         2,      -1.482393016,   0.0006311728592,       2.002331103,       5.197320449,       12.63475098,       12.62433217,      0.0039269908,      0.2785016922,   -0.003068098798,   0.0002857078567,   -0.003863320082,     0.01017102748,    0.005305460364,      0.2785016922,   0.0002857078567,   -0.003068098798,     -0.0110164458,    -0.01129124061,    -0.08082142304,                 0,                 0,     -0.0601861049,     0.08536480114,   5.480221672e-05,      0.1111729515,     0.08190913735,  -0.0009371597708,  -0.0001545787592,   -0.001976360268,                 0,  -0.0002957833156,  -0.0007886615622,    0.001370152735,                 0,  -8.534048151e-06,   1.513596111e-05,   -0.003869921995,                 0,    0.002043034257,   -0.009614180597,     0.01721356754,   0.0005286062891,  -0.0007520742893,    -0.00582951689,     0.01210662518,  -0.0002195736401,     0.08536480114,   5.480221672e-05,      0.1111729515,     0.08190913735,  -0.0002957833156,  -0.0007886615622,    0.001370152735,                 0,  -0.0009371597708,  -0.0001545787592,   -0.001976360268,                 0,    -0.01097829267,      -2.820666178,    -0.01777734819,                 0
          0,           0,          19,       3.647609431,       2.870201698,      -5.713800455,      -5.748782456,      -6.236195995,      -6.241414792,      -5.744507985,                         2,      -1.467525778,   0.0006627518796,       2.102424952,       5.457186471,       13.26648853,       13.25554878,      0.0039269908,      0.2760890128,   -0.003068905575,   0.0003365162851,    -0.00387182107,     0.01008191323,    0.005829070406,      0.2760890128,   0.0003365162851,   -0.003068905575,    -0.01111563819,    -0.01842888578,     -0.1017637792,                 0,                 0,    -0.05158036329,     0.08538201551,   5.507307297e-05,       0.111350242,      0.0793016822,  -0.0009484692588,  -4.367905114e-05,   -0.002076757265,                 0,  -0.0003055053942,  -0.0008333777221,    0.001475399401,                 0,  -8.500615928e-06,   1.518207472e-05,   -0.003878502529,                 0,    0.002070675083,    -0.01075566163,     0.01815875709,   0.0006081426863,  -0.0007859403978,    -0.00627562127,     0.01311066623,   -0.000220034152,     0.08538201551,   5.507307297e-05,       0.111350242,      0.0793016822,  -0.0003055053942,  -0.0008333777221,    0.001475399401,                 0,  -0.0009484692588,  -4.367905114e-05,   -0.002076757265,                 0,    -0.01110853677,     -0.7931108395,    -0.01865067581,                 0
          0,           0,          20,       4.154621133,       2.931364528,      -5.719524412,       -5.75653998,      -6.204368741,      -6.211311056,      -5.726981694,                         2,      -1.461651606,   0.0006958855003,       2.207518134,       5.730045795,       13.92981295,       13.91832622,      0.0039269908,      0.2740320593,   -0.003000821424,   0.0003833314945,   -0.003886780609,     0.00942721499,    0.006217129672,      0.2740320593,   0.0003833314945,   -0.003000821424,    -0.01095062174,    -0.02415284188,     -0.1095213035,                 0,                 0,    -0.03405407221,      0.0854066137,    5.41804427e-05,       0.111510954,     0.07706031117,   -0.000971896035,   9.259297904e-05,   -0.002121518368,                 0,  -0.0003116940715,  -0.0008571206289,    0.001552146195,                 0,  -8.483697706e-06,   1.513812589e-05,   -0.003893435037,                 0,    0.002124144956,    -0.01197923887,     0.01857499655,   0.0007073123555,  -0.0008043880594,   -0.006623403687,     0.01385182956,  -0.0002069081428,      0.0854066137,    5.41804427e-05,       0.111510954,     0.07706031117,  -0.0003116940715,  -0.0008571206289,    0.001552146195,                 0,   -0.000971896035,   9.259297904e-05,   -0.002121518368,                 0,    -0.01137963435,       1.708974206,     -0.0190252015,                 0
          0,           0,          21,       2.819075316,       2.926260473,      -5.729899334,      -5.765915341,      -6.195309719,      -6.203783809,       -5.72314992,                         2,      -1.459388425,   0.0007306420354,       2.317864561,       6.016548084,        14.6263036,       14.61424253,      0.0039269908,      0.2721507317,   -0.002899967701,   0.0004170070676,    -0.00389936387,    0.008543893562,    0.006389361364,      0.2721507317,   0.0004170070676,   -0.002899967701,    -0.01065574097,    -0.03452776464,     -0.1188966637,                 0,                 0,    -0.03022229841,     0.08543642752,   5.264158868e-05,      0.1116006032,     0.07506105932,   -0.001003873655,   0.0002180326315,   -0.002114126678,                 0,  -0.0003136231795,  -0.0008521971685,    0.001582827416,                 0,  -8.472512481e-06,   1.507136517e-05,   -0.003905962722,                 0,    0.002193481715,    -0.01296596667,     0.01849882554,   0.0008175529787,    -0.00080701473,   -0.006771186607,     0.01416053506,  -0.0001929723601,     0.08543642752,   5.264158868e-05,      0.1116006032,     0.07506105932,  -0.0003136231795,  -0.0008521971685,    0.001582827416,                 0,   -0.001003873655,   0.0002180326315,   -0.002114126678,                 0,    -0.01174994887,       4.141832284,    -0.01894368503,                 0
          0,           0,          22,        3.09186666,       2.933460742,      -5.753374348,      -5.791701737,      -6.213345062,      -6.222576632,       -5.74623101,                         2,      -1.458482508,   0.0007671209632,       2.433731879,       6.317375488,       15.35761878,       15.34495465,      0.0039269908,      0.2704022907,   -0.002789938308,    0.000416882973,   -0.003922872517,     0.00761765845,    0.006229628673,      0.2704022907,    0.000416882973,   -0.002789938308,    -0.01031773178,    -0.05800277823,     -0.1446830597,    -0.01803534308,    -0.01879282283,    -0.05330338854,     0.08547474395,   5.099254698e-05,      0.1116123959,     0.07326415831,   -0.001031869388,   0.0002997592704,   -0.002057828191,                 0,  -0.0003119531095,   -0.000827217886,    0.001556053968,                 0,  -8.462884989e-06,   1.500211071e-05,   -0.003929411743,                 0,    0.002255649751,    -0.01351358759,     0.01796338873,    0.000912207558,   -0.000798402701,   -0.006719650686,      0.0139231719,  -0.0001754898407,     0.08547474395,   5.099254698e-05,      0.1116123959,     0.07326415831,  -0.0003119531095,   -0.000827217886,    0.001556053968,                 0,   -0.001031869388,   0.0002997592704,   -0.002057828191,                 0,    -0.01207221386,       5.878491822,     -0.0184372728,                 0
          0,           0,          23,       2.627957109,       2.920731424,      -5.795506244,      -5.837434606,      -6.259088663,       -6.26803808,      -5.797134605,                         2,      -1.453688043,   0.0008054276791,       2.555400641,       6.633244263,       16.12549972,       16.11220239,      0.0039269908,      0.2687987481,   -0.002695858079,   0.0003734474576,   -0.003964927439,    0.006810572455,    0.005707428473,      0.2687987481,   0.0003734474576,   -0.002695858079,    -0.01002928063,     -0.1001346746,     -0.1904159295,    -0.06377894351,    -0.06425427062,     -0.1042069834,     0.08552139619,   4.953589634e-05,      0.1115704742,     0.07165734182,   -0.001053860942,   0.0003309729036,   -0.001972970041,                 0,  -0.0003085129182,  -0.0007954619272,    0.001477422303,                 0,  -8.455353282e-06,   1.493438534e-05,   -0.003971406472,                 0,    0.002305649146,    -0.01362870767,     0.01715814305,   0.0009754879264,   -0.000785349048,   -0.006547395949,     0.01318825572,  -0.0001480822547,     0.08552139619,   4.953589634e-05,      0.1115704742,     0.07165734182,  -0.0003085129182,  -0.0007954619272,    0.001477422303,                 0,   -0.001053860942,   0.0003309729036,   -0.001972970041,                 0,    -0.01232277522,        6.68147602,    -0.01768362153,                 0
          0,           0,          24,        2.75831212,       2.914234652,      -5.856367091,      -5.893868848,      -6.331259374,       -6.33869266,      -5.864919895,                         2,      -1.436136156,   0.0008456660826,       2.683163933,       6.964906476,        16.9317747,        16.9178125,      0.0039269908,      0.2673716174,   -0.002635661383,   0.0002954304286,   -0.004018846644,     0.00625140769,    0.004915470018,      0.2673716174,   0.0002954304286,   -0.002635661383,   -0.009857670791,      -0.160995521,     -0.2468501716,     -0.1359496549,     -0.1349088509,     -0.1719922737,     0.08557047114,   4.840631146e-05,      0.1114888804,     0.07026385957,   -0.001071210184,   0.0003199018638,   -0.001884353063,                 0,  -0.0003054121159,  -0.0007693249737,    0.001370167518,                 0,  -8.448784993e-06,   1.486607873e-05,   -0.004025263937,                 0,    0.002343838199,    -0.01341701758,      0.0163168594,    0.001007727673,  -0.0007739168533,   -0.006372015822,     0.01217530437,  -0.0001139016765,     0.08557047114,   4.840631146e-05,      0.1114888804,     0.07026385957,  -0.0003054121159,  -0.0007693249737,    0.001370167518,                 0,   -0.001071210184,   0.0003199018638,   -0.001884353063,                 0,    -0.01251845607,       6.608680855,    -0.01690171303,                 0
          0,           0,          25,        2.85258815,       2.911863633,      -5.931286903,      -5.946822664,      -6.427463977,      -6.431928559,      -5.931261259,                         2,      -1.402907584,    0.000887922481,       2.817327156,         7.3131518,       17.77836344,       17.76370313,      0.0039269908,      0.2661481714,   -0.002610995891,   0.0002005928041,   -0.004082758818,    0.005963228688,    0.004019612086,      0.2661481714,   0.0002005928041,   -0.002610995891,    -0.00981030934,     -0.2359153335,      -0.299803987,     -0.2321542578,     -0.2281447501,     -0.2383336375,     0.08561737898,   4.763737468e-05,      0.1113782405,     0.06910491447,   -0.001084604695,   0.0002827086472,   -0.001809099844,                 0,  -0.0003039158914,  -0.0007581960637,    0.001262704759,                 0,  -8.443460552e-06,   1.479251085e-05,   -0.004089107869,                 0,    0.002371277263,    -0.01302537889,     0.01560237072,    0.001014959596,  -0.0007678860772,   -0.006292341463,     0.01115486441,  -7.502478009e-05,     0.08561737898,   4.763737468e-05,      0.1113782405,     0.06910491447,  -0.0003039158914,  -0.0007581960637,    0.001262704759,                 0,   -0.001084604695,   0.0002827086472,   -0.001809099844,                 0,    -0.01266804366,       5.934597553,    -0.01624284811,                 0
          0,           0,          26,       2.667624363,       2.902817734,      -6.015561617,      -5.995249679,      -6.543785102,      -6.543597202,      -5.989046141,                         2,      -1.364307996,   0.0009323077855,       2.958208496,        7.67880939,       18.66728161,       18.65188829,      0.0039269908,      0.2651137121,   -0.002609261245,   0.0001017930425,   -0.004148027125,    0.005850389355,    0.003120018485,      0.2651137121,   0.0001017930425,   -0.002609261245,   -0.009842045604,     -0.3201900477,     -0.3482310026,     -0.3484753825,     -0.3398133927,     -0.2961185196,     0.08565801375,   4.718696101e-05,      0.1112466066,     0.06816190474,   -0.001094288291,    0.000236054089,   -0.001751027043,                 0,  -0.0003042805299,  -0.0007641418789,    0.001170215451,                 0,  -8.439790757e-06,   1.471467087e-05,   -0.004154302005,                 0,    0.002389316048,    -0.01259697765,     0.01505207815,    0.001005972801,  -0.0007676059506,   -0.006351813496,     0.01027286319,   -3.34252583e-05,     0.08565801375,   4.718696101e-05,      0.1112466066,     0.06816190474,  -0.0003042805299,  -0.0007641418789,    0.001170215451,                 0,   -0.001094288291,    0.000236054089,   -0.001751027043,                 0,    -0.01277508365,       5.002527899,    -0.01574004903,                 0
          0,           0,          27,       2.728391675,       2.896588232,      -6.109667764,      -6.054523606,      -6.672172379,      -6.666412022,      -6.052577615,                         2,      -1.328140447,     0.00097892354,       3.106140289,       8.062749859,       19.60064569,        19.5844827,      0.0039269908,      0.2642584149,   -0.002608345909,   1.008904329e-05,   -0.004202939985,    0.005752384646,    0.002300489334,      0.2642584149,   1.008904329e-05,   -0.002608345909,   -0.009870436521,     -0.4142961938,      -0.407504929,     -0.4768626596,      -0.462628213,     -0.3596499935,     0.08569131928,   4.701157102e-05,      0.1111049535,     0.06741513051,     -0.0010971633,    0.000192665725,   -0.001703848334,                 0,  -0.0003058114494,  -0.0007839299057,    0.001099830398,                 0,  -8.439573078e-06,   1.463962128e-05,   -0.004209140034,                 0,     0.00239392449,    -0.01223626838,     0.01460718746,   0.0009875410748,  -0.0007708709354,   -0.006535039241,    0.009598183467,    8.21604459e-06,     0.08569131928,   4.701157102e-05,      0.1111049535,     0.06741513051,  -0.0003058114494,  -0.0007839299057,    0.001099830398,                 0,     -0.0010971633,    0.000192665725,   -0.001703848334,                 0,    -0.01280366914,       4.098261786,    -0.01533548488,                 0
          0,           0,          28,       3.401746355,       2.914007477,      -6.222076795,      -6.144254084,      -6.803125205,      -6.794049828,      -6.144271193,                         3,      -2.001958069,    0.001027872346,       3.261470435,       8.465887352,       20.58067798,       20.56370684,      0.0039269908,      0.2635241881,   -0.002599939206,  -6.756236882e-05,   -0.004251278813,    0.005599373767,    0.001606687661,      0.2635241881,  -6.756236882e-05,   -0.002599939206,     -0.0098660363,     -0.5267052257,     -0.4972354073,     -0.6078154861,      -0.590266019,     -0.4513435715,       0.085720079,   4.695591514e-05,      0.1109527812,     0.06680437201,   -0.001093822066,   0.0001438174615,   -0.001649934602,                 0,  -0.0003076071104,  -0.0007963452912,    0.001036390033,                 0,  -8.443654916e-06,   1.456719742e-05,   -0.004257402355,                 0,    0.002387450136,    -0.01185539392,     0.01410154309,   0.0009657744613,  -0.0007754061461,   -0.006653424454,    0.008990717032,    4.48012296e-05,       0.085720079,   4.695591514e-05,      0.1109527812,     0.06680437201,  -0.0003076071104,  -0.0007963452912,    0.001036390033,                 0,   -0.001093822066,   0.0001438174615,   -0.001649934602,                 0,    -0.01276039498,       3.062818839,    -0.01487060156,                 0
          0,           0,          29,       2.962671985,       2.915629628,      -6.358438777,      -6.272302575,      -6.926892135,       -6.92052947,      -6.273889892,                         3,      -1.938424288,    0.001079260447,       3.424565326,        8.88918172,       21.60971188,       21.59189218,      0.0039269908,       0.262963854,   -0.002577156941,  -0.0001377304203,   -0.004283787473,    0.005341985242,   0.0009915334991,       0.262963854,  -0.0001377304203,   -0.002577156941,   -0.009800422766,     -0.6630672073,     -0.6252838977,     -0.7315824163,     -0.7167456606,     -0.5809622707,     0.08574267286,   4.714546556e-05,      0.1108133082,      0.0663607275,   -0.001091523992,   0.0001197525045,   -0.001605385454,                 0,  -0.0003089754656,   -0.000819909011,   0.0009911540563,                 0,  -8.448065734e-06,   1.451746916e-05,   -0.004289856876,                 0,    0.002382742218,    -0.01166987707,     0.01367988593,   0.0009492341625,  -0.0007791155451,    -0.00685703077,    0.008553970159,   7.370965533e-05,     0.08574267286,   4.714546556e-05,      0.1108133082,      0.0663607275,  -0.0003089754656,   -0.000819909011,   0.0009911540563,                 0,   -0.001091523992,   0.0001197525045,   -0.001605385454,                 0,    -0.01273023053,         2.5400641,    -0.01448729832,                 0
          0,           0,          30,       3.011379927,       2.918718347,      -6.512002777,      -6.430788161,      -7.043135411,      -7.044959173,      -6.432004112,                         3,       -1.85094893,     0.00113321528,       3.595810648,       9.333640806,       22.69019747,       22.67148679,      0.0039269908,      0.2625462523,    -0.00255594823,  -0.0001869643317,   -0.004298448306,    0.005116965021,   0.0005674482491,      0.2625462523,  -0.0001869643317,    -0.00255594823,   -0.009735230297,     -0.8166312075,     -0.7837694845,     -0.8478256922,     -0.8411753638,     -0.7390764906,     0.08575787998,   4.749339211e-05,      0.1106892997,     0.06605157922,   -0.001092171142,   0.0001135075523,    -0.00157728464,                 0,  -0.0003097792311,  -0.0008436780259,   0.0009664929253,                 0,  -8.448771233e-06,   1.449200004e-05,   -0.004304491535,                 0,    0.002383338737,      -0.011617606,     0.01341304854,   0.0009381837472,  -0.0007812956407,   -0.007059850978,    0.008314784687,    9.38101807e-05,     0.08575787998,   4.749339211e-05,      0.1106892997,     0.06605157922,  -0.0003097792311,  -0.0008436780259,   0.0009664929253,                 0,   -0.001092171142,   0.0001135075523,    -0.00157728464,                 0,    -0.01273551938,       2.389965156,    -0.01424965777,                 0
          0,           0,          31,       2.802057776,       2.915072704,      -6.663741934,      -6.597158783,      -7.156301982,      -7.165033851,      -6.592691789,                         3,      -1.756414677,    0.001189871378,       3.775614227,       9.800322846,       23.82470734,       23.80506113,      0.0039269908,      0.2622346021,   -0.002539095132,  -0.0002173360349,     -0.0042988769,    0.004942612722,   0.0003080418584,      0.2622346021,  -0.0002173360349,   -0.002539095132,   -0.009682532785,     -0.9683703646,     -0.9501401059,     -0.9609922625,     -0.9612500414,     -0.8997641676,     0.08576653031,   4.791521231e-05,      0.1105826795,     0.06583747716,   -0.001094489743,   0.0001177439174,   -0.001562349306,                 0,  -0.0003102232046,  -0.0008631583128,   0.0009560454825,                 0,  -8.446006086e-06,   1.448287625e-05,    -0.00430491377,                 0,    0.002387248104,    -0.01164706541,     0.01327204135,   0.0009303886777,  -0.0007823254432,   -0.007229130269,    0.008213876397,    0.000105621174,     0.08576653031,   4.791521231e-05,      0.1105826795,     0.06583747716,  -0.0003102232046,  -0.0008631583128,   0.0009560454825,                 0,   -0.001094489743,   0.0001177439174,   -0.001562349306,                 0,    -0.01276126876,       2.457338947,     -0.0141283365,                 0
          0,           0,          32,       2.737422883,       2.909689376,       -6.79191402,       -6.73724369,      -7.263736861,      -7.271417056,      -6.723104896,                         3,      -1.684540783,    0.001249361931,       3.964405166,       10.29033899,       25.01594271,       24.99531418,      0.0039269908,      0.2620049171,    -0.00252519376,  -0.0002357518943,   -0.004291610188,    0.004800238011,   0.0001457979373,      0.2620049171,  -0.0002357518943,    -0.00252519376,   -0.009637963242,       -1.09654245,      -1.090225014,      -1.068427142,      -1.067633247,      -1.030177274,     0.08577043373,   4.834381689e-05,      0.1104952907,     0.06569084891,   -0.001096907161,   0.0001263567759,   -0.001554643375,                 0,  -0.0003104351189,  -0.0008772080367,   0.0009518912613,                 0,  -8.442272347e-06,   1.448162136e-05,   -0.004297649537,                 0,    0.002391644412,     -0.0117155603,      0.0132005535,   0.0009236003923,  -0.0007825856569,   -0.007356747554,    0.008174815874,   0.0001103152744,     0.08577043373,   4.834381689e-05,      0.1104952907,     0.06569084891,  -0.0003104351189,  -0.0008772080367,   0.0009518912613,                 0,   -0.001096907161,   0.0001263567759,   -0.001554643375,                 0,    -0.01278887273,       2.613711205,    -0.01406977045,                 0
          0,           0,          33,       2.925945933,        2.91016751,      -6.895830381,      -6.837659203,      -7.365065243,      -7.366027354,      -6.816773387,                         3,       -1.64347554,    0.001311827101,       4.162634206,       10.80485594,       26.26673985,       26.24507989,      0.0039269908,      0.2618326213,   -0.002514015745,  -0.0002472070411,    -0.00428393037,    0.004683781464,   3.666425412e-05,      0.2618326213,  -0.0002472070411,   -0.002514015745,   -0.009601613931,      -1.200458812,      -1.190640526,      -1.169755524,      -1.162243544,      -1.123845765,     0.08577156159,   4.874765678e-05,       0.110425556,     0.06558675613,   -0.001098798544,   0.0001346171501,   -0.001549834351,                 0,  -0.0003104972497,  -0.0008858273893,   0.0009491175979,                 0,  -8.439379871e-06,   1.448120238e-05,   -0.004289972192,                 0,    0.002395199016,    -0.01178420536,     0.01315677631,   0.0009160115055,   -0.000782430458,   -0.007440661219,    0.008149480447,   0.0001102754844,     0.08577156159,   4.874765678e-05,       0.110425556,     0.06558675613,  -0.0003104972497,  -0.0008858273893,   0.0009491175979,                 0,   -0.001098798544,   0.0001346171501,   -0.001549834351,                 0,    -0.01281075596,       2.761510173,    -0.01403510571,                 0
          0,           0,          34,       2.649788951,       2.902728123,      -6.983912543,      -6.904031678,      -7.463249961,       -7.45860284,      -6.877899533,                         3,      -1.621514995,    0.001377415574,       4.370774473,       11.34509873,       27.58007684,       27.55733389,      0.0039269908,      0.2616982113,   -0.002506108302,  -0.0002536145937,   -0.004280057574,     0.00459619763,  -3.148815352e-05,      0.2616982113,  -0.0002536145937,   -0.002506108302,   -0.009576329505,      -1.288540973,      -1.257013001,      -1.267940242,       -1.25481903,      -1.184971911,     0.08577130007,   4.911341448e-05,      0.1103712347,     0.06550656313,   -0.001100228879,   0.0001410094255,   -0.001546888849,                 0,  -0.0003104892898,  -0.0008903745924,   0.0009472492885,                 0,  -8.437636324e-06,   1.447796047e-05,   -0.004286097898,                 0,    0.002397882247,    -0.01183856329,     0.01313044731,   0.0009064313569,  -0.0007821614156,   -0.007489697596,    0.008132560546,   0.0001078103124,     0.08577130007,   4.911341448e-05,      0.1103712347,     0.06550656313,  -0.0003104892898,  -0.0008903745924,   0.0009472492885,                 0,   -0.001100228879,   0.0001410094255,   -0.001546888849,                 0,    -0.01282747117,       2.871097988,    -0.01401532612,                 0
          0,           0,          35,       2.561228546,       2.893242023,       -7.06540235,      -6.949716781,      -7.563524153,      -7.556418242,      -6.915556927,                         3,      -1.607658317,    0.001446283765,       4.589322134,       11.91235367,       28.95908068,       28.93520058,      0.0039269908,      0.2615832949,   -0.002501175123,  -0.0002559783569,   -0.004280903556,    0.004535597812,  -6.242075724e-05,      0.2615832949,  -0.0002559783569,   -0.002501175123,   -0.009561677569,      -1.370030781,      -1.302698104,      -1.368214434,      -1.352634433,      -1.222629306,     0.08577043557,   4.943324077e-05,      0.1103300577,     0.06543336837,   -0.001101487634,   0.0001462551117,   -0.001545942601,                 0,  -0.0003104697275,  -0.0008928233232,   0.0009473146937,                 0,  -8.436579587e-06,    1.44714236e-05,     -0.0042869384,                 0,    0.002400169406,    -0.01188370529,     0.01312277914,   0.0008963545541,  -0.0007819401052,   -0.007519347644,    0.008133735375,   0.0001051316173,     0.08577043557,   4.943324077e-05,      0.1103300577,     0.06543336837,  -0.0003104697275,  -0.0008928233232,   0.0009473146937,                 0,   -0.001101487634,   0.0001462551117,   -0.001545942601,                 0,    -0.01284227632,       2.958638954,    -0.01401198035,                 0
          0,           0,          36,       2.878737698,       2.892850015,      -7.150026164,      -6.991248454,      -7.668659595,      -7.660560394,      -6.947713371,                         3,      -1.595451622,    0.001518595658,       4.818797581,       12.50797136,       30.40703471,       30.38196061,      0.0039269908,       0.261475793,   -0.002498172477,  -0.0002555399099,   -0.004285491539,    0.004493988292,  -6.494085263e-05,       0.261475793,  -0.0002555399099,   -0.002498172477,   -0.009554125252,      -1.454654594,      -1.344229777,      -1.473349876,      -1.456776585,       -1.25478575,     0.08576942015,   4.970379066e-05,      0.1102996181,       0.065357051,   -0.001102603303,   0.0001509992207,   -0.001546568395,                 0,  -0.0003104651444,  -0.0008944937516,   0.0009494189861,                 0,   -8.43584036e-06,   1.446217262e-05,   -0.004291517872,                 0,    0.002402149637,    -0.01192501586,      0.0131298557,   0.0008869988164,  -0.0007818040411,   -0.007540371747,    0.008154123289,   0.0001031116462,     0.08576942015,   4.970379066e-05,      0.1102996181,       0.065357051,  -0.0003104651444,  -0.0008944937516,   0.0009494189861,                 0,   -0.001102603303,   0.0001509992207,   -0.001546568395,                 0,    -0.01285543613,       3.037981988,    -0.01402152085,                 0
          0,           0,          37,       2.872229911,        2.89230738,      -7.244935149,      -7.039902961,      -7.780716323,      -7.771846197,      -6.988157211,                         3,      -1.580844249,    0.001594523501,       5.059746956,       13.13336992,       31.92738645,       31.90105864,      0.0039269908,      0.2613691431,   -0.002496282109,  -0.0002536452224,   -0.004291988791,    0.004465581694,  -5.094974327e-05,      0.2613691431,  -0.0002536452224,   -0.002496282109,   -0.009550791189,      -1.549563579,      -1.392884284,      -1.585406604,      -1.568062387,       -1.29522959,     0.08576853217,   4.992131139e-05,      0.1102781496,     0.06527253996,   -0.001103484118,   0.0001552868139,   -0.001548084805,                 0,  -0.0003104770829,  -0.0008960446825,   0.0009528765429,                 0,  -8.435341709e-06,   1.445118064e-05,    -0.00429800463,                 0,    0.002403702156,    -0.01196294342,     0.01314525132,   0.0008795716316,  -0.0007817365047,   -0.007558532131,    0.008187295837,   0.0001020230556,     0.08576853217,   4.992131139e-05,      0.1102781496,     0.06527253996,  -0.0003104770829,  -0.0008960446825,   0.0009528765429,                 0,   -0.001103484118,   0.0001552868139,   -0.001548084805,                 0,     -0.0128658389,       3.110631704,    -0.01403800127,                 0
          0,           0,          38,       3.047111727,       2.896276723,      -7.355206054,      -7.102714404,      -7.904644133,      -7.896082192,      -7.044821262,                         3,      -1.559932099,    0.001674247938,       5.312743522,       13.79003842,       33.52375577,       33.49611157,      0.0039269908,      0.2612610546,   -0.002494789713,  -0.0002515970418,   -0.004298740603,    0.004443697672,  -3.340302156e-05,      0.2612610546,  -0.0002515970418,   -0.002494789713,   -0.009549030245,      -1.659834484,      -1.455695727,      -1.709334414,      -1.692298383,       -1.35189364,     0.08576783589,   5.008791095e-05,      0.1102634652,     0.06517966559,   -0.001104176356,   0.0001591463998,   -0.001549759756,                 0,  -0.0003104953981,  -0.0008976652855,   0.0009565636418,                 0,  -8.435044982e-06,   1.444002167e-05,    -0.00430474558,                 0,    0.002404922904,    -0.01199762986,     0.01316200987,   0.0008743947528,  -0.0007817025225,   -0.007576131342,     0.00822261986,   0.0001018109835,     0.08576783589,   5.008791095e-05,      0.1102634652,     0.06517966559,  -0.0003104953981,  -0.0008976652855,   0.0009565636418,                 0,   -0.001104176356,   0.0001591463998,   -0.001549759756,                 0,    -0.01287401442,       3.177341534,    -0.01405506124,                 0
          0,           0,          39,        2.67257106,       2.890684081,      -7.474018817,      -7.176505921,      -8.033559844,      -8.029039663,      -7.114649745,                         3,      -1.536727861,    0.001757958649,       5.578389332,       14.47954034,       35.19994356,       35.17091715,      0.0039269908,      0.2611531471,   -0.002493904091,  -0.0002497989204,   -0.004304644053,    0.004429693316,  -1.697659159e-05,      0.2611531471,  -0.0002497989204,   -0.002493904091,   -0.009549584675,      -1.778647247,      -1.529487244,      -1.838250125,      -1.825255854,      -1.421722123,     0.08576727555,   5.021001732e-05,      0.1102536232,     0.06508203829,   -0.001104766884,   0.0001621998797,   -0.001551337087,                 0,  -0.0003105140728,  -0.0008990922878,   0.0009598074402,                 0,  -8.434846585e-06,   1.442995327e-05,    -0.00431063916,                 0,    0.002405966611,    -0.01202510184,     0.01317767801,   0.0008711505311,  -0.0007816805782,   -0.007591140675,    0.008253698062,    0.000102146599,     0.08576727555,   5.021001732e-05,      0.1102536232,     0.06508203829,  -0.0003105140728,  -0.0008990922878,   0.0009598074402,                 0,   -0.001104766884,   0.0001621998797,   -0.001551337087,                 0,    -0.01288098376,       3.230428674,    -0.01407062228,                 0
          0,           0,          40,       3.047240107,       2.894502521,      -7.580958721,      -7.255152463,       -8.13905099,      -8.144503593,      -7.191676157,                         3,      -1.516334176,    0.001845854944,       5.857316664,       15.20351736,       36.95994074,       36.92946301,      0.0039269908,      0.2610492477,   -0.002493667027,  -0.0002483713471,   -0.004309296518,    0.004423193266,  -3.426057818e-06,      0.2610492477,  -0.0002483713471,   -0.002493667027,   -0.009552477353,      -1.885587151,      -1.608133786,      -1.943741271,      -1.940719784,      -1.498748536,     0.08576678562,   5.029536219e-05,      0.1102471012,     0.06498506554,   -0.001105297001,    0.000164438138,   -0.001552808164,                 0,  -0.0003105311193,  -0.0009001862285,   0.0009623460007,                 0,  -8.434654212e-06,   1.442169054e-05,   -0.004315283554,                 0,    0.002406906214,    -0.01204514095,      0.0131921942,   0.0008692338017,  -0.0007816610626,    -0.00760256693,     0.00827805017,   0.0001027517649,     0.08576678562,   5.029536219e-05,      0.1102471012,     0.06498506554,  -0.0003105311193,  -0.0009001862285,   0.0009623460007,                 0,   -0.001105297001,    0.000164438138,   -0.001552808164,                 0,    -0.01288723826,       3.269449326,    -0.01408479812,                 0
          0,           0,          41,       3.179319725,       2.901283883,      -7.648807604,      -7.332114374,      -8.185997714,      -8.201299067,      -7.269408948,                         3,      -1.502810953,    0.001938146107,       6.150189533,       15.96369322,       38.80793778,       38.77593616,      0.0039269908,      0.2609522459,   -0.002493867403,  -0.0002473152246,   -0.004312753681,    0.004421658131,   6.957316815e-06,      0.2609522459,  -0.0002473152246,   -0.002493867403,   -0.009556796091,      -1.953436034,      -1.685095697,      -1.990687995,      -1.997515258,      -1.576481326,     0.08576633733,   5.035244193e-05,      0.1102427966,     0.06489275952,   -0.001105771565,   0.0001660686976,   -0.001554164536,                 0,  -0.0003105447574,    -0.00090093632,   0.0009641658527,                 0,  -8.434447486e-06,   1.441554118e-05,   -0.004318734775,                 0,    0.002407749716,    -0.01205970718,     0.01320551184,   0.0008681037545,  -0.0007816384576,   -0.007610462615,    0.008295549084,   0.0001035093056,     0.08576633733,   5.035244193e-05,      0.1102427966,     0.06489275952,  -0.0003105447574,    -0.00090093632,   0.0009641658527,                 0,   -0.001105771565,   0.0001660686976,   -0.001554164536,                 0,    -0.01289283884,       3.298125995,    -0.01409765158,                 0
          0,           0,          42,       3.421542545,       2.913382921,      -7.673628587,       -7.40227256,       -8.18439224,      -8.201925383,      -7.342277461,                         3,      -1.498730874,    0.002035051877,       6.457705254,       16.76187789,       40.74833466,       40.71473297,      0.0039269908,       0.260865701,   -0.002494270167,   -0.000246611022,   -0.004315164663,     0.00442263361,   1.420176229e-05,       0.260865701,   -0.000246611022,   -0.002494270167,   -0.009561510609,      -1.978257018,      -1.755253883,      -1.989082521,      -1.998141574,      -1.649349839,     0.08576594157,   5.038817223e-05,      0.1102400343,     0.06480933692,   -0.001106176408,   0.0001672817818,   -0.001555375541,                 0,  -0.0003105555271,  -0.0009014704822,   0.0009654149873,                 0,  -8.434249805e-06,   1.441141203e-05,   -0.004321141825,                 0,     0.00240847039,    -0.01207057604,     0.01321736606,   0.0008673731986,  -0.0007816151957,   -0.007616129105,    0.008307601462,    0.000104344601,     0.08576594157,   5.038817223e-05,      0.1102400343,     0.06480933692,  -0.0003105555271,  -0.0009014704822,   0.0009654149873,                 0,   -0.001106176408,   0.0001672817818,   -0.001555375541,                 0,    -0.01289761866,       3.319862071,    -0.01410898999,                 0
          0,           0,          43,       2.939039393,       2.913966023,      -7.685593242,      -7.469956434,      -8.177301235,      -8.192932452,      -7.413549985,                         3,      -1.499249253,    0.002136803023,       6.780595977,       17.59997178,        42.7857514,       42.75046961,      0.0039269908,      0.2607916158,   -0.002494675208,  -0.0002462426185,   -0.004316777186,    0.004424099536,   1.837488518e-05,      0.2607916158,  -0.0002462426185,   -0.002494675208,   -0.009565779943,      -1.990221672,      -1.822937757,      -1.981991516,      -1.989148643,      -1.720622364,      0.0857656101,   5.040886527e-05,      0.1102382821,     0.06473731469,   -0.001106510484,    0.000168197978,   -0.001556362702,                 0,  -0.0003105642738,  -0.0009019040734,   0.0009662257288,                 0,  -8.434082786e-06,   1.440902667e-05,    -0.00432275213,                 0,    0.002409065896,    -0.01207879762,     0.01322701429,   0.0008668169691,   -0.000781594654,   -0.007620708292,    0.008315455422,   0.0001052224089,      0.0857656101,   5.040886527e-05,      0.1102382821,     0.06473731469,  -0.0003105642738,  -0.0009019040734,   0.0009662257288,                 0,   -0.001106510484,    0.000168197978,   -0.001556362702,                 0,    -0.01290156372,       3.336674553,    -0.01411816904,                 0
          0,           0,          44,        2.80799496,        2.91161111,        -7.7057047,      -7.538743717,      -8.186173464,      -8.199446964,       -7.48585554,                         3,      -1.502809341,    0.002243641848,       7.119630497,       18.47997037,       44.92503897,       44.88799309,      0.0039269908,       0.260730213,   -0.002494919741,  -0.0002460702106,   -0.004317809238,    0.004424325925,   2.065571561e-05,       0.260730213,  -0.0002460702106,   -0.002494919741,   -0.009568970594,       -2.01033313,       -1.89172504,      -1.990863745,      -1.995663155,      -1.792927918,     0.08576534561,   5.041978107e-05,      0.1102371817,     0.06467726584,   -0.001106780147,   0.0001689502726,   -0.001557089867,                 0,  -0.0003105717723,  -0.0009022294934,   0.0009667310551,                 0,  -8.433950659e-06,   1.440781273e-05,     -0.0043237831,                 0,    0.002409547051,    -0.01208558107,     0.01323411501,   0.0008662449358,  -0.0007815794336,   -0.007624127225,    0.008320375043,   0.0001059873305,     0.08576534561,   5.041978107e-05,      0.1102371817,     0.06467726584,  -0.0003105717723,  -0.0009022294934,   0.0009667310551,                 0,   -0.001106780147,   0.0001689502726,   -0.001557089867,                 0,     -0.0129047477,       3.350872794,    -0.01412490634,                 0
          0,           0,          45,        2.75104945,        2.90812064,      -7.743254608,      -7.613570003,        -8.2170689,      -8.228427144,      -7.563619447,                         3,       -1.50816552,     0.00235582276,       7.475616043,       19.40396889,       47.17129092,       47.13239275,      0.0039269908,      0.2606810325,   -0.002494986796,  -0.0002459311482,   -0.004318438763,    0.004423113794,   2.251295316e-05,      0.2606810325,  -0.0002459311482,   -0.002494986796,   -0.009571033121,      -2.047883039,      -1.966551326,      -2.021759181,      -2.024643334,      -1.870691826,     0.08576514245,   5.042464619e-05,      0.1102364891,     0.06462897625,   -0.001106993787,   0.0001695827216,    -0.00155757573,                 0,  -0.0003105788332,  -0.0009023877845,   0.0009670354695,                 0,  -8.433848221e-06,     1.4407258e-05,   -0.004324412172,                 0,    0.002409928385,    -0.01209130285,     0.01323885667,   0.0008656315908,  -0.0007815711872,   -0.007625812774,    0.008323353491,   0.0001065434228,     0.08576514245,   5.042464619e-05,      0.1102364891,     0.06462897625,  -0.0003105788332,  -0.0009023877845,   0.0009670354695,                 0,   -0.001106993787,   0.0001695827216,    -0.00155757573,                 0,    -0.01290726926,       3.363091948,    -0.01412940255,                 0
          0,           0,          46,       2.676077551,       2.903183553,      -7.800764934,       -7.69824012,      -8.270402147,      -8.280251522,       -7.65055143,                         3,      -1.515164643,    0.002473612879,       7.849400201,       20.37416733,       49.52985546,       49.48901239,      0.0039269908,      0.2606425972,   -0.002494898627,  -0.0002458213247,   -0.004318796576,    0.004420617664,   2.386544716e-05,      0.2606425972,  -0.0002458213247,   -0.002494898627,   -0.009572106222,      -2.105393365,      -2.051221443,      -2.075092428,      -2.076467712,      -1.957623808,     0.08576498914,   5.042605826e-05,      0.1102360403,     0.06459114176,   -0.001107160971,   0.0001701445954,   -0.001557882251,                 0,  -0.0003105853502,  -0.0009024445946,   0.0009672086201,                 0,  -8.433768211e-06,   1.440717887e-05,   -0.004324769987,                 0,    0.002410226664,    -0.01209642634,     0.01324184702,   0.0008649703177,  -0.0007815683105,   -0.007626442375,    0.008325055986,    0.000106820146,     0.08576498914,   5.042605826e-05,      0.1102360403,     0.06459114176,  -0.0003105853502,  -0.0009024445946,   0.0009672086201,                 0,   -0.001107160971,   0.0001701445954,   -0.001557882251,                 0,    -0.01290924166,       3.374140302,    -0.01413224067,                 0
          0,           0,          47,       2.710172433,       2.899162488,      -7.877060187,       -7.79382494,      -8.344018776,      -8.352452016,      -7.747848831,                         3,      -1.525363429,    0.002597292641,       8.241872954,        21.3928757,       52.00634823,       51.96346301,      0.0039269908,      0.2606136668,   -0.002494695761,  -0.0002457308152,   -0.004318977861,    0.004417290174,   2.484674356e-05,      0.2606136668,  -0.0002457308152,   -0.002494695761,   -0.009572390394,      -2.181688618,      -2.146806263,      -2.148709057,      -2.148668206,       -2.05492121,     0.08576487956,   5.042569052e-05,      0.1102357456,     0.06456261593,   -0.001107285236,   0.0001706564155,    -0.00155806694,                 0,  -0.0003105901873,   -0.000902451382,    0.000967310754,                 0,  -8.433706429e-06,   1.440740925e-05,   -0.004324951564,                 0,     0.00241044819,    -0.01210115622,     0.01324365015,   0.0008643480477,  -0.0007815670878,   -0.007626549231,    0.008326063649,    0.000106899414,     0.08576487956,   5.042569052e-05,      0.1102357456,     0.06456261593,  -0.0003105901873,   -0.000902451382,    0.000967310754,                 0,   -0.001107285236,   0.0001706564155,    -0.00155806694,                 0,    -0.01291070706,       3.384314895,    -0.01413395384,                 0
          0,           0,          48,       2.684378251,       2.894779136,      -7.973831159,      -7.904435721,      -8.438976514,      -8.446302246,      -7.859759249,                         3,      -1.536987044,    0.002727156549,       8.653968768,       22.46251948,       54.60666565,       54.56163616,      0.0039269908,      0.2605925081,   -0.002494416742,  -0.0002456462195,   -0.004319060879,    0.004413534196,   2.569717209e-05,      0.2605925081,  -0.0002456462195,   -0.002494416742,   -0.009572096912,      -2.278459589,      -2.257417044,      -2.243666795,      -2.242518436,      -2.166831627,     0.08576480667,   5.042454251e-05,      0.1102355483,     0.06454172856,   -0.001107373954,   0.0001711284617,   -0.001558171249,                 0,  -0.0003105935818,  -0.0009024273787,    0.000967374741,                 0,   -8.43365946e-06,   1.440780148e-05,   -0.004325035021,                 0,    0.002410606282,    -0.01210558202,     0.01324467022,   0.0008638397142,  -0.0007815670076,   -0.007626329272,    0.008326696984,   0.0001068964674,     0.08576480667,   5.042454251e-05,      0.1102355483,     0.06454172856,  -0.0003105935818,  -0.0009024273787,    0.000967374741,                 0,   -0.001107373954,   0.0001711284617,   -0.001558171249,                 0,    -0.01291175247,       3.393753382,    -0.01413492538,                 0
          0,           0,          49,       3.123020688,       2.899343967,      -8.089115913,      -8.029541641,      -8.553165255,         -8.559461,      -7.985924714,                         3,      -1.550514243,    0.002863513815,       9.086668859,       23.58564546,       57.33699893,       57.28971796,      0.0039269908,      0.2605773911,   -0.002494102526,  -0.0002455583159,   -0.004319091387,     0.00440970884,   2.654128425e-05,      0.2605773911,  -0.0002455583159,   -0.002494102526,   -0.009571446376,      -2.393744344,      -2.382522964,      -2.357855536,       -2.35567719,      -2.292997092,     0.08576476215,   5.042314517e-05,       0.110235414,     0.06452679183,    -0.00110743494,   0.0001715598394,   -0.001558227426,                 0,  -0.0003105959619,  -0.0009023802516,   0.0009674178976,                 0,  -8.433624098e-06,   1.440824064e-05,   -0.004325066003,                 0,    0.002410714984,    -0.01210967922,     0.01324522125,   0.0008634518197,  -0.0007815680415,   -0.007625864717,    0.008327125155,   0.0001068488882,     0.08576476215,   5.042314517e-05,       0.110235414,     0.06452679183,  -0.0003105959619,  -0.0009023802516,   0.0009674178976,                 0,    -0.00110743494,   0.0001715598394,   -0.001558227426,                 0,    -0.01291247025,       3.402402583,     -0.0141354522,                 0
          0,           0,          50,        2.60740223,       2.893619619,      -8.221693493,      -8.169058878,       -8.68520993,      -8.690513803,      -8.126398027,                         3,      -1.566125499,    0.003006689093,       9.541003518,       24.76492773,       60.20384888,       60.15420386,      0.0039269908,      0.2605667335,   -0.002493779607,  -0.0002454643857,   -0.004319096302,    0.004406014597,    2.74149743e-05,      0.2605667335,  -0.0002454643857,   -0.002493779607,   -0.009570598569,      -2.526321923,      -2.522040201,      -2.489900211,      -2.486729994,      -2.433470405,     0.08576473758,   5.042174705e-05,      0.1102353213,     0.06451625291,    -0.00110747525,   0.0001719525568,   -0.001558256914,                 0,  -0.0003105975779,  -0.0009023156008,   0.0009674487931,                 0,  -8.433597682e-06,   1.440866356e-05,   -0.004325071368,                 0,    0.002410786891,    -0.01211345313,     0.01324551197,   0.0008631688686,  -0.0007815697323,   -0.007625218748,    0.008327432119,   0.0001067713362,     0.08576473758,   5.042174705e-05,      0.1102353213,     0.06451625291,  -0.0003105975779,  -0.0009023156008,   0.0009674487931,                 0,    -0.00110747525,   0.0001719525568,   -0.001558256914,                 0,    -0.01291294396,       3.410285579,     -0.0141357316,                 0
          0,           0,          51,       2.812723191,       2.892063919,      -8.370494056,      -8.322676008,      -8.833964587,      -8.838315856,      -8.280983357,                         3,      -1.583835565,    0.003157023255,       10.01805455,       26.00317412,       63.21404132,       63.16191406,      0.0039269908,       0.260559228,   -0.002493462742,  -0.0002453658583,    -0.00431909067,    0.004402530343,    2.83034565e-05,       0.260559228,  -0.0002453658583,   -0.002493462742,   -0.009569658161,      -2.675122487,      -2.675657331,      -2.638654868,      -2.634532047,      -2.588055735,     0.08576472568,   5.042044134e-05,      0.1102352559,     0.06450882593,   -0.001107501094,   0.0001723105288,   -0.001558272177,                 0,  -0.0003105985634,  -0.0009022388835,   0.0009674715886,                 0,  -8.433578009e-06,   1.440904444e-05,   -0.004325066137,                 0,    0.002410832991,    -0.01211692712,     0.01324566343,    0.000862961039,  -0.0007815714712,   -0.007624451198,    0.008327658857,   0.0001066672685,     0.08576472568,   5.042044134e-05,      0.1102352559,     0.06450882593,  -0.0003105985634,  -0.0009022388835,   0.0009674715886,                 0,   -0.001107501094,   0.0001723105288,   -0.001558272177,                 0,    -0.01291324708,       3.417473631,    -0.01413587844,                 0
          0,           0,          52,       2.712251002,       2.888671222,      -8.533760744,      -8.489030651,      -8.997623785,      -9.000967872,      -8.448436549,                         3,       -1.60470576,    0.003314874208,       10.51895786,       27.30333282,       66.37474338,       66.32000976,      0.0039269908,      0.2605540065,   -0.002493159857,   -0.000245269409,   -0.004319081382,    0.004399296703,   2.914316883e-05,      0.2605540065,   -0.000245269409,   -0.002493159857,   -0.009568687469,      -2.838389174,      -2.842011974,      -2.802314066,      -2.797184063,      -2.755508927,     0.08576472178,   5.041927929e-05,       0.110235211,      0.0645036545,   -0.001107516262,   0.0001726358852,    -0.00155827948,                 0,  -0.0003105990911,  -0.0009021593313,   0.0009674890135,                 0,  -8.433563714e-06,   1.440937667e-05,   -0.004325057195,                 0,    0.002410860042,    -0.01212011191,     0.01324573675,   0.0008628118291,  -0.0007815729955,   -0.007623655448,     0.00832783217,   0.0001065394423,     0.08576472178,   5.041927929e-05,       0.110235211,      0.0645036545,  -0.0003105990911,  -0.0009021593313,   0.0009674890135,                 0,   -0.001107516262,   0.0001726358852,    -0.00155827948,                 0,    -0.01291342453,       3.424005413,    -0.01413595045,                 0
          0,           0,          53,       2.556704801,       2.882523696,      -8.712214337,      -8.669658144,      -9.177005287,      -9.179490414,       -8.63039456,                         3,      -1.627386806,    0.003480617776,       11.04490614,       28.66849946,       69.69348055,       69.63601025,      0.0039269908,      0.2605503444,   -0.002492872013,  -0.0002451771237,   -0.004319072786,    0.004396297509,   2.992658124e-05,      0.2605503444,  -0.0002451771237,   -0.002492872013,   -0.009567717203,      -3.016842768,      -3.022639467,      -2.981695568,      -2.975706605,      -2.937466938,      0.0857647227,   5.041825224e-05,      0.1102351804,     0.06450002305,   -0.001107524532,   0.0001729348318,   -0.001558282312,                 0,  -0.0003105992966,  -0.0009020798786,   0.0009675020515,                 0,  -8.433553258e-06,   1.440966601e-05,   -0.004325048899,                 0,    0.002410874696,    -0.01212305626,     0.01324576585,   0.0008627132193,  -0.0007815742517,   -0.007622860463,     0.00832796204,    0.000106399256,      0.0857647227,   5.041825224e-05,      0.1102351804,     0.06450002305,  -0.0003105992966,  -0.0009020798786,   0.0009675020515,                 0,   -0.001107524532,   0.0001729348318,   -0.001558282312,                 0,    -0.01291352082,       3.430004495,    -0.01413598006,                 0
          0,           0,          54,       2.871580775,       2.882324733,      -8.903971152,      -8.862909005,       -9.37043134,      -9.372045395,      -8.825438096,                         3,      -1.652637373,    0.003654648564,       11.59715168,       30.10192444,       73.17815458,       73.11781076,      0.0039269908,      0.2605477336,    -0.00249260037,   -0.000245090028,   -0.004319066083,      0.0043935181,   3.065287488e-05,      0.2605477336,   -0.000245090028,    -0.00249260037,   -0.009566770494,      -3.208599582,      -3.215890328,       -3.17512162,      -3.168261586,      -3.132510474,     0.08576472648,     5.0417345e-05,      0.1102351603,     0.06449742943,   -0.001107528205,   0.0001732101523,   -0.001558282317,                 0,  -0.0003105993062,  -0.0009020025102,   0.0009675117884,                 0,  -8.433545433e-06,   1.440991438e-05,   -0.004325042452,                 0,    0.002410881083,    -0.01212578026,       0.013245767,   0.0008626502774,  -0.0007815753218,   -0.007622085555,    0.008328059191,   0.0001062545608,     0.08576472648,     5.0417345e-05,      0.1102351603,     0.06449742943,  -0.0003105993062,  -0.0009020025102,   0.0009675117884,                 0,   -0.001107528205,   0.0001732101523,   -0.001558282317,                 0,    -0.01291356307,       3.435527045,    -0.01413598268,                 0
          0,           0,          55,       2.714063424,       2.879320067,      -9.107290789,      -9.067510829,      -9.576772008,      -9.577407777,      -9.032704409,                         3,      -1.682743355,    0.003837380923,        12.1770094,       31.60702066,       76.83706231,        76.7737013,      0.0039269908,      0.2605457981,   -0.002492345564,  -0.0002450094574,   -0.004319061745,    0.004390947606,   3.132085753e-05,      0.2605457981,  -0.0002450094574,   -0.002492345564,    -0.00956586359,      -3.411919219,      -3.420492152,      -3.381462289,      -3.373623968,      -3.339776788,     0.08576473207,   5.041653781e-05,       0.110235148,     0.06449550155,   -0.001107528687,   0.0001734631726,   -0.001558280049,                 0,  -0.0003105992043,  -0.0009019292713,   0.0009675190182,                 0,  -8.433539648e-06,   1.441012858e-05,   -0.004325038334,                 0,    0.002410881781,    -0.01212829305,     0.01324574576,   0.0008626131147,   -0.000781576282,   -0.007621350916,    0.008328131494,   0.0001061165619,     0.08576473207,   5.041653781e-05,       0.110235148,     0.06449550155,  -0.0003105992043,  -0.0009019292713,   0.0009675190182,                 0,   -0.001107528687,   0.0001734631726,   -0.001558280049,                 0,    -0.01291356786,       3.440600646,    -0.01413596369,                 0
          0,           0,          56,       2.691154525,       2.876018917,      -9.319693717,      -9.281553636,      -9.795144055,       -9.79454644,      -9.251119613,                         3,      -1.721107921,     0.00402924992,       12.78585996,       33.18737169,       80.67891543,       80.61238636,      0.0039269908,      0.2605443236,   -0.002492107768,  -0.0002449345613,   -0.004319059335,     0.00438856915,   3.194329909e-05,      0.2605443236,  -0.0002449345613,   -0.002492107768,   -0.009565005038,      -3.624322147,      -3.634534959,      -3.599834336,      -3.590762631,      -3.558191991,     0.08576473857,   5.041580744e-05,      0.1102351409,     0.06449402828,   -0.001107527273,   0.0001736958257,   -0.001558276321,                 0,   -0.000310599036,  -0.0009018597379,   0.0009675242126,                 0,   -8.43353537e-06,   1.441031267e-05,   -0.004325036112,                 0,    0.002410879088,    -0.01213060969,     0.01324571013,   0.0008625896212,  -0.0007815771564,    -0.00762065297,    0.008328183694,   0.0001059897317,     0.08576473857,   5.041580744e-05,      0.1102351409,     0.06449402828,   -0.000310599036,  -0.0009018597379,   0.0009675242126,                 0,   -0.001107527273,   0.0001736958257,   -0.001558276321,                 0,    -0.01291355038,       3.445265177,    -0.01413593077,                 0
          0,           0,          57,       2.610259641,       2.871436861,      -9.536099549,      -9.500764423,      -10.02405408,      -10.02166853,      -9.478183359,                         3,      -1.762407792,    0.004230712377,         13.425153,       34.84674028,        84.7128612,       84.64300568,      0.0039269908,      0.2605432329,   -0.002491887285,  -0.0002448669388,   -0.004319058063,    0.004386381607,   3.250338891e-05,      0.2605432329,  -0.0002448669388,   -0.002491887285,   -0.009564198835,      -3.840727979,      -3.853745746,      -3.828744361,      -3.817884721,      -3.785255738,     0.08576474534,   5.041515724e-05,      0.1102351378,     0.06449293462,   -0.001107524628,   0.0001739087173,   -0.001558271374,                 0,   -0.000310598842,  -0.0009017961611,   0.0009675280643,                 0,  -8.433532299e-06,   1.441047641e-05,   -0.004325035007,                 0,     0.00241087424,    -0.01213273431,     0.01324566253,   0.0008625791463,  -0.0007815779432,   -0.007620014271,    0.008328222573,   0.0001058730301,     0.08576474534,   5.041515724e-05,      0.1102351378,     0.06449293462,   -0.000310598842,  -0.0009017961611,   0.0009675280643,                 0,   -0.001107524628,   0.0001739087173,   -0.001558271374,                 0,    -0.01291351853,        3.44953238,     -0.0141358863,                 0
          0,           0,          58,       2.511703992,       2.865339694,      -9.747983031,      -9.718100759,      -10.26279456,      -10.25762445,      -9.710327386,                         2,      -1.317519226,     0.00444224797,       14.09641067,       36.58907729,       88.94850426,       88.87515596,      0.0039269908,      0.2605425746,   -0.002491681526,  -0.0002448111834,   -0.004319056626,    0.004384375025,   3.297949007e-05,      0.2605425746,  -0.0002448111834,   -0.002491681526,   -0.009563433271,      -4.052611461,      -4.071082082,      -4.067484842,      -4.053840639,      -4.017399764,     0.08576475163,   5.041458666e-05,      0.1102351359,     0.06449227248,    -0.00110752163,   0.0001741048787,   -0.001558264775,                 0,  -0.0003105985766,  -0.0009017405838,    0.000967527977,                 0,  -8.433530134e-06,   1.441062524e-05,   -0.004325033721,                 0,    0.002410868766,    -0.01213469219,     0.01324560004,   0.0008625984134,  -0.0007815785326,   -0.007619456527,    0.008328223333,   0.0001057912165,     0.08576475163,   5.041458666e-05,      0.1102351359,     0.06449227248,  -0.0003105985766,  -0.0009017405838,    0.000967527977,                 0,    -0.00110752163,   0.0001741048787,   -0.001558264775,                 0,    -0.01291348262,       3.453462386,    -0.01413582668,                 0
          0,           0,          59,       3.063891134,       2.868648884,      -9.934259315,      -9.912881687,      -10.50791734,       -10.4980917,       -9.93243979,                         3,      -1.549011551,    0.004664360348,       14.80123122,       38.41853116,       93.39592947,       93.31891376,      0.0039269908,      0.2605417937,   -0.002491490176,  -0.0002447479498,   -0.004319057601,    0.004382498549,   3.349366098e-05,      0.2605417937,  -0.0002447479498,   -0.002491490176,   -0.009562727503,      -4.238887746,       -4.26586301,      -4.312607618,      -4.294307887,      -4.239512169,     0.08576475841,   5.041404713e-05,       0.110235137,     0.06449148421,   -0.001107518057,   0.0001742880122,   -0.001558260132,                 0,  -0.0003105984106,  -0.0009016833176,   0.0009675337783,                 0,  -8.433528329e-06,   1.441075773e-05,    -0.00432503483,                 0,    0.002410862321,    -0.01213652468,     0.01324555379,   0.0008626071193,  -0.0007815792565,    -0.00761888075,     0.00832828025,   0.0001056734171,     0.08576475841,   5.041404713e-05,       0.110235137,     0.06449148421,  -0.0003105984106,  -0.0009016833176,   0.0009675337783,                 0,   -0.001107518057,   0.0001742880122,   -0.001558260132,                 0,    -0.01291343994,       3.457131933,    -0.01413578442,                 0
          0,           0,          60,       3.096323799,        2.87238126,       -10.0789107,      -10.06488743,      -10.72214073,      -10.70727259,      -10.11617809,                         3,      -1.364564092,    0.004897578352,       15.54129278,       40.33945771,       98.06572594,       97.98485945,      0.0039269908,      0.2605413363,   -0.002491315415,   -0.000244694872,   -0.004319057174,    0.004380787412,   3.393122952e-05,      0.2605413363,   -0.000244694872,   -0.002491315415,   -0.009562073531,      -4.383539127,      -4.417868752,      -4.526831008,      -4.503488777,      -4.423250467,     0.08576476444,   5.041356279e-05,      0.1102351394,      0.0644910188,   -0.001107514662,   0.0001744532857,   -0.001558254039,                 0,  -0.0003105983303,  -0.0009016325824,   0.0009675360407,                 0,  -8.433526898e-06,   1.441087923e-05,   -0.004325034527,                 0,    0.002410856187,    -0.01213818119,     0.01324549466,   0.0008626177494,  -0.0007815800308,   -0.007618368964,    0.008328303364,    0.000105576861,     0.08576476444,   5.041356279e-05,      0.1102351394,      0.0644910188,  -0.0003105983303,  -0.0009016325824,   0.0009675360407,                 0,   -0.001107514662,   0.0001744532857,   -0.001558254039,                 0,    -0.01291339945,       3.460443501,    -0.01413572883,                 0
          0,           0,          61,       2.871312254,       2.872364018,      -10.17066618,      -10.15422694,      -10.86751482,      -10.85050282,      -10.21851542,                         4,      -1.550265129,    0.005142457259,       16.31835742,        42.3564306,               100,       99.94037155,      0.0039269908,      0.2605410944,   -0.002491154601,   -0.000244645558,   -0.004319056859,    0.004379213206,   3.434623988e-05,      0.2605410944,   -0.000244645558,   -0.002491154601,   -0.009561465175,      -4.475294607,      -4.507208262,      -4.672205101,      -4.646719015,      -4.525587798,     0.08576477023,   5.041312477e-05,      0.1102351436,     0.06449076743,   -0.001107511202,   0.0001746050253,   -0.001558248425,                 0,  -0.0003105981856,  -0.0009015852132,   0.0009675378409,                 0,  -8.433525765e-06,   1.441099172e-05,   -0.004325034325,                 0,    0.002410849851,    -0.01213970288,     0.01324544011,   0.0008626261267,  -0.0007815806421,   -0.007617891634,     0.00832832166,   0.0001054968555,     0.08576477023,   5.041312477e-05,      0.1102351436,     0.06449076743,  -0.0003105981856,  -0.0009015852132,   0.0009675378409,                 0,   -0.001107511202,   0.0001746050253,   -0.001558248425,                 0,    -0.01291335823,        3.46348349,    -0.01413567737,                 0
          0,           0,          62,       2.681190725,       2.869329521,      -10.22472452,      -10.19871703,      -10.92347893,      -10.91001392,       -10.2554574,                         3,      -1.314939298,    0.005399580109,       16.64022497,       44.47425213,               100,       99.96557934,      0.0039269908,      0.2605409137,   -0.002491001649,  -0.0002446048229,   -0.004319056782,    0.004377742915,   3.468616261e-05,      0.2605409137,  -0.0002446048229,   -0.002491001649,   -0.009560884751,      -4.529352949,      -4.551698351,      -4.728169216,      -4.706230108,      -4.562529775,     0.08576477532,   5.041273796e-05,      0.1102351476,     0.06449057803,   -0.001107507526,   0.0001747467201,   -0.001558240843,                 0,  -0.0003105979064,  -0.0009015446435,    0.000967537727,                 0,  -8.433525255e-06,   1.441109694e-05,   -0.004325034353,                 0,     0.00241084333,    -0.01214112376,     0.01324536702,   0.0008626563248,  -0.0007815808642,   -0.007617485725,    0.008328321305,   0.0001054314467,     0.08576477532,   5.041273796e-05,      0.1102351476,     0.06449057803,  -0.0003105979064,  -0.0009015446435,    0.000967537727,                 0,   -0.001107507526,   0.0001747467201,   -0.001558240843,                 0,    -0.01291331461,       3.466320759,    -0.01413560808,                 0
          0,           0,          63,       2.704294566,        2.86675085,      -10.27870438,      -10.25072355,      -10.97308995,      -10.96332105,      -10.31114292,                         3,      -1.316960323,    0.005506082834,       16.64022497,       46.69796474,               100,       99.97792725,      0.0039269908,      0.2605407488,   -0.002490864203,  -0.0002445673344,   -0.004319057193,    0.004376417345,   3.500270584e-05,      0.2605407488,  -0.0002445673344,   -0.002490864203,   -0.009560363264,      -4.583332812,      -4.603704875,      -4.777780229,      -4.759537239,      -4.618215299,     0.08576478042,   5.041238316e-05,       0.110235151,     0.06449040497,   -0.001107503899,   0.0001748750645,   -0.001558235369,                 0,  -0.0003105977466,  -0.0009015085955,   0.0009675390077,                 0,   -8.43352503e-06,   1.441119623e-05,   -0.004325034864,                 0,    0.002410836864,    -0.01214241146,      0.0132453142,   0.0008626777369,  -0.0007815812945,    -0.00761712104,    0.008328334332,   0.0001053707086,     0.08576478042,   5.041238316e-05,       0.110235151,     0.06449040497,  -0.0003105977466,  -0.0009015085955,   0.0009675390077,                 0,   -0.001107503899,   0.0001748750645,   -0.001558235369,                 0,    -0.01291327155,       3.468891045,    -0.01413555798,                 0
          0,           0,          64,       3.214028832,       2.872093588,      -10.33480592,      -10.30364907,      -11.03085728,      -11.02470414,      -10.36927435,                         4,       -1.57013282,     0.00550608283,       16.64022496,       49.03286297,               100,        99.9846573,      0.0039269908,      0.2605406941,   -0.002490740841,  -0.0002445331883,   -0.004319057004,    0.004375215878,   3.529547148e-05,      0.2605406941,  -0.0002445331883,   -0.002490740841,   -0.009559891785,      -4.639434348,       -4.65663039,      -4.835547559,      -4.820920335,      -4.676346724,     0.08576478525,    5.04120637e-05,      0.1102351542,     0.06449034255,   -0.001107500629,   0.0001749903089,   -0.001558230521,                 0,  -0.0003105976624,  -0.0009014761042,   0.0009675405783,                 0,  -8.433524838e-06,   1.441128959e-05,   -0.004325034768,                 0,    0.002410830966,    -0.01214356839,      0.0132452673,   0.0008626860009,  -0.0007815818287,   -0.007616792079,    0.008328350083,   0.0001053192961,     0.08576478525,    5.04120637e-05,      0.1102351542,     0.06449034255,  -0.0003105976624,  -0.0009014761042,   0.0009675405783,                 0,   -0.001107500629,   0.0001749903089,   -0.001558230521,                 0,     -0.0129132327,       3.471199075,    -0.01413551359,                 0
          0,           0,          65,       2.615770779,       2.868209909,      -10.38573309,      -10.34562371,      -11.07512678,      -11.07395144,      -10.40839062,                         3,      -1.318398067,    0.005506082827,       16.64022496,       51.48450612,               100,       99.98801112,      0.0039269908,      0.2605406597,    -0.00249062439,  -0.0002445042982,   -0.004319056727,    0.004374091693,   3.553931228e-05,      0.2605406597,  -0.0002445042982,    -0.00249062439,   -0.009559446086,      -4.690361519,      -4.698605037,      -4.879817061,      -4.870167627,      -4.715463003,     0.08576478923,   5.041177982e-05,      0.1102351569,     0.06449030182,   -0.001107497635,   0.0001750974876,   -0.001558224242,                 0,  -0.0003105974794,  -0.0009014472532,   0.0009675404345,                 0,  -8.433524776e-06,   1.441137733e-05,    -0.00432503458,                 0,    0.002410825668,     -0.0121446446,     0.01324520677,   0.0008627038612,  -0.0007815820568,   -0.007616503047,    0.008328349223,   0.0001052751929,     0.08576478923,   5.041177982e-05,      0.1102351569,     0.06449030182,  -0.0003105974794,  -0.0009014472532,   0.0009675404345,                 0,   -0.001107497635,   0.0001750974876,   -0.001558224242,                 0,    -0.01291319719,       3.473344686,    -0.01413545629,                 0
          0,           0,          66,       2.687503297,       2.865512796,      -10.44364252,      -10.39873751,      -11.13340039,      -11.13504795,      -10.46613915,                         3,      -1.317535861,    0.005506082825,       16.64022496,       54.05873143,               100,       99.98994961,      0.0039269908,      0.2605406366,   -0.002490517786,  -0.0002444758807,   -0.004319056566,     0.00437305779,    3.57836003e-05,      0.2605406366,  -0.0002444758807,   -0.002490517786,   -0.009559037771,      -4.748270955,      -4.751718834,      -4.938090675,      -4.931264144,      -4.773211532,     0.08576479309,   5.041151354e-05,      0.1102351592,     0.06449027283,   -0.001107494788,   0.0001751965297,   -0.001558219528,                 0,  -0.0003105973366,  -0.0009014202395,   0.0009675416954,                 0,  -8.433524778e-06,   1.441146258e-05,   -0.004325034504,                 0,    0.002410820597,    -0.01214563897,     0.01324516127,   0.0008627148894,  -0.0007815823165,   -0.007616230057,     0.00832836194,   0.0001052340339,     0.08576479309,   5.041151354e-05,      0.1102351592,     0.06449027283,  -0.0003105973366,  -0.0009014202395,   0.0009675416954,                 0,   -0.001107494788,   0.0001751965297,   -0.001558219528,                 0,    -0.01291316341,       3.475327705,    -0.01413541323,                 0
          0,           0,          67,        2.73356596,       2.863572401,      -10.49993582,      -10.44999214,      -11.19491408,       -11.1978135,      -10.52118567,                         3,      -1.305088974,    0.005506082822,       16.64022495,         56.761668,               100,       99.99113015,      0.0039269908,      0.2605406625,   -0.002490421222,  -0.0002444520415,   -0.004319056224,    0.004372117911,   3.598903542e-05,      0.2605406625,  -0.0002444520415,   -0.002490421222,   -0.009558666191,       -4.80456425,       -4.80297346,      -4.999604364,      -4.994029694,      -4.828258048,     0.08576479665,   5.041128168e-05,      0.1102351615,     0.06449029301,   -0.001107492091,   0.0001752857158,   -0.001558214846,                 0,  -0.0003105972176,  -0.0009013975755,   0.0009675427515,                 0,  -8.433524915e-06,   1.441154145e-05,    -0.00432503424,                 0,    0.002410815809,    -0.01214653517,     0.01324511607,   0.0008627212009,  -0.0007815825486,     -0.0076160008,    0.008328372648,    0.000105199736,     0.08576479665,   5.041128168e-05,      0.1102351615,     0.06449029301,  -0.0003105972176,  -0.0009013975755,   0.0009675427515,                 0,   -0.001107492091,   0.0001752857158,   -0.001558214846,                 0,    -0.01291313143,        3.47711286,    -0.01413537047,                 0
          0,           0,          68,        2.68727442,       2.861017358,      -10.55439936,      -10.49844781,      -11.25281767,      -11.25765214,       -10.5706049,                         3,      -1.306582997,    0.005506082822,       16.64022495,        59.5997514,               100,       99.99192083,      0.0039269908,      0.2605407079,   -0.002490338207,  -0.0002444304022,   -0.004319055907,    0.004371309206,    3.61774453e-05,      0.2605407079,  -0.0002444304022,   -0.002490338207,   -0.009558345901,      -4.859027793,      -4.851429129,      -5.057507953,      -5.053868329,      -4.877677281,     0.08576479986,   5.041109176e-05,      0.1102351637,     0.06449033321,   -0.001107489654,   0.0001753621632,   -0.001558210716,                 0,  -0.0003105971033,   -0.000901376743,   0.0009675434441,                 0,  -8.433525069e-06,   1.441160139e-05,   -0.004325033983,                 0,    0.002410811478,    -0.01214730361,     0.01324507617,   0.0008627251674,  -0.0007815827556,   -0.007615790384,    0.008328379759,   0.0001051708255,     0.08576479986,   5.041109176e-05,      0.1102351637,     0.06449033321,  -0.0003105971033,   -0.000901376743,   0.0009675434441,                 0,   -0.001107489654,   0.0001753621632,   -0.001558210716,                 0,    -0.01291310253,       3.478642439,    -0.01413533272,                 0
          0,           0,          69,        2.90599214,       2.861659855,      -10.63008499,      -10.57885137,      -11.30860827,      -11.31201933,      -10.63365499,                         4,      -1.583815335,    0.005506082822,       16.64022495,       62.57973897,               100,       99.99264066,      0.0039269908,      0.2605407485,   -0.002490279979,  -0.0002444084556,   -0.004319055991,    0.004370734569,   3.637390955e-05,      0.2605407485,  -0.0002444084556,   -0.002490279979,   -0.009558120922,      -4.934713419,      -4.931832696,      -5.113298553,      -5.108235516,      -4.940727372,     0.08576480261,   5.041094225e-05,      0.1102351657,     0.06449036929,   -0.001107487837,   0.0001754161796,   -0.001558208322,                 0,  -0.0003105969842,  -0.0009013552721,   0.0009675438006,                 0,  -8.433524941e-06,   1.441162453e-05,   -0.004325034091,                 0,    0.002410808184,    -0.01214784649,     0.01324505304,   0.0008627198379,  -0.0007815829213,   -0.007615573944,    0.008328383427,   0.0001051473481,     0.08576480261,   5.041094225e-05,      0.1102351657,     0.06449036929,  -0.0003105969842,  -0.0009013552721,   0.0009675438006,                 0,   -0.001107487837,   0.0001754161796,   -0.001558208322,                 0,    -0.01291308093,       3.479724278,    -0.01413531075,                 0
          0,           0,          70,       2.652928597,       2.858719978,      -10.69147537,      -10.64553243,      -11.35333877,      -11.35512762,      -10.68622852,                         3,      -1.309528221,    0.005506082822,       16.64022495,       65.70872592,               100,       99.99338686,      0.0039269908,      0.2605407936,   -0.002490240445,  -0.0002443863283,   -0.004319056147,    0.004370337422,   3.656834861e-05,      0.2605407936,  -0.0002443863283,   -0.002490240445,   -0.009557967525,      -4.996103799,      -4.998513751,       -5.15802905,      -5.151343812,        -4.9933009,     0.08576480478,   5.041081779e-05,      0.1102351671,     0.06449041092,    -0.00110748619,   0.0001754513295,   -0.001558205584,                 0,  -0.0003105968371,  -0.0009013323837,   0.0009675428925,                 0,  -8.433524751e-06,   1.441162208e-05,   -0.004325034244,                 0,     0.00241080526,    -0.01214820104,     0.01324502686,   0.0008627063359,  -0.0007815829529,    -0.00761534541,    0.008328374675,   0.0001051220367,     0.08576480478,   5.041081779e-05,      0.1102351671,     0.06449041092,  -0.0003105968371,  -0.0009013323837,   0.0009675428925,                 0,    -0.00110748619,   0.0001754513295,   -0.001558205584,                 0,     -0.0129130614,       3.480430138,    -0.01413528572,                 0
          0,           0,          71,       2.551813073,       2.854457382,      -10.75466844,      -10.71624208,      -11.41762433,      -11.41693935,      -10.75844685,                         3,      -1.305431342,    0.005506082824,       16.64022494,       68.99416221,               100,       99.99417037,      0.0039269908,      0.2605408342,   -0.002490211311,  -0.0002443643069,   -0.004319056547,    0.004370041323,   3.676513408e-05,      0.2605408342,  -0.0002443643069,   -0.002490211311,    -0.00955785422,      -5.059296866,      -5.069223398,      -5.222314609,      -5.213155541,      -5.065519227,     0.08576480712,   5.041071367e-05,      0.1102351687,     0.06449044764,   -0.001107484298,   0.0001754763774,   -0.001558203391,                 0,  -0.0003105967594,   -0.000901310287,   0.0009675427395,                 0,  -8.433524835e-06,    1.44116049e-05,   -0.004325034627,                 0,    0.002410801918,    -0.01214845592,     0.01324500597,   0.0008626893583,   -0.000781583112,   -0.007615122638,    0.008328373247,    0.000105097637,     0.08576480712,   5.041071367e-05,      0.1102351687,     0.06449044764,  -0.0003105967594,   -0.000901310287,   0.0009675427395,                 0,   -0.001107484298,   0.0001754763774,   -0.001558203391,                 0,    -0.01291303898,       3.480934203,    -0.01413526563,                 0
          0,           0,          72,       2.858070549,       2.854506877,      -10.81621407,      -10.78218473,      -11.48324187,      -11.48345973,       -10.8278467,                         4,      -1.581379875,    0.005506082824,       16.64022494,       72.44387032,               100,       99.99499306,      0.0039269908,       0.260540882,   -0.002490187685,   -0.000244344321,   -0.004319056937,    0.004369804209,   3.694705075e-05,       0.260540882,   -0.000244344321,   -0.002490187685,   -0.009557761783,      -5.120842501,      -5.135166053,      -5.287932152,      -5.279675924,      -5.134919076,     0.08576480939,   5.041062623e-05,      0.1102351703,      0.0644904917,     -0.0011074826,   0.0001754964859,   -0.001558201571,                 0,  -0.0003105967004,  -0.0009012903895,   0.0009675427689,                 0,  -8.433525049e-06,     1.4411583e-05,   -0.004325034995,                 0,    0.002410798892,    -0.01214866084,     0.01324498859,   0.0008626775634,  -0.0007815832904,   -0.007614921901,    0.008328373616,   0.0001050786259,     0.08576480939,   5.041062623e-05,      0.1102351703,      0.0644904917,  -0.0003105967004,  -0.0009012903895,   0.0009675427689,                 0,     -0.0011074826,   0.0001754964859,   -0.001558201571,                 0,    -0.01291301885,       3.481339134,    -0.01413524891,                 0
          0,           0,          73,       3.061714235,       2.857306977,      -10.87283864,      -10.83916245,      -11.53419969,       -11.5398698,      -10.88356598,                         3,      -1.306379885,    0.005506082825,       16.64022494,       76.06606384,               100,       99.99585688,      0.0039269908,      0.2605409158,   -0.002490167439,  -0.0002443262148,   -0.004319057398,    0.004369607194,   3.711150959e-05,      0.2605409158,  -0.0002443262148,   -0.002490167439,   -0.009557682835,      -5.177467068,      -5.192143771,      -5.338889975,      -5.336085994,      -5.190638355,     0.08576481118,   5.041055186e-05,      0.1102351715,     0.06449052253,   -0.001107481195,   0.0001755131997,   -0.001558199444,                 0,  -0.0003105966062,  -0.0009012717097,   0.0009675421012,                 0,   -8.43352518e-06,   1.441155921e-05,   -0.004325035432,                 0,    0.002410796416,    -0.01214883129,     0.01324496824,   0.0008626738274,  -0.0007815833475,   -0.007614734934,    0.008328367211,    0.000105062581,     0.08576481118,   5.041055186e-05,      0.1102351715,     0.06449052253,  -0.0003105966062,  -0.0009012717097,   0.0009675421012,                 0,   -0.001107481195,   0.0001755131997,   -0.001558199444,                 0,    -0.01291300219,       3.481675824,    -0.01413522946,                 0
          0,           0,          74,        2.81469622,       2.856738833,      -10.93602748,      -10.90830106,      -11.60177985,      -11.61224421,      -10.96036687,                         4,      -1.580661116,    0.005506082826,       16.64022494,       79.86936703,               100,       99.99676389,      0.0039269908,      0.2605409442,   -0.002490152396,  -0.0002443091317,   -0.004319057836,    0.004369458572,   3.726827761e-05,      0.2605409442,  -0.0002443091317,   -0.002490152396,   -0.009557624056,      -5.240655915,       -5.26128238,      -5.406470128,      -5.408460401,      -5.267439246,     0.08576481285,   5.041048633e-05,      0.1102351726,     0.06449054826,    -0.00110747997,    0.000175525826,   -0.001558198252,                 0,  -0.0003105965482,  -0.0009012547477,   0.0009675421642,                 0,  -8.433525248e-06,   1.441153375e-05,   -0.004325035845,                 0,    0.002410794228,    -0.01214896039,     0.01324495684,    0.000862667892,  -0.0007815834581,   -0.007614563978,    0.008328367862,   0.0001050478511,     0.08576481285,   5.041048633e-05,      0.1102351726,     0.06449054826,  -0.0003105965482,  -0.0009012547477,   0.0009675421642,                 0,    -0.00110747997,    0.000175525826,   -0.001558198252,                 0,    -0.01291298766,       3.481930819,    -0.01413521851,                 0
          0,           0,          75,       2.956801592,       2.858055449,      -10.99399875,       -10.9681669,      -11.66200238,      -11.67716063,      -11.02258928,                         4,      -1.567358034,    0.005506082827,       16.64022494,       83.86283538,               100,       99.99771625,      0.0039269908,      0.2605409755,   -0.002490140129,  -0.0002442936444,   -0.004319058173,    0.004369337525,   3.741025478e-05,      0.2605409755,  -0.0002442936444,   -0.002490140129,   -0.009557575827,      -5.298627181,      -5.321148223,      -5.466692661,      -5.473376824,      -5.329661656,      0.0857648142,   5.041043073e-05,      0.1102351736,      0.0644905773,   -0.001107478964,   0.0001755356597,   -0.001558196825,                 0,  -0.0003105964846,  -0.0009012389535,   0.0009675417936,                 0,  -8.433525276e-06,   1.441150716e-05,   -0.004325036154,                 0,    0.002410792438,    -0.01214906123,     0.01324494317,   0.0008626631475,  -0.0007815835211,   -0.007614405716,    0.008328364315,   0.0001050351767,      0.0857648142,   5.041043073e-05,      0.1102351736,      0.0644905773,  -0.0003105964846,  -0.0009012389535,   0.0009675417936,                 0,   -0.001107478964,   0.0001755356597,   -0.001558196825,                 0,    -0.01291297573,       3.482129733,    -0.01413520544,                 0
          0,           0,          76,       2.803733373,       2.857349967,      -11.05345987,      -11.02947736,      -11.72382515,      -11.74253971,      -11.08777528,                         4,      -1.569549472,    0.005506082827,       16.64022494,       88.05597715,               100,       99.99870705,      0.0039269908,      0.2605409999,   -0.002490130446,  -0.0002442792104,   -0.004319058513,    0.004369241914,   3.754264555e-05,      0.2605409999,  -0.0002442792104,   -0.002490130446,   -0.009557537768,      -5.358088296,      -5.382458686,      -5.528515435,      -5.538755897,      -5.394847659,     0.08576481537,   5.041038186e-05,      0.1102351743,      0.0644905998,    -0.00110747813,   0.0001755433629,   -0.001558195679,                 0,  -0.0003105964284,  -0.0009012242646,   0.0009675414827,                 0,  -8.433525251e-06,   1.441148036e-05,   -0.004325036468,                 0,    0.002410790948,    -0.01214914022,     0.01324493219,   0.0008626589917,  -0.0007815835791,   -0.007614258557,    0.008328361326,   0.0001050234557,     0.08576481537,   5.041038186e-05,      0.1102351743,      0.0644905998,  -0.0003105964284,  -0.0009012242646,   0.0009675414827,                 0,    -0.00110747813,   0.0001755433629,   -0.001558195679,                 0,    -0.01291296583,       3.482285919,    -0.01413519494,                 0
          0,           0,          77,       2.862443833,       2.857415273,      -11.11346087,       -11.0911953,      -11.78709433,      -11.80807534,      -11.15471941,                         4,      -1.569524952,    0.005506082827,       16.64022494,       92.45877601,               100,       99.99957684,      0.0039269908,      0.2605410211,   -0.002490122726,   -0.000244266299,   -0.004319058774,     0.00436916613,   3.766147596e-05,      0.2605410211,   -0.000244266299,   -0.002490122726,   -0.009557507358,      -5.418089305,      -5.444176623,      -5.591784612,      -5.604291535,      -5.461791792,     0.08576481638,   5.041033986e-05,       0.110235175,     0.06449061941,   -0.001107477427,   0.0001755494413,    -0.00155819474,                 0,  -0.0003105963873,  -0.0009012111419,   0.0009675412301,                 0,  -8.433525203e-06,   1.441145462e-05,   -0.004325036703,                 0,    0.002410789688,    -0.01214920254,     0.01324492322,   0.0008626557631,  -0.0007815836458,   -0.007614126916,    0.008328358906,   0.0001050131313,     0.08576481638,   5.041033986e-05,       0.110235175,     0.06449061941,  -0.0003105963873,  -0.0009012111419,   0.0009675412301,                 0,   -0.001107477427,   0.0001755494413,    -0.00155819474,                 0,    -0.01291295748,       3.482409398,    -0.01413518635,                 0
          0,           0,          78,       2.823593408,       2.856987148,      -11.17454982,      -11.15301491,      -11.85262108,      -11.87567424,      -11.22213441,                         4,      -1.567161234,    0.005506082827,       16.64022493,       97.08171481,               100,       99.99998616,      0.0039269908,        0.26054104,    -0.00249011659,  -0.0002442546559,   -0.004319059032,    0.004369106251,   3.776891111e-05,        0.26054104,  -0.0002442546559,    -0.00249011659,   -0.009557483115,      -5.479178255,      -5.505996237,      -5.657311362,      -5.671890428,      -5.529206789,     0.08576481725,   5.041030347e-05,      0.1102351755,     0.06449063693,   -0.001107476841,   0.0001755541804,    -0.00155819393,                 0,  -0.0003105963533,  -0.0009011992592,   0.0009675409566,                 0,  -8.433525144e-06,   1.441143007e-05,   -0.004325036937,                 0,    0.002410788636,    -0.01214925117,     0.01324491547,   0.0008626533187,  -0.0007815837098,   -0.007614007703,    0.008328356271,   0.0001050040523,     0.08576481725,   5.041030347e-05,      0.1102351755,     0.06449063693,  -0.0003105963533,  -0.0009011992592,   0.0009675409566,                 0,   -0.001107476841,   0.0001755541804,    -0.00155819393,                 0,    -0.01291295051,       3.482505922,    -0.01413517893,                 0
          0,           0,          79,       2.798843193,       2.856260349,      -11.23540111,      -11.21373102,      -11.91708145,      -11.94244247,      -11.28806027,                         4,      -1.565184618,    0.005506082827,       16.64022493,               100,               100,               100,      0.0039269908,       0.260541057,   -0.002490111807,  -0.0002442440544,   -0.004319059222,    0.004369059653,   3.786682062e-05,       0.260541057,  -0.0002442440544,   -0.002490111807,   -0.009557464132,      -5.540029541,      -5.566712348,      -5.721771733,      -5.738658657,       -5.59513265,       0.085764818,   5.041027187e-05,       0.110235176,     0.06449065274,   -0.001107476355,   0.0001755578192,   -0.001558193271,                 0,  -0.0003105963225,  -0.0009011884536,   0.0009675407217,                 0,  -8.433525071e-06,   1.441140677e-05,   -0.004325037104,                 0,    0.002410787763,    -0.01214928857,     0.01324490916,   0.0008626512975,  -0.0007815837634,   -0.007613899369,     0.00832835401,   0.0001049959431,       0.085764818,   5.041027187e-05,       0.110235176,     0.06449065274,  -0.0003105963225,  -0.0009011884536,   0.0009675407217,                 0,   -0.001107476355,   0.0001755578192,   -0.001558193271,                 0,    -0.01291294473,       3.482580289,    -0.01413517289,                 0
          0,           0,          80,       3.360558279,       2.862486249,      -11.29544182,      -11.27336004,      -11.98027811,      -12.00791482,      -11.35265585,                         4,      -1.564001714,    0.005506082827,       16.64022493,               100,               100,               100,      0.0039269908,      0.2605410723,   -0.002490108075,  -0.0002442344804,   -0.004319059423,    0.004369023409,   3.795533325e-05,      0.2605410723,  -0.0002442344804,   -0.002490108075,   -0.009557449247,      -5.600070255,      -5.626341359,      -5.784968387,      -5.804131014,      -5.659728228,     0.08576481864,   5.041024437e-05,      0.1102351763,     0.06449066708,   -0.001107475948,    0.000175560573,     -0.0015581927,                 0,  -0.0003105962952,  -0.0009011786715,   0.0009675404863,                 0,  -8.433524991e-06,   1.441138485e-05,   -0.004325037283,                 0,     0.00241078703,    -0.01214931694,     0.01324490369,   0.0008626496241,  -0.0007815838096,   -0.007613801347,    0.008328351733,   0.0001049887564,     0.08576481864,   5.041024437e-05,      0.1102351763,     0.06449066708,  -0.0003105962952,  -0.0009011786715,   0.0009675404863,                 0,   -0.001107475948,    0.000175560573,     -0.0015581927,                 0,    -0.01291293989,       3.482636817,    -0.01413516767,                 0
          0,           0,          81,       2.880557491,        2.86270663,      -11.35460199,      -11.33201079,      -12.04269978,      -12.07237077,       -11.4159767,                         4,      -1.563485473,    0.005506082827,       16.64022493,               100,               100,               100,      0.0039269908,      0.2605410864,   -0.002490105207,  -0.0002442256713,   -0.004319059577,    0.004368995661,   3.803694248e-05,      0.2605410864,  -0.0002442256713,   -0.002490105207,    -0.00955743772,      -5.659230425,      -5.684992113,      -5.847390057,      -5.868586962,      -5.723049077,      0.0857648192,   5.041022016e-05,      0.1102351766,     0.06449068033,   -0.001107475605,   0.0001755626303,   -0.001558192232,                 0,  -0.0003105962709,  -0.0009011696918,   0.0009675402914,                 0,  -8.433524906e-06,   1.441136411e-05,   -0.004325037417,                 0,    0.002410786409,     -0.0121493382,     0.01324489922,   0.0008626482274,  -0.0007815838508,   -0.007613711405,    0.008328349851,   0.0001049823472,      0.0857648192,   5.041022016e-05,      0.1102351766,     0.06449068033,  -0.0003105962709,  -0.0009011696918,   0.0009675402914,                 0,   -0.001107475605,   0.0001755626303,   -0.001558192232,                 0,    -0.01291293581,       3.482679301,    -0.01413516338,                 0
          0,           0,          82,       2.930922857,       2.863528512,      -11.41225505,      -11.38895025,      -12.10285277,      -12.13430877,       -11.4766969,                         4,      -1.565313868,    0.005506082827,       16.64022493,               100,               100,               100,      0.0039269908,      0.2605410989,   -0.002490102964,  -0.0002442178867,   -0.004319059748,    0.004368974116,   3.810908971e-05,      0.2605410989,  -0.0002442178867,   -0.002490102964,   -0.009557428651,      -5.716883479,      -5.741931569,      -5.907543055,      -5.930524962,      -5.783769274,     0.08576481969,   5.041019929e-05,      0.1102351769,     0.06449069214,   -0.001107475315,   0.0001755641713,    -0.00155819182,                 0,  -0.0003105962498,    -0.00090116173,   0.0009675400931,                 0,  -8.433524821e-06,   1.441134509e-05,   -0.004325037569,                 0,    0.002410785884,    -0.01214935417,     0.01324489528,   0.0008626471284,  -0.0007815838872,   -0.007613631662,    0.008328347925,   0.0001049767138,     0.08576481969,   5.041019929e-05,      0.1102351769,     0.06449069214,  -0.0003105962498,    -0.00090116173,   0.0009675400931,                 0,   -0.001107475315,   0.0001755641713,    -0.00155819182,                 0,    -0.01291293235,       3.482711311,    -0.01413515961,                 0
          0,           0,          83,       3.039743885,       2.865626314,      -11.47045206,      -11.44617333,        -12.163334,      -12.19642459,      -11.53772743,                         4,      -1.566205487,    0.005506082827,       16.64022493,               100,               100,               100,      0.0039269908,      0.2605411102,   -0.002490101264,  -0.0002442108687,   -0.004319059873,     0.00436895794,   3.817423903e-05,      0.2605411102,  -0.0002442108687,   -0.002490101264,   -0.009557421716,      -5.775080492,      -5.799154655,      -5.968024279,      -5.992640777,      -5.844799805,     0.08576482011,   5.041018111e-05,      0.1102351772,     0.06449070272,   -0.001107475073,   0.0001755653052,   -0.001558191496,                 0,  -0.0003105962314,  -0.0009011545694,   0.0009675399321,                 0,  -8.433524738e-06,   1.441132765e-05,   -0.004325037676,                 0,    0.002410785445,    -0.01214936597,     0.01324489218,    0.000862646281,  -0.0007815839196,   -0.007613559957,    0.008328346365,   0.0001049717501,     0.08576482011,   5.041018111e-05,      0.1102351772,     0.06449070272,  -0.0003105962314,  -0.0009011545694,   0.0009675399321,                 0,   -0.001107475073,   0.0001755653052,   -0.001558191496,                 0,    -0.01291292947,        3.48273506,    -0.01413515664,                 0
          0,           0,          84,       2.930233408,       2.866386398,      -11.52841476,       -11.5029195,      -12.22329431,      -12.25803573,      -11.59806126,                         4,       -1.56693957,    0.005506082827,       16.64022493,               100,               100,               100,      0.0039269908,      0.2605411202,   -0.002490099962,  -0.0002442045841,   -0.004319060013,    0.004368945631,   3.823258351e-05,      0.2605411202,  -0.0002442045841,   -0.002490099962,    -0.00955741635,      -5.833043194,      -5.855900827,      -6.027984593,      -6.054251917,      -5.905133642,     0.08576482048,   5.041016521e-05,      0.1102351774,     0.06449071224,   -0.001107474871,   0.0001755661104,   -0.001558191202,                 0,   -0.000310596215,  -0.0009011481343,   0.0009675397653,                 0,  -8.433524656e-06,   1.441131163e-05,     -0.0043250378,                 0,    0.002410785076,    -0.01214937439,     0.01324488936,   0.0008626455834,  -0.0007815839478,   -0.007613495537,    0.008328344742,   0.0001049673258,     0.08576482048,   5.041016521e-05,      0.1102351774,     0.06449071224,   -0.000310596215,  -0.0009011481343,   0.0009675397653,                 0,   -0.001107474871,   0.0001755661104,   -0.001558191202,                 0,    -0.01291292705,       3.482752132,    -0.01413515395,                 0
          0,           0,          85,       3.025522402,       2.868236817,      -11.58603906,      -11.55915708,      -12.28281613,      -12.31920122,      -11.65777957,                         4,      -1.567724326,    0.005506082827,       16.64022493,               100,               100,               100,      0.0039269908,      0.2605411294,   -0.002490099004,  -0.0002441989164,   -0.004319060109,     0.00436893669,   3.828526172e-05,      0.2605411294,  -0.0002441989164,   -0.002490099004,   -0.009557412339,      -5.890667486,      -5.912138404,      -6.087506413,       -6.11541741,      -5.964851953,     0.08576482079,    5.04101513e-05,      0.1102351775,     0.06449072089,   -0.001107474699,   0.0001755666657,   -0.001558190972,                 0,  -0.0003105962007,  -0.0009011423515,   0.0009675396358,                 0,  -8.433524578e-06,     1.4411297e-05,   -0.004325037882,                 0,    0.002410784762,    -0.01214938025,     0.01324488716,   0.0008626450173,  -0.0007815839727,   -0.007613437656,    0.008328343485,   0.0001049634049,     0.08576482079,    5.04101513e-05,      0.1102351775,     0.06449072089,  -0.0003105962007,  -0.0009011423515,   0.0009675396358,                 0,   -0.001107474699,   0.0001755666657,   -0.001558190972,                 0,      -0.012912925,       3.482764109,    -0.01413515183,                 0
          0,           0,          86,       3.041643548,       2.870229997,      -11.64336677,       -11.6149904,      -12.34206746,      -12.38002617,      -11.71696836,                         4,      -1.568534555,    0.005506082826,       16.64022493,               100,               100,               100,      0.0039269908,      0.2605411378,   -0.002490098289,  -0.0002441937842,   -0.004319060229,    0.004368930104,   3.833300477e-05,      0.2605411378,  -0.0002441937842,   -0.002490098289,   -0.009557409285,      -5.947995204,      -5.967971721,      -6.146757739,      -6.176242358,      -6.024040734,     0.08576482107,   5.041013899e-05,      0.1102351777,     0.06449072888,   -0.001107474552,   0.0001755670134,   -0.001558190751,                 0,  -0.0003105961878,  -0.0009011370941,   0.0009675394977,                 0,  -8.433524504e-06,   1.441128348e-05,   -0.004325037988,                 0,    0.002410784493,    -0.01214938398,     0.01324488505,    0.000862644549,  -0.0007815839949,   -0.007613385051,    0.008328342139,   0.0001049599114,     0.08576482107,   5.041013899e-05,      0.1102351777,     0.06449072888,  -0.0003105961878,  -0.0009011370941,   0.0009675394977,                 0,   -0.001107474552,   0.0001755670134,   -0.001558190751,                 0,    -0.01291292325,       3.482771857,    -0.01413514981,                 0
          0,           0,          87,       2.957998928,       2.871227372,      -11.69952921,      -11.66960788,      -12.39958215,      -12.43902256,       -11.7742485,                         4,       -1.57128522,    0.005506082826,       16.64022493,               100,               100,               100,      0.0039269908,      0.2605411453,   -0.002490097778,  -0.0002441892354,   -0.004319060307,    0.004368925522,   3.837534676e-05,      0.2605411453,  -0.0002441892354,   -0.002490097778,   -0.009557407046,      -6.004157642,      -6.022589198,      -6.204272431,      -6.235238755,      -6.081320881,     0.08576482132,   5.041012835e-05,      0.1102351778,     0.06449073606,   -0.001107474426,   0.0001755672336,   -0.001558190585,                 0,  -0.0003105961765,   -0.000901132452,   0.0009675393931,                 0,  -8.433524436e-06,   1.441127135e-05,   -0.004325038054,                 0,    0.002410784263,     -0.0121493864,     0.01324488347,   0.0008626441909,  -0.0007815840144,   -0.007613338602,    0.008328341123,   0.0001049568406,     0.08576482132,   5.041012835e-05,      0.1102351778,     0.06449073606,  -0.0003105961765,   -0.000901132452,   0.0009675393931,                 0,   -0.001107474426,   0.0001755672336,   -0.001558190585,                 0,    -0.01291292175,        3.48277696,    -0.01413514829,                 0
          0,           0,          88,       2.886165983,       2.871395221,      -11.75633037,      -11.72482209,      -12.45806261,      -12.49885104,      -11.83238809,                         4,      -1.572785331,    0.005506082826,       16.64022493,               100,               100,               100,      0.0039269908,      0.2605411521,   -0.002490097402,  -0.0002441851967,   -0.004319060406,    0.004368922247,   3.841295864e-05,      0.2605411521,  -0.0002441851967,   -0.002490097402,   -0.009557405354,      -6.060958804,      -6.077803418,      -6.262752886,      -6.295067233,      -6.139460471,     0.08576482153,   5.041011902e-05,      0.1102351779,     0.06449074256,   -0.001107474321,   0.0001755673429,   -0.001558190425,                 0,  -0.0003105961666,  -0.0009011283084,   0.0009675392783,                 0,  -8.433524372e-06,   1.441126038e-05,   -0.004325038142,                 0,    0.002410784068,    -0.01214938767,     0.01324488193,    0.000862643917,  -0.0007815840317,   -0.007613297145,    0.008328340001,   0.0001049541337,     0.08576482153,   5.041011902e-05,      0.1102351779,     0.06449074256,  -0.0003105961666,  -0.0009011283084,   0.0009675392783,                 0,   -0.001107474321,   0.0001755673429,   -0.001558190425,                 0,    -0.01291292048,       3.482779774,    -0.01413514682,                 0
          0,           0,          89,       2.830245619,       2.870938003,      -11.81295711,      -11.77983433,      -12.51643223,      -12.55861789,      -11.89024301,                         4,      -1.574005666,    0.005506082826,       16.64022493,               100,               100,               100,      0.0039269908,      0.2605411583,   -0.002490097163,   -0.000244181561,   -0.004319060464,     0.00436892028,   3.844683514e-05,      0.2605411583,   -0.000244181561,   -0.002490097163,   -0.009557404212,      -6.117585541,      -6.132815655,       -6.32112251,      -6.354834085,      -6.197315384,     0.08576482172,   5.041011084e-05,       0.110235178,     0.06449074843,   -0.001107474231,   0.0001755673747,   -0.001558190307,                 0,  -0.0003105961579,  -0.0009011245977,   0.0009675391946,                 0,  -8.433524313e-06,   1.441125047e-05,    -0.00432503819,                 0,    0.002410783902,    -0.01214938813,     0.01324488081,   0.0008626436927,   -0.000781584047,   -0.007613260025,    0.008328339187,   0.0001049517204,     0.08576482172,   5.041011084e-05,       0.110235178,     0.06449074843,  -0.0003105961579,  -0.0009011245977,   0.0009675391946,                 0,   -0.001107474231,   0.0001755673747,   -0.001558190307,                 0,    -0.01291291941,       3.482780969,    -0.01413514574,                 0
          0,           0,          90,        2.81908487,       2.870368189,      -11.86931136,      -11.83455623,      -12.57459825,      -12.61819369,      -11.94777984,                         4,      -1.575159864,    0.005506082826,       16.64022493,               100,               100,               100,      0.0039269908,      0.2605411638,   -0.002490096996,  -0.0002441783341,   -0.004319060545,    0.004368918986,   3.847690589e-05,      0.2605411638,  -0.0002441783341,   -0.002490096996,   -0.009557403364,      -6.173939786,      -6.187537552,       -6.37928853,      -6.414409878,      -6.254852218,     0.08576482188,   5.041010366e-05,      0.1102351781,     0.06449075377,   -0.001107474153,   0.0001755673435,   -0.001558190186,                 0,  -0.0003105961501,  -0.0009011212851,   0.0009675391011,                 0,  -8.433524259e-06,   1.441124153e-05,   -0.004325038262,                 0,    0.002410783759,    -0.01214938793,     0.01324487965,   0.0008626435126,  -0.0007815840605,    -0.00761322689,    0.008328338272,   0.0001049495844,     0.08576482188,   5.041010366e-05,      0.1102351781,     0.06449075377,  -0.0003105961501,  -0.0009011212851,   0.0009675391011,                 0,   -0.001107474153,   0.0001755673435,   -0.001558190186,                 0,    -0.01291291848,       3.482780847,    -0.01413514463,                 0
          0,           0,          91,       2.810538584,       2.869717867,      -11.92544882,      -11.88906024,      -12.63266852,      -12.67758244,      -12.00503009,                         4,      -1.576328813,    0.005506082826,       16.64022493,               100,               100,               100,      0.0039269908,       0.260541169,   -0.002490096919,  -0.0002441753894,   -0.004319060592,    0.004368918555,   3.850438647e-05,       0.260541169,  -0.0002441753894,   -0.002490096919,    -0.00955740288,      -6.230077249,      -6.242041561,      -6.437358797,      -6.473798629,      -6.312102471,     0.08576482202,   5.041009727e-05,      0.1102351782,      0.0644907587,   -0.001107474086,   0.0001755672663,   -0.001558190099,                 0,  -0.0003105961432,  -0.0009011182815,   0.0009675390353,                 0,  -8.433524209e-06,   1.441123338e-05,   -0.004325038302,                 0,    0.002410783634,    -0.01214938726,     0.01324487882,   0.0008626433646,  -0.0007815840725,   -0.007613196854,    0.008328337632,   0.0001049476807,     0.08576482202,   5.041009727e-05,      0.1102351782,      0.0644907587,  -0.0003105961432,  -0.0009011182815,   0.0009675390353,                 0,   -0.001107474086,   0.0001755672663,   -0.001558190099,                 0,    -0.01291291768,       3.482779756,    -0.01413514383,                 0
          0,           0,          92,       2.957994207,       2.870667075,      -11.98052815,      -11.94254034,      -12.68909515,      -12.73525264,       -12.0605849,                         4,      -1.579406152,    0.005506082826,       16.64022493,               100,               100,               100,      0.0039269908,      0.2605411736,   -0.002490096868,  -0.0002441728223,    -0.00431906066,    0.004368918363,   3.852833108e-05,      0.2605411736,  -0.0002441728223,   -0.002490096868,   -0.009557402517,      -6.285156578,       -6.29552166,      -6.493785429,      -6.531468835,      -6.367657276,     0.08576482215,   5.041009173e-05,      0.1102351782,     0.06449076314,   -0.001107474029,   0.0001755671665,   -0.001558190006,                 0,  -0.0003105961371,  -0.0009011156439,   0.0009675389587,                 0,  -8.433524164e-06,   1.441122612e-05,   -0.004325038362,                 0,    0.002410783527,    -0.01214938635,     0.01324487793,   0.0008626432553,  -0.0007815840831,   -0.007613170477,    0.008328336882,   0.0001049460086,     0.08576482215,   5.041009173e-05,      0.1102351782,     0.06449076314,  -0.0003105961371,  -0.0009011156439,   0.0009675389587,                 0,   -0.001107474029,   0.0001755671665,   -0.001558190006,                 0,    -0.01291291698,        3.48277816,    -0.01413514299,                 0
          0,           0,          93,       2.912001452,       2.871106802,      -12.03634332,      -11.99675003,      -12.74664181,      -12.79389861,      -12.11720473,                         4,      -1.581170374,    0.005506082826,       16.64022493,               100,               100,               100,      0.0039269908,      0.2605411778,   -0.002490096872,  -0.0002441705181,   -0.004319060695,    0.004368918683,   3.854984899e-05,      0.2605411778,  -0.0002441705181,   -0.002490096872,   -0.009557402378,      -6.340971748,      -6.349731356,      -6.551332089,      -6.590114805,      -6.424277105,     0.08576482226,   5.041008687e-05,      0.1102351783,     0.06449076717,   -0.001107473979,   0.0001755670519,   -0.001558189945,                 0,  -0.0003105961318,  -0.0009011132928,   0.0009675389064,                 0,  -8.433524123e-06,   1.441121963e-05,   -0.004325038391,                 0,    0.002410783435,    -0.01214938527,     0.01324487735,   0.0008626431725,  -0.0007815840925,   -0.007613146963,    0.008328336373,   0.0001049445322,     0.08576482226,   5.041008687e-05,      0.1102351783,     0.06449076717,  -0.0003105961318,  -0.0009011132928,   0.0009675389064,                 0,   -0.001107473979,   0.0001755670519,   -0.001558189945,                 0,    -0.01291291639,       3.482776221,    -0.01413514242,                 0
          0,           0,          94,       2.895670644,       2.871365369,      -12.09204937,      -12.05086187,      -12.80416692,      -12.85258414,       -12.1736793,                         4,      -1.582587721,    0.005506082825,       16.64022493,               100,               100,               100,      0.0039269908,      0.2605411816,   -0.002490096888,  -0.0002441684814,    -0.00431906075,    0.004368919084,   3.856885589e-05,      0.2605411816,  -0.0002441684814,   -0.002490096888,   -0.009557402298,      -6.396677798,      -6.403843194,      -6.608857203,      -6.648800332,      -6.480751683,     0.08576482236,   5.041008258e-05,      0.1102351783,     0.06449077081,   -0.001107473936,   0.0001755669235,   -0.001558189875,                 0,   -0.000310596127,  -0.0009011111982,   0.0009675388439,                 0,  -8.433524086e-06,    1.44112138e-05,   -0.004325038439,                 0,    0.002410783355,    -0.01214938405,     0.01324487667,   0.0008626431042,  -0.0007815841008,   -0.007613126019,     0.00832833576,   0.0001049432162,     0.08576482236,   5.041008258e-05,      0.1102351783,     0.06449077081,   -0.000310596127,  -0.0009011111982,   0.0009675388439,                 0,   -0.001107473936,   0.0001755669235,   -0.001558189875,                 0,    -0.01291291588,       3.482773972,    -0.01413514178,                 0
          0,           0,          95,       2.813342664,       2.870760966,      -12.14754555,      -12.10477539,      -12.86157647,      -12.91119701,      -12.22996133,                         4,      -1.583933592,    0.005506082825,       16.64022493,               100,               100,               100,      0.0039269908,       0.260541185,   -0.002490096936,  -0.0002441666492,   -0.004319060776,     0.00436891979,   3.858597164e-05,       0.260541185,  -0.0002441666492,   -0.002490096936,   -0.009557402358,      -6.452173978,      -6.457756718,      -6.666266752,        -6.7074132,      -6.537033705,     0.08576482245,   5.041007881e-05,      0.1102351784,     0.06449077412,   -0.001107473899,   0.0001755667929,    -0.00155818983,                 0,  -0.0003105961228,  -0.0009011093297,   0.0009675388033,                 0,  -8.433524053e-06,   1.441120858e-05,   -0.004325038461,                 0,    0.002410783286,    -0.01214938279,     0.01324487625,   0.0008626430498,  -0.0007815841082,   -0.007613107336,    0.008328335364,    0.000104942051,     0.08576482245,   5.041007881e-05,      0.1102351784,     0.06449077412,  -0.0003105961228,  -0.0009011093297,   0.0009675388033,                 0,   -0.001107473899,   0.0001755667929,    -0.00155818983,                 0,    -0.01291291543,        3.48277164,    -0.01413514137,                 0
          0,           0,          96,       2.989198196,       2.871981968,      -12.20288964,      -12.15855591,      -12.91896654,      -12.96970521,      -12.28607218,                         4,      -1.585159385,    0.005506082825,       16.64022493,               100,               100,               100,      0.0039269908,      0.2605411882,   -0.002490096984,  -0.0002441650232,   -0.004319060822,    0.004368920467,   3.860116156e-05,      0.2605411882,  -0.0002441650232,   -0.002490096984,   -0.009557402427,      -6.507518074,      -6.511537238,      -6.723656818,      -6.765921403,      -6.593144559,     0.08576482252,   5.041007548e-05,      0.1102351784,     0.06449077715,   -0.001107473867,   0.0001755666572,   -0.001558189774,                 0,  -0.0003105961191,  -0.0009011076573,   0.0009675387532,                 0,  -8.433524023e-06,   1.441120389e-05,   -0.004325038502,                 0,    0.002410783225,    -0.01214938148,     0.01324487571,   0.0008626430071,  -0.0007815841147,   -0.007613090615,    0.008328334873,   0.0001049410189,     0.08576482252,   5.041007548e-05,      0.1102351784,     0.06449077715,  -0.0003105961191,  -0.0009011076573,   0.0009675387532,                 0,   -0.001107473867,   0.0001755666572,   -0.001558189774,                 0,    -0.01291291504,        3.48276918,    -0.01413514086,                 0
          0,           0,          97,       2.858630052,       2.871845724,      -12.25785175,      -12.21196548,       -12.9757929,      -13.02757945,      -12.34154258,                         4,      -1.587359968,    0.005506082825,       16.64022493,               100,               100,               100,      0.0039269908,       0.260541191,   -0.002490097051,  -0.0002441635708,   -0.004319060843,    0.004368921319,   3.861473913e-05,       0.260541191,  -0.0002441635708,   -0.002490097051,   -0.009557402582,      -6.562480179,      -6.564946803,       -6.78048318,       -6.82379564,      -6.648614954,     0.08576482259,   5.041007256e-05,      0.1102351784,     0.06449077988,   -0.001107473839,   0.0001755665282,   -0.001558189741,                 0,  -0.0003105961158,  -0.0009011061766,   0.0009675387215,                 0,  -8.433523996e-06,   1.441119971e-05,   -0.004325038518,                 0,    0.002410783172,    -0.01214938023,      0.0132448754,   0.0008626429743,  -0.0007815841205,   -0.007613075811,    0.008328334564,   0.0001049401063,     0.08576482259,   5.041007256e-05,      0.1102351784,     0.06449077988,  -0.0003105961158,  -0.0009011061766,   0.0009675387215,                 0,   -0.001107473839,   0.0001755665282,   -0.001558189741,                 0,     -0.0129129147,       3.482766823,    -0.01413514055,                 0
          0,           0,          98,       2.888819231,       2.872017174,      -12.31287286,      -12.26547386,      -13.03273981,      -13.08552077,      -12.39710538,                         4,      -1.588878532,    0.005506082825,       16.64022493,               100,               100,               100,      0.0039269908,      0.2605411935,   -0.002490097112,  -0.0002441622938,   -0.004319060879,    0.004368922081,    3.86266695e-05,      0.2605411935,  -0.0002441622938,   -0.002490097112,   -0.009557402719,      -6.617501293,      -6.618455187,      -6.837430096,      -6.881736965,      -6.704177762,     0.08576482265,   5.041006998e-05,      0.1102351785,     0.06449078235,   -0.001107473814,   0.0001755664014,   -0.001558189699,                 0,  -0.0003105961128,  -0.0009011048616,   0.0009675386806,                 0,  -8.433523971e-06,   1.441119597e-05,   -0.004325038551,                 0,    0.002410783126,    -0.01214937899,     0.01324487499,   0.0008626429499,  -0.0007815841257,   -0.007613062664,    0.008328334162,   0.0001049392963,     0.08576482265,   5.041006998e-05,      0.1102351785,     0.06449078235,  -0.0003105961128,  -0.0009011048616,   0.0009675386806,                 0,   -0.001107473814,   0.0001755664014,   -0.001558189699,                 0,    -0.01291291441,       3.482764485,    -0.01413514017,                 0
          0,           0,          99,       2.849262192,       2.871789624,      -12.36775725,      -12.31890474,      -13.08954779,      -13.14334961,      -12.45255548,                         4,      -1.590249311,    0.005506082825,       16.64022493,               100,               100,               100,      0.0039269908,      0.2605411958,   -0.002490097184,  -0.0002441611442,   -0.004319060895,    0.004368922946,    3.86374201e-05,      0.2605411958,  -0.0002441611442,   -0.002490097184,   -0.009557402912,      -6.672385681,      -6.671886061,       -6.89423807,      -6.939565803,      -6.759627859,      0.0857648227,   5.041006771e-05,      0.1102351785,     0.06449078458,   -0.001107473793,    0.000175566283,   -0.001558189674,                 0,  -0.0003105961102,  -0.0009011036894,   0.0009675386555,                 0,   -8.43352395e-06,   1.441119264e-05,   -0.004325038563,                 0,    0.002410783086,    -0.01214937783,     0.01324487476,   0.0008626429299,  -0.0007815841303,   -0.007613050945,    0.008328333918,   0.0001049385779,      0.0857648227,   5.041006771e-05,      0.1102351785,     0.06449078458,  -0.0003105961102,  -0.0009011036894,   0.0009675386555,                 0,   -0.001107473793,    0.000175566283,   -0.001558189674,                 0,    -0.01291291415,       3.482762292,    -0.01413513994,                 0
          0,           0,         100,       2.849796345,       2.871571869,      -12.42250314,       -12.3722299,      -13.14625159,      -13.20106697,      -12.50786546,                         4,      -1.591483208,    0.005506082825,       16.64022493,               100,               100,               100,      0.0039269908,      0.2605411979,   -0.002490097246,  -0.0002441601339,   -0.004319060924,    0.004368923697,   3.864686216e-05,      0.2605411979,  -0.0002441601339,   -0.002490097246,   -0.009557403075,      -6.727131572,       -6.72521122,      -6.950941872,      -6.997283159,      -6.814937843,     0.08576482275,   5.041006571e-05,      0.1102351785,      0.0644907866,   -0.001107473774,   0.0001755661691,   -0.001558189641,                 0,  -0.0003105961079,  -0.0009011026488,   0.0009675386229,                 0,   -8.43352393e-06,   1.441118966e-05,    -0.00432503859,                 0,    0.002410783051,    -0.01214937672,     0.01324487445,   0.0008626429154,  -0.0007815841343,   -0.007613040542,    0.008328333598,   0.0001049379408,     0.08576482275,   5.041006571e-05,      0.1102351785,      0.0644907866,  -0.0003105961079,  -0.0009011026488,   0.0009675386229,                 0,   -0.001107473774,   0.0001755661691,   -0.001558189641,                 0,    -0.01291291393,       3.482760172,    -0.01413513964,                 0
          0,           0,         101,       2.970203656,       2.872538847,      -12.47714024,      -12.42546262,      -13.20287577,      -13.25864525,      -12.56301134,                         4,      -1.592737551,    0.005506082825,       16.64022493,               100,               100,               100,      0.0039269908,      0.2605411998,   -0.002490097316,  -0.0002441592199,   -0.004319060937,    0.004368924503,   3.865541546e-05,      0.2605411998,  -0.0002441592199,   -0.002490097316,   -0.009557403272,      -6.781768668,      -6.778443942,      -7.007566052,      -7.054861442,       -6.87008372,     0.08576482279,   5.041006394e-05,      0.1102351785,     0.06449078845,   -0.001107473757,   0.0001755660641,   -0.001558189622,                 0,  -0.0003105961059,  -0.0009011017174,   0.0009675386033,                 0,  -8.433523913e-06,     1.4411187e-05,     -0.0043250386,                 0,     0.00241078302,    -0.01214937569,     0.01324487427,   0.0008626429034,  -0.0007815841379,   -0.007613031231,    0.008328333407,   0.0001049373776,     0.08576482279,   5.041006394e-05,      0.1102351785,     0.06449078845,  -0.0003105961059,  -0.0009011017174,   0.0009675386033,                 0,   -0.001107473757,   0.0001755660641,   -0.001558189622,                 0,    -0.01291291373,       3.482758212,    -0.01413513946,                 0
          0,           0,         102,       3.016671583,       2.873938194,      -12.53161416,      -12.47852968,      -13.25917391,      -13.31585721,       -12.6178134,                         3,      -1.301841926,    0.005506082825,       16.64022493,               100,               100,               100,      0.0039269908,      0.2605412012,   -0.002490097362,  -0.0002441584264,   -0.004319060958,    0.004368925113,   3.866281707e-05,      0.2605412012,  -0.0002441584264,   -0.002490097362,     -0.0095574034,      -6.836242592,      -6.831511004,      -7.063864193,      -7.112073399,       -6.92488578,     0.08576482282,   5.041006237e-05,      0.1102351786,      0.0644907898,   -0.001107473743,   0.0001755659718,   -0.001558189591,                 0,   -0.000310596104,  -0.0009011008954,    0.000967538573,                 0,  -8.433523899e-06,   1.441118464e-05,   -0.004325038619,                 0,    0.002410782993,    -0.01214937477,     0.01324487397,   0.0008626429189,  -0.0007815841407,   -0.007613023024,     0.00832833311,   0.0001049368714,     0.08576482282,   5.041006237e-05,      0.1102351786,      0.0644907898,   -0.000310596104,  -0.0009011008954,    0.000967538573,                 0,   -0.001107473743,   0.0001755659718,   -0.001558189591,                 0,    -0.01291291355,        3.48275649,    -0.01413513918,                 0
          0,           0,         103,       2.980636194,       2.874964136,      -12.58867798,       -12.5343256,      -13.32934452,      -13.38746185,      -12.68160817,                         4,       -1.58528638,    0.005506082825,       16.64022493,               100,               100,               100,      0.0039269908,       0.260541203,   -0.002490097441,  -0.0002441577034,    -0.00431906097,    0.004368925946,   3.866960457e-05,       0.260541203,  -0.0002441577034,   -0.002490097441,   -0.009557403637,      -6.893306412,      -6.887306922,      -7.134034797,      -7.183678039,      -6.988680552,     0.08576482286,   5.041006101e-05,      0.1102351786,     0.06449079149,    -0.00110747373,   0.0001755658769,   -0.001558189587,                 0,  -0.0003105961028,  -0.0009011001661,   0.0009675385655,                 0,  -8.433523884e-06,   1.441118254e-05,   -0.004325038629,                 0,    0.002410782968,    -0.01214937384,     0.01324487393,   0.0008626428858,  -0.0007815841444,   -0.007613015713,    0.008328333037,   0.0001049364252,     0.08576482286,   5.041006101e-05,      0.1102351786,     0.06449079149,  -0.0003105961028,  -0.0009011001661,   0.0009675385655,                 0,    -0.00110747373,   0.0001755658769,   -0.001558189587,                 0,     -0.0129129134,         3.4827547,    -0.01413513914,                 0
          0,           0,         104,       3.047285893,       2.876605296,      -12.64138744,      -12.58425801,      -13.37555824,      -13.43489054,        -12.726504,                         4,      -1.592332598,    0.005506082825,       16.64022493,               100,               100,               100,      0.0039269908,      0.2605412045,   -0.002490097491,  -0.0002441570749,   -0.004319060986,    0.004368926525,   3.867548762e-05,      0.2605412045,  -0.0002441570749,   -0.002490097491,   -0.009557403774,      -6.946015869,      -6.937239329,      -7.180248517,      -7.231106729,      -7.033576378,     0.08576482289,    5.04100598e-05,      0.1102351786,     0.06449079294,   -0.001107473719,   0.0001755657929,   -0.001558189564,                 0,  -0.0003105961013,  -0.0009010995165,    0.000967538543,                 0,  -8.433523871e-06,   1.441118066e-05,   -0.004325038643,                 0,    0.002410782948,    -0.01214937302,     0.01324487371,   0.0008626428838,  -0.0007815841469,   -0.007613009224,    0.008328332815,    0.000104936043,     0.08576482289,    5.04100598e-05,      0.1102351786,     0.06449079294,  -0.0003105961013,  -0.0009010995165,    0.000967538543,                 0,   -0.001107473719,   0.0001755657929,   -0.001558189564,                 0,    -0.01291291327,       3.482753118,    -0.01413513893,                 0
          0,           0,         105,       2.793040235,       2.875816946,      -12.69356636,      -12.63596534,      -13.42155494,      -13.48095642,      -12.77705986,                         4,      -1.597970492,    0.005506082825,       16.64022493,               100,               100,               100,      0.0039269908,      0.2605412057,   -0.002490097544,  -0.0002441565071,   -0.004319060996,    0.004368927127,   3.868079618e-05,      0.2605412057,  -0.0002441565071,   -0.002490097544,   -0.009557403932,      -6.998194791,      -6.988946661,      -7.226245224,      -7.277172614,      -7.084132243,     0.08576482291,   5.041005872e-05,      0.1102351786,     0.06449079417,   -0.001107473709,   0.0001755657174,   -0.001558189552,                 0,  -0.0003105960998,   -0.000901098936,   0.0009675385288,                 0,   -8.43352386e-06,   1.441117898e-05,   -0.004325038651,                 0,    0.002410782929,    -0.01214937228,      0.0132448736,   0.0008626428798,  -0.0007815841486,   -0.007613003427,    0.008328332677,   0.0001049356953,     0.08576482291,   5.041005872e-05,      0.1102351786,     0.06449079417,  -0.0003105960998,   -0.000901098936,   0.0009675385288,                 0,   -0.001107473709,   0.0001755657174,   -0.001558189552,                 0,    -0.01291291315,       3.482751695,    -0.01413513882,                 0
          0,           0,         106,       2.744265929,       2.874587497,      -12.74661356,      -12.68904887,      -13.47426266,      -13.53402735,      -12.83150878,                         3,       -1.30329357,    0.005506082825,       16.64022493,               100,               100,               100,      0.0039269908,      0.2605412067,   -0.002490097584,  -0.0002441560085,   -0.004319061009,    0.004368927616,   3.868544735e-05,      0.2605412067,  -0.0002441560085,   -0.002490097584,    -0.00955740405,      -7.051241987,      -7.042030196,      -7.278952945,      -7.330243544,      -7.138581155,     0.08576482293,   5.041005776e-05,      0.1102351786,     0.06449079508,   -0.001107473701,   0.0001755656507,   -0.001558189534,                 0,  -0.0003105960986,  -0.0009010984207,   0.0009675385108,                 0,  -8.433523851e-06,    1.44111775e-05,   -0.004325038662,                 0,    0.002410782913,    -0.01214937161,     0.01324487342,   0.0008626428909,  -0.0007815841502,   -0.007612998283,    0.008328332501,   0.0001049353802,     0.08576482293,   5.041005776e-05,      0.1102351786,     0.06449079508,  -0.0003105960986,  -0.0009010984207,   0.0009675385108,                 0,   -0.001107473701,   0.0001755656507,   -0.001558189534,                 0,    -0.01291291304,       3.482750438,    -0.01413513865,                 0
          0,           0,         107,       2.856558228,        2.87442056,      -12.80313631,      -12.74454704,      -13.54417562,      -13.60493466,      -12.89453523,                         4,      -1.593060512,    0.005506082825,       16.64022493,               100,               100,               100,      0.0039269908,      0.2605412078,   -0.002490097638,  -0.0002441555597,   -0.004319061018,     0.00436892819,   3.868966323e-05,      0.2605412078,  -0.0002441555597,   -0.002490097638,   -0.009557404215,      -7.107764741,       -7.09752836,      -7.348865902,      -7.401150847,       -7.20160761,     0.08576482295,   5.041005693e-05,      0.1102351786,     0.06449079621,   -0.001107473693,   0.0001755655854,   -0.001558189531,                 0,  -0.0003105960979,  -0.0009010979664,   0.0009675385046,                 0,  -8.433523842e-06,   1.441117617e-05,    -0.00432503867,                 0,    0.002410782897,    -0.01214937097,     0.01324487339,    0.000862642874,  -0.0007815841526,   -0.007612993729,     0.00832833244,   0.0001049351055,     0.08576482295,   5.041005693e-05,      0.1102351786,     0.06449079621,  -0.0003105960979,  -0.0009010979664,   0.0009675385046,                 0,   -0.001107473693,   0.0001755655854,   -0.001558189531,                 0,    -0.01291291295,       3.482749198,    -0.01413513862,                 0
          0,           0,         108,       2.865688316,       2.874340447,       -12.8561618,      -12.79453799,      -13.59130551,      -13.65260465,      -12.93987631,                         4,      -1.599430014,    0.005506082825,       16.64022493,               100,               100,               100,      0.0039269908,      0.2605412088,   -0.002490097676,  -0.0002441551677,   -0.004319061026,    0.004368928625,   3.869333487e-05,      0.2605412088,  -0.0002441551677,   -0.002490097676,   -0.009557404327,      -7.160790228,      -7.147519318,      -7.395995787,      -7.448820837,      -7.246948687,     0.08576482297,   5.041005619e-05,      0.1102351786,     0.06449079715,   -0.001107473686,   0.0001755655276,   -0.001558189518,                 0,   -0.000310596097,  -0.0009010975626,   0.0009675384919,                 0,  -8.433523834e-06,   1.441117499e-05,   -0.004325038677,                 0,    0.002410782885,     -0.0121493704,     0.01324487327,   0.0008626428756,  -0.0007815841542,   -0.007612989695,    0.008328332315,   0.0001049348692,     0.08576482297,   5.041005619e-05,      0.1102351786,     0.06449079715,   -0.000310596097,  -0.0009010975626,   0.0009675384919,                 0,   -0.001107473686,   0.0001755655276,   -0.001558189518,                 0,    -0.01291291287,       3.482748103,     -0.0141351385,                 0
          0,           0,         109,       3.038271451,       2.875830729,      -12.90869151,      -12.84640667,      -13.63899292,      -13.70040371,      -12.99131617,                         3,      -1.304567573,    0.005506082825,       16.64022493,               100,               100,               100,      0.0039269908,      0.2605412095,   -0.002490097707,  -0.0002441548179,   -0.004319061034,    0.004368928993,   3.869659722e-05,      0.2605412095,  -0.0002441548179,   -0.002490097707,    -0.00955740442,      -7.213319939,      -7.199387988,      -7.443683201,      -7.496619899,      -7.298388551,     0.08576482299,   5.041005553e-05,      0.1102351786,     0.06449079782,    -0.00110747368,   0.0001755654791,   -0.001558189506,                 0,   -0.000310596096,  -0.0009010972011,   0.0009675384793,                 0,  -8.433523827e-06,   1.441117395e-05,   -0.004325038684,                 0,    0.002410782874,    -0.01214936992,     0.01324487316,   0.0008626428825,  -0.0007815841551,    -0.00761298609,    0.008328332191,   0.0001049346507,     0.08576482299,   5.041005553e-05,      0.1102351786,     0.06449079782,   -0.000310596096,  -0.0009010972011,   0.0009675384793,                 0,    -0.00110747368,   0.0001755654791,   -0.001558189506,                 0,     -0.0129129128,       3.482747187,     -0.0141351384,                 0
          0,           0,         110,       2.845823072,        2.87556039,      -12.96418198,      -12.90189696,      -13.70731551,      -13.77018895,      -13.05450426,                         4,      -1.596227799,    0.005506082825,       16.64022493,               100,               100,               100,      0.0039269908,      0.2605412103,   -0.002490097749,   -0.000244154504,    -0.00431906104,    0.004368929439,   3.869954263e-05,      0.2605412103,   -0.000244154504,   -0.002490097749,    -0.00955740455,      -7.268810408,      -7.254878283,      -7.512005787,      -7.566405143,      -7.361576637,       0.085764823,   5.041005496e-05,      0.1102351786,     0.06449079865,   -0.001107473675,   0.0001755654295,   -0.001558189504,                 0,  -0.0003105960954,  -0.0009010968838,   0.0009675384752,                 0,  -8.433523821e-06,   1.441117302e-05,   -0.004325038689,                 0,    0.002410782863,    -0.01214936944,     0.01324487314,   0.0008626428732,  -0.0007815841566,    -0.00761298291,    0.008328332152,   0.0001049344577,       0.085764823,   5.041005496e-05,      0.1102351786,     0.06449079865,  -0.0003105960954,  -0.0009010968838,   0.0009675384752,                 0,   -0.001107473675,   0.0001755654295,   -0.001558189504,                 0,    -0.01291291273,       3.482746244,    -0.01413513838,                 0
          0,           0,         111,       2.870199724,       2.875512527,      -13.01650216,      -12.95212071,      -13.75436344,      -13.81783999,      -13.10035647,                         4,      -1.603294622,    0.005506082825,       16.64022493,               100,               100,               100,      0.0039269908,      0.2605412111,   -0.002490097776,  -0.0002441542285,   -0.004319061048,    0.004368929741,   3.870212645e-05,      0.2605412111,  -0.0002441542285,   -0.002490097776,   -0.009557404626,      -7.321130588,      -7.305102036,      -7.559053726,      -7.614056183,       -7.40742885,     0.08576482301,   5.041005445e-05,      0.1102351787,     0.06449079934,    -0.00110747367,   0.0001755653881,   -0.001558189494,                 0,  -0.0003105960948,  -0.0009010965985,   0.0009675384648,                 0,  -8.433523815e-06,   1.441117219e-05,   -0.004325038696,                 0,    0.002410782854,    -0.01214936903,     0.01324487304,   0.0008626428741,  -0.0007815841578,    -0.00761298006,     0.00832833205,   0.0001049342943,     0.08576482301,   5.041005445e-05,      0.1102351787,     0.06449079934,  -0.0003105960948,  -0.0009010965985,   0.0009675384648,                 0,    -0.00110747367,   0.0001755653881,   -0.001558189494,                 0,    -0.01291291267,       3.482745456,    -0.01413513828,                 0
          0,           0,         112,       2.836788418,       2.875169836,      -13.06897687,      -13.00399967,      -13.80188469,      -13.86508843,        -13.151712,                         3,      -1.307666148,    0.005506082825,       16.64022493,               100,               100,               100,      0.0039269908,      0.2605412116,   -0.002490097802,  -0.0002441539825,    -0.00431906105,    0.004368930049,   3.870442093e-05,      0.2605412116,  -0.0002441539825,   -0.002490097802,   -0.009557404709,      -7.373605297,       -7.35698099,      -7.606574972,       -7.66130462,      -7.458784379,     0.08576482302,   5.041005399e-05,      0.1102351787,     0.06449079983,   -0.001107473666,   0.0001755653514,   -0.001558189488,                 0,  -0.0003105960941,  -0.0009010963469,   0.0009675384585,                 0,  -8.433523811e-06,   1.441117145e-05,   -0.004325038698,                 0,    0.002410782846,    -0.01214936866,     0.01324487298,   0.0008626428804,  -0.0007815841585,    -0.00761297755,    0.008328331988,   0.0001049341408,     0.08576482302,   5.041005399e-05,      0.1102351787,     0.06449079983,  -0.0003105960941,  -0.0009010963469,   0.0009675384585,                 0,   -0.001107473666,   0.0001755653514,   -0.001558189488,                 0,    -0.01291291262,        3.48274476,    -0.01413513823,                 0
          0,           0,         113,       3.046888168,       2.876676137,      -13.12443679,      -13.05914694,      -13.86998656,      -13.93436015,      -13.21404625,                         4,      -1.600473381,    0.005506082825,       16.64022493,               100,               100,               100,      0.0039269908,      0.2605412122,   -0.002490097829,  -0.0002441537655,   -0.004319061059,    0.004368930331,   3.870645761e-05,      0.2605412122,  -0.0002441537655,   -0.002490097829,   -0.009557404788,      -7.429065217,      -7.412128265,      -7.674676842,      -7.730576336,      -7.521118626,     0.08576482303,   5.041005359e-05,      0.1102351787,     0.06449080043,   -0.001107473662,   0.0001755653164,   -0.001558189483,                 0,  -0.0003105960937,  -0.0009010961238,   0.0009675384521,                 0,  -8.433523806e-06,    1.44111708e-05,   -0.004325038706,                 0,    0.002410782839,    -0.01214936832,     0.01324487294,   0.0008626428735,  -0.0007815841595,   -0.007612975315,    0.008328331924,   0.0001049340076,     0.08576482303,   5.041005359e-05,      0.1102351787,     0.06449080043,  -0.0003105960937,  -0.0009010961238,   0.0009675384521,                 0,   -0.001107473662,   0.0001755653164,   -0.001558189483,                 0,    -0.01291291258,       3.482744094,    -0.01413513819,                 0
          0,           0,         114,       2.947973718,       2.877296116,      -13.17676536,      -13.10946135,      -13.91731997,      -13.98215363,      -13.26025305,                         3,      -1.302831449,    0.005506082825,       16.64022493,               100,               100,               100,      0.0039269908,      0.2605412126,   -0.002490097851,  -0.0002441535714,   -0.004319061058,    0.004368930588,   3.870827322e-05,      0.2605412126,  -0.0002441535714,   -0.002490097851,   -0.009557404858,      -7.481393792,      -7.462442672,      -7.722010247,      -7.778369817,      -7.567325432,     0.08576482304,   5.041005324e-05,      0.1102351787,     0.06449080085,   -0.001107473659,   0.0001755652869,   -0.001558189479,                 0,  -0.0003105960933,  -0.0009010959263,   0.0009675384482,                 0,  -8.433523802e-06,   1.441117022e-05,   -0.004325038704,                 0,    0.002410782833,    -0.01214936803,      0.0132448729,   0.0008626428796,  -0.0007815841602,   -0.007612973343,    0.008328331887,   0.0001049338899,     0.08576482304,   5.041005324e-05,      0.1102351787,     0.06449080085,  -0.0003105960933,  -0.0009010959263,   0.0009675384482,                 0,   -0.001107473659,   0.0001755652869,   -0.001558189479,                 0,    -0.01291291254,       3.482743533,    -0.01413513815,                 0
          0,           0,         115,       3.015332909,       2.878486088,      -13.23152411,      -13.16364823,      -13.97998044,      -14.04560364,      -13.31988497,                         4,      -1.600640951,    0.005506082825,       16.64022493,               100,               100,               100,      0.0039269908,      0.2605412131,    -0.00249009787,  -0.0002441534019,   -0.004319061068,    0.004368930796,   3.870986314e-05,      0.2605412131,  -0.0002441534019,    -0.00249009787,   -0.009557404914,      -7.536152545,      -7.516629556,       -7.78467072,      -7.841819831,      -7.626957353,     0.08576482305,   5.041005293e-05,      0.1102351787,     0.06449080134,   -0.001107473656,   0.0001755652589,   -0.001558189474,                 0,  -0.0003105960929,  -0.0009010957501,   0.0009675384412,                 0,  -8.433523799e-06,    1.44111697e-05,   -0.004325038714,                 0,    0.002410782827,    -0.01214936775,     0.01324487285,   0.0008626428745,   -0.000781584161,   -0.007612971579,    0.008328331817,   0.0001049337858,     0.08576482305,   5.041005293e-05,      0.1102351787,     0.06449080134,  -0.0003105960929,  -0.0009010957501,   0.0009675384412,                 0,   -0.001107473656,   0.0001755652589,   -0.001558189474,                 0,     -0.0129129125,       3.482742999,     -0.0141351381,                 0
          0,           0,         116,       2.744175491,       2.877338134,      -13.28298767,      -13.21395489,       -14.0240681,      -14.08990709,      -13.36587492,                         3,      -1.302572637,    0.005506082825,       16.64022493,               100,               100,               100,      0.0039269908,      0.2605412135,    -0.00249009789,  -0.0002441532462,   -0.004319061064,    0.004368931023,   3.871132006e-05,      0.2605412135,  -0.0002441532462,    -0.00249009789,   -0.009557404978,      -7.587616103,      -7.566936218,      -7.828758377,      -7.886123277,      -7.672947301,     0.08576482306,   5.041005264e-05,      0.1102351787,     0.06449080167,   -0.001107473653,   0.0001755652349,   -0.001558189472,                 0,  -0.0003105960926,  -0.0009010955935,   0.0009675384399,                 0,  -8.433523796e-06,   1.441116924e-05,    -0.00432503871,                 0,    0.002410782822,    -0.01214936751,     0.01324487283,   0.0008626428794,  -0.0007815841615,   -0.007612970017,    0.008328331806,   0.0001049336929,     0.08576482306,   5.041005264e-05,      0.1102351787,     0.06449080167,  -0.0003105960926,  -0.0009010955935,   0.0009675384399,                 0,   -0.001107473653,   0.0001755652349,   -0.001558189472,                 0,    -0.01291291247,       3.482742543,    -0.01413513808,                 0
          0,           0,         117,        2.75675655,       2.876316257,      -13.33725827,      -13.26813744,      -14.08611048,      -14.15286406,      -13.42523299,                         4,      -1.603621981,    0.005506082825,       16.64022493,               100,               100,               100,      0.0039269908,      0.2605412139,   -0.002490097904,  -0.0002441531145,   -0.004319061075,    0.004368931171,   3.871255426e-05,      0.2605412139,  -0.0002441531145,   -0.002490097904,   -0.009557405015,      -7.641886697,      -7.621118759,      -7.890800756,       -7.94908025,      -7.732305364,     0.08576482306,    5.04100524e-05,      0.1102351787,     0.06449080207,   -0.001107473651,   0.0001755652126,   -0.001558189466,                 0,  -0.0003105960923,  -0.0009010954548,   0.0009675384325,                 0,  -8.433523793e-06,   1.441116884e-05,    -0.00432503872,                 0,    0.002410782818,    -0.01214936729,     0.01324487277,   0.0008626428756,  -0.0007815841621,   -0.007612968628,    0.008328331733,   0.0001049336113,     0.08576482306,    5.04100524e-05,      0.1102351787,     0.06449080207,  -0.0003105960923,  -0.0009010954548,   0.0009675384325,                 0,   -0.001107473651,   0.0001755652126,   -0.001558189466,                 0,    -0.01291291244,       3.482742117,    -0.01413513803,                 0
          0,           0,         118,       2.541569618,        2.87350326,      -13.38878933,      -13.31844244,      -14.12988462,      -14.19640853,      -13.47101888,                         3,      -1.304677178,    0.005506082825,       16.64022493,               100,               100,               100,      0.0039269908,      0.2605412141,   -0.002490097922,  -0.0002441529909,   -0.004319061069,    0.004368931372,   3.871371179e-05,      0.2605412141,  -0.0002441529909,   -0.002490097922,   -0.009557405074,      -7.693417757,      -7.671423764,      -7.934574903,      -7.992624717,      -7.778091258,     0.08576482307,   5.041005218e-05,      0.1102351787,     0.06449080234,   -0.001107473649,   0.0001755651935,   -0.001558189467,                 0,   -0.000310596092,  -0.0009010953322,   0.0009675384334,                 0,  -8.433523791e-06,   1.441116847e-05,   -0.004325038714,                 0,    0.002410782814,     -0.0121493671,     0.01324487278,   0.0008626428796,  -0.0007815841625,   -0.007612967406,    0.008328331742,    0.000104933538,     0.08576482307,   5.041005218e-05,      0.1102351787,     0.06449080234,   -0.000310596092,  -0.0009010953322,   0.0009675384334,                 0,   -0.001107473649,   0.0001755651935,   -0.001558189467,                 0,    -0.01291291242,       3.482741753,    -0.01413513803,                 0
          0,           0,         119,       2.912351963,       2.873826999,      -13.44319611,      -13.37257731,      -14.19210527,      -14.25928813,      -13.53025125,                         4,      -1.606051311,    0.005506082825,       16.64022493,               100,               100,               100,      0.0039269908,      0.2605412145,   -0.002490097931,  -0.0002441528891,    -0.00431906108,    0.004368931471,   3.871466463e-05,      0.2605412145,  -0.0002441528891,   -0.002490097931,   -0.009557405097,      -7.747824541,      -7.725558629,      -7.996795554,      -8.055504325,      -7.837323632,     0.08576482307,   5.041005199e-05,      0.1102351787,     0.06449080266,   -0.001107473647,   0.0001755651757,    -0.00155818946,                 0,  -0.0003105960918,  -0.0009010952229,   0.0009675384256,                 0,  -8.433523789e-06,   1.441116816e-05,   -0.004325038725,                 0,     0.00241078281,    -0.01214936693,     0.01324487271,   0.0008626428767,  -0.0007815841629,    -0.00761296631,    0.008328331664,   0.0001049334739,     0.08576482307,   5.041005199e-05,      0.1102351787,     0.06449080266,  -0.0003105960918,  -0.0009010952229,   0.0009675384256,                 0,   -0.001107473647,   0.0001755651757,    -0.00155818946,                 0,    -0.01291291239,       3.482741413,    -0.01413513797,                 0
          0,           0,         120,       2.842558936,       2.873568585,      -13.49481432,      -13.42298083,      -14.23672957,      -14.30370675,      -13.57656355,                         3,      -1.307031404,    0.005506082825,       16.64022493,               100,               100,               100,      0.0039269908,      0.2605412147,   -0.002490097947,  -0.0002441527898,   -0.004319061073,    0.004368931651,   3.871559518e-05,      0.2605412147,  -0.0002441527898,   -0.002490097947,   -0.009557405151,      -7.799442749,      -7.775962157,      -8.041419853,      -8.099922944,      -7.883635932,     0.08576482308,   5.041005182e-05,      0.1102351787,     0.06449080287,   -0.001107473645,   0.0001755651604,   -0.001558189463,                 0,  -0.0003105960915,  -0.0009010951265,   0.0009675384282,                 0,  -8.433523787e-06,   1.441116787e-05,   -0.004325038717,                 0,    0.002410782807,    -0.01214936678,     0.01324487274,     0.00086264288,  -0.0007815841633,   -0.007612965349,    0.008328331691,   0.0001049334161,     0.08576482308,   5.041005182e-05,      0.1102351787,     0.06449080287,  -0.0003105960915,  -0.0009010951265,   0.0009675384282,                 0,   -0.001107473645,   0.0001755651604,   -0.001558189463,                 0,    -0.01291291237,       3.482741122,    -0.01413513799,                 0
          0,           0,         121,       2.780808435,       2.872808256,      -13.54915072,      -13.47703723,      -14.29973566,      -14.36755348,      -13.63583292,                         4,       -1.60753106,    0.005506082825,       16.64022493,               100,               100,               100,      0.0039269908,       0.260541215,   -0.002490097953,  -0.0002441527112,   -0.004319061085,    0.004368931711,    3.87163309e-05,       0.260541215,  -0.0002441527112,   -0.002490097953,   -0.009557405162,      -7.853779154,      -7.830018555,      -8.104425941,      -8.163769673,      -7.942905293,     0.08576482308,   5.041005167e-05,      0.1102351787,     0.06449080313,   -0.001107473644,   0.0001755651463,   -0.001558189455,                 0,  -0.0003105960913,  -0.0009010950399,   0.0009675384201,                 0,  -8.433523785e-06,   1.441116762e-05,   -0.004325038729,                 0,    0.002410782805,    -0.01214936664,     0.01324487267,   0.0008626428777,  -0.0007815841636,   -0.007612964482,     0.00832833161,   0.0001049333658,     0.08576482308,   5.041005167e-05,      0.1102351787,     0.06449080313,  -0.0003105960913,  -0.0009010950399,   0.0009675384201,                 0,   -0.001107473644,   0.0001755651463,   -0.001558189455,                 0,    -0.01291291236,       3.482740851,    -0.01413513793,                 0
          0,           0,         122,       2.542552504,        2.87012325,      -13.60076839,      -13.52749656,      -14.34463518,      -14.41227522,      -13.68234574,                         3,      -1.309199128,    0.005506082825,       16.64022493,               100,               100,               100,      0.0039269908,      0.2605412151,   -0.002490097968,  -0.0002441526311,   -0.004319061076,    0.004368931874,   3.871708279e-05,      0.2605412151,  -0.0002441526311,   -0.002490097968,   -0.009557405213,      -7.905396822,      -7.880477886,      -8.149325459,      -8.208491407,      -7.989418121,     0.08576482309,   5.041005154e-05,      0.1102351787,      0.0644908033,   -0.001107473643,    0.000175565134,   -0.001558189459,                 0,  -0.0003105960912,  -0.0009010949641,   0.0009675384242,                 0,  -8.433523784e-06,   1.441116739e-05,    -0.00432503872,                 0,    0.002410782802,    -0.01214936652,     0.01324487271,   0.0008626428803,  -0.0007815841639,   -0.007612963726,    0.008328331652,   0.0001049333204,     0.08576482309,   5.041005154e-05,      0.1102351787,      0.0644908033,  -0.0003105960912,  -0.0009010949641,   0.0009675384242,                 0,   -0.001107473643,    0.000175565134,   -0.001558189459,                 0,    -0.01291291234,       3.482740618,    -0.01413513796,                 0
          0,           0,         123,       2.825322411,       2.869761953,       -13.6549666,      -13.58144087,      -14.40760607,      -14.47614106,      -13.74132308,                         4,      -1.609762182,    0.005506082825,       16.64022493,               100,               100,               100,      0.0039269908,      0.2605412153,    -0.00249009797,  -0.0002441525716,   -0.004319061088,    0.004368931901,   3.871763811e-05,      0.2605412153,  -0.0002441525716,    -0.00249009797,   -0.009557405213,      -7.959595027,      -7.934422191,      -8.212296348,      -8.272357249,       -8.04839546,     0.08576482309,   5.041005142e-05,      0.1102351787,     0.06449080351,   -0.001107473641,   0.0001755651229,   -0.001558189451,                 0,   -0.000310596091,  -0.0009010948963,   0.0009675384157,                 0,  -8.433523782e-06,   1.441116719e-05,   -0.004325038732,                 0,      0.0024107828,    -0.01214936641,     0.01324487263,   0.0008626428786,  -0.0007815841642,   -0.007612963046,    0.008328331568,   0.0001049332809,     0.08576482309,   5.041005142e-05,      0.1102351787,     0.06449080351,   -0.000310596091,  -0.0009010948963,   0.0009675384157,                 0,   -0.001107473641,   0.0001755651229,   -0.001558189451,                 0,    -0.01291291233,       3.482740405,    -0.01413513789,                 0
          0,           0,         124,        2.70503903,       2.868444169,      -13.70653742,      -13.63202549,      -14.45249322,      -14.52082054,      -13.78811098,                         3,       -1.31132173,    0.005506082825,       16.64022493,               100,               100,               100,      0.0039269908,      0.2605412155,   -0.002490097984,  -0.0002441525066,   -0.004319061079,    0.004368932052,    3.87182494e-05,      0.2605412155,  -0.0002441525066,   -0.002490097984,   -0.009557405261,      -8.011165854,      -7.985006811,      -8.257183498,      -8.317036733,       -8.09518336,     0.08576482309,   5.041005132e-05,      0.1102351787,     0.06449080365,    -0.00110747364,   0.0001755651132,   -0.001558189457,                 0,  -0.0003105960909,  -0.0009010948367,    0.000967538421,                 0,  -8.433523781e-06,   1.441116702e-05,   -0.004325038722,                 0,    0.002410782798,    -0.01214936631,     0.01324487269,   0.0008626428807,  -0.0007815841644,   -0.007612962452,     0.00832833162,   0.0001049332451,     0.08576482309,   5.041005132e-05,      0.1102351787,     0.06449080365,  -0.0003105960909,  -0.0009010948367,    0.000967538421,                 0,    -0.00110747364,   0.0001755651132,   -0.001558189457,                 0,    -0.01291291232,       3.482740219,    -0.01413513794,                 0
          0,           0,         125,       3.000972304,        2.86949598,      -13.76056234,      -13.68584443,      -14.51538186,      -14.58468126,      -13.84683532,                         4,      -1.611117361,    0.005506082825,       16.64022493,               100,               100,               100,      0.0039269908,      0.2605412157,   -0.002490097983,  -0.0002441524617,   -0.004319061091,    0.004368932053,   3.871866695e-05,      0.2605412157,  -0.0002441524617,   -0.002490097983,   -0.009557405254,      -8.065190774,       -8.03882575,      -8.320072143,      -8.380897452,      -8.153907693,     0.08576482309,   5.041005122e-05,      0.1102351787,     0.06449080381,   -0.001107473639,   0.0001755651044,   -0.001558189448,                 0,  -0.0003105960908,  -0.0009010947832,   0.0009675384123,                 0,   -8.43352378e-06,   1.441116686e-05,   -0.004325038734,                 0,    0.002410782796,    -0.01214936623,      0.0132448726,   0.0008626428794,  -0.0007815841646,   -0.007612961916,    0.008328331534,    0.000104933214,     0.08576482309,   5.041005122e-05,      0.1102351787,     0.06449080381,  -0.0003105960908,  -0.0009010947832,   0.0009675384123,                 0,   -0.001107473639,   0.0001755651044,   -0.001558189448,                 0,     -0.0129129123,       3.482740051,    -0.01413513786,                 0
