x,y,z,phi_deg,Cp
1.500000013038516045e-03,-1.464263477828353643e-04,3.332564122852468857e-05,-7.717827519894305510e+01,4.597745537757873535e-01
1.500000013038516045e-03,-6.518789450637992131e-05,1.352266463380639441e-04,-2.573704104701803175e+01,2.515863776206970215e-01
1.500000013038516045e-03,-1.173929631477221576e-04,-9.366950989668036676e-05,-1.285868629162079344e+02,4.082384109497070312e-01
1.500000013038516045e-03,6.518789450638001618e-05,1.352266463380639712e-04,2.573704104701806017e+01,2.116860896348953247e-01
1.500000013038516045e-03,1.173929631477222389e-04,-9.366950989668035321e-05,1.285868629162079344e+02,4.468642771244049072e-01
1.500000013038516045e-03,1.464263477828353914e-04,3.332564122852470890e-05,7.717827519894305510e+01,3.424529731273651123e-01
1.500000013038516045e-03,3.000916696642146821e-20,-1.501837680730015441e-04,1.800000000000000000e+02,3.539036512374877930e-01
1.559891776802639022e-03,1.903401571325958046e-04,-1.518428192260519731e-04,1.285809234017748395e+02,2.517279684543609619e-01
1.559891776802639022e-03,7.294719398487359285e-05,-2.083570774023731640e-04,1.607045112997141985e+02,1.587673425674438477e-01
1.559891776802639022e-03,1.381350884912535819e-04,7.705333700869235127e-05,6.084672057044857496e+01,1.654977165162563324e-02
1.559891776802639022e-03,2.193735417677089572e-04,-2.484766810084691779e-05,9.646215003119873188e+01,1.473166495561599731e-01
1.590308578064044461e-03,-2.402488025836646828e-04,3.732931266616404506e-06,-8.910982283749505939e+01,2.866557836532592773e-01
1.590308578064044461e-03,-2.112154179485514760e-04,-1.232622198585886508e-04,-1.202672087294588010e+02,2.351196259260177612e-01
1.590308578064044461e-03,-1.590103493072092262e-04,1.056339363761556736e-04,-5.640307164203615287e+01,7.846758514642715454e-02
1.650200341828167439e-03,-5.702977068722248755e-05,-1.628877774540645471e-04,-1.607039848778901217e+02,-1.428823918104171753e-03
1.908403627264003248e-03,7.294719398487366062e-05,1.665587575795750004e-04,2.365181921874322768e+01,-3.399785608053207397e-02
1.938820428525408254e-03,-9.382245480082922358e-05,1.951393569470383227e-04,-2.567811693457045408e+01,-1.198033057153224945e-02
1.955854434830447183e-03,8.700763282831758261e-05,-1.677510857310456625e-04,1.525855371079584302e+02,-2.610621415078639984e-02
2.214057720266282558e-03,1.808300876291469282e-04,3.280186016733492886e-06,8.896079127298526146e+01,-2.086899243295192719e-02
2.416905170927445383e-03,-1.119150353285173756e-04,-2.239414825453422964e-04,-1.534463519199294126e+02,1.749264821410179138e-02
2.459762928386529431e-03,-2.197979289727906296e-04,-2.577602572273490116e-06,-9.067188521608650831e+01,3.258264390751719475e-03
2.746987932672103391e-03,2.493228239472956007e-04,-5.328124583077931044e-05,1.020628782094997007e+02,2.249843813478946686e-02
2.919418582071860776e-03,1.233473497753341541e-04,-3.090835137603183949e-04,1.582443180687097879e+02,3.884255141019821167e-02
3.110297257080674171e-03,-1.259754741719612569e-04,2.338421666839470827e-04,-2.831223891300048123e+01,2.512016333639621735e-02
3.182176733389496803e-03,1.414399303030223467e-04,2.334711316507309946e-04,3.120804094566781117e+01,2.488872967660427094e-02
3.546214662492275672e-03,-4.956622918446859627e-05,-4.588524461723864621e-04,-1.738346929159586125e+02,1.654614880681037903e-02
3.767670830711722374e-03,-3.761347519078601671e-04,7.213189868101235595e-05,-7.914410576334114467e+01,2.558111958205699921e-02
3.833672264590859413e-03,3.909921991483619177e-04,1.070286125468556380e-04,7.469110434516687747e+01,7.887616753578186035e-03
3.959278110414743423e-03,-4.411654372233897448e-04,-3.643894112125659621e-04,-1.295556843341537387e+02,8.944235742092132568e-04
4.025279544293880463e-03,3.259615138328324484e-04,-3.294926973467227072e-04,1.353086713781445667e+02,-1.679907925426959991e-02
4.423797984297076283e-03,2.495522688453397065e-04,5.022745402432823294e-04,2.642022446065453778e+01,5.418561398983001709e-03
4.429676026726762743e-03,-2.501592777358987475e-04,4.670067913442229593e-04,-2.817640399250916161e+01,2.288063056766986847e-02
4.704888133953015299e-03,1.230676813671985901e-04,-5.036802285758312792e-04,1.662695445641282674e+02,-3.541710600256919861e-02
4.710766176382700891e-03,-3.766438652140399182e-04,-5.389479774748906493e-04,-1.450522201894801526e+02,-1.795503869652748108e-02
5.098370524744193048e-03,-5.543513495164612568e-04,3.537635930115357041e-04,-5.745570244676281391e+01,1.381940767168998718e-02
5.137475673109292984e-03,5.687260806250077306e-04,3.606085022814416456e-04,5.762270376241421843e+01,-1.597828604280948639e-02
5.187853394697110147e-03,-6.158052516790728497e-04,-2.156698659139996135e-04,-1.093014863024769880e+02,-2.329565351828932762e-03
5.226958543062210083e-03,5.072721784623961377e-04,-2.088249566440935907e-04,1.123751301153903057e+02,-3.212725743651390076e-02
5.773655138909816742e-03,-3.041920717805622382e-04,7.375835557468235493e-04,-2.241208827474497767e+01,1.875912398099899292e-02
5.818638329704602270e-03,3.191738117796680783e-04,7.091607161176702832e-04,2.423120471154818034e+01,6.423499900847673416e-03
5.875764414668083191e-03,-6.504300981760025024e-04,-4.246931057423353737e-04,-1.231422054017187833e+02,-8.415170945227146149e-03
6.086963539322217016e-03,5.024351606455943441e-04,-5.317412821265558040e-04,1.366231928767767272e+02,-6.159309763461351395e-03
6.326239400853713932e-03,-1.015227753669022972e-04,-8.261972495044271874e-04,-1.729946364291014049e+02,-7.011787500232458115e-03
6.595011334866285324e-03,-6.913535374527175498e-04,6.130262336228042841e-04,-4.843645416685198057e+01,1.301866583526134491e-02
6.607637740671634674e-03,-9.761376616855463838e-04,2.018303105918073295e-05,-8.881549724772570187e+01,1.993342302739620209e-03
6.631800594429175348e-03,6.811216589994728565e-04,6.337669522811969483e-04,4.706257220845962763e+01,-5.035261623561382294e-03
6.810642934093873863e-03,9.258369100280106068e-04,-3.770158703749371294e-05,9.233188908569408682e+01,-1.469099079258739948e-03
7.108464371412993345e-03,-1.611841920142371726e-04,-9.454415606645245624e-04,-1.703249143251623536e+02,2.592318458482623100e-03
7.252755885322888403e-03,-7.930609087149302888e-04,-4.815674134685347658e-04,-1.212672233351206756e+02,1.528648659586906433e-03
7.419923165192207279e-03,3.619478472198051034e-04,1.025733014103025198e-03,1.943628112870353775e+01,7.995948195457458496e-03
7.428117096424102783e-03,-3.871614656721549864e-04,9.765694558154791594e-04,-2.162587588387713566e+01,1.371425110846757889e-02
7.741205083827178840e-03,8.697617837848763394e-04,-5.053262769555051399e-04,1.201563257864212062e+02,6.715476512908935547e-03
7.799750659614802274e-03,3.866986177551250386e-04,-1.118610283204664714e-03,1.609299591231045099e+02,1.162937097251415253e-02
8.016606171925863208e-03,-8.930951977769534516e-04,-5.603203026112167943e-04,-1.221038090817867783e+02,2.035562880337238312e-02
8.288736610362926541e-03,-8.133677765727042068e-04,8.875618708164740873e-04,-4.250235676066210289e+01,1.899301446974277496e-02
8.355874878664812030e-03,8.233231880391639291e-04,9.010228871678312981e-04,4.241997532870549037e+01,1.307884883135557175e-02
8.397385012358427048e-03,-2.428350465682647084e-04,-1.118737835592279904e-03,-1.677532646310709197e+02,1.586486585438251495e-02
8.498314457635085944e-03,1.086421873575697415e-03,4.143213542799162145e-05,8.781600802275146123e+01,8.232214488089084625e-03
8.503740187734365463e-03,-1.198186189867556095e-03,1.223869524740924799e-04,-8.416783430547876321e+01,2.393630705773830414e-02
9.159833503266176166e-03,-4.262063109005487867e-04,1.294194720685482025e-03,-1.822783199223328410e+01,2.077500894665718079e-02
9.235165702799957160e-03,4.613753408193590967e-04,1.258492178749293089e-03,2.013342225588433010e+01,2.057914622128009796e-02
9.445438471933206501e-03,-3.367472672834991867e-04,-1.271180595116069064e-03,-1.651626411813423658e+02,1.320575177669525146e-02
9.474729808668296699e-03,-1.374892968063553319e-03,-1.659982372075320374e-04,-9.688430634664977958e+01,3.162326291203498840e-02
9.612298570573329926e-03,1.220457003607104511e-03,-5.042862030677498471e-04,1.124501480735375054e+02,2.327919751405715942e-02
1.003564925243457216e-02,-1.163714196688185208e-03,-1.001148251816630363e-03,-1.307055498735360572e+02,2.538347057998180389e-02
1.008526049554347992e-02,-9.399990473563472069e-04,1.168387670380373940e-03,-3.881760536988794996e+01,1.484702154994010925e-02
1.009788581480582613e-02,5.440541232625645219e-04,-1.303733675740659237e-03,1.573489957899207354e+02,1.723526790738105774e-02
1.018515322357416153e-02,-1.503867291224499688e-03,4.733696308297415936e-04,-7.252765471673374975e+01,2.075198292732238770e-02
1.026969930777947224e-02,9.842238699396454928e-04,1.152008403247843258e-03,4.050907890112390675e+01,1.413473207503557205e-02
1.050439259658257282e-02,1.480206847190856934e-03,2.488207731706402158e-04,8.045786723461638701e+01,2.168141677975654602e-02
1.108072356631358522e-02,-1.422687220231940494e-03,-8.679574045042196548e-04,-1.213866602574219371e+02,3.278950601816177368e-02
1.113196741789579391e-02,-5.137927364557978238e-04,1.575282968891163812e-03,-1.806420352277696750e+01,1.619748398661613464e-02
1.114608471592267412e-02,-1.721452417162557588e-03,2.397197143485157783e-05,-8.920218299097970771e+01,3.068091347813606262e-02
1.124107403059800524e-02,5.228485291202865587e-04,1.594606243694822283e-03,1.815357568558829016e+01,1.568105630576610565e-02
1.143272438397010052e-02,4.679240325155359327e-04,-1.579263402769963019e-03,1.634958342148659085e+02,3.257494419813156128e-02
1.173572118083635908e-02,1.714281039312482097e-03,-1.939593930728733540e-04,9.645518115286415650e+01,2.914635464549064636e-02
1.192405788848797596e-02,-1.175666286144405603e-03,-1.381786675968517787e-03,-1.396078487903552627e+02,3.271788358688354492e-02
1.205720317860444445e-02,-1.763732599404951081e-03,5.651351724130413388e-04,-7.223350289143758118e+01,2.551566436886787415e-02
1.214125814537207401e-02,-3.449062545162935329e-04,-1.884923083707690456e-03,-1.696306405270753714e+02,3.086159378290176392e-02
1.214297860860824585e-02,-1.119941162566343799e-03,1.421428130318721280e-03,-3.823452378208278901e+01,1.693719625473022461e-02
1.217846572399139404e-02,1.378401104981700868e-03,-1.222596096340566874e-03,1.315719628846783849e+02,4.608381167054176331e-02
1.238792420675357241e-02,1.074798715611299024e-03,1.545291355190177903e-03,3.481982711474889669e+01,2.068292163312435150e-02
1.264787806818882566e-02,1.770248248552282579e-03,6.599133484996857427e-04,6.955554507807622144e+01,2.660153619945049286e-02
1.301928516477346420e-02,-1.722428016364574649e-03,-1.002125655456135743e-03,-1.201912680416622408e+02,4.128826409578323364e-02
1.308706930528084553e-02,-2.011729132694502816e-03,5.286681698635220528e-05,-8.849465395628310205e+01,3.619464486837387085e-02
1.335292837272087849e-02,-6.061484261105453243e-04,1.903131332558890328e-03,-1.766670717678364255e+01,2.591176144778728485e-02
1.343750456968943394e-02,-2.753025037236511707e-04,-2.127731451764702797e-03,-1.726275837797734596e+02,3.569530695676803589e-02
1.348876735816399372e-02,5.519501864910130069e-04,2.007671282626688480e-03,1.537202153980465624e+01,3.017391450703144073e-02
1.360775716602802450e-02,1.475842902436852672e-03,-1.476344671876480543e-03,1.350097382941221724e+02,5.052437260746955872e-02
1.391551954050858700e-02,-1.224060368258506276e-03,-1.630686378727356448e-03,-1.431065975026140791e+02,2.995325624942779541e-02
1.396173549195130724e-02,2.094026034077008710e-03,3.657332902851827489e-04,8.009290412981917484e+01,4.225617274641990662e-02
1.415826225032409263e-02,6.349695807633299900e-04,-2.075820346362888813e-03,1.629917307577500765e+02,4.184921830892562866e-02
1.428119279444217682e-02,-2.064691701283057675e-03,7.422664202749730241e-04,-7.022624908886838568e+01,3.180316835641860962e-02
1.446127643187840837e-02,-1.302902431537707574e-03,1.736237977941831098e-03,-3.688518434975616600e+01,3.009875491261482239e-02
1.447887004663546938e-02,2.135500622292359815e-03,-7.418880268232896924e-04,1.091575887137928191e+02,4.924155026674270630e-02
1.473498406509558475e-02,1.202044542878866629e-03,1.932810914392272487e-03,3.187810990587021465e+01,3.662940487265586853e-02
1.494799833744764328e-02,2.048670857523878560e-03,1.176250928741259024e-03,6.013757411511087980e+01,4.279304668307304382e-02
1.528312327961127079e-02,-1.470163522753864744e-03,-1.746791647747159004e-03,-1.399148121449116502e+02,3.405766189098358154e-02
1.562385975072781361e-02,7.375425193458794463e-04,-2.300074129986266584e-03,1.622210154095909616e+02,3.877577185630798340e-02
1.566499223311742031e-02,-2.419934064770738573e-03,3.090952595812270724e-04,-8.272109268779279034e+01,3.954599797725677490e-02
1.577462938924630714e-02,-6.967540054271613827e-04,2.277486841194331646e-03,-1.701049982523304749e+01,3.877253830432891846e-02
1.591249803702036655e-02,6.500943563878540561e-04,2.369519827576975317e-03,1.534199477744759399e+01,4.104103520512580872e-02
1.593530861039956642e-02,2.349843348686893926e-03,-8.670133296012258982e-04,1.102523682782097580e+02,4.878309369087219238e-02
1.615437927345434593e-02,-2.286130523619552598e-03,-9.678132216019245124e-04,-1.129449419563272983e+02,4.295200854539871216e-02
1.625282658884922779e-02,2.421021927148103714e-03,9.610888713117069458e-04,6.834808427801772268e+01,3.929983824491500854e-02
1.627070580919583523e-02,-4.188327196364602899e-04,-2.468090504407882690e-03,-1.703687119656652840e+02,3.672626614570617676e-02
1.652979323019584251e-02,1.792758567413936131e-03,-1.825723758277793870e-03,1.355219630459572500e+02,4.699246585369110107e-02
1.672300230711698532e-02,2.680719830095767975e-03,2.544593007769435644e-05,8.945615330725819092e+01,3.830450028181076050e-02
1.713482787211736275e-02,-1.396510517224669023e-03,2.233459032140672207e-03,-3.201642488573448020e+01,4.699585586786270142e-02
1.719673536717891693e-02,1.296926910678545923e-03,2.354278811253607273e-03,2.884952334159223142e+01,5.173736438155174255e-02
1.720527435342470920e-02,-2.357901306822896004e-03,1.259039008194425598e-03,-6.189930112539418161e+01,4.606490209698677063e-02
1.732404964665571617e-02,2.221228166793783650e-03,1.702407840639353015e-03,5.253249267676857670e+01,4.383252561092376709e-02
1.775698984662691521e-02,-4.182168922852726417e-04,-2.718961331993341446e-03,-1.712555844430246736e+02,4.661346971988677979e-02
1.790865262349446846e-02,1.884318209098031268e-03,-2.052981018399198995e-03,1.374528901803139149e+02,4.629102349281311035e-02
1.793534619112809383e-02,-2.410167090905209527e-03,-1.404354419112981535e-03,-1.202284688505821748e+02,5.218990519642829895e-02
1.822551215688387669e-02,2.931280992925167084e-03,3.075616162580733040e-05,8.939885203885916098e+01,3.510215878486633301e-02
1.841240997115771091e-02,6.468325542906924091e-04,2.839454449713230567e-03,1.283308214158724425e+01,5.174218863248825073e-02
1.848837112387021614e-02,-6.997565117975070980e-04,2.810667656982938738e-03,-1.398039092733407429e+01,4.926917329430580139e-02
1.848900318145751953e-02,8.297179883811622858e-04,-2.778202217693130464e-03,1.633715952608815485e+02,4.796153306961059570e-02
1.855037423471609867e-02,-1.593584262688333862e-03,-2.434203672843675108e-03,-1.467886955687771717e+02,5.318276211619377136e-02
1.858288049697875977e-02,2.668321287880341501e-03,1.157605719830219872e-03,6.654721074598876385e+01,3.961405530571937561e-02
1.865576518078645302e-02,-2.752153590942422838e-03,9.371921454051819218e-04,-7.119472712193027064e+01,4.452473297715187073e-02
1.881667785346508026e-02,2.691964153200387955e-03,-1.088960358174517751e-03,1.120244452828796824e+02,4.487930610775947571e-02
1.889644997815291202e-02,-2.938222916175921903e-03,-4.492928007190736270e-04,-9.869393147338612948e+01,4.724372550845146179e-02
1.974336554606755806e-02,1.366619486361742453e-03,2.814150803412000627e-03,2.590232752323713683e+01,5.267351493239402771e-02
1.976511813700199127e-02,-1.390512489403287425e-03,2.796040149405598640e-03,-2.644184413865492900e+01,4.943615198135375977e-02
1.978652179241180420e-02,2.463806963836153927e-03,1.784173044143244624e-03,5.408971297983899973e+01,4.845022410154342651e-02
1.986206571261088169e-02,-2.481518778949975967e-03,1.896984661774089084e-03,-5.260407590168772884e+01,4.562266543507575989e-02
1.987353029350439823e-02,8.401960658375175976e-04,-3.015441897635658293e-03,1.644305064632112305e+02,5.384361371397972107e-02
1.997100189328193665e-02,-1.591441367054358125e-03,-2.715120130839447470e-03,-1.496237132854358549e+02,4.983806982636451721e-02
2.022971399128437042e-02,2.785693077991405978e-03,-1.423291658284142613e-03,1.170638111848503513e+02,4.782605171203613281e-02
2.034096357723077370e-02,-3.108320602526267080e-03,-8.318101172335446965e-04,-1.049817359917157660e+02,4.804886505007743835e-02
2.056214461723963535e-02,-4.055959191949415929e-04,-3.237117469931642504e-03,-1.728583196290951207e+02,4.915085807442665100e-02
2.070621587336063385e-02,1.988525211345404387e-03,-2.624551998451352119e-03,1.428501476478610925e+02,5.511984974145889282e-02
2.080048744877179695e-02,-2.578121881621579618e-03,-2.067788193623225183e-03,-1.287314312955183198e+02,4.965034872293472290e-02
2.095780273278554165e-02,-6.907559776057793513e-04,3.265548419828216524e-03,-1.194362111698737472e+01,5.356862396001815796e-02
2.101201129456361366e-02,7.197869320710504780e-04,3.254872281104326248e-03,1.246978049986100778e+01,5.433297157287597656e-02
2.108307617406050480e-02,-2.922205952927470207e-03,1.622929800457010739e-03,-6.095315680758541532e+01,4.557573050260543823e-02
2.119873277842998505e-02,3.022091463208198547e-03,1.362409956830864513e-03,6.573334275357414924e+01,4.726348444819450378e-02
2.132128924131393433e-02,-3.362938451270262689e-03,2.806199675736327243e-04,-8.523001176432566695e+01,4.528293386101722717e-02
2.138593730827172829e-02,3.305825715263684735e-03,-2.256657753605395555e-04,9.390512692576238862e+01,4.767029732465744019e-02
2.199306214849154617e-02,-4.662304418161512505e-04,-3.469200028727452249e-03,-1.723458044230825408e+02,5.022160336375236511e-02
2.219604328274726868e-02,1.980651111807674170e-03,-2.933711512014269829e-03,1.459753393374274140e+02,5.834110081195831299e-02
2.227157540619373322e-02,-2.670638379640877247e-03,-2.343848774520059571e-03,-1.312713582889270469e+02,5.089738219976425171e-02
2.233212689558665073e-02,-1.442531123757361932e-03,3.259776548172037096e-03,-2.387056595417718796e+01,5.502757430076599121e-02
2.236045276125272346e-02,-2.582974809532364354e-03,2.516213416432341084e-03,-4.575010518333865406e+01,5.084816738963127136e-02
2.238633545736471928e-02,1.471562078222632625e-03,3.249100409448146820e-03,2.436642339087145714e+01,5.441529676318168640e-02
2.252990069488684799e-02,2.676679131885369330e-03,2.386615844443440437e-03,4.827874578642328629e+01,5.156910419464111328e-02
2.269419717291991379e-02,-3.604800052319964351e-03,1.891846380506953507e-04,-8.699579841311091855e+01,5.018820241093635559e-02
2.279427523414294041e-02,7.716874436785778855e-04,-3.556683969994385748e-03,1.677583745210982329e+02,5.813561007380485535e-02
2.283431217074394226e-02,3.496113078047831998e-03,-6.600662212197978568e-04,1.006915942903493431e+02,5.254296213388442993e-02
2.287300738195578720e-02,-1.744592387694865465e-03,-3.223263270532092037e-03,-1.515755165896119934e+02,5.215584486722946167e-02
2.316791626314322616e-02,2.968106341237823458e-03,-2.166851617706318407e-03,1.261311314260163243e+02,5.591997131705284119e-02
2.318495946625868595e-02,-3.442698701595266805e-03,-1.199306027653316729e-03,-1.092064043434081952e+02,5.420116335153579712e-02
2.369797540207703793e-02,7.517751461515830144e-04,3.714836745833356886e-03,1.144049487555626499e+01,5.834137275815010071e-02
2.369797540207704140e-02,-7.517751461515817133e-04,3.714836745833357320e-03,-1.144049487555624367e+01,5.971799790859222412e-02
2.373941491047541069e-02,-3.083770396187901931e-03,2.301630408813555746e-03,-5.326348340205712617e+01,5.547222122550010681e-02
2.383494625488917495e-02,-3.664863140632709446e-03,1.316911463315288298e-03,-7.023489058229041859e+01,5.510505288839340210e-02
2.390634578963120663e-02,3.238276423265536337e-03,2.028880058787763552e-03,5.793158719872302953e+01,5.524347722530364990e-02
2.402355273564656460e-02,3.773976117372512817e-03,5.702737253159286760e-04,8.140722093159870099e+01,5.581052601337432861e-02
2.434457962711652351e-02,7.505280470165112162e-04,-3.826579777523875237e-03,1.689031296006156424e+02,6.032476574182510376e-02
2.440618475278218819e-02,-1.864503390000512347e-03,-3.448913261915246935e-03,-1.516040757628997255e+02,5.582183599472045898e-02
2.463895641267299652e-02,3.082306279490391702e-03,-2.424231303545335784e-03,1.281850208168348786e+02,5.860340967774391174e-02
2.469063301881154610e-02,-3.652038595949610653e-03,-1.353177009150385857e-03,-1.103310019578716350e+02,5.976093932986259460e-02
2.506934230526288235e-02,-1.507073796043793216e-03,3.734027345975240216e-03,-2.197927158097349576e+01,6.173537671566009521e-02
2.507654391229152679e-02,-6.073008407838644766e-04,-3.964745827640096636e-03,-1.712913939992088785e+02,5.607675015926361084e-02
2.508245594799518932e-02,-2.698625360305110903e-03,3.064384140695135088e-03,-4.136850075559010520e+01,6.166900694370269775e-02
2.511381171643733978e-02,1.495384223138292775e-03,3.749564445267121286e-03,2.174287711194962824e+01,6.189704313874244690e-02
2.517861686646938671e-02,2.776768446589509935e-03,2.926092323226233034e-03,4.350010831316501481e+01,6.164534017443656921e-02
2.521738782525062908e-02,2.073691653398175745e-03,-3.460987005382776260e-03,1.490715637884251805e+02,6.321369111537933350e-02
2.531042632957299782e-02,-2.999889276300867977e-03,-2.723369747400283813e-03,-1.322339027206207049e+02,6.012314930558204651e-02
2.531165195008119179e-02,-3.963942251478632869e-03,1.203901173236469500e-03,-7.310577713162128077e+01,6.117225065827369690e-02
2.536725439131259918e-02,4.049564478918910027e-03,6.472806368644056906e-05,8.908426471629171317e+01,5.535691976547241211e-02
2.564905397593975414e-02,3.885901377846797452e-03,-1.422991568688303232e-03,1.101123988673245577e+02,5.477279797196388245e-02
2.567657642066478729e-02,-4.113219057520231189e-03,-7.769663352519262916e-05,-9.108215968098328119e+01,6.181517988443374634e-02
2.643047894040743626e-02,-7.552986498922103099e-04,4.195709324752290754e-03,-1.020491247521214007e+01,6.604269891977310181e-02
2.647494835158189022e-02,7.436090769867108449e-04,4.211246424044171391e-03,1.001389009053792734e+01,6.758099049329757690e-02
2.654231401781241215e-02,-3.164270737518867435e-03,2.960402596121033177e-03,-4.690646460217732283e+01,6.948051601648330688e-02
2.661044709384441376e-02,3.336019969234864206e-03,2.684532936351994963e-03,5.117597381282398317e+01,7.223976403474807739e-02
2.667597867548465729e-02,-3.848494884247581453e-03,2.084638574160635471e-03,-6.155664343025278384e+01,6.935092806816101074e-02
2.668187767267227173e-02,4.073116307457287817e-03,1.281775010284036398e-03,7.253165518739240269e+01,6.538429856300354004e-02
2.668348699808120728e-02,-6.384703253085415291e-04,-4.230945293481151552e-03,-1.714185357458172234e+02,6.185622513294219971e-02
2.679780746499697136e-02,2.150714436235527053e-03,-3.720221497739355059e-03,1.499671653287652759e+02,6.053971126675605774e-02
2.683056828876336647e-02,-3.126891329884529114e-03,-2.956485142931342125e-03,-1.333954629684368740e+02,6.320379674434661865e-02
2.727839847405751778e-02,-4.357050172984600067e-03,-4.718571047609051430e-04,-9.618089390400292871e+01,6.668931990861892700e-02
2.728152088820934296e-02,4.072882467880845070e-03,-1.702882756944745779e-03,1.126899316539909677e+02,6.138180941343307495e-02
2.753194235265254974e-02,7.963813453291852546e-04,-4.352013735721508951e-03,1.696300942970301548e+02,6.343025714159011841e-02
2.753326979776223732e-02,-2.022674928108851404e-03,-3.948228123287360163e-03,-1.528739634423665734e+02,6.468196213245391846e-02
2.772660180926323284e-02,1.540337534000476780e-03,4.207226680591702461e-03,2.010854114475798582e+01,7.232141494750976562e-02
2.779729540149371292e-02,2.851364202797412872e-03,3.503985314940412984e-03,3.913693500733772623e+01,7.723189145326614380e-02
2.781259703139464523e-02,-4.022871764997641535e-03,-1.980452875917156682e-03,-1.162109442276943696e+02,6.771572679281234741e-02
2.785184296468893456e-02,3.346310152361790628e-03,-2.963356984158357129e-03,1.315268028447269160e+02,6.253844499588012695e-02
2.789758890867233276e-02,-1.570401868472496524e-03,4.222546626503269167e-03,-2.040060620147871262e+01,6.807094067335128784e-02
2.799631034334500862e-02,-2.787822391837835312e-03,3.656883103152116718e-03,-3.732006125793162710e+01,7.157512754201889038e-02
2.821498550474643707e-02,4.413626622408628464e-03,1.052719909542550571e-03,7.658469795136949188e+01,6.682921946048736572e-02
2.831177848080793785e-02,-4.189301282167434692e-03,2.015663582521180601e-03,-6.430567439898203475e+01,7.171384990215301514e-02
2.853282913565636028e-02,4.577055883904298725e-03,-4.442182253114881300e-04,9.554338108188397882e+01,6.341086328029632568e-02
2.854927380879720283e-02,-4.548579764862855854e-03,7.407657103613017905e-04,-8.075021529142591703e+01,6.840930879116058350e-02
2.914235492547353340e-02,7.967284570137666937e-04,4.644430708140134811e-03,9.734053947321013922e+00,7.326310873031616211e-02
2.921255119144916534e-02,-2.074536945049961553e-03,-4.235339739049474687e-03,-1.539036503279255044e+02,7.063496112823486328e-02
2.922751568257808685e-02,7.675645950560768807e-04,-4.643652432908615055e-03,1.706142566849677848e+02,6.473702192306518555e-02
2.925248195727666450e-02,3.386648992697397723e-03,3.376407704005639047e-03,4.508676286428033109e+01,7.898750156164169312e-02
2.935781143605709076e-02,-8.151032185802849130e-04,4.675287753343582153e-03,-9.889711040108396745e+00,7.055092602968215942e-02
2.945620752871036876e-02,-4.140633624047040939e-03,-2.344916264216104999e-03,-1.195236680884973737e+02,6.661938875913619995e-02
2.953919892509778572e-02,3.411080921068787575e-03,-3.304498425374428720e-03,1.340907389814355781e+02,6.934087723493576050e-02
2.954268207152684761e-02,-3.295621136203408675e-03,3.573699621483683586e-03,-4.268186265436660420e+01,6.903418153524398804e-02
2.959874148170153416e-02,4.211815074086189270e-03,2.327900224675734982e-03,6.107025820556145845e+01,7.544030249118804932e-02
2.972448555131753170e-02,-4.012875879804293604e-03,2.808244122813145609e-03,-5.501534937146529813e+01,6.930249184370040894e-02
3.005834172169367241e-02,-7.191490925227601600e-04,-4.809695606430372181e-03,-1.714960933979123467e+02,6.911599636077880859e-02
3.011612097422282364e-02,-4.859497770667076111e-03,3.499206080353662348e-04,-8.588137901343338854e+01,6.626022607088088989e-02
3.015346017976602150e-02,-3.296515205875039101e-03,-3.608060146992405400e-03,-1.375835203563911477e+02,6.806046515703201294e-02
3.017963841557503094e-02,4.812745222200950565e-03,-7.077506743371487748e-04,9.836581648585709559e+01,6.681056320667266846e-02
3.018073675533135963e-02,2.186668454669415951e-03,-4.353001636142532320e-03,1.533279848011442255e+02,6.864891201257705688e-02
3.039049853881200386e-02,1.489113628243406975e-03,4.710159574945768299e-03,1.754431318817836782e+01,7.374367862939834595e-02
3.042993197838465835e-02,2.768007495130102129e-03,4.145377936462561579e-03,3.373236189896212522e+01,7.455760240554809570e-02
3.048885613679886211e-02,-4.785730037838220596e-03,-1.227165595385789395e-03,-1.043820161386911991e+02,6.344389915466308594e-02
3.061568612853686477e-02,4.373342574884494724e-03,-2.307556647186478124e-03,1.178179850221989966e+02,7.158394902944564819e-02
3.087427777548630917e-02,-1.662262016907333894e-03,4.716265636185805292e-03,-1.941515931474856416e+01,7.427443563938140869e-02
3.096042697628339016e-02,-2.925359411165118217e-03,4.180341027677059174e-03,-3.498393094041296791e+01,6.925350427627563477e-02
3.120427206158638000e-02,4.625055938959121704e-03,2.087548763180772753e-03,6.570765711569282530e+01,7.496099919080734253e-02
3.129081490139166283e-02,-4.410839794824521036e-03,2.675798411170641437e-03,-5.875726225758022991e+01,6.318333745002746582e-02
3.144495499630769325e-02,-4.898183202991883249e-03,1.492372768552741253e-03,-7.305513073931989254e+01,6.344561278820037842e-02
3.146732536454995705e-02,5.062556825578212738e-03,5.488359990219273711e-04,8.381268101492717904e+01,6.974962353706359863e-02
3.182047295073667931e-02,-7.804537696453432965e-04,-5.097351502627134323e-03,-1.712950644508712230e+02,6.646095216274261475e-02
3.192379139363765717e-02,2.163644375589986787e-03,-4.686228077237805309e-03,1.552171000507904068e+02,7.182601094245910645e-02
3.200646117329597473e-02,-3.459615865722298622e-03,-3.878704272210597992e-03,-1.382685876837346939e+02,6.836765259504318237e-02
3.206994198262691498e-02,6.923851712296414740e-04,5.202695261687040329e-03,7.580494968225347741e+00,6.927959620952606201e-02
3.210185592373212410e-02,-3.725640630970398874e-03,3.612642409279942946e-03,-4.588219676437120853e+01,6.491071730852127075e-02
3.210423948864142563e-02,3.172125589723388643e-03,4.202975425869226456e-03,3.704307113035496002e+01,7.344739884138107300e-02
3.227955413361390663e-02,4.459031857550144196e-03,-2.721295847247044535e-03,1.213952364610035062e+02,7.016310095787048340e-02
3.233826470871766640e-02,-8.471587983270476799e-04,5.177944277723630848e-03,-9.291787186832504375e+00,7.252253592014312744e-02
3.239037779470285011e-02,-5.104845389723777771e-03,-1.241790522423495300e-03,-1.036720634625342399e+02,6.359191238880157471e-02
3.253232004741828109e-02,4.204007952163617105e-03,3.193653731917341695e-03,5.277719608350376745e+01,7.739799469709396362e-02
3.273270154992739128e-02,6.832358388540647970e-04,-5.264534770200650186e-03,1.726054354668849555e+02,6.525907665491104126e-02
3.282768341402213241e-02,-2.298942282019803777e-03,-4.793639760464429855e-03,-1.543784725840670262e+02,6.828711181879043579e-02
3.294612156848113205e-02,3.473746124655008316e-03,-4.051464066530267687e-03,1.393900433728199459e+02,7.109712809324264526e-02
3.297726809978485107e-02,-5.261639598757028580e-03,5.330525612710822420e-04,-8.421514690750980492e+01,6.179714575409889221e-02
3.306932374835014343e-02,5.360834610958894672e-03,9.432296307447045585e-05,8.899199462281872286e+01,7.120408117771148682e-02
3.307577098409335281e-02,1.893231722836693706e-03,4.936251013229290066e-03,2.098363472929644757e+01,6.870711594820022583e-02
3.321073018014431000e-02,-4.622849635779857635e-03,-2.630185316472004146e-03,-1.196378526363402557e+02,6.707459688186645508e-02
3.344550480445226265e-02,5.196712290247281971e-03,-1.576002910345172033e-03,1.068709358500106390e+02,6.684418022632598877e-02
3.356568018595377373e-02,-3.743551050623258099e-03,3.933134255930781364e-03,-4.358531258895560967e+01,6.383058428764343262e-02
3.382928545276323723e-02,-1.441483347055812388e-03,5.334114345411459894e-03,-1.512231378493357603e+01,7.545152306556701660e-02
3.407083700100581314e-02,4.695916858812173786e-03,2.918992346773545236e-03,5.813482409566292830e+01,7.671977579593658447e-02
3.434085225065549446e-02,-5.386522660652796717e-03,1.170132949482649565e-03,-7.774386231101578915e+01,6.469260156154632568e-02
3.434478739897410537e-02,5.415242630988359451e-03,1.358374342089519122e-03,7.591832000057186747e+01,7.573724538087844849e-02
3.436829398075740005e-02,-2.722491160966455936e-03,4.950187634676694870e-03,-2.880979812403827722e+01,7.327682524919509888e-02
3.450328732530276443e-02,2.041178910682599039e-03,5.130703095346689224e-03,2.169444848327852071e+01,7.799199968576431274e-02
3.451127931475639343e-02,6.126757555951674056e-04,-5.571237144370874347e-03,1.737243306732106305e+02,6.402428448200225830e-02
3.462973112861315178e-02,-4.771716116617122708e-03,2.972660586237907410e-03,-5.807811930255574140e+01,6.214616075158119202e-02
3.464384501179059578e-02,-2.464400119303415508e-03,-5.049855448305606842e-03,-1.539869765770567653e+02,7.066848129034042358e-02
3.476719806591670181e-02,3.500412063052256613e-03,-4.423727126171192112e-03,1.416460941687368518e+02,6.866129487752914429e-02
3.506463021039962769e-02,-4.883692599833011627e-03,-2.795810558988402143e-03,-1.197902231662428818e+02,7.019705325365066528e-02
3.522695104281108047e-02,4.381942717979351969e-03,3.760714161520202665e-03,4.936282108183583972e+01,7.469596713781356812e-02
3.525923813382784988e-02,5.371908967693647327e-03,-2.006538668259357557e-03,1.104818832712373933e+02,7.193168997764587402e-02
3.534691904981931282e-02,-5.943245487287630814e-04,5.798819940537214279e-03,-5.851846141969970105e+00,7.335444539785385132e-02
3.534801676869392395e-02,3.451472303519646182e-03,4.697564058005809784e-03,3.630608728263664631e+01,8.042344450950622559e-02
3.541521231333415176e-02,-1.016471690187851877e-03,-5.660269564638535471e-03,-1.698193322749293372e+02,6.760752946138381958e-02
3.552344565590222908e-02,2.119750230728338018e-03,-5.365193511048953028e-03,1.584413724524495137e+02,6.815539300441741943e-02
3.555491442481677200e-02,8.403323590755472404e-04,5.740056745707988739e-03,8.328817117363101374e+00,7.628863304853439331e-02
3.567652280131976272e-02,-3.885916667059064345e-03,-4.300545202568173409e-03,-1.378994433929150318e+02,7.387147843837738037e-02
3.591436396042506363e-02,4.660894473393758716e-03,-3.524094664802154050e-03,1.270928664046575136e+02,7.281477749347686768e-02
3.593267997105915879e-02,-5.859856028109788895e-03,2.354036744994421077e-04,-8.769953587838976716e+01,7.080813497304916382e-02
3.602582588791847229e-02,5.788906166950861902e-03,9.515925485175104033e-04,8.066508311713349144e+01,7.521192729473114014e-02
3.628422319889068604e-02,-5.703965357194344492e-03,-1.483678099854538910e-03,-1.045803045713648771e+02,7.107130438089370728e-02
3.638331716259320114e-02,-5.034107404450575800e-03,3.101597307249904113e-03,-5.836208656542446960e+01,6.515000760555267334e-02
3.646058216691017151e-02,-2.788435939388970823e-03,5.307043747355541172e-03,-2.771841046360978211e+01,7.171667367219924927e-02
3.656409556667010452e-02,5.909694824367761612e-03,-7.429945884117236101e-04,9.716589594787753015e+01,7.576628029346466064e-02
3.678124273816744949e-02,5.019349666933218927e-03,3.406710922718048096e-03,5.583464977903563664e+01,7.123716175556182861e-02
3.696806480487187935e-02,-1.507428125478326841e-03,5.865385911116997690e-03,-1.441331482961847854e+01,7.554189115762710571e-02
3.697429845730464126e-02,3.163729328662157059e-03,5.199068225920200348e-03,3.132128728157573860e+01,8.107756823301315308e-02
3.711357836922010017e-02,-5.841817396382491083e-03,1.521417483066519246e-03,-7.540240614653005480e+01,7.084934413433074951e-02
3.717606017986933853e-02,1.753435935825110132e-03,5.806622716287772150e-03,1.680283202614081972e+01,8.029663562774658203e-02
3.730616718530654907e-02,5.706987343728542328e-03,2.158207314399381623e-03,6.928492171411976130e+01,7.273564487695693970e-02
3.730628018577893806e-02,-1.120026941255976901e-03,-5.962109037985404911e-03,-1.693605580260403940e+02,6.846768409013748169e-02
3.738228355844815803e-02,2.116944078200806885e-03,-5.698527054240306797e-03,1.596204872930376553e+02,7.114867120981216431e-02
3.741155440608660843e-02,-4.071887116879224777e-03,4.418927089621623935e-03,-4.265948659616241656e+01,6.527428328990936279e-02
3.748260065913200378e-02,-4.018290356422464342e-03,-4.584267502650618553e-03,-1.387641634674443196e+02,7.575658708810806274e-02
3.780412673950195312e-02,4.798361876358589115e-03,-3.864472731947899298e-03,1.288470422559252881e+02,7.633040845394134521e-02
3.783540303508441116e-02,4.161650470147530527e-03,4.481213865801692009e-03,4.288249632127185862e+01,7.118310034275054932e-02
3.798414145906766487e-02,-5.857481155544519424e-03,-1.986995960275332422e-03,-1.087381499025424318e+02,7.552970200777053833e-02
3.826118508974711563e-02,5.063143519995112491e-04,-6.206410160909095822e-03,1.753361805525825901e+02,6.787772476673126221e-02
3.834099074204763008e-02,-2.700329059734940529e-03,-5.635417221734921427e-03,-1.543976059460243846e+02,7.341374456882476807e-02
3.844194238384564949e-02,6.190263510992130222e-03,-1.025728803748886080e-03,9.940844404957813651e+01,7.753551006317138672e-02
3.851579874753952026e-02,3.635073313489556313e-03,-5.097438736508289395e-03,1.445066636338565900e+02,7.517020404338836670e-02
3.857062632838885452e-02,-5.169582087546586990e-03,-3.582850719491641016e-03,-1.247244325368989024e+02,7.654055953025817871e-02
3.861776739358901978e-02,-9.131035767495621330e-04,6.232669732222954721e-03,-8.334700296973931444e+00,7.174557447433471680e-02
3.861776739358901978e-02,9.131035767495643014e-04,6.232669732222954721e-03,8.334700296973950984e+00,7.356613129377365112e-02
3.870269656181335449e-02,-6.195161025971174240e-03,1.142688444815576077e-03,-7.954933525424912943e+01,7.022654265165328979e-02
3.902684773008028435e-02,5.789945057282845468e-03,-2.629650950742264733e-03,1.144263831191988601e+02,7.721655070781707764e-02
3.922171642382939888e-02,-6.366715456048646984e-03,-6.466432241722943567e-04,-9.579942860647088310e+01,7.464373111724853516e-02
3.926099091768264771e-02,6.124111202855904608e-03,1.993880801213284044e-03,7.196584867421670140e+01,6.889627873897552490e-02
3.937414288520812988e-02,-4.707357846200466156e-03,4.188065261890491428e-03,-4.834099265918797528e+01,7.163681834936141968e-02
3.985849643747011589e-02,6.486598712702591925e-03,5.045318199942507888e-04,8.555245196106818639e+01,7.314178347587585449e-02
3.989738350113233162e-02,4.374908128132423343e-03,4.752871347591280937e-03,4.262885015593371918e+01,7.276237756013870239e-02
3.993502383430799080e-02,-6.022921763360500336e-03,2.492006441267828436e-03,-6.752249097960333302e+01,7.088974118232727051e-02
4.020837694406509399e-02,4.667095393718531096e-04,-6.534764698396125851e-03,1.759149011042819097e+02,7.158800214529037476e-02
4.027789334456126358e-02,-2.791620247686902537e-03,-5.949664084861675320e-03,-1.548637315389836147e+02,7.087698578834533691e-02
4.029429579774539139e-02,-1.860368298366665406e-03,6.311103235930204391e-03,-1.642430628764681444e+01,7.225566357374191284e-02
4.040497541427612305e-02,3.676911583170294762e-03,-5.449940916150808334e-03,1.459936417328238747e+02,7.445745170116424561e-02
4.042871048053105903e-02,1.706952772413691463e-03,6.396669584016005487e-03,1.494123607237505524e+01,7.776765525341033936e-02
4.058617974321047928e-02,-5.350452226897081318e-03,-3.911910190557440700e-03,-1.261718954921701794e+02,7.864495366811752319e-02
4.066613440712293220e-02,-3.776846841598550768e-03,5.341354757547379407e-03,-3.526395110921984610e+01,7.338446378707885742e-02
4.079804693659146858e-02,5.649731184045473156e-03,3.514041891321539879e-03,5.811905259190933037e+01,6.897706538438796997e-02
4.090763876835505630e-02,5.966658703982830048e-03,-2.976619599697490678e-03,1.165134828325551553e+02,7.835233211517333984e-02
4.115711897611618042e-02,-6.676598607252041788e-03,-8.248605493766568647e-04,-9.704292036260960685e+01,7.611202448606491089e-02
4.119037464261054993e-02,-1.250922941835597157e-03,-6.604710438599189701e-03,-1.692752934138778187e+02,6.964120268821716309e-02
4.120566199223200249e-02,3.330503823235630989e-03,5.880228088547786655e-03,2.952679256668755770e+01,7.871934771537780762e-02
4.121865207950274612e-02,2.119177535253887086e-03,-6.379383771369854031e-03,1.616239475292346697e+02,7.414619624614715576e-02
4.143505667646726204e-02,-4.290451683724919377e-03,-5.227573836843172998e-03,-1.406230830254042701e+02,7.532422244548797607e-02
4.157409444451332092e-02,5.016913792739311276e-03,-4.563943560545643749e-03,1.322931471652775883e+02,7.675343751907348633e-02
4.171857858697573807e-02,6.804585922509431839e-03,2.285954445445287407e-04,8.807591079522838129e+01,7.204309105873107910e-02
4.189866905411084724e-02,-6.457477031896511135e-03,2.307028160430490971e-03,-7.033998823043729942e+01,7.501030713319778442e-02
4.192424441377322342e-02,-9.472647216171015388e-04,6.786386327197154941e-03,-7.946180630135822653e+00,7.423910498619079590e-02
4.193509742617607117e-02,-6.348234446098407688e-03,-2.494272756545494289e-03,-1.114502657250031632e+02,7.910238951444625854e-02
4.205865909655889107e-02,7.938491956641286797e-04,6.871952675282955170e-03,6.589609647309654150e+00,7.793053984642028809e-02
4.218281557162602974e-02,6.684964367498954715e-03,-1.648633828153833964e-03,1.038537333932776505e+02,7.757259905338287354e-02
4.250213752190272476e-02,-4.631786995256940813e-03,5.099270648012558908e-03,-4.224960385768482496e+01,7.431924343109130859e-02
4.260174433390299942e-02,-6.939599445710580711e-03,7.794928387738763202e-04,-8.359109590235676990e+01,7.581540942192077637e-02
4.278383528192838264e-02,6.050420304139455738e-03,3.462577626730005236e-03,6.021804969871766389e+01,7.187870889902114868e-02
4.310686141252517700e-02,6.842787532756726236e-03,1.666480161172027245e-03,7.631273820872091562e+01,7.069922238588333130e-02
4.315885032216708328e-02,-1.328349297788615100e-03,-6.923930098613102942e-03,-1.691398171060599225e+02,7.378373295068740845e-02
4.317379121979077888e-02,-5.996853268394867001e-03,3.761002871518333898e-03,-5.790559573141663918e+01,7.669216394424438477e-02
4.320801670352618362e-02,2.113619557349011302e-03,-6.729932967573404312e-03,1.625644519736002849e+02,7.466832548379898071e-02
4.341782505313555862e-02,-4.462992850070198088e-03,-5.513297083477179499e-03,-1.410099628002053862e+02,7.456113398075103760e-02
4.351374631126721931e-02,5.055776797235012054e-03,-4.994448196763794784e-03,1.346503733639588631e+02,7.595865428447723389e-02
4.353576153516769409e-02,4.029668945198258342e-03,5.894151671479145108e-03,3.435933937739883959e+01,8.117053657770156860e-02
4.361680770913760330e-02,-1.902225427329539819e-03,6.880202796310186386e-03,-1.545495628195537030e+01,7.875049859285354614e-02
4.377962648868560791e-02,1.558519977455338421e-03,7.039997881899277658e-03,1.248285530068575078e+01,7.561744749546051025e-02
4.382286220788955688e-02,-3.670269157737493515e-03,6.162835595508417072e-03,-3.077586123376952898e+01,7.770183682441711426e-02
4.403350378076235916e-02,-6.628110694388547955e-03,-2.730279675840090008e-03,-1.123879517154522887e+02,8.093264698982238770e-02
4.408301785588264465e-02,6.877842980126541023e-03,-2.138279814971610904e-03,1.072701536125866113e+02,7.856628298759460449e-02
4.416621724764506485e-02,3.837252055139589490e-04,-7.204533554613590240e-03,1.769512141068232438e+02,7.625266164541244507e-02
4.421327138940493728e-02,5.474762370189031543e-03,4.715330665931105614e-03,4.926217309820233226e+01,7.811520248651504517e-02
4.422913740078608658e-02,-3.041587769985199408e-03,-6.554606991509595929e-03,-1.551069008124867139e+02,7.425642758607864380e-02
4.433399190505345894e-02,3.710216609761119323e-03,-6.230994748572509651e-03,1.492285147054069228e+02,7.418479770421981812e-02
4.447977741559346748e-02,3.170788676167528124e-03,6.578638373563686428e-03,2.573325381396448464e+01,7.790575921535491943e-02
4.466735447446505691e-02,-5.802869641532500296e-03,-4.433640356486042919e-03,-1.273813733840209039e+02,7.971212267875671387e-02
4.474749291936556961e-02,6.198400321106117133e-03,-3.896770222733418436e-03,1.221564882592686843e+02,7.855123281478881836e-02
4.486708963910739090e-02,-7.328028169771036091e-03,6.562952767126262188e-04,-8.488226670134558560e+01,7.791335880756378174e-02
4.490621263782183792e-02,7.243353873491287231e-03,1.194440788822248361e-03,8.063610234893251061e+01,7.691869884729385376e-02
4.495798920591672493e-02,-6.447808196147283497e-03,3.555177555729945645e-03,-6.112863842151978844e+01,7.874727249145507812e-02
4.530562336246173050e-02,-9.549607057124364371e-04,7.362659710148970575e-03,-7.390190105592698622e+00,7.841014862060546875e-02
4.533402745922406746e-02,7.646707817912113672e-04,7.436888447652259884e-03,5.870597985977031641e+00,7.158566266298294067e-02
4.541813209652900696e-02,7.398030875871580009e-03,-7.330899146230269742e-04,9.565911155838470847e+01,7.925625145435333252e-02
4.552087063590685989e-02,-7.344903579602639170e-03,-1.184065030732502468e-03,-9.915780925720343930e+01,8.004023134708404541e-02
4.560754820704460144e-02,-4.614639018351832447e-03,5.858544881145160560e-03,-3.822667870706865756e+01,7.951228320598602295e-02
4.594821234544117783e-02,-7.296860683709383011e-03,1.978005282580852509e-03,-7.483296832860706616e+01,7.916336506605148315e-02
4.607102150718371536e-02,-6.027111783623695374e-03,4.589154617860913277e-03,-5.271368244891803556e+01,7.818479835987091064e-02
4.610137268900871277e-02,6.180313571045796366e-03,4.319722220922510118e-03,5.504842545269689680e+01,7.926331460475921631e-02
4.620509594678878784e-02,3.738044567095734675e-04,-7.545378059148789320e-03,1.771638370190759701e+02,7.672899961471557617e-02
4.627009357015292312e-02,-3.141690821697314725e-03,-6.882739408562580166e-03,-1.554652292698881695e+02,7.668957114219665527e-02
4.647128780682881904e-02,7.156537845730781555e-03,2.594929809371630206e-03,7.006957341249658100e+01,7.924629002809524536e-02
4.648057743906974792e-02,3.771128986651699037e-03,-6.610461976379156113e-03,1.502961544735883308e+02,7.260928303003311157e-02
4.666330044468243454e-02,-5.967637213567892999e-03,-4.760634697352847042e-03,-1.285808339392069399e+02,7.830058783292770386e-02
4.666703442732493545e-02,3.395404589052001924e-03,6.883108677963416071e-03,2.625690309986147142e+01,6.986046582460403442e-02
4.679589097698529793e-02,6.332016239563625221e-03,-4.319604408616821260e-03,1.243012090039708823e+02,7.647092640399932861e-02
4.709922025601069595e-02,-1.973425814261038375e-03,7.463696257521708517e-03,-1.481027652658314864e+01,7.951869070529937744e-02
4.712762435277303291e-02,1.783135890339812655e-03,7.537924995024998694e-03,1.330896877984777049e+01,6.522153317928314209e-02
4.719509060184160637e-02,-3.865060396492481665e-03,6.676948629319667816e-03,-3.006510288311633872e+01,8.166948705911636353e-02
4.723868519067764282e-02,-1.438373098305116386e-03,-7.592907020201285391e-03,-1.692732019864596964e+02,7.669321447610855103e-02
4.739348093668619560e-02,2.164611185435206132e-03,-7.450244699915250721e-03,1.637991843621117312e+02,7.356915622949600220e-02
4.741349567969640327e-02,5.698123481124639511e-03,5.314065609127283964e-03,4.699742120771969667e+01,8.382467925548553467e-02
4.741969828804333542e-02,7.673642287651698951e-03,-1.222338954297204523e-03,9.905064052425574062e+01,7.795172929763793945e-02
4.745472719271977280e-02,-4.727863473817706108e-03,-6.168423841396966992e-03,-1.425312008224700548e+02,7.558274269104003906e-02
4.747430607676506042e-02,-7.592094441254933386e-03,-1.627534395083785274e-03,-1.020994976485246752e+02,7.972671091556549072e-02
4.760003462433815002e-02,-7.470715790987014771e-03,2.287798716376225009e-03,-7.297354989997749897e+01,7.805047929286956787e-02
4.766036818424861099e-02,-6.745254155248403549e-03,3.989047370851039886e-03,-5.940053376761137827e+01,7.848321646451950073e-02
4.766337573528289795e-02,4.387486337994535475e-03,6.514041218906641006e-03,3.396195814630949883e+01,7.647259533405303955e-02
4.770872990290323662e-02,5.250305092583100290e-03,-5.796749610453844070e-03,1.378318377382333040e+02,7.230284065008163452e-02
4.798288519183795120e-02,-7.040069128076235742e-03,-3.500743381058176937e-03,-1.164393121368002966e+02,7.920759171247482300e-02
4.813298210501670837e-02,7.287070310364168052e-03,-3.050363040529191494e-03,1.127141548774800981e+02,7.518145442008972168e-02
4.831286768118540909e-02,7.635138618449369488e-03,2.118177867184082956e-03,7.449465872145620438e+01,8.216298371553421021e-02
4.869583124915759231e-02,-7.874827211101850452e-03,1.383889476225401037e-03,-8.003285116778637587e+01,7.380466908216476440e-02
4.874935870369275642e-02,7.997566057989995841e-03,2.284398069605232369e-04,8.836386734921670438e+01,7.853086292743682861e-02
4.880744343002637459e-02,-8.034432927767435131e-03,-4.262783622834833645e-04,-9.303706213233031974e+01,7.506344467401504517e-02
4.889026408394177986e-02,1.018465108548602697e-03,7.950480872144300576e-03,7.299893784858081602e+00,6.846033781766891479e-02
4.889026408394177986e-02,-1.018465108548600095e-03,7.950480872144302311e-03,-7.299893784858061174e+00,7.593300938606262207e-02
4.909618447224299576e-02,-4.860681093608339338e-03,6.403540571530660572e-03,-3.720073372449925131e+01,7.877832651138305664e-02
4.909798875451087952e-02,-6.328402087092399597e-03,4.985029576346278191e-03,-5.177167305610504400e+01,7.691954821348190308e-02
4.921908676624298096e-02,6.021723306427399607e-03,5.430437934895357074e-03,4.795560812146281648e+01,8.432365953922271729e-02
4.934266830484072136e-02,-1.483270335787286289e-03,-7.941321314622957345e-03,-1.694202691745709899e+02,7.697906345129013062e-02
4.946896682182947563e-02,4.711086163297295570e-03,6.630413544674714117e-03,3.539481224075841226e+01,7.697157561779022217e-02
4.948322847485542297e-02,2.193741636195530639e-03,-7.804154418408870697e-03,1.642993688415807583e+02,7.416511327028274536e-02
4.957138001918793418e-02,-4.836368607357144356e-03,-6.528984444836774884e-03,-1.434706695986610043e+02,7.516632229089736938e-02
4.987636208534240723e-02,5.414829589426517487e-03,-6.135312840342522535e-03,1.385694132717206344e+02,7.233996689319610596e-02
4.993613809347152710e-02,7.594449445605278015e-03,3.204016713425517516e-03,6.712564085656740076e+01,7.948705554008483887e-02
5.011020352443059517e-02,-7.253870988885561914e-03,-3.864818563063939557e-03,-1.180484209517466923e+02,7.688505202531814575e-02
5.031645049651464058e-02,6.812774576246738434e-03,4.718036235620578708e-03,5.529631960990550965e+01,8.073182404041290283e-02
5.039882659912109375e-02,3.580376699877280719e-04,-8.247702072064081250e-03,1.775143166345052634e+02,7.761081308126449585e-02
5.040120333433151939e-02,7.629927868644397621e-03,-3.212496444272498579e-03,1.128329859372130528e+02,7.126858830451965332e-02
5.049072951078414917e-02,-3.295093192718923092e-03,-7.591714306424061746e-03,-1.565373199296906819e+02,7.655899226665496826e-02
5.067122106750806404e-02,-8.347472175955772400e-03,-6.133791272683689630e-04,-9.420258804366677907e+01,7.529186457395553589e-02
5.070694287618001533e-02,-7.931319065392017365e-03,2.516981534427031875e-03,-7.239331251009242862e+01,7.320927083492279053e-02
5.073795715967814590e-02,3.964783934255440741e-03,-7.302934924761455421e-03,1.515023401960667115e+02,7.324237376451492310e-02
5.074319243431091309e-02,2.033895968149105997e-03,8.077259020258981820e-03,1.413354921520658714e+01,7.010073959827423096e-02
5.074565981825193001e-02,-2.074129025762279106e-03,8.062457510580618020e-03,-1.442694320107448114e+01,7.886453717947006226e-02
5.085570986072222160e-02,-4.024710428590576143e-03,7.302264838169018717e-03,-2.886176081852530828e+01,7.955906540155410767e-02
5.088666329781214165e-02,3.969764492164055796e-03,7.338559875885645838e-03,2.841099383490757191e+01,7.307416200637817383e-02
5.090727160374323296e-02,-6.289944207916657419e-03,-5.485270482798417988e-03,-1.310907004053454727e+02,7.556162774562835693e-02
5.091829597949981689e-02,8.337164918581645850e-03,4.313094929481544096e-04,8.703853730953952095e+01,7.536258548498153687e-02
5.104876682162284851e-02,-7.110355577121178598e-03,4.416872980073094368e-03,-5.815191439268650697e+01,7.589141279458999634e-02
5.123174438873927261e-02,6.839398294687271118e-03,-4.820301042248805942e-03,1.251755830898083701e+02,7.259519398212432861e-02
5.146540204683940078e-02,-8.118935550252597694e-03,-2.178710342074434252e-03,-1.050213845165337858e+02,7.763259112834930420e-02
5.163142457604408264e-02,8.193439027915399436e-03,2.319673541933298545e-03,7.419246403416001101e+01,7.760210335254669189e-02
5.185685679316520691e-02,8.356098706523578529e-03,-1.181602672052879839e-03,9.804860557700358470e+01,7.087058573961257935e-02
5.197159697612126900e-02,-8.375268429517745972e-03,1.352815743302926855e-03,-8.082454493411943020e+01,7.355536520481109619e-02
5.255562191208203865e-02,1.015430859600505468e-03,8.577226971586545887e-03,6.751641309291827930e+00,7.693856954574584961e-02
5.255808929602305557e-02,-1.055663917213677059e-03,8.562425461908180352e-03,-7.028544029528132064e+00,7.822969555854797363e-02
5.257838716109593941e-02,3.495729276134320641e-04,-8.611688700815042438e-03,1.776754776219987946e+02,7.696799933910369873e-02
5.264946321646372246e-02,-3.381494161052009048e-03,-7.946244751413663807e-03,-1.569480066891339050e+02,7.725220918655395508e-02
5.265173936883608269e-02,7.076606775323551063e-03,5.034744429091612787e-03,5.456955356139357605e+01,7.962646335363388062e-02
5.275789524118105339e-02,4.778334948544701519e-03,7.235921298464139881e-03,3.343929773380320825e+01,8.168213814496994019e-02
5.279456699887911247e-02,4.015513385335604639e-03,-7.663541163007419471e-03,1.523465301909474192e+02,7.574365288019180298e-02
5.292496333519617485e-02,-5.021699859450261087e-03,7.089043812205393820e-03,-3.531279477065867667e+01,7.877339422702789307e-02
5.307337020834287933e-02,-6.486070963243643732e-03,-5.808748460064331980e-03,-1.318467586706083807e+02,7.840143144130706787e-02
5.311621601382891800e-02,-6.639624014496803284e-03,5.622162949293851852e-03,-4.974343403640469319e+01,7.696451991796493530e-02
5.336619044343630935e-02,7.018961633245150537e-03,-5.170157800118128748e-03,1.263753109596820252e+02,7.358679175376892090e-02
5.338500067591667175e-02,8.068830085297426166e-03,3.396449377760291100e-03,6.717209272349917626e+01,7.594218105077743530e-02
5.358013138175010681e-02,-8.413910555342834358e-03,-2.423915934438506618e-03,-1.060708630579014624e+02,7.565835118293762207e-02
5.362323174873988296e-02,6.355838539699713678e-03,6.133455472687879620e-03,4.602009487828564005e+01,8.227495104074478149e-02
5.368096257249514724e-02,-1.578136046494668090e-03,-8.659838388363521461e-03,-1.696719709438449968e+02,7.702946662902832031e-02
5.371939887603124214e-02,2.236006344901397824e-03,-8.528747285405795936e-03,1.653092312081834905e+02,7.602357119321823120e-02
5.389621232946714691e-02,-5.118896331017216625e-03,-7.206992867092291803e-03,-1.446150409219816027e+02,7.869933545589447021e-02
5.403420577446620132e-02,8.738231224318345966e-03,-1.111311217149098859e-03,9.724785647221634122e+01,7.319761067628860474e-02
5.406741797924042442e-02,5.645122379064559937e-03,-6.845775836457809391e-03,1.404905317931411446e+02,7.583284378051757812e-02
5.413851762811343338e-02,-8.723389978210132484e-03,1.527698322509726033e-03,-8.006671211098010588e+01,7.759854197502136230e-02
5.439103146394093369e-02,-7.744972749302785758e-03,-4.433502132693926782e-03,-1.197883805543195734e+02,7.775062322616577148e-02
5.447435006499290466e-02,-2.095211995765565959e-03,8.704361195365589027e-03,-1.353409952265538507e+01,7.830885052680969238e-02
5.447507525483767654e-02,2.109453547745943937e-03,8.700008193651836280e-03,1.362923815363611801e+01,7.696651667356491089e-02
5.453387772043545578e-02,3.936489112675189972e-03,8.097401664902767124e-03,2.592634487885412398e+01,7.873667031526565552e-02
5.471299837032954361e-02,8.191623724997043610e-03,-3.492061747238039970e-03,1.130883890741543070e+02,7.458721101284027100e-02
5.473117406169573235e-02,-4.110666535173853817e-03,7.991172218074400063e-03,-2.722133254449360251e+01,7.815802842378616333e-02
5.495287105441094139e-02,-8.990568729738395576e-03,-6.837021404256422592e-04,-9.434877871945701600e+01,7.736080884933471680e-02
5.518556634585062431e-02,-7.460466741273800821e-03,5.122558834652106256e-03,-5.552545126652861995e+01,7.831428200006484985e-02
5.519273256262143684e-02,8.591221800694864158e-03,2.868934146439035444e-03,7.153388414750688185e+01,7.763668149709701538e-02
5.547128369410833648e-02,9.071949558953445319e-03,7.327793476482229520e-04,8.538200591260859085e+01,7.743694633245468140e-02
5.562013387680053711e-02,-8.564678641657035713e-03,3.143253736197948889e-03,-6.984676488218381962e+01,7.986083626747131348e-02
5.591575677196184563e-02,-1.588956695438052506e-03,-9.036167835195859852e-03,-1.700268356234234943e+02,7.749557495117187500e-02
5.599241082866986824e-02,2.293161766525979132e-03,-8.905506071945032062e-03,1.655600713646486497e+02,7.592806220054626465e-02
5.611639221509297226e-02,6.503008306026459608e-03,6.557459166894356699e-03,4.476112750562610643e+01,8.158687502145767212e-02
5.613017454743385315e-02,-5.237060210977992000e-03,-7.578159061570962848e-03,-1.453527007807075506e+02,7.921382039785385132e-02
5.632456267873445915e-02,5.822870725144942312e-03,-7.188324195643266620e-03,1.409909482365179088e+02,7.985773682594299316e-02
5.635170266032218933e-02,-1.039548078551886948e-03,9.214509278535842896e-03,-6.436689843017382451e+00,7.753355056047439575e-02
5.635489523410797119e-02,1.094022688145440203e-03,9.195354767143726349e-03,6.784904817574814118e+00,7.748234272003173828e-02
5.651911099751789902e-02,5.004096543416380882e-03,7.856183219701051712e-03,3.249562064825554586e+01,8.154609799385070801e-02
5.652271211147308350e-02,-7.938584468017022971e-03,-4.800546448677778244e-03,-1.211617996505259782e+02,7.905019819736480713e-02
5.679337804516157440e-02,8.411866302291551648e-03,-3.856563397372762651e-03,1.146298950995729200e+02,8.100818097591400146e-02
5.680695672829945420e-02,-5.166888004168868065e-03,7.760775430748860330e-03,-3.365446767773397596e+01,7.911936938762664795e-02
5.692151809732119705e-02,8.431129312763612632e-03,4.132158743838469477e-03,6.389018472020972439e+01,7.816132903099060059e-02
5.707009633382161690e-02,-6.898764055222273740e-03,6.359042910238107624e-03,-4.733120588376051074e+01,8.108448982238769531e-02
5.708619331320127083e-02,3.959077002946288478e-04,-9.364776934186618690e-03,1.775791905350664308e+02,7.733859121799468994e-02
5.711821963389714790e-02,-3.510478689956168623e-03,-8.693740392724674110e-03,-1.580114479150244335e+02,7.823279500007629395e-02
5.714316790302595428e-02,-9.304867746929328803e-03,-1.202524290420115211e-03,-9.736386387837261225e+01,7.840672880411148071e-02
5.732472365101178718e-02,4.250417153040568323e-03,-8.382848308732112827e-03,1.531132895121802449e+02,7.967303693294525146e-02
5.741935223340988159e-02,7.443972087154785214e-03,5.839003560443719806e-03,5.188959216137165953e+01,7.897067815065383911e-02
5.743901307384173538e-02,-6.797846561918656320e-03,-6.546958970526854486e-03,-1.339229437005189709e+02,8.021549135446548462e-02
5.770208189884822036e-02,9.473763406276702881e-03,1.665955933276561714e-04,8.899256079493395077e+01,7.824638485908508301e-02
5.770371481776238182e-02,7.416952556620041818e-03,-5.877207809438307791e-03,1.283933744296082580e+02,8.403265476226806641e-02
5.790210887789726257e-02,-8.921821291248004798e-03,-3.309782400416831465e-03,-1.103536497197807904e+02,7.800385355949401855e-02
5.799157793323199417e-02,-9.164860782523950519e-03,2.597181281695763559e-03,-7.417808194494311635e+01,8.185683935880661011e-02
5.833753943443298340e-02,-2.173153761153418656e-03,9.348023682832717896e-03,-1.308721076993100141e+01,7.858416438102722168e-02
5.833839252591133118e-02,2.186589486276110592e-03,9.342901098231475715e-03,1.317228050467619127e+01,7.888577133417129517e-02
5.834538365403811599e-02,9.360287648936113300e-03,-2.041996621604388537e-03,1.023065669982050423e+02,8.042801916599273682e-02
5.844380582372347976e-02,4.269627776617804585e-03,8.606336079537868500e-03,2.638614023345028059e+01,8.117938041687011719e-02
5.853596950570742752e-02,-4.285039147362112999e-03,8.607478812336921692e-03,-2.646538187609965931e+01,8.032080531120300293e-02
5.870025853315989639e-02,-9.637871136267980518e-03,4.628037180130678053e-04,-8.725080919159829307e+01,8.064046502113342285e-02
5.882466211915016868e-02,9.019837714731693268e-03,3.647603405018647223e-03,6.798169552011756878e+01,7.754527777433395386e-02
5.916294331351916458e-02,-7.698422297835350037e-03,5.980823189020156860e-03,-5.215674244315032126e+01,8.166068792343139648e-02
5.932667478919029236e-02,9.581744049986204090e-03,1.818195053298647494e-03,7.925551718112757271e+01,7.783006876707077026e-02
5.937598645687103271e-02,4.294561028170086939e-04,-9.745324030518531799e-03,1.774767270445667577e+02,8.032706379890441895e-02
5.943172549208005501e-02,-3.563489415682852268e-03,-9.087864930431049232e-03,-1.585891025351173482e+02,7.967129349708557129e-02
5.961579456925392151e-02,4.395653648922841043e-03,-8.737007621675729752e-03,1.532926907990006100e+02,8.142519742250442505e-02
5.962353572249412537e-02,7.633162351946035443e-03,6.214531604200601578e-03,5.084927578288890260e+01,7.516337186098098755e-02
5.964985738197962906e-02,-8.860307124753793659e-03,4.198266658931970596e-03,-6.464706898513897215e+01,8.088647574186325073e-02
5.980771655837694573e-02,-6.940054396788279505e-03,-6.966490764170885086e-03,-1.351089192487818309e+02,7.868622243404388428e-02
5.998601764440537193e-02,7.655604276806116104e-03,-6.184656172990798950e-03,1.289333564928955127e+02,8.651693910360336304e-02
6.020300587018330429e-02,-9.148126468062400818e-03,-3.786688631710906968e-03,-1.124861558148960796e+02,8.347426354885101318e-02
6.028286367654801109e-02,1.092566798130672773e-03,9.864107395211856727e-03,6.320423923027913560e+00,7.833878695964813232e-02
6.028520315885543823e-02,-1.133605682601529540e-03,9.850075468420982361e-03,-6.565058885434707392e+00,7.798597216606140137e-02
6.040678297479947639e-02,8.731766914327939930e-03,4.868728884806235342e-03,6.085648475954096881e+01,7.233070582151412964e-02
6.045064578453700210e-02,5.241882832099993735e-03,8.455378624300163154e-03,3.179670077346844437e+01,8.316979557275772095e-02
6.051905577381452156e-02,-1.608419018642356360e-03,-9.810839469234149818e-03,-1.706895782362008163e+02,8.192253857851028442e-02
6.057327489058177139e-02,2.471946664930631428e-03,-9.640212481220563831e-03,1.656180627310711486e+02,8.066869527101516724e-02
6.062247355779012969e-02,9.613644642134508075e-03,-2.608977190296476664e-03,1.051833912849138528e+02,8.376999944448471069e-02
6.065177420775096084e-02,-5.285288983335097342e-03,8.478576317429542542e-03,-3.193817009799610318e+01,8.224350959062576294e-02
6.081238389015198448e-02,-5.432278771574298830e-03,-8.391815392921369438e-03,-1.470837829130827856e+02,7.912304997444152832e-02
6.089793642361959747e-02,6.206758941213289318e-03,-7.849931872139375572e-03,1.416673961382976472e+02,8.409418165683746338e-02
6.091971198717753555e-02,-1.001905463635921478e-02,-7.243859969700394263e-05,-9.041424604111325891e+01,8.043310791254043579e-02
6.094431132078170776e-02,6.931440749516089468e-03,7.300124969333410263e-03,4.351602230855035458e+01,7.736795395612716675e-02
6.101560841004054214e-02,-6.966796082754930439e-03,7.253653214623531284e-03,-4.384437728629788467e+01,8.161826431751251221e-02
6.119231258829434944e-02,-8.307097479701042175e-03,-5.696984473615884781e-03,-1.244422217846338299e+02,8.299134671688079834e-02
6.135277077555657127e-02,8.903875015676021576e-03,-4.730992329617341938e-03,1.179835328804998085e+02,8.683444559574127197e-02
6.151115149259567261e-02,1.003886976589759249e-02,1.258385901261742205e-03,8.285516320978092608e+01,7.468210160732269287e-02
6.166351834932963516e-02,-9.912356423834960822e-03,-2.214672839424262300e-03,-1.025944873870017062e+02,8.366978168487548828e-02
6.196909025311470032e-02,-9.475419918696086768e-03,3.754986217245459557e-03,-6.838221835424313610e+01,7.844893634319305420e-02
6.216364850600561431e-02,1.018424611538648605e-02,-9.601941274013370275e-04,9.538605625758508211e+01,7.844040542840957642e-02
6.229908764362335205e-02,-2.279469898591438351e-03,9.996942554910978260e-03,-1.284479265746501042e+01,8.078195899724960327e-02
6.233748048543930054e-02,2.267041786884269137e-03,1.000833666572968281e-02,1.276299563576446872e+01,8.010601997375488281e-02
6.239984929561614990e-02,4.333319530511895237e-03,9.336172913511594715e-03,2.489804270890385496e+01,8.264341950416564941e-02
6.243122493227322434e-02,9.239219439526399555e-03,4.628078546375036240e-03,6.339294959591224199e+01,7.188633084297180176e-02
6.246722862124443748e-02,-4.319267813116312027e-03,9.365988274415334644e-03,-2.475750718395449113e+01,8.330284804105758667e-02
6.253026425838470459e-02,-1.016115707655747789e-02,1.618658522299180284e-03,-8.094890916622523491e+01,7.921193540096282959e-02
6.286201626062393188e-02,2.517616240462908998e-03,-1.002199730525414265e-02,1.658985775271529803e+02,8.190202713012695312e-02
6.286817416548728943e-02,-1.612929724312077255e-03,-1.020655470589796818e-02,-1.710198784051119674e+02,8.109734207391738892e-02
6.303358078002929688e-02,9.984415955841541290e-03,2.847143914550543265e-03,7.408403420408941997e+01,7.395294308662414551e-02
6.312986339131991531e-02,6.252731196582317352e-03,-8.283982363839944782e-03,1.429545772287729335e+02,8.316990733146667480e-02
6.314596037069956924e-02,7.232657478501399069e-03,7.525398240735134067e-03,4.386363006363239947e+01,7.523468881845474243e-02
6.318885584672292999e-02,-5.534999150161941557e-03,-8.796217696120342197e-03,-1.478199421853774140e+02,8.061508834362030029e-02
6.319584324955940247e-02,-7.639659258226553888e-03,7.090731058269739151e-03,-4.713414050545174661e+01,8.301523327827453613e-02
6.363169228037197922e-02,-8.556636360784372272e-03,-6.052562811722358646e-03,-1.252737952958990775e+02,8.415456116199493408e-02
6.366241102417311004e-02,-8.986398267249267463e-03,5.374620590979853688e-03,-5.911703336692200139e+01,8.062011003494262695e-02
6.369080021977424622e-02,9.044147717456024055e-03,-5.280420649796724319e-03,1.202784956749608796e+02,8.680085092782974243e-02
6.384962672988574173e-02,8.441831606129806403e-03,6.199154537171125412e-03,5.370876161635542445e+01,7.258573174476623535e-02
6.398940086364746094e-02,-1.021566273023684877e-02,-2.625647214396546140e-03,-1.044142628040965661e+02,8.415216952562332153e-02
6.401087716221809387e-02,5.625007751708229094e-03,8.891911866764226971e-03,3.231737305476225686e+01,8.073224127292633057e-02
6.401384621858596802e-02,4.706149726795655309e-04,-1.052282409121592897e-02,1.774392524927547754e+02,8.073519915342330933e-02
6.413646290699641372e-02,4.487295479824146213e-03,-9.552842937409877777e-03,1.548389581566808602e+02,8.173424750566482544e-02
6.415731584032377532e-02,-3.670720499940216975e-03,-9.887982470293840351e-03,-1.596335391451190731e+02,8.033813536167144775e-02
6.431295846899350022e-02,-1.145864215989905776e-03,1.053004618734121323e-02,-6.210406352938115049e+00,8.087450265884399414e-02
6.435369079311688278e-02,1.174474988753598532e-03,1.052740837136904514e-02,6.365796848967843147e+00,7.984575629234313965e-02
6.447364886601766876e-02,1.050510940452416622e-02,-1.532122880841295214e-03,9.829782726852066332e+01,8.079183101654052734e-02
6.452706704537072846e-02,-5.184639555712540655e-03,9.319539802769821052e-03,-2.908803056696240219e+01,8.195665478706359863e-02
6.455597405632337860e-02,7.841849233955144882e-03,-7.168134984870752277e-03,1.324300377788187291e+02,8.555907011032104492e-02
6.462356820702552795e-02,-7.292313656459253196e-03,-7.726471405476331711e-03,-1.366558250863283206e+02,8.134148269891738892e-02
6.478448460499446060e-02,-1.060939797510703463e-02,1.083479553926735900e-03,-8.416891221573602877e+01,8.039445430040359497e-02
6.489184747139613296e-02,-6.823523901402951154e-03,8.269205689430236816e-03,-3.952852305081123063e+01,8.229428529739379883e-02
6.496826807657878067e-02,-9.700971655547618866e-03,-4.553241344789664240e-03,-1.151434499968378304e+02,8.511986583471298218e-02
6.518338620662689209e-02,1.047750934958457947e-02,2.403452681998412103e-03,7.708034700497550773e+01,7.554239034652709961e-02
6.527050336201986602e-02,1.007478063305218899e-02,-3.730334263915817232e-03,1.103178056882580762e+02,8.608783781528472900e-02
6.549981484810511734e-02,-1.077060184131066120e-02,-1.018591943041731842e-03,-9.540247971711065134e+01,8.209800720214843750e-02
6.591757635275521943e-02,-9.644332031408946876e-03,4.959606022263566075e-03,-6.278546785025113053e+01,8.207971602678298950e-02
6.597095727920532227e-02,1.085282644877831257e-02,2.427659152696528037e-04,8.871856947445331798e+01,7.862298190593719482e-02
6.605546921491622925e-02,8.824912210305530663e-03,6.291917680452267618e-03,5.451218410726145436e+01,7.707512378692626953e-02
6.628470867872238159e-02,5.685711357121666851e-03,9.312127095957597675e-03,3.140701344618752344e+01,8.139872550964355469e-02
6.638819972674052383e-02,4.527247995914273010e-04,-1.091959855208794392e-02,1.776258858769431868e+02,7.898275554180145264e-02
6.643883387247720429e-02,-2.362556134661037560e-03,1.068501857419808763e-02,-1.246802409387040278e+01,8.188366889953613281e-02
6.646918505430221558e-02,2.181034535169602308e-03,1.074466326584418673e-02,1.147443642322828516e+01,8.443342149257659912e-02
6.647847592830657959e-02,-1.058159458140532291e-02,2.804792680156727343e-03,-7.515438263018802445e+01,8.109105378389358521e-02
6.648480147123336792e-02,-4.361533559858798981e-03,1.010546647012233734e-02,-2.334509580356615999e+01,8.044492453336715698e-02
6.652780373891195587e-02,4.504739306867122650e-03,-9.983646372954050122e-03,1.557145407521174718e+02,8.243854343891143799e-02
6.661325693130493164e-02,-3.689059948859115586e-03,-1.031675872703393358e-02,-1.603239985650595543e+02,7.860889285802841187e-02
6.678687284390130707e-02,1.011539343744516373e-02,4.277150457104047718e-03,6.707961856903824582e+01,7.796517014503479004e-02
6.687084585428237915e-02,7.909543967495363120e-03,-7.659775204956531525e-03,1.340809188042679523e+02,8.623575419187545776e-02
6.699648251136144927e-02,-7.428833128263553562e-03,-8.138016797602176666e-03,-1.376084375011181749e+02,8.316366374492645264e-02
6.714040289322534272e-02,-7.629514050980409565e-03,8.051427702109020118e-03,-4.345876344927501833e+01,8.307499438524246216e-02
6.742584705352783203e-02,4.308015884210665732e-03,1.026279168824354923e-02,2.277122093219157151e+01,8.531527966260910034e-02
6.742967168490091034e-02,-1.000265963375568390e-02,-4.873276688158512115e-03,-1.159752554594011968e+02,8.387560397386550903e-02
6.762563437223434448e-02,7.676441688090563688e-03,8.038376613209646110e-03,4.368062883405390551e+01,8.039056509733200073e-02
6.762771060069402984e-02,2.517169894417748289e-03,-1.084957520167032993e-02,1.669381059123228965e+02,8.085387200117111206e-02
6.764009098211924698e-02,1.026762028535207170e-02,-4.317440325394272804e-03,1.128063077981856566e+02,8.512395620346069336e-02
6.769846876462301544e-02,-1.649159346319114313e-03,-1.103210542351007462e-02,-1.714979672474310632e+02,7.761565595865249634e-02
6.769956399997076324e-02,-9.103583171963691711e-03,6.457938502232233972e-03,-5.464871085698419506e+01,8.525554835796356201e-02
6.783607602119445801e-02,6.337869757165512027e-03,-9.206426019469898109e-03,1.454557746643263272e+02,8.455087989568710327e-02
6.800211220979690552e-02,-1.115345334013303179e-02,-1.373218876930574865e-03,-9.701896188128556275e+01,8.126991242170333862e-02
6.801771124204000762e-02,-5.689858070885142269e-03,-9.636539344986280384e-03,-1.494404346997122275e+02,8.070801943540573120e-02
6.837525963783264160e-02,9.304682103296121540e-03,-6.359166931360960007e-03,1.243501584162366385e+02,8.651365339756011963e-02
6.839773803949356079e-02,1.125351215402285374e-02,-2.907917757208150445e-04,9.148019875492903452e+01,8.098766952753067017e-02
6.846601019303003022e-02,-8.994843810796737671e-03,-6.784143547217051477e-03,-1.270245418465942748e+02,8.473247289657592773e-02
6.855483353137969971e-02,1.006559546416006161e-03,1.129047820965449131e-02,5.094518337641737560e+00,8.334115147590637207e-02
6.856521467367807099e-02,-1.216691918671129399e-03,1.122819570203622240e-02,-6.184463689724222668e+00,7.976264506578445435e-02
6.864783912897109985e-02,-5.279663018882274628e-03,1.006956243266661846e-02,-2.766887705030846334e+01,7.988993823528289795e-02
6.881744414567947388e-02,-1.110745811214049715e-02,2.265936229377985001e-03,-7.846979644457296388e+01,8.405954390764236450e-02
6.893866012493768403e-02,-6.908759164313474713e-03,9.065857777992883740e-03,-3.730970178666722603e+01,8.218238502740859985e-02
6.895310183366140655e-02,-1.090020220726728439e-02,-3.300309491654237256e-03,-1.068450039916130692e+02,8.207980543375015259e-02
6.926947832107543945e-02,1.054229245831569094e-02,4.330963206787903814e-03,6.766626050932907788e+01,7.890256494283676147e-02
6.927001724640528824e-02,1.109863476206859011e-02,-2.652786633310218797e-03,1.034425855258583340e+02,8.219264447689056396e-02
6.962575018405914307e-02,-1.151811300466458118e-02,1.899961692591508049e-04,-8.905496747391187284e+01,8.253484964370727539e-02
6.967157373825709488e-02,6.372341730942329349e-03,-9.553739490608375434e-03,1.462967228203145567e+02,8.147230744361877441e-02
7.002448290586471558e-02,-9.958234305183093910e-03,5.833089662094911518e-03,-5.964012999897851586e+01,8.312731981277465820e-02
7.009277244408926300e-02,1.130509407569964785e-02,1.923707740691801057e-03,8.034288287786343119e+01,7.884447276592254639e-02
7.023580372333526611e-02,-1.546303887153044560e-03,-1.147174617896477497e-02,-1.723232357891688480e+02,7.737047225236892700e-02
7.027008384466171265e-02,8.256634542097648563e-03,8.089761404941480522e-03,4.558488699211564921e+01,8.415234833955764771e-02
7.027381161848704483e-02,3.038007698099439921e-03,-1.115294701109329975e-02,1.647625992793470004e+02,7.972288131713867188e-02
7.028316209713618423e-02,4.393856506794691086e-03,1.073638815432786942e-02,2.225678438435853579e+01,8.543946593999862671e-02
7.050018757581710815e-02,-5.710397924606999340e-03,-1.010190571347872532e-02,-1.505214239302081864e+02,7.938581705093383789e-02
7.058146347602209381e-02,-1.102484669536352158e-02,3.795900731347501278e-03,-7.100120064980079349e+01,8.291997760534286499e-02
7.075452059507369995e-02,2.266875157753627662e-03,1.145626294116179264e-02,1.119265586708969451e+01,8.342131227254867554e-02
7.076490173737208511e-02,-2.477007530008751984e-03,1.139398043354352373e-02,-1.226503907724366016e+01,7.878440618515014648e-02
7.077227781216303970e-02,9.098572966953119220e-03,-7.255187102903922977e-03,1.285688005371940505e+02,8.284591138362884521e-02
7.080155859390895035e-02,-4.541001205022136659e-03,1.081489926824967182e-02,-2.277674696920752240e+01,8.035043627023696899e-02
7.096625119447708130e-02,-9.143041446805000305e-03,-7.273051577309767694e-03,-1.285013357355970811e+02,8.494782447814941406e-02
7.100940247376760772e-02,5.060049084325632038e-03,-1.063433165351549900e-02,1.545538665393802091e+02,7.822898775339126587e-02
7.110336174567541412e-02,7.737906804929177255e-03,-8.903108847637971821e-03,1.390053068487689529e+02,7.948944717645645142e-02
7.118252416451772979e-02,9.832004085183143616e-03,6.397115221867958994e-03,5.695027968800143725e+01,8.177430182695388794e-02
7.121719171603520249e-02,-7.986749522387981415e-03,8.629928653438886585e-03,-4.278336789327774881e+01,8.356767147779464722e-02
7.157163570324580337e-02,1.076418062439188144e-03,-1.166261111696561235e-02,1.747267405039261803e+02,7.760658860206604004e-02
7.157689581314723160e-02,-1.127552955100933826e-02,-3.570673443997899980e-03,-1.075716702052231426e+02,8.238063007593154907e-02
7.163306822379431060e-02,-3.606744343414902687e-03,-1.122176585098107714e-02,-1.621822764440332776e+02,7.704150676727294922e-02
7.171417027711868286e-02,1.135280542075634176e-02,-3.280689513000349059e-03,1.061180304228407039e+02,8.225458860397338867e-02
7.174385339021682739e-02,-9.562155542274316730e-03,6.990649737417698774e-03,-5.383040794905134163e+01,8.233205974102020264e-02
7.197919984658560089e-02,-7.597570617993673267e-03,-9.092291196187336083e-03,-1.401176761469741052e+02,8.205681294202804565e-02
7.218490292628607086e-02,-1.193469204008579254e-02,3.550987845907609933e-04,-8.829575317218036901e+01,8.051987737417221069e-02
7.241129875183105469e-02,5.613655084744095802e-03,1.058156043291091919e-02,2.794653057858172929e+01,8.388488739728927612e-02
7.244119048118591309e-02,6.425614158312479944e-03,-9.983701010545095386e-03,1.472342446275290797e+02,7.624612003564834595e-02
7.245087871948878433e-02,7.317787346740564289e-03,9.503827740748723926e-03,3.759566553295225333e+01,8.591560274362564087e-02
7.248126218716303970e-02,1.031568180769681931e-02,-5.841363376627365170e-03,1.195211649936676963e+02,8.151816576719284058e-02
7.255370666583380035e-02,-1.052618461350599867e-02,-5.632548670594891491e-03,-1.181511817890927603e+02,8.439178019762039185e-02
7.268438488245010376e-02,1.180337679882844520e-02,1.331422089909513502e-03,8.356423423858220190e+01,7.938596606254577637e-02
7.276280721028646759e-02,-1.169039029628038580e-02,2.623723276580373735e-03,-7.735047666504362951e+01,8.049688488245010376e-02
7.292478779951731827e-02,-1.260315611337619983e-03,1.195330141733090198e-02,-6.018835092826742894e+00,8.086042851209640503e-02
7.292478779951731827e-02,1.260315611337623886e-03,1.195330141733090198e-02,6.018835092826761546e+00,8.191882073879241943e-02
7.297784835100173950e-02,-5.600664376591643276e-03,1.070188110073407549e-02,-2.762461747735534345e+01,8.234662562608718872e-02
7.310266047716140747e-02,-7.417316548526287079e-03,9.520615140597026710e-03,-3.792142714982524865e+01,8.327141404151916504e-02
7.318505893150965835e-02,-1.194535971929629875e-02,-1.478480213942626968e-03,-9.705563064871600432e+01,7.955576479434967041e-02
7.343350350856781006e-02,1.200596553583940101e-02,-1.510980306193232536e-03,9.717310227330077055e+01,8.159110695123672485e-02
7.384089877208074859e-02,1.047384925186634064e-02,6.168902851641178131e-03,5.950270425391360618e+01,8.588609844446182251e-02
7.403977215290069580e-02,-1.057244216402371782e-02,6.153301646312078418e-03,-5.980002684465220852e+01,8.150456845760345459e-02
7.423339287439982559e-02,-3.570804372429847717e-03,-1.168807689100503922e-02,-1.630116536604396345e+02,7.732205837965011597e-02
7.427269717057546905e-02,1.537431768762568488e-03,-1.207315456122159958e-02,1.727428430500543755e+02,7.939988374710083008e-02
7.442990193764369156e-02,6.374722812324762344e-03,-1.040275736401478565e-02,1.485003807888655558e+02,7.930712401866912842e-02
7.450174540281295776e-02,-1.163406452784935749e-02,3.823564116222163620e-03,-7.180676318951043413e+01,7.987673580646514893e-02
7.451946536699929902e-02,1.168242034812768185e-02,3.510465185778836265e-03,7.327493631877996449e+01,8.355584740638732910e-02
7.458432267109553482e-02,-7.645578899731239261e-03,-9.612721701463062401e-03,-1.415026475117080338e+02,8.189840614795684814e-02
7.498761018117269805e-02,1.042744610458612442e-02,-6.503025225053232078e-03,1.219495235992444293e+02,7.903628796339035034e-02
7.515660176674525406e-02,4.748693667352199554e-03,1.149130643655856508e-02,2.245248310256880231e+01,8.190951496362686157e-02
7.519873231649398804e-02,2.522335542986791496e-03,1.214317263414462465e-02,1.173440491717077272e+01,8.196160197257995605e-02
7.519952456156413223e-02,-1.073555368930101395e-02,-6.160215241834521294e-03,-1.198478243498971239e+02,8.210960030555725098e-02
7.530359923839569092e-02,8.175580296665430069e-03,9.424913985033828850e-03,4.093979091121992298e+01,8.520535379648208618e-02
7.538721462090811065e-02,-2.550165324161449490e-03,1.216745159278313261e-02,-1.183722924020808520e+01,7.940565049648284912e-02
7.540361831585566665e-02,-4.826520414402087240e-03,1.149511244148015976e-02,-2.277636012097574181e+01,7.932581752538681030e-02
7.547755539417266846e-02,-8.427717412511508827e-03,9.220009048779806080e-03,-4.242944195730561319e+01,8.437089622020721436e-02
7.553718984127044678e-02,-1.049350209844608812e-03,-1.234860066324472427e-02,-1.751428308247818677e+02,7.944431900978088379e-02
7.565127313137054443e-02,4.082004500863452463e-03,-1.177044119685888464e-02,1.608733867846953558e+02,8.152865618467330933e-02
7.570563505093257095e-02,-5.722466235359510364e-03,-1.108864725877841198e-02,-1.527033106713782900e+02,7.950796186923980713e-02
7.578117897113165191e-02,9.756272658705711365e-03,7.782635278999805450e-03,5.142043272457982539e+01,8.755388855934143066e-02
7.586102187633514404e-02,-1.235157406578461445e-02,-1.750382555959125504e-03,-9.806586654172244266e+01,8.104842156171798706e-02
7.588768502076467803e-02,8.630807821949323597e-03,-8.893177999804418449e-03,1.358577717939562319e+02,7.847596704959869385e-02
7.588800539573034576e-02,-1.000743700812260426e-02,7.491974470516046467e-03,-5.317998010995757596e+01,8.383966237306594849e-02
7.592950016260147095e-02,1.233096948514382160e-02,-2.149741825026770144e-03,9.988937221382636267e+01,8.097057044506072998e-02
7.621719191471736099e-02,-9.400418804337581577e-03,-8.321148653825122948e-03,-1.315149052063819965e+02,8.250724524259567261e-02
7.671651492516200210e-02,1.178957366695006746e-02,-4.581112880259752274e-03,1.112347944849942252e+02,7.915218174457550049e-02
7.689867665370306304e-02,-1.189111297329266924e-02,-4.370242357254028320e-03,-1.101794767310124001e+02,8.159111440181732178e-02
7.695454855759939483e-02,-1.236435025930404663e-02,2.838397049345076518e-03,-7.707101930762672737e+01,7.847193628549575806e-02
7.695602873961131241e-02,1.231023141493399996e-02,2.810519770719111399e-03,7.713936330596955315e+01,8.704446256160736084e-02
7.743541647990545562e-02,1.262019931649170429e-03,1.271678290019432646e-02,5.667504784448303745e+00,8.243232220411300659e-02
7.747552792231242325e-02,5.706011550500988960e-03,1.148537080734968185e-02,2.641850373420054865e+01,8.202323317527770996e-02
7.758294542630514434e-02,7.428765917817751856e-03,1.049671104798714436e-02,3.528792825292111957e+01,8.328835666179656982e-02
7.761694490909576416e-02,1.275619181493918043e-02,-7.284843983749512454e-06,9.003272064071786929e+01,8.225404471158981323e-02
7.762389878431956436e-02,-1.289849712823825821e-03,1.274106185883283615e-02,-5.780681242874746495e+00,8.093476295471191406e-02
7.769100119670233062e-02,-7.797233760356903076e-03,1.025792025029659271e-02,-3.723913323182362234e+01,8.353836834430694580e-02
7.771086941162745620e-02,-1.279819135864575762e-02,2.335167567556105600e-04,-8.895469291228582165e+01,7.902961969375610352e-02
7.774187624454498291e-02,-6.012688934182127028e-03,1.135175768285989761e-02,-2.790884007830690550e+01,7.941808551549911499e-02
7.823869585990905762e-02,-8.189571284068127835e-04,-1.281773050626118862e-02,-1.763441973816376276e+02,8.166071027517318726e-02
7.827817400296530059e-02,4.126683459617197514e-03,-1.221824282159408165e-02,1.613377211009909900e+02,8.316313475370407104e-02
7.830673704544702241e-02,1.066343144824107546e-02,7.265324238687753677e-03,5.573219048954554466e+01,8.763952553272247314e-02
7.838419328133265640e-02,-5.591167913128932895e-03,-1.164819952100515366e-02,-1.543588656754137105e+02,8.192194253206253052e-02
7.843182732661564682e-02,-1.085410639643669302e-02,7.022023356209199790e-03,-5.709930404110987467e+01,8.438059687614440918e-02
7.861342777808508209e-02,8.573129152258237781e-03,-9.555984133233627262e-03,1.381032056980366178e+02,8.290957659482955933e-02
7.880302021900811860e-02,1.200881910820801937e-02,4.951646396269401493e-03,6.759197298919264085e+01,8.946035057306289673e-02
7.888381183147430420e-02,-9.479306793461244468e-03,-8.893475246926149311e-03,-1.331736948437674641e+02,8.117772638797760010e-02
7.903639723857244781e-02,-1.214939728379249746e-02,4.698183465128145074e-03,-6.885846643249915644e+01,8.064071089029312134e-02
7.930096238851547241e-02,1.197745899359385115e-02,-5.252896963308254299e-03,1.136805851571102153e+02,7.853493094444274902e-02
7.960110406080882217e-02,1.812503808954109676e-03,-1.299008602897326267e-02,1.720568151859979764e+02,8.325076103210449219e-02
7.960640390714010528e-02,2.596138898904126486e-03,1.287791722764571392e-02,1.139784223386306117e+01,8.245176821947097778e-02
7.961345712343852188e-02,-3.209112968761474328e-03,-1.271675899624824524e-02,-1.658369374865943087e+02,8.195243030786514282e-02
7.962438464164733887e-02,-1.213730188707510746e-02,-4.992909186209241838e-03,-1.123607446481896659e+02,8.038743585348129272e-02
7.968864589929580688e-02,4.813772393390536308e-03,1.229837133238713062e-02,2.137614183730295281e+01,8.209476619958877563e-02
7.978254556655883789e-02,6.361723101387421579e-03,-1.151336512217919147e-02,1.510771045582052921e+02,8.537521958351135254e-02
7.992950081825256348e-02,-7.593168566624324684e-03,-1.074460055679082870e-02,-1.447512957495069941e+02,8.298286795616149902e-02
7.997921605904897979e-02,-2.641873201355336796e-03,1.292881928384304220e-02,-1.154882403083563958e+01,8.040260523557662964e-02
8.005066215991973877e-02,8.155188988894224167e-03,1.047298995157082933e-02,3.790745506983576263e+01,8.303361386060714722e-02
8.008078982432682846e-02,-5.088357332473000469e-03,1.221185425917307478e-02,-2.262020365542955602e+01,7.896575331687927246e-02
8.015879988670349121e-02,-8.840375890334447803e-03,9.922872918347518806e-03,-4.169812852944055948e+01,8.516084402799606323e-02
8.021272470553716949e-02,1.316325863202412981e-02,-6.254600593820216440e-04,9.272039694789879150e+01,8.268187195062637329e-02
8.029687404632568359e-02,9.809162157277267341e-03,8.883881848305463791e-03,4.783375049816800129e+01,8.503624796867370605e-02
8.029780040184657242e-02,1.055765276153882402e-02,-7.837615441530942917e-03,1.265888424359343674e+02,8.285265415906906128e-02
8.048917601505914399e-02,-1.031752893080314232e-02,8.415010602523883762e-03,-5.079920183192204064e+01,8.653430640697479248e-02
8.054918050765991211e-02,-1.327049670120080543e-02,-4.812422363708417886e-04,-9.207686812517063402e+01,8.134876191616058350e-02
8.059185246626536514e-02,-1.106063059220711506e-02,-7.355208663890758572e-03,-1.236235086073930205e+02,7.957640290260314941e-02
8.110972742239634659e-02,1.292592162887255466e-02,-3.439701123473545060e-03,1.049015701500022431e+02,8.078114688396453857e-02
8.136332531770071319e-02,1.271693625797828270e-02,4.273562304054697933e-03,7.142493212274932546e+01,8.663856238126754761e-02
8.142504096031188965e-02,-1.307006832212209702e-02,-3.087808378040790992e-03,-1.032924234593909176e+02,8.216389268636703491e-02
8.164965361356735229e-02,-1.280872275431950945e-02,4.153929495563110294e-03,-7.203187559722212541e+01,7.820267230272293091e-02
8.192473153273265030e-02,1.334118967254958659e-03,1.345342459777991093e-02,5.663263605937332024e+00,8.527484536170959473e-02
8.202918370564779571e-02,5.782624240964651108e-03,1.231377416600783724e-02,2.515503930403721711e+01,8.323896676301956177e-02
8.210906138022741607e-02,-1.352023488531507722e-03,1.348004769533872604e-02,-5.727504735169862471e+00,8.472324162721633911e-02
8.211211363474528457e-02,1.342541538178920746e-02,1.514260463106135383e-03,8.356477255584184149e+01,8.465049415826797485e-02
8.228378246227900650e-02,7.401286469151576938e-03,1.147705254455407345e-02,3.281703629589836879e+01,8.291269093751907349e-02
8.231979608535766602e-02,-6.458839556823173580e-03,1.195800552765528477e-02,-2.837467198356815246e+01,8.039419353008270264e-02
8.235119283199310303e-02,-3.026146732736379342e-03,-1.323516232271989071e-02,-1.671210210861857774e+02,8.489774167537689209e-02
8.238871643940608169e-02,1.875573788614322453e-03,-1.345039096971353126e-02,1.720616466284127739e+02,8.387777954339981079e-02
8.240611602862676910e-02,-1.349598107238610817e-02,1.579384086653590202e-03,-8.332524971474227016e+01,7.835303992033004761e-02
8.244868119557699493e-02,-8.426313288509845734e-03,1.076286161939303196e-02,-3.805761941512679414e+01,8.246900141239166260e-02
8.261040846506755020e-02,6.661288129786650629e-03,-1.188458781689405441e-02,1.507294552552642983e+02,8.632854372262954712e-02
8.265772213538488677e-02,-7.583086999754112129e-03,-1.130639792730410952e-02,-1.461506414867456556e+02,8.274631947278976440e-02
8.286749323209127716e-02,1.077270259459813494e-02,8.400071257104475136e-03,5.205448933901129038e+01,8.697265386581420898e-02
8.290429661671321060e-02,-1.123605202883481979e-02,7.905509167661270084e-03,-5.487038489259481366e+01,8.672188222408294678e-02
8.314010004202525284e-02,1.063687074929475784e-02,-8.536542455355327491e-03,1.287485293618801165e+02,8.731970191001892090e-02
8.334031452735266021e-02,-1.121395857383807558e-02,-7.942912944902976932e-03,-1.253101665051563458e+02,8.132650703191757202e-02
8.343766132990519668e-02,1.233508903533220291e-02,6.103429555272063198e-03,6.367369206893591382e+01,8.675414323806762695e-02
8.346020430326461792e-02,-1.243195496499538422e-02,5.968267951781551332e-03,-6.435551236102588746e+01,8.213013410568237305e-02
8.376404394706091217e-02,-5.729209127215050207e-04,-1.379643877347310442e-02,-1.776220602126181802e+02,8.523303270339965820e-02
8.376573026180267334e-02,1.319304232796033108e-02,-4.110043053515255451e-03,1.073034360276741523e+02,8.380381762981414795e-02
8.385015030701956085e-02,-5.398120110233625354e-03,-1.272840021799008167e-02,-1.570181778945143662e+02,8.463070541620254517e-02
8.389364928007125854e-02,4.489318467676639557e-03,-1.304977045704921144e-02,1.610160078374976536e+02,8.474348485469818115e-02
8.420341461896896362e-02,-1.339633576571941376e-02,-3.686680536096294866e-03,-1.053869397078488959e+02,8.017501235008239746e-02
8.428359031677246094e-02,8.951912168413400650e-03,-1.062613384177287477e-02,1.398877720348958746e+02,8.832995593547821045e-02
8.435988674561183120e-02,2.689443528652192029e-03,1.366538181900978088e-02,1.113391882747500539e+01,8.521608263254165649e-02
8.436049520969390869e-02,-9.622553208221992435e-03,-1.004297689845164675e-02,-1.362247233639319006e+02,8.269128948450088501e-02
8.438209692637126114e-02,4.920315307875474005e-03,1.310527728249629223e-02,2.057841231241280511e+01,8.353720605373382568e-02
8.454637974500656128e-02,-2.752251923084257732e-03,1.367902817825476444e-02,-1.137615432711429797e+01,8.633822947740554810e-02
8.465554068485896255e-02,-5.412583860258261652e-03,1.287395103524128712e-02,-2.280330236426495460e+01,8.344603329896926880e-02
8.477027714252471924e-02,8.139741607010364532e-03,1.148126243303219593e-02,3.533506841920866037e+01,8.449748903512954712e-02
8.479926486810049346e-02,1.232379768043756485e-02,-6.622165907174348831e-03,1.182512646470863302e+02,8.602464944124221802e-02
8.481985578934352066e-02,-9.391647453109424476e-03,1.048485344896714008e-02,-4.185190836577074691e+01,8.246655017137527466e-02
8.490910629431407119e-02,1.396723433087269407e-02,6.588892477642122091e-04,8.729913555910417244e+01,8.412834256887435913e-02
8.494509508212408355e-02,-1.072423315296570576e-02,9.135363313059013252e-03,-4.957421401426335450e+01,8.534596860408782959e-02
8.510777602593104507e-02,9.857184564073881092e-03,9.993389248847961426e-03,4.460687125752635040e+01,8.655481785535812378e-02
8.515122036139170791e-02,-1.261689731230338472e-02,-6.179485625276964073e-03,-1.160946213917460028e+02,8.014866709709167480e-02
8.519708116849264434e-02,-1.401586582263310982e-02,1.070093072485178492e-03,-8.563401212127729423e+01,7.975541055202484131e-02
8.566572020451228286e-02,1.397219828019539631e-02,-2.151173204765655100e-03,9.875258854715039547e+01,8.518238365650177002e-02
8.611851930618286133e-02,-1.411664889504512035e-02,-1.589405408594757752e-03,-9.642392658412342143e+01,8.076225221157073975e-02
8.612057814995448257e-02,1.313492966194947618e-02,5.418866950397690715e-03,6.758121156523543505e+01,8.553723990917205811e-02
8.623728652795156768e-02,-1.297194510698318481e-02,5.934092138583461733e-03,-6.541799725775560148e+01,8.132734149694442749e-02
8.655384679635366729e-02,-5.530773972471558688e-04,-1.426263277729352200e-02,-1.777792928260164729e+02,8.669371902942657471e-02
8.668067802985510162e-02,-5.431479619195064487e-03,-1.322514346490303791e-02,-1.576723657737755389e+02,8.489230275154113770e-02
8.673047771056494049e-02,4.567000238845745144e-03,-1.352160113553206242e-02,1.613373008132432744e+02,8.659722656011581421e-02
8.684323479731878570e-02,1.405859583367903912e-02,2.733628483838401735e-03,7.899640956060645181e+01,8.489950001239776611e-02
8.694255103667578033e-02,1.355324561397236839e-03,1.429652267446120638e-02,5.415512071999446952e+00,8.701007068157196045e-02
8.694471418857574463e-02,-1.400228434552746540e-03,1.428354593614737308e-02,-5.598865714822455431e+00,8.868382126092910767e-02
8.698624372482299805e-02,5.792947951704263687e-03,1.322305481880903244e-02,2.365796283600487016e+01,8.072091639041900635e-02
8.699593941370646621e-02,9.319406468421220779e-03,-1.090918295085430145e-02,1.394936717810539903e+02,8.723338693380355835e-02
8.705594887336096099e-02,-6.579736558099587469e-03,1.279230602085590363e-02,-2.721907378730787030e+01,8.411027491092681885e-02
8.709137886762619019e-02,-8.591326419264078140e-03,1.159835234284400940e-02,-3.652870963695067985e+01,8.105598390102386475e-02
8.711982518434524536e-02,7.393712022652229252e-03,1.243576159079869820e-02,3.073370198053168778e+01,8.200747519731521606e-02
8.717303474744161895e-02,-9.679787947485845451e-03,-1.063016491631666935e-02,-1.376791247516937631e+02,8.261932432651519775e-02
8.720007290442785552e-02,-1.186836324632167990e-02,8.138771324108045463e-03,-5.555948350929926249e+01,8.272486180067062378e-02
8.721770097812017730e-02,-1.386859764655431343e-02,3.610462668196608334e-03,-7.540787889761847396e+01,7.880223542451858521e-02
8.758126695950826934e-02,1.246391888707876205e-02,-7.318901984641949625e-03,1.204217594275419714e+02,8.848006278276443481e-02
8.779036005338033966e-02,1.089436809221903599e-02,9.549402631819248199e-03,4.876398057340563952e+01,8.824183791875839233e-02
8.797152340412139893e-02,-3.039662726223468781e-03,-1.419809957345326799e-02,-1.679159971072654969e+02,8.662002533674240112e-02
8.797359466552734375e-02,-1.284713484346866781e-02,-6.765786713610093955e-03,-1.177729859849965379e+02,8.330686390399932861e-02
8.801534771919250488e-02,1.973099075257778168e-03,-1.438841565201679981e-02,1.721916694835204282e+02,8.719220012426376343e-02
8.815958599249522354e-02,7.106464200963577213e-03,-1.263946760445833206e-02,1.506533920652017287e+02,8.708571642637252808e-02
8.823299407958984375e-02,1.260972674936056137e-02,7.271522035201390295e-03,6.002968120196162971e+01,8.744276314973831177e-02
8.830078939596812393e-02,-7.673681247979403409e-03,-1.239032919208208836e-02,-1.482288958929395903e+02,8.293595910072326660e-02
8.837482084830602935e-02,1.430324620256821430e-02,-2.864485000221368878e-03,1.013247059831626871e+02,8.513613790273666382e-02
8.863445123036703399e-02,1.114448625594377518e-02,-9.516327641904354095e-03,1.304941645873349216e+02,8.867853879928588867e-02
8.897522836923599243e-02,-1.150143084426721168e-02,-9.116402051101129417e-03,-1.284014694711562186e+02,8.441274613142013550e-02
8.898217231035232544e-02,-1.453375754257043434e-02,-2.090169795944045276e-03,-9.818386884529648739e+01,8.045095950365066528e-02
8.925683299700419571e-02,1.366421145697434628e-02,-5.520090926438570023e-03,1.119978052139744449e+02,8.621298521757125854e-02
8.929656694332759048e-02,-2.851826294014850240e-03,1.446387295921643633e-02,-1.115387808614636178e+01,8.718396723270416260e-02
8.929864068826040557e-02,-5.371002480387687683e-03,1.377771018693844420e-02,-2.129746492092796117e+01,8.550260961055755615e-02
8.946478118499121002e-02,2.805407159030438771e-03,1.450692086170117003e-02,1.094498672217753388e+01,8.539155125617980957e-02
8.948626369237899780e-02,5.012158770114183426e-03,1.399355754256248648e-02,1.970631371890018713e+01,8.078127354383468628e-02
8.950010438760122589e-02,-1.123179712643226046e-02,9.460282977670431137e-03,-4.989333999240688655e+01,8.086583018302917480e-02
8.951664964358012344e-02,-9.287345999230941715e-03,1.157037386049826998e-02,-3.875343098603445924e+01,8.207637071609497070e-02
8.961307257413864136e-02,1.466041058301925659e-02,1.946865061957699268e-03,8.243552659309689545e+01,8.624349534511566162e-02
8.967069288094839385e-02,8.105526833484571342e-03,1.249471617241700375e-02,3.297213460659172313e+01,8.109400421380996704e-02
8.988944192727407745e-02,-1.404368194441000736e-02,-4.773746011778712273e-03,-1.087739889582460933e+02,8.302192389965057373e-02
9.000372886657714844e-02,9.888739945987861518e-03,1.109623039762179172e-02,4.170679051839867668e+01,8.527103811502456665e-02
9.012303253014883331e-02,-1.443722782035668922e-02,3.285667645589759097e-03,-7.717883079985949735e+01,7.984732091426849365e-02
9.038804471492767334e-02,1.490009700258572954e-02,-8.411859695722037102e-04,9.323120715759527855e+01,8.542608469724655151e-02
9.077240526676177979e-02,1.972077569613854379e-03,-1.485219535728295528e-02,1.724364971370615649e+02,8.806236833333969116e-02
9.082397073507308960e-02,-3.020377752060691805e-03,-1.468790601938962936e-02,-1.683798496257164174e+02,8.690983802080154419e-02
9.095764160156250000e-02,6.964894942939281464e-03,-1.324350479990243912e-02,1.522596577811833072e+02,8.871650695800781250e-02
9.096606572469076446e-02,-1.500160464396079613e-02,2.445336625290417312e-04,-8.906613282862400638e+01,8.048920333385467529e-02
9.097298979759216309e-02,1.346239012976487709e-02,6.647102224330107660e-03,6.372198214887436762e+01,8.526740223169326782e-02
9.120810776948928833e-02,6.599520798772574338e-03,1.354443716506163395e-02,2.597763777142958119e+01,7.942637056112289429e-02
9.126203010479609634e-02,1.103818882256746292e-02,-1.027623812357584751e-02,1.329526554029530985e+02,8.748692274093627930e-02
9.132072081168493560e-02,-7.701225578784942627e-03,-1.296260890861352343e-02,-1.492849969972475890e+02,8.273658156394958496e-02
9.141184886296591094e-02,-6.498765510817368536e-03,1.367929795136054415e-02,-2.541147370633450109e+01,8.257457613945007324e-02
9.159442782402038574e-02,-8.403519168496131897e-03,1.266591530293226242e-02,-3.356328250940679681e+01,8.220262825489044189e-02
9.163041164477667144e-02,1.458940779169400764e-02,4.007683717645705614e-03,7.463982734981881606e+01,8.470586687326431274e-02
9.177995224793752960e-02,-1.451597859462099580e-03,1.508500985801219940e-02,-5.496525015728048302e+00,8.670865744352340698e-02
9.193169822295507720e-02,-1.161467408140500444e-02,-9.756482982387145939e-03,-1.300307126433542066e+02,8.452050387859344482e-02
9.194822361071905426e-02,-1.217484908799330509e-02,8.955922443419694901e-03,-5.366148427908557039e+01,8.365160971879959106e-02
9.195032964150111343e-02,1.450082597633205400e-03,1.511508102218309980e-02,5.479965184118820609e+00,8.658999949693679810e-02
9.212131053209306197e-02,1.384423455844322783e-02,-6.306395400315523148e-03,1.144904527427731864e+02,8.570362627506256104e-02
9.216335167487463287e-02,-5.348139287283023560e-04,-1.521621892849604231e-02,-1.779870181764625556e+02,8.785369992256164551e-02
9.224516401688258316e-02,-1.390252790103356159e-02,6.000543866927426223e-03,-6.665423284427848216e+01,8.255299180746078491e-02
9.228559086720150573e-02,4.424409475177526474e-03,-1.458941803624232494e-02,1.631294670609080697e+02,8.909818530082702637e-02
9.242157389720281890e-02,9.071539777020614509e-03,-1.227313062796990192e-02,1.435304775946138705e+02,8.767256140708923340e-02
9.255305677652359009e-02,-5.439738975837826729e-03,-1.428722962737083435e-02,-1.591561019577850686e+02,8.498274534940719604e-02
9.272485971450805664e-02,1.096276007592678070e-02,1.070040309180816072e-02,4.569386049265953886e+01,8.464714884757995605e-02
9.282702704270681671e-02,-1.434765414645274365e-02,-5.372695391997694969e-03,-1.105291702082536887e+02,8.500935882329940796e-02
9.307332336902618408e-02,1.253764455517133135e-02,-8.865116940190395298e-03,1.252633643521974705e+02,8.677908778190612793e-02
9.313215066989262436e-02,1.529823957631985462e-02,-1.593118184246122620e-03,9.594520156234416675e+01,8.553122729063034058e-02
9.314943601687750152e-02,-9.820575515429180030e-03,-1.184252556413412094e-02,-1.403323178140521179e+02,8.252770453691482544e-02
9.325148661931356719e-02,1.282105160256226915e-02,8.529155515134334564e-03,5.636631515324168618e+01,8.544258028268814087e-02
9.347210079431533813e-02,-5.495854963858922033e-03,1.448804078002770800e-02,-2.077360722396792170e+01,8.043640851974487305e-02
9.380957484245300293e-02,-1.546758258094390465e-02,-3.366507589817047119e-04,-9.124684142895382877e+01,8.130083978176116943e-02
9.384227792421977188e-02,-2.967863498876490737e-03,1.520758991440137285e-02,-1.104285968866126844e+01,8.288913965225219727e-02
9.386530518531799316e-02,7.216149320205052405e-03,1.370932782689730442e-02,2.776087605637138012e+01,8.172786980867385864e-02
9.386764963467916778e-02,-1.326435028264919859e-02,-8.004817025115093174e-03,-1.211102898133680270e+02,8.540206402540206909e-02
9.396143754323324493e-02,-9.171950786064069633e-03,1.262023982902367794e-02,-3.600834844144433333e+01,7.971818000078201294e-02
9.398340433835983276e-02,1.488141187777121920e-02,-4.402721688772240696e-03,1.064810495618556274e+02,8.473192155361175537e-02
9.433177858591079712e-02,-1.099882957835992235e-02,1.102033785233895100e-02,-4.494403362726809803e+01,8.237770199775695801e-02
9.452725698550543121e-02,1.525882352143526251e-02,3.310685395263135867e-03,7.775835520436285719e+01,8.470833301544189453e-02
9.476326654354730317e-02,-1.530370768159627914e-02,-3.270303597673773766e-03,-1.020623140852425337e+02,8.325003832578659058e-02
9.478311489025752212e-02,2.829897372672956352e-03,1.540921690563360966e-02,1.040639138710325184e+01,8.518727123737335205e-02
9.488271425167719986e-02,-5.732281909634666731e-04,-1.566828104356924461e-02,-1.779047532905367177e+02,8.411524444818496704e-02
9.504902114470800689e-02,9.796175484855972060e-03,1.226377952843904495e-02,3.861748462171117779e+01,8.277161419391632080e-02
9.505522996187210083e-02,4.192254040390253067e-03,-1.513251165548960483e-02,1.645153403637424390e+02,8.793732523918151855e-02
9.512873242298762466e-02,-1.457062239448229587e-02,5.646698254471024456e-03,-6.881666045890207783e+01,8.482901751995086670e-02
9.512891372044882110e-02,-7.331864908337593079e-03,1.384913921356201172e-02,-2.789716658307237651e+01,7.861749082803726196e-02
9.525402386983236602e-02,1.572796888649463654e-02,4.979345249012112617e-04,8.818666854373323361e+01,8.635110408067703247e-02
9.534137447675068711e-02,8.774413727223873138e-03,-1.309047577281793016e-02,1.461664523258903898e+02,8.773704618215560913e-02
9.576459477345149185e-02,5.653277505189180374e-03,1.477787736803293228e-02,2.093435339932586459e+01,8.376451581716537476e-02
9.585011005401611328e-02,-1.557130025078853203e-02,2.350637611622611537e-03,-8.141546952120343406e+01,8.293498307466506958e-02
9.587082515160243179e-02,-5.158478161320090294e-03,-1.496723356346289259e-02,-1.609834158666214421e+02,8.456436544656753540e-02
9.590511272350946137e-02,1.254772581160068512e-02,-9.653622750192880630e-03,1.275729693971238703e+02,8.507326245307922363e-02
9.605193138122558594e-02,1.374821395923694206e-02,7.919610322763523044e-03,6.005605763923836093e+01,8.501013368368148804e-02
9.617846210797628692e-02,-9.824096846083801154e-03,-1.248587047060330593e-02,-1.418037250007178045e+02,8.357845246791839600e-02
9.626140693823496963e-02,1.701507872591416330e-03,-1.584735109160343575e-02,1.738717095193802606e+02,8.316305279731750488e-02
9.658404936393102935e-02,-1.516265639414387254e-03,1.587620067099730289e-02,-5.455519228420067535e+00,8.199968189001083374e-02
9.664708127578099106e-02,6.435613458355268421e-03,-1.460394356399774551e-02,1.562180441155706205e+02,8.762013912200927734e-02
9.667027990023295547e-02,1.505896821618080313e-02,5.340558709576726827e-03,7.047330149755563866e+01,8.483741432428359985e-02
9.686110168695449829e-02,-2.777531199778120012e-03,-1.581997207055488991e-02,-1.700420037053493161e+02,8.275300264358520508e-02
9.688562899827957153e-02,-1.344589485476414305e-02,-8.665185421705245972e-03,-1.227996913925479703e+02,8.342428505420684814e-02
9.689005961020788482e-02,1.514185934017102039e-02,-5.184889072552323341e-03,1.089022755635357385e+02,8.469538390636444092e-02
9.691603481769561768e-02,-1.205620262771844864e-02,1.051792409271001989e-02,-4.889830471391290700e+01,8.454395830631256104e-02
9.701362003882725571e-02,1.075114402920007706e-02,-1.188208907842636108e-02,1.378605956665835492e+02,8.584558963775634766e-02
9.735450893640518188e-02,1.379814775039754854e-03,1.604775649805863930e-02,4.914306997506200148e+00,8.441647887229919434e-02
9.741604824860891632e-02,-1.390031663080056566e-02,8.099663071334362030e-03,-5.977080303595080579e+01,8.809389173984527588e-02
9.766751527786256271e-02,-7.423486094921828184e-03,-1.428595775117476839e-02,-1.525420248436720954e+02,8.336894214153289795e-02
9.781683484713236953e-02,-1.568357832729816437e-02,-3.897935617715120749e-03,-1.039572756447647777e+02,8.279664069414138794e-02
9.785975515842437744e-02,1.411476327727238453e-02,-7.877068594098091125e-03,1.191647075696998712e+02,8.396126329898834229e-02
9.787979722023011642e-02,1.089347495386997974e-02,1.194014338155587572e-02,4.237546049204610910e+01,8.503419905900955200e-02
9.791710724433262680e-02,-8.042996594061454715e-03,1.395120595892270637e-02,-2.996383840986142744e+01,8.101426064968109131e-02
9.797870367765426636e-02,-1.179973998417456829e-02,-1.106019628544648546e-02,-1.331470657157779556e+02,8.359346538782119751e-02
9.814346333344778350e-02,1.621766264239947117e-02,-2.261242480017247526e-04,9.079882815739713919e+01,8.613611757755279541e-02
9.835608055194218491e-02,1.298722190161546303e-02,9.767221752554178238e-03,5.305449271841857239e+01,8.647727966308593750e-02
9.887864689032237198e-02,7.072538603097200394e-03,1.472098628679911411e-02,2.566145359503070011e+01,8.434190601110458374e-02
9.888266275326410004e-02,-1.613345773269733024e-02,1.956302284573514967e-03,-8.308621216161621703e+01,8.596821874380111694e-02
9.889857470989227295e-02,-1.490906936426957506e-02,-6.660695808629196052e-03,-1.140729249476533198e+02,8.257818222045898438e-02
9.892824540535608002e-02,1.604838079462448872e-02,-3.099344340929140792e-03,1.009306811836006688e+02,8.527971804141998291e-02
9.893802801767985489e-02,1.291411734806994453e-03,-1.633002981543540955e-02,1.754783444766738114e+02,8.133198320865631104e-02
9.929959724346795746e-02,-3.153744929780561996e-03,1.608854408065478123e-02,-1.109073404053488687e+01,8.172114193439483643e-02
9.933388729890188507e-02,-1.094045552114645756e-02,1.221989281475543976e-02,-4.183804744390620556e+01,8.428120613098144531e-02
9.947570661703745987e-02,-1.518421224318445163e-03,-1.634891889989376068e-02,-1.746938225587182103e+02,8.072099834680557251e-02
9.957130501667658951e-02,1.578469232966502739e-02,4.682485247030855093e-03,7.347715615616878893e+01,8.479044586420059204e-02
9.962584326664607193e-02,6.206484511494636536e-03,-1.524302301307519335e-02,1.578453765971202074e+02,8.560231328010559082e-02
9.981013337771098282e-02,9.732709887127082710e-03,1.332880059878031355e-02,3.613697411141694005e+01,8.456783741712570190e-02
9.989569584528604218e-02,-1.640961070855458809e-02,-1.358618106072147832e-03,-9.473295467813957771e+01,8.388067036867141724e-02
9.996077169974645904e-02,-6.392868080486854496e-03,1.517825449506441868e-02,-2.284014390723994836e+01,8.401549607515335083e-02
1.003177215655644827e-01,1.647424139082431793e-02,1.928553159814328172e-03,8.332307305105082662e+01,8.444637805223464966e-02
1.003235479195912772e-01,2.900845371186734981e-03,1.633750274777412415e-02,1.006836057339259050e+01,8.276442438364028931e-02
1.003616154193878313e-01,1.081784069538116455e-02,-1.256839713702599323e-02,1.392808421420995728e+02,8.512935787439346313e-02
1.003702928622563773e-01,-1.483673509210348129e-02,7.396811308960121040e-03,-6.350158337766225003e+01,8.733604103326797485e-02
1.007106130321820531e-01,3.553028955745201039e-03,-1.625426982839902473e-02,1.676696344031146282e+02,8.408842980861663818e-02
1.007966970403989110e-01,-7.253434664259354563e-03,-1.496069816251595699e-02,-1.541343786381894461e+02,8.440409600734710693e-02
1.008662059903144836e-01,5.770189066727955847e-03,1.564207207411527634e-02,2.024846535608941878e+01,8.411260694265365601e-02
1.009173716108004160e-01,1.426561580350001884e-02,-8.633338691045841159e-03,1.211817029518474840e+02,8.447025716304779053e-02
1.010838796695073538e-01,-1.186451098571221149e-02,-1.173848534623781956e-02,-1.346940783054392625e+02,8.393131196498870850e-02
1.011155297358830862e-01,-1.606919833769401146e-02,4.549511165047685594e-03,-7.419212234586068178e+01,8.710439503192901611e-02
1.011220067739486694e-01,1.393356950332721132e-02,9.231652288387220268e-03,5.647363353980956191e+01,8.530716598033905029e-02
1.016681318481763158e-01,8.611981446544330482e-03,-1.441586328049500841e-02,1.491460670860128914e+02,8.500298857688903809e-02
1.017188827196757045e-01,1.542028567443291462e-02,6.725967396050691605e-03,6.643429785024160594e+01,8.379305154085159302e-02
1.019587243596712656e-01,1.639655201385418690e-02,-3.879864758346229792e-03,1.033128535634719611e+02,8.528368920087814331e-02
1.019641881187756810e-01,-2.228834161845346003e-03,-1.669285446405410767e-02,-1.723948342148678421e+02,8.407521247863769531e-02
1.019763574004173279e-01,-1.516676538934310162e-02,-7.321791102488836231e-03,-1.157690346194943629e+02,8.326555788516998291e-02
1.022014891107877049e-01,1.113031711429357529e-02,1.270470737169186390e-02,4.122089469710921605e+01,8.568456768989562988e-02
1.022432073950767517e-01,-1.208605058491230011e-02,1.179563347250223160e-02,-4.569672032498354497e+01,8.679661154747009277e-02
1.023107245564460754e-01,1.276527500400940693e-02,-1.109620090574026108e-02,1.309987642492766327e+02,8.486602455377578735e-02
1.024128198623657227e-01,-9.718816416958969001e-03,-1.383889994273583210e-02,-1.449203059809339607e+02,8.495145291090011597e-02
1.025098934769630432e-01,-1.637479290366169972e-03,1.684473454952239990e-02,-5.552286219513741017e+00,8.289856463670730591e-02
1.027371386686960902e-01,-4.914296092465519905e-03,-1.628808987637360775e-02,-1.632108588992397813e+02,8.483927696943283081e-02
1.027633845806121826e-01,1.521030596146983596e-03,1.692213738958040989e-02,5.136175608935519499e+00,8.152505010366439819e-02
1.027795995275179591e-01,-1.413821615278720856e-02,9.390812988082569007e-03,-5.640729745048478350e+01,8.630151301622390747e-02
1.029781550168991089e-01,1.564088308562835289e-02,-6.721679586917161942e-03,1.132556461474421639e+02,8.520834892988204956e-02
1.030370791753133092e-01,1.323742978274822235e-02,1.078048069030046463e-02,5.084084244295582522e+01,8.498081564903259277e-02
1.030685876806577139e-01,-1.376836188137531281e-02,-1.000456977635622025e-02,-1.260034570898321959e+02,8.444950729608535767e-02
1.030838837226231985e-01,-1.688169625898202492e-02,-1.909129554405808232e-03,-9.645209459066488478e+01,8.469171822071075439e-02
1.033204197883605957e-01,1.704298146069049835e-02,1.249263431721677311e-03,8.580767375496806437e+01,8.264890313148498535e-02
1.037469729781150818e-01,3.387014109951755423e-03,-1.680710042516390598e-02,1.686061973387352850e+02,8.491218090057373047e-02
1.037510608633359227e-01,7.605605293065309525e-03,1.535127125680446625e-02,2.635556964357695264e+01,8.457978069782257080e-02
1.037640993793805394e-01,-8.054863661527633667e-03,1.511195984979470629e-02,-2.805817395399883907e+01,8.744630962610244751e-02
1.040828054149945670e-01,-1.641335990279912949e-02,-5.109542359908422413e-03,-1.072915671408266434e+02,8.429506421089172363e-02
1.041548574964205470e-01,1.030556205660104752e-02,1.380609224239985264e-02,3.673951166028250981e+01,8.592580258846282959e-02
1.041584461927413940e-01,-1.681235122183958805e-02,3.679388047506412449e-03,-7.765542870243524476e+01,8.658180385828018188e-02
1.041766405105590820e-01,1.713457393149534977e-02,-1.685934393511464126e-03,9.561945662156303172e+01,8.434261381626129150e-02
1.044628694653511047e-01,4.149839514866475085e-04,-1.722679597636064125e-02,1.786200433686471172e+02,8.550995588302612305e-02
1.046297550201416016e-01,-1.085058723886807991e-02,1.346065197139978409e-02,-3.887217303757440590e+01,8.696047961711883545e-02
1.047225569685300284e-01,1.613307558000087738e-02,6.332141036788622827e-03,6.857027313367925103e+01,8.189737796783447266e-02
1.049553354581197195e-01,8.568607581158479633e-03,-1.507524959743022919e-02,1.503865719662555307e+02,8.306334912776947021e-02
1.051137670874595642e-01,-1.734869616727034367e-02,5.356677186985814212e-04,-8.823146642114751614e+01,8.625666797161102295e-02
1.053053687016169276e-01,-3.247659187763927632e-03,1.709080487489700317e-02,-1.075928159342253387e+01,8.582379668951034546e-02
1.055776774883270264e-01,1.706622230509917057e-02,3.609369159676134586e-03,7.805837191930834251e+01,8.109728991985321045e-02
1.056852216521898952e-01,-9.706883691251277924e-03,-1.450902037322521210e-02,-1.462165251640055317e+02,8.463601022958755493e-02
1.057233611742655482e-01,1.279055451353390896e-02,-1.191225275397300720e-02,1.329637215154816658e+02,8.438533544540405273e-02
1.057281891504923549e-01,-4.863557483380040111e-03,-1.681870097915331638e-02,-1.638714224159043624e+02,8.517798781394958496e-02
1.057864253719647679e-01,1.375785935670137405e-02,1.089002657681703568e-02,5.163664191638690681e+01,8.158391714096069336e-02
1.057965680956840515e-01,3.112815475712221031e-03,1.721437151233355320e-02,1.024983889806099135e+01,8.309378474950790405e-02
1.058253472050031119e-01,-1.511985498170058048e-02,8.777298033237457275e-03,-5.986420505776607826e+01,8.505352586507797241e-02
1.058984001477559361e-01,-6.425920408219099045e-03,1.626831976075967384e-02,-2.155381915880749588e+01,8.807718753814697266e-02
1.059494068225224905e-01,5.997095800315340071e-03,-1.645523992677529884e-02,1.599757811220248698e+02,8.448642492294311523e-02
1.060684074958165579e-01,1.581230697532495094e-02,-7.581807362536588726e-03,1.156171468321677054e+02,8.599001169204711914e-02
1.062415863076845712e-01,6.328046477089325876e-03,1.633893605321645737e-02,2.117131417381915170e+01,8.480032533407211304e-02
1.062506015102068629e-01,-1.392346806824207306e-02,-1.068476121872663498e-02,-1.275023527388774198e+02,8.584704995155334473e-02
1.064589569965998378e-01,-1.656152680516242981e-02,5.913173236573737029e-03,-7.035126248662588466e+01,8.556545525789260864e-02
1.066717753807703561e-01,1.199663399408261097e-02,1.293734492113192934e-02,4.283936552750676441e+01,8.324027806520462036e-02
1.068750272194544521e-01,1.516678898284832752e-02,8.947371815641719933e-03,5.946229187838750363e+01,8.001460134983062744e-02
1.070158382256825857e-01,6.709196410762806751e-05,-1.765705024202664924e-02,1.797822927482295938e+02,8.722140640020370483e-02
1.070601493120193481e-01,-7.190763329466183691e-03,-1.616142969578504562e-02,-1.560141109699107176e+02,8.442736417055130005e-02
1.070614556471506801e-01,1.079974633951981747e-02,-1.404383530219396013e-02,1.424396208838550137e+02,8.270902931690216064e-02
1.071972946325937814e-01,-1.672823323557774342e-02,-5.809755530208349228e-03,-1.091522368826159237e+02,8.660010993480682373e-02
1.072327246268590384e-01,1.754867595930894447e-02,-2.498580336881180315e-03,9.810330859194652930e+01,8.552192151546478271e-02
1.074202607075373378e-01,1.446231920272111893e-02,-1.030951831489801407e-02,1.254833131294022621e+02,8.477123081684112549e-02
1.075082073609034267e-01,-2.525987540138885379e-03,-1.765371983249982429e-02,-1.718570878839463489e+02,8.612537384033203125e-02
1.075382952888806615e-01,-1.200768444687128240e-02,-1.308879721909761429e-02,-1.374666774293320657e+02,8.501341193914413452e-02
1.076823944846789088e-01,-1.204692137738068956e-02,1.310437793533007420e-02,-4.259248479137956878e+01,8.840218931436538696e-02
1.080477312207221985e-01,-1.610179897397753541e-03,1.778811340530713631e-02,-5.172317188781661912e+00,8.446416258811950684e-02
1.081050609548886710e-01,1.698207793136437965e-02,-5.552638477335372982e-03,1.081062176722957844e+02,8.724465221166610718e-02
1.082351927955945425e-01,-1.788020879030227661e-02,-3.524254619454344475e-04,-9.112917458016217154e+01,8.643884211778640747e-02
1.082728604475657053e-01,-1.563674490898847580e-02,-8.702195715159177780e-03,-1.190969090661585312e+02,8.696814626455307007e-02
1.082854395111401968e-01,1.591784879565241988e-03,1.783427720268567634e-02,5.100376235853071094e+00,8.310765773057937622e-02
1.083415945370992117e-01,-1.426402355233828342e-02,1.082584448158740997e-02,-5.280290205113729485e+01,8.699033409357070923e-02
1.086608320474624634e-01,1.770370950301488472e-02,2.965034955802062569e-03,8.049228700443428863e+01,7.975949347019195557e-02
1.089329620202382498e-01,8.071173603336017494e-03,1.606222956130902088e-02,2.667925256050173388e+01,8.805979043245315552e-02
1.089593544602394104e-01,1.103980435679356373e-02,1.420581744362910646e-02,3.785194509643448413e+01,8.515371382236480713e-02
1.089990610877672877e-01,5.484987593566378536e-03,-1.714941176275412357e-02,1.622638878251946721e+02,8.648969978094100952e-02
1.092743054032325745e-01,-7.796732864032188473e-03,1.630144690473874641e-02,-2.556107700745966937e+01,8.970829844474792480e-02
1.093197986483573914e-01,-1.772808221479257179e-02,-3.497435905349751892e-03,-1.011601278465108038e+02,8.717893809080123901e-02
1.093495960036913600e-01,2.527013915823772983e-03,-1.793152652680873871e-02,1.719783740075984895e+02,8.862691372632980347e-02
1.094596584637959752e-01,1.809457068641980720e-02,-2.077167155221103538e-04,9.065769830083752367e+01,8.249040693044662476e-02
1.096343373258908543e-01,-1.736076672871907783e-02,5.174997495487332344e-03,-7.340143014771028618e+01,8.623975515365600586e-02
1.100211367011070251e-01,1.585521331677834309e-02,8.770983976622423114e-03,6.104896354358823629e+01,8.135499060153961182e-02
1.101926440993944989e-01,-1.062201025585333622e-02,1.478881295770406723e-02,-3.568765771851083457e+01,9.051913768053054810e-02
1.102327679594357901e-01,1.063108630478382111e-02,-1.482678515215714830e-02,1.443587587276975910e+02,8.319642394781112671e-02
1.103361596663793021e-01,-1.907933280259991975e-03,-1.819254023333390785e-02,-1.740130202254030678e+02,8.498271554708480835e-02
1.103639627496401515e-01,-7.130680605769158277e-03,-1.678791300704082085e-02,-1.569865995077404932e+02,8.507972955703735352e-02
1.104552522301673889e-01,-1.814310376842816902e-02,2.053119125775992870e-03,-8.354373153332551283e+01,8.743827790021896362e-02
1.108268648386001726e-01,-1.210977602750062943e-02,-1.373493019491434271e-02,-1.385981077478361954e+02,8.486530184745788574e-02
1.108433082699775696e-01,1.462966700394948381e-02,-1.105748706807692903e-02,1.270829471435806965e+02,8.514682948589324951e-02
1.109518210093180385e-01,1.745898711184660709e-02,5.511418993895253124e-03,7.248023704484224083e+01,8.189997076988220215e-02
1.110388090213139944e-01,-3.119863104075192538e-03,1.810432908435662819e-02,-9.777572681226358142e+00,8.540879189968109131e-02
1.111763020356496268e-01,7.887839339673519135e-03,-1.655237128337224556e-02,1.545204106805906576e+02,8.555402606725692749e-02
1.111785223086675101e-01,3.259062456587951979e-03,1.809278937677542484e-02,1.021121373043223990e+01,8.443529158830642700e-02
1.113327071070671082e-01,1.729554558793703831e-02,-6.307534563044706402e-03,1.100364714520238749e+02,8.690978586673736572e-02
1.113810266057650294e-01,6.523220178981622638e-03,1.719617719451586521e-02,2.077380508785844881e+01,8.768087625503540039e-02
1.114996274312337193e-01,1.110477596133326202e-03,-1.838456218441327644e-02,1.765433786988389784e+02,8.685245364904403687e-02
1.115049272775650163e-01,-1.531272505720456673e-02,1.026512806614240068e-02,-5.616344963389209965e+01,8.776392042636871338e-02
1.116201033194859915e-01,-1.588176811734835422e-02,-9.397303219884634018e-03,-1.206129660891191975e+02,8.729372173547744751e-02
1.116723517576853481e-01,-6.128154850254457359e-03,1.744014769792556763e-02,-1.936055978976520109e+01,8.839953690767288208e-02
1.117766350507736206e-01,1.246439603467782396e-02,1.362748723477125168e-02,4.244763040413322130e+01,8.412009477615356445e-02
1.118599548935890198e-01,-4.185420499804119558e-03,-1.798400469124317169e-02,-1.668987563051759935e+02,8.468769490718841553e-02
1.121640602747599330e-01,-1.696779641012350834e-02,7.478405876706044168e-03,-6.621493881821531602e+01,8.650141209363937378e-02
1.122776046395301819e-01,-9.748892548183601264e-03,-1.578163666029771400e-02,-1.482948621722809719e+02,8.514025807380676270e-02
1.123177210489908762e-01,1.278924228002627575e-02,-1.344317135711511034e-02,1.364279897627441471e+02,8.524833619594573975e-02
1.123974199096361842e-01,1.486511901021003723e-02,1.111120947947104830e-02,5.322304039565206324e+01,8.214718848466873169e-02
1.125406920909881592e-01,-1.810771599411964417e-02,-4.281124294114610138e-03,-1.033019227264762776e+02,8.883853256702423096e-02
1.126739308238029480e-01,1.860167520741621769e-02,-1.046947203576564355e-03,9.322134627784548400e+01,8.473547548055648804e-02
1.127191012104352408e-01,1.629312243312597275e-02,-9.084672201424837112e-03,1.191430373137830401e+02,8.603073656558990479e-02
1.128864139318466187e-01,-1.427058285723130024e-02,-1.202600169926881790e-02,-1.301212653207242056e+02,8.602450788021087646e-02
1.133830547332763811e-01,-1.179751629630724705e-02,1.455938878158728224e-02,-3.901795356752391797e+01,8.972364664077758789e-02
1.136661817630132132e-01,-1.875140393773714817e-02,1.282619584041337028e-03,-8.608699175217174115e+01,8.782500773668289185e-02
1.136746431390444484e-01,1.836924813687801361e-02,-4.092706910644968062e-03,1.025604644148366873e+02,8.743211627006530762e-02
1.137654309471448355e-01,-1.735289022326469421e-02,-7.288551423698663712e-03,-1.127833530687196912e+02,8.858527988195419312e-02
1.137950519720713483e-01,1.667277577022714327e-03,1.874217391014099121e-02,5.083570752646630275e+00,8.557837456464767456e-02
1.138930469751358032e-01,-1.509683206677433793e-03,1.879987741510073460e-02,-4.591160921273403694e+00,8.519537746906280518e-02
1.140361378590266095e-01,-1.427112892270088196e-02,1.231423734376827818e-02,-4.920982683109119904e+01,8.838029205799102783e-02
1.141557941834132062e-01,8.220799267292022705e-03,1.697957205275694645e-02,2.583432613546784751e+01,8.711559325456619263e-02
1.142079705993334499e-01,1.823863449196020878e-02,4.731535523508985548e-03,7.545671255501905250e+01,8.184055238962173462e-02
1.145250101884206229e-01,1.119334436953067780e-02,1.526729421069224907e-02,3.624731785607040280e+01,8.646088838577270508e-02
1.146549334128697667e-01,1.897149525272349589e-03,-1.887514193852742744e-02,1.742604497200101719e+02,8.709183335304260254e-02
1.146670157710711346e-01,-1.886814273893833160e-02,-1.906613392444948861e-03,-9.577011447568658298e+01,8.848516643047332764e-02
1.147499506672223363e-01,7.717632999022802295e-03,-1.729975392421086861e-02,1.559577620477212179e+02,8.791425079107284546e-02
1.148277247945467677e-01,-7.596267387270927429e-03,1.741512802739937985e-02,-2.356624525778875068e+01,8.759363740682601929e-02
1.151312539974848337e-01,1.899046140412489689e-02,1.345920997361342185e-03,8.594602468321772903e+01,8.194513618946075439e-02
1.152861764033635550e-01,-4.074453570259114685e-03,-1.859657652676105499e-02,-1.676419420206501911e+02,8.528220653533935547e-02
1.153923769791921072e-01,-1.784951115647951878e-02,6.744035830100377979e-03,-6.930205720778350553e+01,8.642957359552383423e-02
1.156200890739758902e-01,-1.044035144150257111e-02,1.604700305809577537e-02,-3.304845747450799820e+01,8.810691535472869873e-02
1.156998549898465567e-01,-9.823145344853401184e-03,-1.640464210261901451e-02,-1.490867079640969450e+02,8.538412302732467651e-02
1.157295530041058951e-01,1.289232230434815205e-02,-1.412437111139297485e-02,1.376110642614510198e+02,8.628106862306594849e-02
1.158122097452481680e-01,1.613661305358012749e-02,1.026678985605637348e-02,5.753377124521273345e+01,8.567187190055847168e-02
1.160735835631688528e-01,-1.885078164438406742e-02,3.670127907147010746e-03,-7.898270030486482085e+01,8.655465394258499146e-02
1.162046020229657584e-01,1.649653321752945351e-02,-9.878092290212711277e-03,1.209130933681876314e+02,8.648937940597534180e-02
1.164336899916330881e-01,-1.457166112959384918e-02,-1.258751656860113317e-02,-1.308216148526142604e+02,8.640703558921813965e-02
1.164805367588996887e-01,4.903949952373901425e-03,-1.861467460791270054e-02,1.652410335919053352e+02,8.889719098806381226e-02
1.166920761267344342e-01,1.790635474026203156e-02,7.146680882821480722e-03,6.824235491323750580e+01,8.482025563716888428e-02
1.167870163917541643e-01,3.342849512894949769e-03,1.902648620307445526e-02,9.964852007217670504e+00,8.778394758701324463e-02
1.168871844808260646e-01,-3.236039696882167006e-03,1.907114187876383579e-02,-9.630365886054145008e+00,8.642280101776123047e-02
1.169010673960050040e-01,1.868084818124771118e-02,-5.040456463272373171e-03,1.050999336277411516e+02,8.681113272905349731e-02
1.169176871577898708e-01,-1.010294421575963931e-03,-1.929569182296594215e-02,-1.770028129811807958e+02,8.581660687923431396e-02
1.169452543059985028e-01,6.632213480770587921e-03,1.816049652794997013e-02,2.006219389525602637e+01,8.607558161020278931e-02
1.171883195638656616e-01,-6.314332131296396255e-03,1.835057387749354160e-02,-1.898806008512626065e+01,8.583032339811325073e-02
1.172090992331504822e-01,-1.536449107031027592e-02,1.180415879935026169e-02,-5.246581758738325618e+01,8.572699874639511108e-02
1.172124346097310477e-01,-7.093966472893954191e-03,-1.802349028488000465e-02,-1.585156193903552833e+02,8.591809868812561035e-02
1.172182485461235185e-01,1.056395998845497709e-02,-1.625536754727363586e-02,1.469811600668283518e+02,8.658938109874725342e-02
1.173283432920773917e-01,-1.785475822786489891e-02,-7.633750792592764768e-03,-1.131489913240705363e+02,8.800904452800750732e-02
1.176609272758165903e-01,1.265465902785460096e-02,1.477574432889620579e-02,4.057834135073840542e+01,8.516605198383331299e-02
1.177406410376231061e-01,1.493615781267484087e-02,-1.253210691114266771e-02,1.299981594627091965e+02,8.663819730281829834e-02
1.177802930275599347e-01,-1.932625037928422523e-02,-2.510371462752422275e-03,-9.740096148315097935e+01,8.799612522125244141e-02
1.177963912487030029e-01,-1.248510709653298176e-02,-1.491945050656795502e-02,-1.400762530686132266e+02,8.549168705940246582e-02
1.179062053561210632e-01,-1.728780195116996765e-02,9.020679475118717136e-03,-6.244469613919942219e+01,8.503879606723785400e-02
1.180446321765581952e-01,1.781055641671021664e-02,-8.048704204459985675e-03,1.143185145331314629e+02,8.674744516611099243e-02
1.183273419737815857e-01,1.519720473637183392e-02,1.229151772956053532e-02,5.103402574188496033e+01,8.634994179010391235e-02
1.184456969300906048e-01,1.958258698383967197e-02,4.714297732183092473e-04,8.862093194940027274e+01,8.394561707973480225e-02
1.187302917242050310e-01,-1.668471439431111134e-02,-1.030401745811104948e-02,-1.216983290578140071e+02,8.710001409053802490e-02
1.187950149178504944e-01,-1.121123290310303486e-02,1.619748988499243939e-02,-3.468938083857585752e+01,8.643450587987899780e-02
1.192147980133692609e-01,1.950540083150069035e-02,-2.869187980347001968e-03,9.836803300884544399e+01,8.611497282981872559e-02
1.192168816924095293e-01,-1.906769163906574249e-02,-5.230081733316183958e-03,-1.053384373499633568e+02,8.777325600385665894e-02
1.196936940153439932e-01,-1.961105751494566715e-02,2.733088835763434858e-03,-8.206609389143089572e+01,8.458935469388961792e-02
1.197309419512748718e-01,-1.366175990551710129e-02,1.419979706406593323e-02,-4.389369329646868323e+01,8.539795130491256714e-02
1.197421873609225140e-01,1.675571935872239996e-03,1.974268319706122196e-02,4.851097819201022787e+00,8.645413815975189209e-02
1.197443604469299316e-01,-1.726356490204728226e-03,1.972963536779085911e-02,-5.000683203204093985e+00,8.547598868608474731e-02
1.198881988724072867e-01,-8.583822132398683663e-03,1.783441193401813507e-02,-2.570182408855226797e+01,8.632192760705947876e-02
1.199721768498420715e-01,8.298311382532119751e-03,1.802005432546138763e-02,2.472627074214254250e+01,8.628927171230316162e-02
1.199964260061582022e-01,1.884747855365276337e-02,6.196842063218355179e-03,7.179970806527646232e+01,8.348897099494934082e-02
1.203186338146527562e-01,1.134821182737747944e-02,1.634757996847232414e-02,3.476772346209479991e+01,8.603445440530776978e-02
1.203995694716771536e-01,-1.996978744864463806e-02,-2.581775576497116233e-04,-9.074070194197081207e+01,8.537066727876663208e-02
1.204259345928827829e-01,-1.025379480173191013e-03,-1.988036620120207584e-02,-1.770474435550120802e+02,8.711384981870651245e-02
1.204947084188461304e-01,5.107942968606948853e-03,-1.925304532051086426e-02,1.651414073233344197e+02,8.835095912218093872e-02
1.207515647013982230e-01,-7.093123470743497791e-03,-1.865590177476406097e-02,-1.591827949438190046e+02,8.667973428964614868e-02
1.208267634113629752e-01,1.977188388506571567e-02,2.907205479762827501e-03,8.163531798264899919e+01,8.250974863767623901e-02
1.208268702030181885e-01,1.070008209596077717e-02,-1.688293740153312683e-02,1.476342606345924082e+02,8.762875199317932129e-02
1.211519315838813921e-01,-1.823974152406056953e-02,8.301173647244771900e-03,-6.552902267478917508e+01,8.384168148040771484e-02
1.212279250224431448e-01,1.519169751554727554e-02,-1.313828521718581575e-02,1.308543401449194619e+02,8.678063005208969116e-02
1.213131596644719534e-01,-1.263310232510169405e-02,-1.555476058274507696e-02,-1.409175488239851859e+02,8.676252514123916626e-02
1.216464738051096783e-01,1.810955132047335076e-02,-8.850095017502706413e-03,1.160446507661455229e+02,8.812741935253143311e-02
1.217168246706326895e-01,1.638610971470674110e-02,1.169123345365126986e-02,5.449273534597651292e+01,8.743648976087570190e-02
1.221773525079091482e-01,2.086057482908169718e-03,-2.009818702936172485e-02,1.740742995409082141e+02,8.784283697605133057e-02
1.222571358084678650e-01,-1.708332604418198036e-02,-1.077082396174470699e-02,-1.222309198501094727e+02,8.714319765567779541e-02
1.222582136591275626e-01,-1.956172659993171692e-02,5.087490930842857723e-03,-7.542182768774840440e+01,8.326716721057891846e-02
1.223335539301236563e-01,-4.088695626705884933e-03,-1.981366239488124847e-02,-1.683402576956396501e+02,8.734108507633209229e-02
1.223727439840634618e-01,8.057748122761648063e-03,-1.856569449106852329e-02,1.565385417526322556e+02,8.840738236904144287e-02
1.225060423215230399e-01,1.826664184530575955e-02,8.716666760543983344e-03,6.448996995026448076e+01,8.542713522911071777e-02
1.225746025641759329e-01,1.990432664752006531e-02,-3.861548117129132152e-03,1.009793034142369237e+02,8.466645330190658569e-02
1.227110897501309666e-01,-7.823234734435875054e-03,1.868099781374136723e-02,-2.272297745398795144e+01,8.480440080165863037e-02
1.227498029669125967e-01,-1.968551737566789223e-02,-5.192849785089492798e-03,-1.047774483439332300e+02,8.532200008630752563e-02
1.227557534972826825e-01,-9.970297571271657944e-03,-1.767236366868019104e-02,-1.505694154543467107e+02,8.741659671068191528e-02
1.228254586458206316e-01,1.328398411472638332e-02,-1.535811927169561560e-02,1.391418784273909353e+02,8.746286481618881226e-02
1.228409508864085065e-01,3.463060595095159792e-03,2.002703274289767063e-02,9.810532245974922461e+00,8.612506836652755737e-02
1.228683864076932364e-01,-4.044061526656149083e-03,1.985565324624379707e-02,-1.151214501669715773e+01,8.336599171161651611e-02
1.229127024610837393e-01,6.796436073879400311e-03,1.917039354642232490e-02,1.952082804199634225e+01,8.766856789588928223e-02
1.231417978803316798e-01,-1.485664366434017759e-02,1.374543892840544498e-02,-4.722484981648410951e+01,8.656521886587142944e-02
1.232937276363372942e-01,1.705106782416502750e-02,-1.128566140929858005e-02,1.234995462616299449e+02,8.801178634166717529e-02
1.234773024916648865e-01,-1.511826800803343397e-02,-1.368963314841191090e-02,-1.321609266731478840e+02,8.772106468677520752e-02
1.236373707652092119e-01,-2.031170576810836792e-02,-2.097068393292525826e-03,-9.589457919431104926e+01,8.356852829456329346e-02
1.236887748042742458e-01,1.265861031909783913e-02,1.610084033260742939e-02,3.817471446096519117e+01,8.761434257030487061e-02
1.238627135753631592e-01,1.937876890103022373e-02,-6.834207413097223224e-03,1.094259465500859250e+02,8.674259483814239502e-02
1.238656813899676051e-01,-1.751131440202394890e-02,1.063029483581582821e-02,-5.874003286385645595e+01,8.569715172052383423e-02
1.241083890199661255e-01,2.043465711176395416e-02,1.989354136943196835e-03,8.443966463826035351e+01,8.472578972578048706e-02
1.243881086508433070e-01,-1.887119561433792114e-02,-8.063325347999732856e-03,-1.131361545952858023e+02,8.560097217559814453e-02
1.244205509622891836e-01,1.515396249790986610e-02,1.392872041712204731e-02,4.741242223170116432e+01,8.783249557018280029e-02
1.250871270895004272e-01,2.064428602655728889e-02,-1.438781706383451603e-03,9.398672233641102025e+01,8.471314609050750732e-02
1.256413534283638000e-01,-1.028321885193387783e-02,1.804224836329619205e-02,-2.968107229960527604e+01,8.485452830791473389e-02
1.257562711834907532e-01,-2.043820420900980747e-02,3.614496905356645584e-03,-7.997093807854297154e+01,8.195377141237258911e-02
1.257844989498456412e-01,2.133875464399656238e-03,-2.069764770567417145e-02,1.741137455131261618e+02,8.762639760971069336e-02
1.258804922302564078e-01,-1.351416483521461487e-02,1.577144085119168079e-02,-4.059247032929972931e+01,8.747213333845138550e-02
1.259027595321337567e-01,1.787488659222924133e-03,2.075168242057164741e-02,4.923137403751552732e+00,8.480660617351531982e-02
1.259061420957247601e-01,8.103994807849328880e-03,-1.918651039401690281e-02,1.571017852709106819e+02,8.837787061929702759e-02
1.259280219674110413e-01,-2.317705036451415436e-03,2.059335075318813324e-02,-6.421405270137297450e+00,8.302567154169082642e-02
1.259287645419438773e-01,1.922767919798691952e-02,7.941481191664934158e-03,6.755823000425566249e+01,8.528275042772293091e-02
1.259619345267613821e-01,-4.023642900089422283e-03,-2.044336373607317722e-02,-1.688654208750748751e+02,8.820811659097671509e-02
1.261120736598968506e-01,8.343266012767950116e-03,1.915536200006803108e-02,2.353590572291084015e+01,8.636085689067840576e-02
1.263546595970789777e-01,-9.978925343602895737e-03,-1.835274634261926247e-02,-1.514657801810172089e+02,8.807384967803955078e-02
1.263784418503443308e-01,1.348397228866815567e-02,-1.596467041720946861e-02,1.398151204315791745e+02,8.628545701503753662e-02
1.264295528332392282e-01,-2.082945344348748756e-02,-5.787960253655914829e-04,-9.159169025373034856e+01,8.147382736206054688e-02
1.265416890382766724e-01,1.115553981314102924e-02,1.775828314324220253e-02,3.213654401003046246e+01,8.656145632266998291e-02
1.265702545642852783e-01,1.711514095465342319e-02,-1.212547191729148113e-02,1.253162223018764365e+02,8.915300667285919189e-02
1.267007738351821899e-01,2.047128913303216530e-02,4.503805151519675760e-03,7.759225700064247633e+01,8.556063473224639893e-02
1.270333280165990286e-01,-1.522741497804721254e-02,-1.444210670888423920e-02,-1.334838196316351571e+02,8.803746849298477173e-02
1.273664037386576520e-01,1.952430171271165443e-02,-8.010877761989831924e-03,1.123084853217028609e+02,8.694985508918762207e-02
1.273913507660230093e-01,-1.859643807013829780e-02,9.898975646744172935e-03,-6.197340713699747994e+01,8.710547536611557007e-02
1.276352529724438800e-01,5.202007635186117057e-03,-2.047332189977169037e-02,1.657435690003051150e+02,8.810500800609588623e-02
1.276614616314570017e-01,-9.125087720652420593e-04,-2.110952821870645119e-02,-1.775247967647496807e+02,8.776444196701049805e-02
1.279108872016271048e-01,-1.913881426056226326e-02,-8.882050557682912711e-03,-1.148953417059271942e+02,8.579025417566299438e-02
1.279132515192031860e-01,1.094631695499022860e-02,-1.811030444999536110e-02,1.488501942507054991e+02,8.642183244228363037e-02
1.279367854197820120e-01,1.635689660906791687e-02,1.341889301935831821e-02,5.063518470842285524e+01,8.777865022420883179e-02
1.279788513978322440e-01,-7.036698516458272934e-03,-1.996598578989505768e-02,-1.605857934722400842e+02,8.820401877164840698e-02
1.280574351549148560e-01,1.545575881997744185e-02,-1.458464687069257158e-02,1.333390019449505814e+02,8.674444258213043213e-02
1.281756584842999869e-01,-2.020134280125300205e-02,6.096860432686906223e-03,-7.320593841473339580e+01,8.393660932779312134e-02
1.284266908963521414e-01,1.831915726264318062e-02,-1.086657587438821793e-02,1.206756124073840510e+02,8.947590738534927368e-02
1.284680912892023907e-01,-1.275087706744670868e-02,-1.698761681715647495e-02,-1.431081677654902080e+02,8.773618191480636597e-02
1.285661309957504272e-01,2.112457280357678963e-02,-2.496820913317302718e-03,9.674080638815425459e+01,8.575621992349624634e-02
1.286557813485463553e-01,1.855008117854595184e-02,1.040622048700849331e-02,6.070845601864778729e+01,8.723826706409454346e-02
1.290057351191838675e-01,-8.354793768376111984e-03,1.951469170550505436e-02,-2.317714233119919953e+01,8.486777544021606445e-02
1.291076391935348511e-01,3.585044139375290727e-03,2.106271311640739441e-02,9.659632628797265141e+00,8.778932690620422363e-02
1.291351070006688528e-01,-4.168453160673378163e-03,2.089113866289456917e-02,-1.128415359809265794e+01,8.447733521461486816e-02
1.292452017466227399e-01,6.807446014136075974e-03,2.032303189237912727e-02,1.851889850614172772e+01,8.780007809400558472e-02
1.293359398841857910e-01,-1.746009166042010105e-02,-1.234202273190021515e-02,-1.252553612343218958e+02,8.764888346195220947e-02
1.293948243061701642e-01,-1.530333887785673315e-02,1.496789666513602055e-02,-4.563488113714815597e+01,8.710508048534393311e-02
1.295014917850494385e-01,-2.125239496429761482e-02,-2.405447225707272978e-03,-9.645752729364508582e+01,8.072101324796676636e-02
1.295572966337203979e-01,2.053014623622099674e-02,-6.096257672955593052e-03,1.065383528296669482e+02,8.591678738594055176e-02
1.300626148780187064e-01,1.243041486789783073e-02,1.760848549505075050e-02,3.521953815035521984e+01,8.690564334392547607e-02
1.301817993323008404e-01,-1.773094137509664131e-02,1.221057555327812946e-02,-5.544640186121482373e+01,8.760648220777511597e-02
1.301917980114619122e-01,2.124058579405149055e-02,3.586512951490780296e-03,8.041590122210534730e+01,8.551674336194992065e-02
1.303325742483139038e-01,-2.059107397993405891e-02,-6.304992518077294321e-03,-1.070246025692891862e+02,8.312147855758666992e-02
1.307259351015090942e-01,1.513641948501269138e-02,1.544121528665224827e-02,4.442889844742909844e+01,8.790469169616699219e-02
1.309462090333302908e-01,1.600248552858829498e-02,-1.467753977825244326e-02,1.325271644062741530e+02,8.434480428695678711e-02
1.310784171024958478e-01,2.168424054980278015e-02,1.402272998044922512e-05,8.996294806215196616e+01,8.572497218847274780e-02
1.310997505982716971e-01,1.790902142723401619e-02,-1.233553762237231052e-02,1.245586446247571644e+02,8.626128733158111572e-02
1.311482191085815430e-01,5.384101687620084647e-03,-2.103086747229099274e-02,1.656401530813604381e+02,8.685437589883804321e-02
1.312242001295089722e-01,-7.229816304364554630e-04,-2.170996802548567570e-02,-1.780926506633694828e+02,8.744756132364273071e-02
1.314422041177749634e-01,1.110373499492804152e-02,-1.870224190255006386e-02,1.493019108880974670e+02,8.642610907554626465e-02
1.316702614227930890e-01,-2.109438367187976837e-02,5.148452590219677362e-03,-7.628411534685476170e+01,8.399268984794616699e-02
1.316770166158676147e-01,-6.992938773085674228e-03,-2.063314616680145264e-02,-1.612775698123689949e+02,8.823818713426589966e-02
1.321385502815246582e-01,1.966875046491622925e-02,9.528190363198518753e-03,6.415292423837900060e+01,8.813875913619995117e-02
1.322334458430608206e-01,-1.280971430242061788e-02,-1.772361310819784916e-02,-1.441425361259728959e+02,8.723762631416320801e-02
1.322694371143977032e-01,-9.723918512463569641e-03,1.949145893255869663e-02,-2.651373701423690221e+01,8.809104561805725098e-02
1.322753876447677612e-01,1.797555480152372232e-03,2.182278161247571541e-02,4.708856851443512959e+00,8.801395446062088013e-02
1.322775930166244507e-01,-1.850748124221956873e-03,2.180953882634639740e-02,-4.850474591651257938e+00,8.648289740085601807e-02
1.323228130737940655e-01,-2.175418660044670105e-02,8.394378625477358791e-04,-8.779020023663551342e+01,8.125703781843185425e-02
1.324193874994913922e-01,-1.344151763866345203e-02,1.721547140429417408e-02,-3.798205141504146809e+01,8.771074563264846802e-02
1.325719902912775860e-01,8.232563268393278122e-03,2.039234588543574131e-02,2.198434829914359412e+01,8.771239966154098511e-02
1.327961683273315430e-01,1.418811703721682346e-02,-1.664950077732404304e-02,1.395635351505417816e+02,8.389009535312652588e-02
1.328602035840352469e-01,2.505496658462410316e-03,-2.185563308497270180e-02,1.734602473818447379e+02,8.605889230966567993e-02
1.329025576512019025e-01,2.111564514537652565e-02,6.146158867826065006e-03,7.377123647368831882e+01,8.613935112953186035e-02
1.329480608304341727e-01,8.443506900221109390e-03,-2.033599341909090794e-02,1.574517692453222253e+02,8.713151514530181885e-02
1.329597880442937308e-01,1.104325832178195202e-02,1.907487834493319309e-02,3.006837517815256788e+01,8.661736547946929932e-02
1.330330520868301392e-01,-1.759112812578678131e-02,-1.320976174126068867e-02,-1.269041012898398577e+02,8.762451261281967163e-02
1.330722818771998273e-01,2.078697395821412636e-02,-7.229849696159362793e-03,1.091780192777504368e+02,8.687647432088851929e-02
1.332228382428487234e-01,-3.790356015088037090e-03,-2.171096391975879669e-02,-1.700969620714793109e+02,8.792540431022644043e-02
1.335544486840566092e-01,1.937099359929561615e-02,-1.061343153317769253e-02,1.187184806742521630e+02,8.469491451978683472e-02
1.336185981829961233e-01,-1.889143573741118229e-02,1.147657850136359590e-02,-5.872124998676322605e+01,8.696960657835006714e-02
1.338181793689727783e-01,-9.994002835204204502e-03,-1.975590301056703163e-02,-1.531663256917595106e+02,8.760946244001388550e-02
1.341793835163116455e-01,-2.091350095967451847e-02,-7.412569286922614069e-03,-1.095163335031040219e+02,8.465721458196640015e-02
1.342622637748718262e-01,1.653024864693482948e-02,1.484121040751536919e-02,4.808182722187968494e+01,8.870320022106170654e-02
1.343227525552113943e-01,-2.064997330307960510e-02,8.216570752362411384e-03,-6.830251913566007715e+01,8.652467280626296997e-02
1.344957947731018066e-01,-1.541728867838780027e-02,-1.604584200928608692e-02,-1.361444717179836061e+02,8.751453459262847900e-02
1.346876124540964947e-01,2.226461345950762546e-02,-1.015393141036232023e-03,9.261120444181545963e+01,8.499052375555038452e-02
1.349558830261230469e-01,1.886939505736033237e-02,1.194085801641146458e-02,5.767371049497246105e+01,8.947765827178955078e-02
1.354548086722691946e-01,-1.959227770566940308e-02,-1.085736633588870424e-02,-1.189937123026916623e+02,8.730162680149078369e-02
1.355946163336436139e-01,3.713767354687057265e-03,2.213438165684541298e-02,9.524529321503560908e+00,8.965800702571868896e-02
1.355968217055003033e-01,-3.766959998756644942e-03,2.212113887071609497e-02,-9.664070927619189177e+00,8.695380389690399170e-02
1.356903115908305035e-01,2.196177343527476108e-02,-4.659828807537754088e-03,1.019793050421432383e+02,8.598145097494125366e-02
1.357180376847585135e-01,-7.453789779295523672e-03,2.117950593431790901e-02,-1.938870751260663283e+01,8.817151188850402832e-02
1.357536564270655499e-01,6.926373268167178125e-03,2.144362715383370949e-02,1.790065427150107524e+01,8.934570103883743286e-02
1.357709715763728009e-01,-2.233368406693140781e-02,-1.811432108903927515e-04,-9.046470227942128872e+01,8.482362329959869385e-02
1.360878000656763898e-01,-1.481091541548569882e-02,1.683786914994319511e-02,-4.133548342916864016e+01,8.767098933458328247e-02
1.362522989511489868e-01,1.453548545638720137e-02,-1.710949900249639916e-02,1.396502200948495442e+02,8.711474388837814331e-02
1.362929741541544781e-01,2.789504641744619193e-03,-2.239821168283621586e-02,1.729008567072244773e+02,8.566529303789138794e-02
1.364690313736597882e-01,2.196815361579259468e-02,5.254650798936686372e-03,7.654793932833098324e+01,8.637002855539321899e-02
1.364925851424535208e-01,8.641742945959171238e-03,-2.089317391316096104e-02,1.575292488748416417e+02,8.607000112533569336e-02
1.365000357230504446e-01,-1.783323101699352264e-02,1.385629735887050629e-02,-5.215303993143373873e+01,8.642844855785369873e-02
1.366018603245417462e-01,1.234877823541561878e-02,1.899490257104238106e-02,3.302830244365757295e+01,8.742646872997283936e-02
1.367964595556259155e-01,-2.215431941052278114e-02,-4.533605067990721139e-03,-1.015651940441121468e+02,8.582333475351333618e-02
1.370329757531484061e-01,-3.673972823889926510e-03,-2.237494165698687351e-02,-1.706752239631455836e+02,8.805423974990844727e-02
1.372410158316294537e-01,1.512976394345363212e-02,1.692850484202305592e-02,4.178858779606473206e+01,8.851324766874313354e-02
1.372697105010350638e-01,1.950581682225068642e-02,-1.162492018193006516e-02,1.207937572725110300e+02,8.416191488504409790e-02
1.373674670855204449e-01,2.267346717417240143e-02,1.665589011584719167e-03,8.579860840299677704e+01,8.501296490430831909e-02
1.376079370578130179e-01,-1.001475518569350243e-02,-2.045114462574323250e-02,-1.539093933115989898e+02,8.833973854780197144e-02
1.379277110099792480e-01,-2.160612369577090061e-02,7.360932572434346170e-03,-7.118667384150832333e+01,8.585865795612335205e-02
1.381255139907201224e-01,5.866345716640354070e-03,-2.213062656422456337e-02,1.651535887610583018e+02,8.539926260709762573e-02
1.383281797170639038e-01,-1.550303182254234892e-02,-1.684217496464649952e-02,-1.373707826804998149e+02,8.871512115001678467e-02
1.384428590536117554e-01,1.164933945983648300e-02,-1.971942062179247654e-02,1.494273321926596907e+02,8.858924359083175659e-02
1.384671082099278860e-01,-3.225904559561361146e-04,-2.291652436057726658e-02,-1.791935142235032288e+02,8.718280494213104248e-02
1.384834051132202148e-01,1.735209921995798862e-02,-1.490737497806549072e-02,1.306662296681934663e+02,8.666168898344039917e-02
1.385245174169540405e-01,2.004324148098627842e-02,1.112879998981952667e-02,6.095923416291108765e+01,8.893138170242309570e-02
1.387233783801396780e-01,-2.263003153105577064e-02,3.272233336853484168e-03,-8.177223209328360554e+01,8.689325302839279175e-02
1.388764629761378155e-01,-1.916211874534682431e-03,2.290447180469831062e-02,-4.782287759861678644e+00,8.835553377866744995e-02
1.388764629761378155e-01,1.916211874534690237e-03,2.290447180469831062e-02,4.782287759861697296e+00,8.952867984771728516e-02
1.389531592528025217e-01,-9.287586901336910075e-03,2.104254315296808994e-02,-2.381531500114865807e+01,9.106809645891189575e-02
1.391729712486267090e-01,-1.292711341132720196e-02,1.897689389685789860e-02,-3.426280093503885382e+01,9.094787389039993286e-02
1.392532934745152884e-01,8.335140068084001541e-03,2.157345786690711975e-02,2.112458150433094417e+01,8.937309682369232178e-02
1.392736583948135376e-01,2.169510535895824432e-02,7.824624267717203083e-03,7.016749614101902921e+01,8.782315999269485474e-02
1.392769118150075369e-01,-6.897307932376861572e-03,-2.199236551920573032e-02,-1.625873842604870561e+02,8.909729868173599243e-02
1.393608599901199341e-01,-1.983302459120750427e-02,-1.174502509335676945e-02,-1.206338204012093058e+02,8.763403445482254028e-02
1.394132822751998901e-01,2.235968410968780518e-02,-5.691837131356199293e-03,1.042817723933422940e+02,8.513148874044418335e-02
1.397136996189753400e-01,1.094684998194376743e-02,2.044220082461833954e-02,2.816916147374976376e+01,8.854889124631881714e-02
1.398555884758631573e-01,-1.291620979706446272e-02,-1.921518767873446262e-02,-1.460914973366678851e+02,8.916848897933959961e-02
1.400408446788787842e-01,-1.907364713648955143e-02,1.315508627643187899e-02,-5.540598737369748505e+01,8.657539635896682739e-02
1.405105143785476685e-01,2.131970785558223724e-02,-9.273346668730180625e-03,1.135073989997300998e+02,8.549351245164871216e-02
1.406704783439636230e-01,-2.262382457653681553e-02,-5.386079079471528530e-03,-1.033911895937951044e+02,8.810208737850189209e-02
1.407643655935923166e-01,-2.108800224959850311e-02,9.919729238996904258e-03,-6.480785581117281424e+01,8.645053952932357788e-02
1.407714883486430035e-01,-1.791761815547943115e-02,-1.489375345408916473e-02,-1.297345490145337408e+02,8.915750682353973389e-02
1.408847769101460867e-01,1.654800307005643845e-02,1.641504745930433273e-02,4.523109978978473578e+01,8.889422565698623657e-02
1.410580426454544067e-01,2.334030655523141456e-02,7.212121854536233164e-04,8.823013162974719137e+01,8.697654306888580322e-02
1.414746592442194806e-01,1.912233419716358185e-02,1.351569499820470983e-02,5.474727187048912214e+01,8.853790163993835449e-02
1.418201029300689697e-01,5.691407015547156334e-03,-2.280638553202152252e-02,1.659878517072521333e+02,8.552306145429611206e-02
1.419594536225001202e-01,-2.162375301122665405e-02,-9.152702055871486664e-03,-1.129415190004479541e+02,8.726837486028671265e-02
1.421011586983998431e-01,2.332936351497967922e-02,-2.991778290985772863e-03,9.730777527109796665e+01,8.610413223505020142e-02
1.421200285355250226e-01,1.174257043749094009e-02,-2.037099873026212288e-02,1.500393172832396260e+02,8.896318823099136353e-02
1.422173827886581421e-01,-7.545958428333203287e-03,2.231110756595929695e-02,-1.868632465216486693e+01,9.087415784597396851e-02
1.422619024912516461e-01,-3.861413182069856759e-03,2.323140328129132820e-02,-9.437154358628855988e+00,8.937930315732955933e-02
1.423095415035883771e-01,3.844336451341710380e-03,2.324378800888856483e-02,9.391248074480035513e+00,9.038341045379638672e-02
1.423859943946202689e-01,-2.340699359774589539e-02,1.870202133432030895e-03,-8.543181243684520609e+01,8.949065953493118286e-02
1.425273319085439139e-01,7.050658731410901041e-03,2.260352857410907745e-02,1.732412832772664046e+01,9.054012596607208252e-02
1.426372975111007690e-01,-1.479223774125178713e-02,1.832310544947783268e-02,-3.891392771339970835e+01,9.028610587120056152e-02
1.427357395490010672e-01,-3.859165590256455271e-04,-2.362673419217268742e-02,-1.790642200567979785e+02,8.848909288644790649e-02
1.429252475500106812e-01,1.735421394308407986e-02,-1.602305720249811924e-02,1.327161325280019071e+02,8.906085044145584106e-02
1.430037617683410645e-01,2.264265591899554050e-02,6.954194356997808399e-03,7.292681015539277212e+01,8.765569329261779785e-02
1.430929352839787894e-01,-1.791645586490631104e-02,1.548286962012449842e-02,-4.916739699975575917e+01,8.715616911649703979e-02
1.432739893595377789e-01,-6.868157846232255878e-03,-2.269857500990232063e-02,-1.631651814853986764e+02,8.794301748275756836e-02
1.433076063791910992e-01,-2.358015129963556694e-02,-2.435648425792654066e-03,-9.589729971299080091e+01,8.969977498054504395e-02
1.434849997361501150e-01,1.219873751203219212e-02,2.046260672310988224e-02,3.080118942368690327e+01,8.758039772510528564e-02
1.438265293836593628e-01,-1.288126564274231708e-02,-2.002800069749355316e-02,-1.472523823902180027e+02,8.904822170734405518e-02
1.438643435637156354e-01,8.560035222520431461e-03,-2.222051098942756653e-02,1.589317560631541824e+02,8.656774461269378662e-02
1.438897103071212769e-01,2.358254355688890053e-02,3.439844062086195187e-03,8.170113472681651956e+01,8.816614001989364624e-02
1.440169215202331543e-01,1.501890489210685325e-02,1.850185108681519711e-02,3.906801608214183830e+01,8.683894574642181396e-02
1.442561944325765066e-01,2.551239837581912532e-03,-2.378418048222859932e-02,1.738775069022637183e+02,8.709537982940673828e-02
1.442965318759282523e-01,-2.219799347221851349e-02,8.800610279043516102e-03,-6.837366843993446253e+01,8.606361597776412964e-02
1.443325529495875226e-01,2.152939451237519813e-02,-1.034401465828220165e-02,1.156624265326796035e+02,8.633286505937576294e-02
1.443713108698527203e-01,1.463083115716775143e-02,-1.887675933539867401e-02,1.422217696808585288e+02,8.988784998655319214e-02
1.447531878948211670e-01,-1.794189400970935822e-02,-1.587556581944227219e-02,-1.315034371208803918e+02,8.921027928590774536e-02
1.451224933067957745e-01,-2.349307698508103920e-02,4.839782409059504957e-03,-7.835941166001066449e+01,8.806914091110229492e-02
1.451331228017807007e-01,2.037394978106021881e-02,1.273256695518890959e-02,5.799694580495791030e+01,8.782637864351272583e-02
1.452986846367518292e-01,-3.708148840814828873e-03,-2.379136097927888466e-02,-1.711410907306914169e+02,8.820623904466629028e-02
1.454160114129384451e-01,-9.456400759518146515e-03,2.214502481122811867e-02,-2.312352196756458866e+01,9.350220113992691040e-02
1.455335915088653564e-01,1.971761820216973854e-02,-1.381127039591471470e-02,1.250094468113269386e+02,8.740043640136718750e-02
1.455759555101394653e-01,-9.950660945226747628e-03,-2.197016713519891334e-02,-1.556334222621529477e+02,8.706519007682800293e-02
1.456161141395568848e-01,-1.306315356244643587e-02,2.022267195085684574e-02,-3.286107567460715018e+01,9.303437173366546631e-02
1.456573555866877423e-01,-1.945201307535167606e-03,2.403891645371913910e-02,-4.626228462827754129e+00,9.063407033681869507e-02
1.457049945990244733e-01,1.928124576807025998e-03,2.405130118131637573e-02,4.583437947373648846e+00,9.046503156423568726e-02
1.459130843480428152e-01,2.224240762492021156e-02,9.475242036084335212e-03,6.692604690719853977e+01,8.805239200592041016e-02
1.459296196699142456e-01,-2.192674887677033974e-02,-1.010143446425596989e-02,-1.147350524617944671e+02,8.699674904346466064e-02
1.459413468837738037e-01,8.291578851640224457e-03,2.278931749363740517e-02,1.999321883910088360e+01,8.796281367540359497e-02
1.459484398365020752e-01,2.382610862453778469e-02,-4.009343741927295923e-03,9.955197133383616404e+01,8.578921109437942505e-02
1.462808201710383282e-01,-1.549236352245012861e-02,-1.863680034875869751e-02,-1.402639954875721457e+02,8.864762634038925171e-02
1.464386085669199533e-01,1.082794771840175051e-02,2.177965268492698669e-02,2.643467585269971920e+01,8.582728356122970581e-02
1.466276943683624268e-01,-1.926330601175626350e-02,1.476095585773388660e-02,-5.253802023922483500e+01,8.805752545595169067e-02
1.470826019843419485e-01,2.306611587603887153e-02,-7.780070571849743814e-03,1.086389601391315978e+02,8.565592020750045776e-02
1.471077700455983572e-01,-2.153048850595951080e-02,1.131405355408787727e-02,-6.227852880970701221e+01,8.708983659744262695e-02
1.472742309172948294e-01,-2.412968563536802696e-02,-3.405168070457875729e-03,-9.803250773273786933e+01,8.891031891107559204e-02
1.473127255837122784e-01,-2.016029631098111702e-02,-1.367556986709436012e-02,-1.241506814021330030e+02,8.741518110036849976e-02
1.476783802111943655e-01,1.653779918948809421e-02,1.799524389207363129e-02,4.258330295729522419e+01,8.748856186866760254e-02
1.477797329425811768e-01,2.434469014406204224e-02,2.627974473095188394e-03,8.383886035582378327e+01,8.727053552865982056e-02
1.479271998008092337e-01,8.478463472177585544e-03,-2.297650774319966865e-02,1.597456492147041445e+02,8.752819150686264038e-02
1.479833523432413922e-01,2.618677370871107073e-03,-2.440185596545537544e-02,1.738747636020462437e+02,8.656796067953109741e-02
1.482046991586685181e-01,1.931851295133431984e-02,1.512531222154696840e-02,5.194104801894476253e+01,8.883231133222579956e-02
1.484682659308115549e-01,1.460485222438971317e-02,-1.975296748181184364e-02,1.435217012111343706e+02,8.922585099935531616e-02
1.486072689294815063e-01,-2.347635477781295776e-02,-7.304331132521232547e-03,-1.072827807722212725e+02,8.704099804162979126e-02
1.487921923398971558e-01,-2.436582123239834988e-02,3.542443776192764297e-03,-8.172796589321687577e+01,8.879510313272476196e-02
1.487953464190165387e-01,2.459919825196266521e-02,-1.108222854478905671e-03,9.257949817031386885e+01,8.576601743698120117e-02
1.490160574515660696e-01,-7.825925635794797955e-03,2.340574872990449501e-02,-1.848782864965540895e+01,9.073606878519058228e-02
1.491662710905075073e-01,-1.490663799146811283e-02,1.967897949119409157e-02,-3.714357917892292704e+01,9.182503074407577515e-02
1.492128819227218628e-01,-3.999271430075166875e-03,2.437934465706348419e-02,-9.316022329202292340e+00,8.936278522014617920e-02
1.492605209350585938e-01,3.982194699347020930e-03,2.439172938466072083e-02,9.272307848404086172e+00,9.021377563476562500e-02
1.492790828148524152e-01,7.139326694111029596e-03,2.377000513176123070e-02,1.671765268678984739e+01,8.755484223365783691e-02
1.495264271895090924e-01,1.976722540954748905e-02,-1.488070810834566868e-02,1.269723242771626417e+02,8.855256438255310059e-02
1.495327254136403494e-01,-2.905698260292411284e-03,-2.458033089836438381e-02,-1.732582196234760943e+02,8.815447986125946045e-02
1.496101170778274536e-01,5.677272798493505392e-03,-2.418005776902040077e-02,1.667867685852333182e+02,8.595608174800872803e-02
1.496479858954747610e-01,-9.432354786743720951e-03,-2.291752460102240360e-02,-1.576289996938361355e+02,8.588954806327819824e-02
1.497208277384440289e-01,2.322706393897533417e-02,8.739254437386989594e-03,6.938103592013787591e+01,8.896929770708084106e-02
1.497222135464350290e-01,-1.798257231712341309e-02,1.705749922742446495e-02,-4.651228215527822840e+01,8.997812122106552124e-02
1.500223179658254080e-01,-2.482927218079567303e-02,-3.966561440999313739e-04,-9.091524188590859978e+01,8.942717313766479492e-02
1.501363515853881836e-01,1.205367594957351858e-02,2.183447157343228889e-02,2.890080463530426513e+01,8.367595076560974121e-02
1.502686589956283569e-01,-1.530937912563483036e-02,-1.963567485411962105e-02,-1.420574675422512314e+02,8.615300059318542480e-02
1.502798398335774555e-01,1.163501975437005592e-02,-2.200320363044738770e-02,1.521306722257980084e+02,8.926163613796234131e-02
1.506969382365544730e-01,4.839715547859668732e-04,-2.503337959448496616e-02,1.788924358626277638e+02,8.790991455316543579e-02
1.507015277942021780e-01,2.438945882022380829e-02,5.406337169309457721e-03,7.750151294958158132e+01,8.767699450254440308e-02
1.507532795270284109e-01,-2.269786782562732697e-02,1.032524726664026463e-02,-6.553923871376471766e+01,8.786773681640625000e-02
1.508442014455795288e-01,1.494336004058520115e-02,2.001081841687361515e-02,3.675105363585169016e+01,8.607867360115051270e-02
1.509920855363210135e-01,2.337358333170413971e-02,-8.857861782113712196e-03,1.107551513932069014e+02,8.677264302968978882e-02
1.510150382916132794e-01,1.737784221768379211e-02,-1.796870306134223938e-02,1.359576800108384305e+02,8.955097943544387817e-02
1.513962546984354840e-01,-2.030996792018413544e-02,-1.465275728454192364e-02,-1.258088073159608342e+02,8.696818351745605469e-02
1.515800605217615948e-01,-5.547401107226810311e-03,-2.443490239481131351e-02,-1.672090809709384871e+02,8.671561628580093384e-02
1.516117403904597150e-01,-2.423811703920364380e-02,6.514465358729163227e-03,-7.495615998309469319e+01,8.756748586893081665e-02
1.518863985935847150e-01,-1.217997508744398695e-02,-2.197423266867796696e-02,-1.510010790282119615e+02,8.537795394659042358e-02
1.519988725582758771e-01,9.643252628544967536e-03,2.321813814342021942e-02,2.255471108370251798e+01,8.554358035326004028e-02
1.520032038291295462e-01,2.066767526169618202e-02,1.436045020818710501e-02,5.520739984465888739e+01,8.929147571325302124e-02
1.522348721822102957e-01,2.188646917541822029e-02,-1.249124358097712315e-02,1.197146579668461897e+02,8.860172331333160400e-02
1.522712608178456717e-01,-1.332937056819597822e-02,2.142119159301122261e-02,-3.189200487984198062e+01,9.276809543371200562e-02
1.523211499055226736e-01,-9.855411015450954437e-03,2.322560797135035313e-02,-2.299315464645696494e+01,9.121129661798477173e-02
1.527061462402343750e-01,-2.388672592739263939e-02,-8.249130876113971653e-03,-1.090520316592523926e+02,8.868054300546646118e-02
1.527393708626429425e-01,2.270776840547720707e-02,1.123171734313170231e-02,6.368207826103661517e+01,8.920244127511978149e-02
1.527528911828994751e-01,2.519375210007031990e-02,-2.105547425647577228e-03,9.477734631671842180e+01,8.657477051019668579e-02
1.527780840794245309e-01,2.054070122540001438e-03,2.521085428694884098e-02,4.657920799691138036e+00,9.018155932426452637e-02
1.527780840794245309e-01,-2.054070122539992764e-03,2.521085428694884098e-02,-4.657920799691118496e+00,8.916153013706207275e-02
1.528245558341344290e-01,-1.790858122209708012e-02,-1.785162774225076271e-02,-1.349087479810879131e+02,8.626865595579147339e-02
1.530479739109675275e-01,5.454803118482232094e-03,-2.480827768643697334e-02,1.675992299986304204e+02,8.730664849281311035e-02
1.533939739068349017e-01,-1.941380649805068970e-02,1.637573819607496262e-02,-4.985203681839978174e+01,8.916066586971282959e-02
1.535227100054423199e-01,2.203401954223711996e-03,-2.537360663215319431e-02,1.750369796717401982e+02,8.784892410039901733e-02
1.538154681523641043e-01,2.472812992831071449e-02,-6.084459523359934778e-03,1.038232661795801164e+02,8.771469444036483765e-02
1.539449642101923810e-01,-2.186191951235135628e-02,1.309038853893677336e-02,-5.908784557820496985e+01,8.801797777414321899e-02
1.541120260953903198e-01,-2.248679163555304325e-02,-1.202342162529627598e-02,-1.181328890402368188e+02,8.818929642438888550e-02
1.543922722339630127e-01,1.149717314789692676e-02,-2.284199992815653252e-02,1.532822974732232240e+02,8.847495168447494507e-02
1.544065177440643311e-01,-2.553529789050420357e-02,-1.260484801605344252e-03,-9.282596609998977044e+01,8.894368261098861694e-02
1.545676638682683401e-01,1.653431231776873386e-02,1.954296045005321503e-02,4.023287473697997285e+01,8.785054832696914673e-02
1.546396762132644653e-01,2.520249783992767334e-02,4.707984160631895065e-03,7.941874842013812952e+01,8.624878525733947754e-02
1.551457792520523071e-01,1.738486749430497719e-02,-1.890858138600985325e-02,1.374040464434621924e+02,8.986866474151611328e-02
1.552003473043441772e-01,1.947791377703348911e-02,1.676252391189336777e-02,4.928499818232559448e+01,8.971960097551345825e-02
1.554774890343348370e-01,8.118147185693185691e-03,-2.444352395832538605e-02,1.616277169088897949e+02,8.809208124876022339e-02
1.555995742479960309e-01,-2.512251958250999451e-02,5.735108085597555132e-03,-7.714056602739432833e+01,8.851328492164611816e-02
1.556754261255264282e-01,2.575228301187356197e-02,9.322968932489550473e-04,8.792665531003727608e+01,8.665107935667037964e-02
1.556971569856007986e-01,9.471073746681213379e-03,2.394416307409604622e-02,2.158119163200029433e+01,8.673694729804992676e-02
1.557573080062866211e-01,-2.524608249465624260e-02,-5.213796471556028309e-03,-1.016686251356599939e+02,9.006637334823608398e-02
1.557881087064743042e-01,-1.519195425013701063e-02,2.087376266717910767e-02,-3.604718116970460784e+01,9.188079088926315308e-02
1.559204310178756714e-01,-4.961559005702535601e-03,-2.532158171137174202e-02,-1.689138098531879280e+02,8.859495073556900024e-02
1.561090052127838135e-01,-1.190005273868640495e-02,-2.293392519156137871e-02,-1.525759120003243083e+02,8.457364886999130249e-02
1.563548793395360403e-01,-1.820045585433642185e-02,1.844978953401247429e-02,-4.461021960422406352e+01,9.012027084827423096e-02
1.563852628072102957e-01,2.207676010827223576e-02,-1.353072840720415115e-02,1.215039100028198646e+02,8.885341137647628784e-02
1.563934733470281058e-01,-8.146321866661310196e-03,2.459046492973963188e-02,-1.832898563629984068e+01,8.853096514940261841e-02
1.564051906267802106e-01,3.299210531016193160e-03,2.572774452467759682e-02,7.307472324952597020e+00,9.097832441329956055e-02
1.566532154877980643e-01,2.372022035221258568e-02,1.062312473853429216e-02,6.587473018426967997e+01,8.771602064371109009e-02
1.566535830497741699e-01,-4.171635179469981337e-03,2.560211531817913055e-02,-9.254503887695921804e+00,8.785447478294372559e-02
1.567114392916361676e-01,1.447403089453776909e-02,-2.153164210418860233e-02,1.460901606784218814e+02,8.875685185194015503e-02
1.569451938072840558e-01,1.228205801453441815e-03,-2.601419885953267300e-02,1.772969072784157731e+02,8.566491305828094482e-02
1.570424685875574933e-01,-1.800717910130818916e-02,-1.873991514245669163e-02,-1.361423248750961079e+02,8.707696199417114258e-02
1.571642259756724225e-01,-2.595624948541323807e-02,1.899257845555742293e-03,-8.581503979004116900e+01,8.925741910934448242e-02
1.575576762358347760e-01,1.516273152083158493e-02,2.128174404303232944e-02,3.546895945858223342e+01,8.783241361379623413e-02
1.575728207826614380e-01,2.505255490541458477e-02,7.432308824112018528e-03,7.347602563868994707e+01,8.605465292930603027e-02
1.576888064543406354e-01,-2.308716749151547634e-02,1.219316292554140091e-02,-6.215985558452166515e+01,8.943327516317367554e-02
1.577246934175491333e-01,6.284163643916448536e-03,2.543248732884724819e-02,1.387932021638957281e+01,8.940779417753219604e-02
1.578075587749481201e-01,1.996454161902268959e-02,-1.686007125924031055e-02,1.301811185501806278e+02,8.912193775177001953e-02
1.578917900721232281e-01,2.514275846381982399e-02,-7.167063343028227777e-03,1.059104544713139404e+02,8.894316107034683228e-02
1.581740180651347027e-01,1.209223891297976292e-02,2.328313452502091957e-02,2.744538558853291477e+01,8.659332245588302612e-02
1.582109630107879639e-01,-8.566590336461862507e-03,-2.476389644046624386e-02,-1.609179295725926977e+02,8.696456998586654663e-02
1.583082129557927542e-01,-2.273933713634809090e-02,-1.300951931625604630e-02,-1.197745274424715518e+02,8.884548395872116089e-02
1.584808329741160260e-01,-2.001199774288882956e-03,-2.623683772981166840e-02,-1.756382427364553109e+02,8.624741435050964355e-02
1.584849556287129813e-01,-2.480751834809780121e-02,8.648664380113284950e-03,-7.077987289592118714e+01,9.022883325815200806e-02
1.587091783682505475e-01,-1.512805465608835220e-02,-2.148365477720896519e-02,-1.448481038682868984e+02,8.615699410438537598e-02
1.591181159019470215e-01,2.092578696707884586e-02,1.601216383278369904e-02,5.257721223850581538e+01,8.878184109926223755e-02
1.592187980810801373e-01,2.397850280006726814e-02,-1.097995042800903320e-02,1.146034266453218606e+02,8.825280517339706421e-02
1.596595942974090576e-01,2.643287306030591560e-02,-1.212851299593849437e-04,9.026289526988190914e+01,8.648576587438583374e-02
1.597004532814025879e-01,7.537376135587692261e-03,-2.535672920445601608e-02,1.634452350347948766e+02,8.776252716779708862e-02
1.598103543122609549e-01,-2.066111130019029213e-02,-1.652714237570762634e-02,-1.286568546485327147e+02,8.843268454074859619e-02
1.598348170518875122e-01,2.312800039847692085e-02,1.300149752448002613e-02,6.065730889740812870e+01,8.686729520559310913e-02
1.599685748418172293e-01,-1.994369427363077915e-02,1.746276269356409824e-02,-4.879450614541853071e+01,8.794686943292617798e-02
1.599754840135574341e-01,-2.576102502644062042e-02,-6.133795715868473053e-03,-1.033929572923623255e+02,9.049139171838760376e-02
1.600445707639058524e-01,1.245140408476198010e-03,2.658646677931149685e-02,2.681409294894492756e+00,8.939355611801147461e-02
1.600736627976099835e-01,-1.406076208998759645e-02,2.251735329627991070e-02,-3.198235217702166722e+01,9.030612558126449585e-02
1.602929631868998395e-01,-2.117565056929981201e-03,2.646083757281303406e-02,-4.575423138142175716e+00,8.728973567485809326e-02
1.606291383504867554e-01,-1.048908925925691807e-02,2.442963918050130440e-02,-2.323670962427362952e+01,8.851309865713119507e-02
1.606934219598770142e-01,3.898835915606469350e-03,-2.636207515994708206e-02,1.715871885646521662e+02,8.479308336973190308e-02
1.607515116532643451e-01,-2.238229289650917053e-02,1.449148574223121065e-02,-5.707883499764795943e+01,8.840256929397583008e-02
1.607904285192489624e-01,1.699900720268487930e-02,2.055197209119796753e-02,3.959493042378807104e+01,8.907439559698104858e-02
1.608133812745412283e-01,2.628897068401177609e-02,-4.241733268524209947e-03,9.916569625518640407e+01,8.763793110847473145e-02
1.608757426341374808e-01,1.438555400818586523e-02,-2.242103529473146034e-02,1.473153750248276310e+02,8.706984668970108032e-02
1.611205091079076224e-01,-2.465421395997206486e-02,-1.015522781138618671e-02,-1.123870748397804817e+02,8.976174890995025635e-02
1.617181847492853985e-01,1.981846118966738499e-02,1.806282841910918785e-02,4.765351105717611802e+01,8.815477043390274048e-02
1.618414223194122314e-01,2.595532126724720001e-02,6.860527054717143955e-03,7.519414956188614951e+01,8.498719334602355957e-02
1.618619561195373535e-01,-2.678310622771581245e-02,1.202763582114130259e-03,-8.742871469515677063e+01,9.003183990716934204e-02
1.619738688071568899e-01,2.006376100083192421e-02,-1.780780622114738060e-02,1.315910012074031670e+02,8.875059336423873901e-02
1.621835579474767142e-01,-2.575506642460823059e-02,7.703744340687990189e-03,-7.334725102310339651e+01,9.005252271890640259e-02
1.621885250012080060e-01,1.248192476729552067e-02,2.382917888462543488e-02,2.764592616270970638e+01,8.624687790870666504e-02
1.626281291246414185e-01,-8.563827102382976647e-03,-2.554191959400971615e-02,-1.614644608754996966e+02,8.906888216733932495e-02
1.626912504434585571e-01,6.431822199374437332e-03,2.624860716362794472e-02,1.376818164230952490e+01,8.859729766845703125e-02
1.626977076133092337e-01,-1.895529093841711796e-02,1.918024942278862000e-02,-4.466202072663443801e+01,8.816090971231460571e-02
1.627685328324635916e-01,-1.929854760722568216e-03,-2.695497311651707043e-02,-1.759048676161704918e+02,8.420804888010025024e-02
1.627795398235321045e-01,1.082792521143953121e-02,-2.464459836483001709e-02,1.562810892237782809e+02,8.645839989185333252e-02
1.628924459218978882e-01,2.678585425019264221e-02,3.082620368028680773e-03,8.343505970351007761e+01,8.501601219177246094e-02
1.632580906152725220e-01,-1.520169650514920437e-02,-2.235475492974122250e-02,-1.457834861465877907e+02,8.711276948451995850e-02
1.633040010929107666e-01,1.576529784748951710e-02,2.202367223799228668e-02,3.559638301225928103e+01,8.708033710718154907e-02
1.633224238952001028e-01,-2.687709716459115578e-02,-2.876978309359401464e-03,-9.610979055812650529e+01,9.014312177896499634e-02
1.633695662021636963e-01,-1.608086035897334301e-02,2.181086689233779907e-02,-3.640085508150013283e+01,8.875964581966400146e-02
1.634176721175511771e-01,2.420361277957757198e-02,-1.212362541506687916e-02,1.166063569847719634e+02,8.927626907825469971e-02
1.634763926267623901e-01,1.739560998976230621e-02,-2.074570953845977783e-02,1.400196278150496028e+02,8.781031519174575806e-02
1.638533473014831543e-01,3.446869086474183257e-03,2.695746347308158875e-02,7.286487688408806562e+00,8.834736049175262451e-02
1.639959067106246948e-01,-2.689692440132300522e-02,4.093693782730648337e-03,-8.134603507753075746e+01,8.911139518022537231e-02
1.640876481930415021e-01,-2.376454509794712067e-02,1.328747688482205189e-02,-6.078912238975743065e+01,8.949926495552062988e-02
1.641017397244771414e-01,-4.319293734927969267e-03,2.683183426658312595e-02,-9.144819220662480319e+00,8.356426656246185303e-02
1.641609370708465576e-01,-2.083658861617247379e-02,-1.745906472206115723e-02,-1.299597822614533129e+02,8.882188051939010620e-02
1.641759326060613089e-01,2.400347900887330257e-02,1.293153874576091766e-02,6.168705388578466398e+01,8.457558602094650269e-02
1.642568508783976422e-01,2.057944793098916321e-03,-2.708351425826549530e-02,1.756547218134884645e+02,8.274509757757186890e-02
1.646252969900767194e-01,-4.887450758057336302e-03,-2.681774025162060940e-02,-1.696713761098972100e+02,8.865989744663238525e-02
1.646782209475835257e-01,1.000841815645496166e-02,2.530632726848125458e-02,2.157833838012835415e+01,8.557999879121780396e-02
1.646980245908101492e-01,-8.716131250063577710e-03,2.581228626271089149e-02,-1.865847493371103383e+01,8.411114662885665894e-02
1.647235453128814697e-01,-2.541696776946385586e-02,1.004423402870694912e-02,-6.843714374625791663e+01,9.035366028547286987e-02
1.647504468758901053e-01,2.240108946959177769e-02,-1.562213835616906715e-02,1.248912624335246875e+02,8.950553089380264282e-02
1.649990280469258719e-01,2.679200842976570129e-02,-5.372572612638274250e-03,1.013390690197689850e+02,8.682841807603836060e-02
1.650750835736592703e-01,-1.197093135366837299e-02,-2.458304849763711178e-02,-1.540358267821702327e+02,8.763373643159866333e-02
1.652629325787226544e-01,2.549846532444159652e-02,9.981384190420310859e-03,6.862212160786801007e+01,8.435685187578201294e-02
1.655149906873703003e-01,-2.500459986428419865e-02,-1.119392567003766638e-02,-1.141168528386247090e+02,8.852647989988327026e-02
1.655747095743815289e-01,2.038536220788955688e-02,1.840890416254600120e-02,4.791653610589613521e+01,8.663380146026611328e-02
1.659419635931650983e-01,-1.825629826635122299e-02,-2.054293764134248329e-02,-1.383728348209187402e+02,8.842193335294723511e-02
1.662763108809789114e-01,2.587090618908405651e-02,-9.441577674200138034e-03,1.100495354649477093e+02,8.915711939334869385e-02
1.665446062882741385e-01,1.771240929762522495e-02,2.117925199369589603e-02,3.990605916167694289e+01,8.560723811388015747e-02
1.666075090567271100e-01,-2.038718014955520630e-02,1.868947781622409821e-02,-4.748767558125068433e+01,8.666905015707015991e-02
1.670532772938410626e-01,-2.326520035664240635e-02,-1.498013952126105684e-02,-1.227769228235419803e+02,8.799941092729568481e-02
1.670675575733184814e-01,2.758030345042546821e-02,2.027149428613483906e-03,8.579632505034525991e+01,8.569522947072982788e-02
1.671014626820882254e-01,1.069942970449725902e-02,-2.548849706848462654e-02,1.572285615609675915e+02,8.715113997459411621e-02
1.672145128250122070e-01,-2.275783568620681763e-02,1.576798222959041595e-02,-5.528348012445506754e+01,8.755170553922653198e-02
1.673157562812169485e-01,2.236816659569740295e-02,1.628828079750140739e-02,5.393825792638612882e+01,8.496916294097900391e-02
1.674111038446426392e-01,-2.744438809653123451e-02,-3.822442085947841406e-03,-9.792912128857383891e+01,9.100922197103500366e-02
1.675284504890441895e-01,-2.736523126562436653e-02,4.696456152790537061e-03,-8.026169534761413615e+01,8.745232224464416504e-02
1.676532824834187918e-01,-2.646097727119922638e-02,8.558734009663265113e-03,-7.207633459786717367e+01,8.756940811872482300e-02
1.676739851633707867e-01,2.201728677997990668e-03,2.768186417718728615e-02,4.547553325614476449e+00,8.401755988597869873e-02
1.676739851633707867e-01,-2.201728677997981994e-03,2.768186417718728268e-02,-4.547553325614458686e+00,8.133827894926071167e-02
1.677638192971547537e-01,1.745232815543810642e-02,-2.162591926753520966e-02,1.410961312476843545e+02,8.780404925346374512e-02
1.679059714078903198e-01,-1.558649508903424061e-02,2.311335379878680374e-02,-3.399376565793816951e+01,8.722899109125137329e-02
1.680203527212142944e-01,2.773036000629266334e-02,-2.307595413488646059e-03,9.475693609582231147e+01,8.635547012090682983e-02
1.682673046986262189e-01,2.974731576008101883e-03,-2.769739615420500553e-02,1.738698669771320908e+02,8.528212457895278931e-02
1.684586455424626761e-01,-2.667870186269283642e-02,-8.117957351108390923e-03,-1.069242746272622782e+02,9.012222290039062500e-02
1.686789542436599731e-01,-1.179343881085515022e-02,2.520248728493849552e-02,-2.507712246941953182e+01,8.437351882457733154e-02
1.688979268074035645e-01,-4.770205627816418228e-03,-2.756286102036635197e-02,-1.701812837506545861e+02,8.730686455965042114e-02
1.690956850846608572e-01,2.254747723539670540e-02,-1.666330825537443161e-02,1.264655886414930706e+02,8.974970877170562744e-02
1.691902428865432739e-01,1.180404036616285700e-02,2.530721388757228851e-02,2.500575109484347536e+01,8.745367825031280518e-02
1.694850921630859375e-01,1.431377666691938978e-02,-2.414514372746149815e-02,1.493395975695063953e+02,8.775632828474044800e-02
1.696605682373046875e-01,-1.831078467269738747e-02,2.130794835587342811e-02,-4.067380514160440441e+01,8.739172667264938354e-02
1.697514305512110577e-01,2.648053752879302170e-02,9.455611618856590156e-03,7.034948273876069891e+01,8.466021716594696045e-02
1.698027551174163818e-01,-1.183038204908370972e-02,-2.551819011569023132e-02,-1.551272853978382784e+02,8.626592904329299927e-02
1.698147952556610107e-01,6.924893396596114130e-03,-2.724411028126875328e-02,1.657385995838680515e+02,8.726688474416732788e-02
1.698455909887949811e-01,-2.801570420463880134e-02,2.774424637512614474e-03,-8.434437912612537502e+01,8.309498429298400879e-02
1.699411521355311261e-01,1.622465842713912559e-02,2.298564525942007816e-02,3.521675622918630921e+01,8.664745837450027466e-02
1.702068895101547241e-01,-2.822102171679338051e-02,-1.164418858631204078e-03,-9.236272326421034506e+01,8.581114560365676880e-02
1.705050319433212280e-01,2.773184267183145119e-02,5.279283543738225518e-03,7.922162801931710874e+01,8.596977591514587402e-02
1.705174098412196027e-01,-1.810356260587771965e-02,-2.166727557778358459e-02,-1.401203809739680537e+02,8.753222972154617310e-02
1.706065336863200055e-01,2.026686693231264866e-02,-1.972918584942817688e-02,1.342297989679387342e+02,8.898849785327911377e-02
1.706505417823791504e-01,2.617628127336502075e-02,-1.067027434085806269e-02,1.121773521549658739e+02,8.816518634557723999e-02
1.709352533022562848e-01,-2.605397875110308098e-02,1.107747433707118034e-02,-6.696606433883948739e+01,8.712540566921234131e-02
1.710516164700190411e-01,-8.958228475724658822e-04,-2.831397578120231628e-02,-1.781878294792191184e+02,8.539204299449920654e-02
1.711323807636896954e-01,-2.400325983762741089e-02,1.504347970088323189e-02,-5.792353650735893922e+01,8.796209841966629028e-02
1.715413431326548444e-01,-2.344152207175890720e-02,-1.605872344225645065e-02,-1.244132741050269715e+02,8.723865449428558350e-02
1.716284304857254028e-01,-8.306032667557397900e-03,-2.722218198080857826e-02,-1.630320030232279578e+02,8.634804934263229370e-02
1.716523865858713971e-01,4.619511775672437495e-03,2.804077913363774849e-02,9.355029261109329752e+00,8.535287529230117798e-02
1.717399309078852521e-01,-5.215676967054602882e-03,2.788334526121616364e-02,-1.059493884876414249e+01,8.254890888929367065e-02
1.717917819817861014e-01,2.313342752556005882e-02,1.648272325595220161e-02,5.452987132265629100e+01,8.553615212440490723e-02
1.721371412277221680e-01,2.465537562966346741e-02,-1.439349198093017000e-02,1.202758345070118793e+02,8.852852135896682739e-02
1.721486151218414307e-01,-1.041054958477616484e-02,2.642351637283961094e-02,-2.150384736173309719e+01,8.503726869821548462e-02
1.722859342892964774e-01,2.832217514514923096e-02,-3.486412693746387525e-03,9.701771042699309078e+01,8.751013129949569702e-02
1.724335104227066040e-01,9.400087098280588208e-03,2.690467548867066586e-02,1.925864315623090306e+01,8.929403126239776611e-02
1.725612084070841656e-01,-1.490841154009103775e-02,-2.441423448423544681e-02,-1.485899148574175115e+02,8.485526591539382935e-02
1.729687949021657400e-01,-2.713199829061825955e-02,-9.167062894751628818e-03,-1.086685201569274284e+02,8.956183493137359619e-02
1.731404562791188650e-01,2.575081214308738708e-02,1.260020863264799118e-02,6.392689308088925060e+01,8.544594049453735352e-02
1.732244491577148438e-01,-2.086017467081546783e-02,-1.966198657949765755e-02,-1.333063311125841039e+02,8.717142045497894287e-02
1.735906799634297781e-01,-2.829987555742264141e-02,5.169581350249549331e-03,-7.964783240832214517e+01,8.001834154129028320e-02
1.736173778772354126e-01,1.423031960924466509e-02,-2.498921503623326504e-02,1.503402848928568858e+02,8.910477906465530396e-02
1.736388405164082938e-01,2.768919865290323662e-02,-7.780086559553940802e-03,1.056942540050821577e+02,8.699115365743637085e-02
1.737634688615798950e-01,-1.937176349262396610e-02,2.124967239797115326e-02,-4.235312895832912261e+01,8.732455968856811523e-02
1.738937596480051861e-01,7.471369113773107529e-03,-2.779792807996273041e-02,1.649558998906021259e+02,8.846835792064666748e-02
1.741816153128941946e-01,1.810661610215902328e-02,2.244842921694119656e-02,3.888920397979234878e+01,8.880160003900527954e-02
1.742114027341206961e-01,-2.885347418487071991e-02,-2.201913506723940806e-03,-9.436399071234079372e+01,8.281254768371582031e-02
1.745132058858871460e-01,-2.563421800732612610e-02,-1.332161513467629808e-02,-1.174600410542966102e+02,8.720533549785614014e-02
1.745555102825164795e-01,-2.724240409831205773e-02,9.610353192935388450e-03,-7.056859285907906099e+01,8.393168449401855469e-02
1.746094425519307547e-01,2.861733424166838791e-02,4.131744344097872286e-03,8.178445943991465583e+01,8.652406185865402222e-02
1.746282776196797781e-01,-2.269358312090238167e-02,1.790669932961463928e-02,-5.172428478851686862e+01,8.701227605342864990e-02
1.750729531049728394e-01,2.158599098523458076e-02,1.934194688995679104e-02,4.813833661691131738e+01,8.776650577783584595e-02
1.751688172419866019e-01,2.015303075313568115e-02,-2.090451555947462833e-02,1.360485794811506253e+02,8.880735188722610474e-02
1.753127127885818481e-01,1.116244836399952686e-02,-2.688638617595036709e-02,1.574531913998585821e+02,8.970106393098831177e-02
1.754375497500101910e-01,2.905761015911897255e-02,-2.992070512846112251e-04,9.058995544675754275e+01,8.740416914224624634e-02
1.755530834197998047e-01,2.417783097674453766e-03,2.895469466845194614e-02,4.773254878699089154e+00,8.591435849666595459e-02
1.756406277418136597e-01,-3.013948289056613949e-03,2.879726079603036129e-02,-5.974877222535377896e+00,8.578966557979583740e-02
1.759257664283116751e-01,-2.853013699253400398e-02,-5.909042277683815812e-03,-1.017014152452230036e+02,8.745024353265762329e-02
1.760306258996327811e-01,4.189092821131144145e-04,-2.910111968715985847e-02,1.791752868449517564e+02,8.688439428806304932e-02
1.764583885669708252e-01,1.725503491858641422e-02,-2.364532028635343147e-02,1.438801188144397258e+02,8.897134661674499512e-02
1.764778047800064087e-01,-2.903017650047938145e-02,2.007536163243155408e-03,-8.604409849392568788e+01,7.886286079883575439e-02
1.764883647362391339e-01,2.459983217219511784e-02,-1.583253902693589760e-02,1.227654759275917939e+02,8.756585419178009033e-02
1.764987111091613770e-01,-1.332822038481632984e-02,2.600988621513048923e-02,-2.713191844994847912e+01,8.620072901248931885e-02
1.765771955251693726e-01,-7.293079048395156860e-03,-2.832676159838835861e-02,-1.655620495217181656e+02,8.451925218105316162e-02
1.770898600419362479e-01,-1.737003587186336517e-02,2.361839326719442772e-02,-3.633244718494439240e+01,8.587340265512466431e-02
1.771306445201238089e-01,1.196481427177786827e-02,2.675625371436278141e-02,2.409315412000201562e+01,9.052770584821701050e-02
1.771378417809804373e-01,-1.454597773651282108e-02,-2.551639017959435665e-02,-1.503140883212307131e+02,8.461812138557434082e-02
1.773252785205841064e-01,4.835939422870676012e-03,-2.903835785885652138e-02,1.705449479336991772e+02,8.797594904899597168e-02
1.773405124743779593e-01,2.693272754549980164e-02,1.169283005098501957e-02,6.653194909969505488e+01,8.763404935598373413e-02
1.779437114795049124e-01,-2.083546357850233829e-02,-2.082648500800132751e-02,-1.349876521813007173e+02,8.622344583272933960e-02
1.780091921488444195e-01,2.237809759875138832e-02,-1.927768501142660892e-02,1.307433613256539786e+02,8.860589563846588135e-02
1.780558973550796509e-01,2.854794450104236603e-02,7.400693837553262711e-03,7.546672050031403955e+01,8.740260452032089233e-02
1.780895094076792584e-01,2.805918703476587700e-02,-9.108293646325668277e-03,1.079839504229888263e+02,8.648470044136047363e-02
1.781278401613235474e-01,1.625072521468003822e-02,2.462157607078552246e-02,3.342559735586360858e+01,9.084149450063705444e-02
1.787685751914978027e-01,-2.420207920173804081e-02,1.703426986932754517e-02,-5.486077686499291417e+01,8.695923537015914917e-02
1.788257012764613019e-01,-2.442519878968596025e-03,-2.945458454390367103e-02,-1.752595965032017489e+02,8.697041869163513184e-02
1.788929353157679425e-01,-2.670018126567204678e-02,1.270392909646034241e-02,-6.455492492516090408e+01,8.471533656120300293e-02
1.791200935840606689e-01,-2.595165433983008182e-02,-1.435777451843023474e-02,-1.189535988086960856e+02,8.735679835081100464e-02
1.791321933269500732e-01,1.077018150438865084e-02,-2.771198625365893509e-02,1.587615319169852910e+02,8.837924897670745850e-02
1.793281535307566510e-01,-1.045499462634325201e-02,-2.772492542862892151e-02,-1.593386759039802314e+02,8.419998735189437866e-02
1.794524341821670532e-01,2.649072619775930809e-02,-1.343752847363551689e-02,1.168965871902616698e+02,8.669607341289520264e-02
1.795931160449981689e-01,4.782813135534526652e-03,2.935006779929002357e-02,9.255421814129160651e+00,8.918827027082443237e-02
1.796534011761347638e-01,-5.332003502796092177e-03,2.919904825588067257e-02,-1.034869051871979195e+01,8.882655203342437744e-02
1.798133055369059430e-01,-1.771641770998636997e-02,-2.393392970164617134e-02,-1.434903463615668500e+02,8.634711056947708130e-02
1.798188736041387015e-01,2.331716070572535313e-02,1.852314670880635811e-02,5.153637968210227172e+01,8.896485716104507446e-02
1.798329353332519531e-01,2.975165906051795150e-02,-1.522583343709508217e-03,9.292963695418252712e+01,8.786709606647491455e-02
1.801028003295262747e-01,-1.045140298083424568e-02,2.787150256335735321e-02,-2.055530542028046170e+01,8.674925565719604492e-02
1.802620242039362775e-01,1.675541574756304539e-02,-2.476674566666285313e-02,1.459205181481318618e+02,8.831677585840225220e-02
1.803895533084869385e-01,9.549268987029790878e-03,2.828773049016793800e-02,1.865346618765772035e+01,8.986046910285949707e-02
1.804632594188054495e-01,7.036930493389566450e-03,-2.908862878878911568e-02,1.664006502266860252e+02,8.777929842472076416e-02
1.805665493011474609e-01,-2.910512499511241913e-02,-6.898694671690464887e-03,-1.033345510600487103e+02,8.558608591556549072e-02
1.807377586762110577e-01,2.604651264846324921e-02,1.475654449313879013e-02,6.046645634935866553e+01,8.892261236906051636e-02
1.808674931526184082e-01,-2.373424731194972992e-02,-1.825938125451406074e-02,-1.275720315076918325e+02,8.644214272499084473e-02
1.811319887638092041e-01,2.938621242841085029e-02,-6.037996072943012209e-03,1.016109873878564827e+02,8.746659755706787109e-02
1.812110791603724347e-01,-2.978980106612046444e-02,2.556284734358390317e-03,-8.509542174042842078e+01,8.305344730615615845e-02
1.812404940525690900e-01,1.333843357861042023e-02,-2.693624049425125122e-02,1.536560576093949919e+02,8.712839335203170776e-02
1.815694967905680524e-01,-1.921656789879004276e-02,2.312547527253627777e-02,-3.972555248231137881e+01,8.581618964672088623e-02
1.822164654731750488e-01,-2.802442262570063389e-02,-1.119287467251221455e-02,-1.117716270363923456e+02,8.784914761781692505e-02
1.823734690745671683e-01,2.955414044360320236e-02,6.269849371165037155e-03,7.802240329967834498e+01,8.837685734033584595e-02
1.823834031820297241e-01,-2.272679160038630283e-02,1.988432494302590919e-02,-4.881638477749448413e+01,8.721431344747543335e-02
1.824517498413721905e-01,2.198157769938310219e-02,-2.082570021351178718e-02,1.334532813940082576e+02,8.731921017169952393e-02
1.825750519831975394e-01,1.818487513810396194e-02,2.417036083837350094e-02,3.695643374571082518e+01,9.027446061372756958e-02
1.833223998546600342e-01,3.031757908562819626e-02,1.777523585284749739e-03,8.664458225494884402e+01,8.796123415231704712e-02
1.833747476339340210e-01,2.177193574607372284e-02,2.117841380337874210e-02,4.579170806212829348e+01,8.943291753530502319e-02
1.834150105714797974e-01,1.925689168274402618e-02,-2.357395614186922825e-02,1.407555949108470941e+02,8.686609566211700439e-02
1.834541608889897757e-01,-2.804158007105191780e-02,1.159294974058866674e-02,-6.753882056919574950e+01,8.517485111951828003e-02
1.835678468147913800e-01,-2.318055213739469121e-03,3.032763302326202393e-02,-4.370833792801177786e+00,8.992745727300643921e-02
1.835854599873225079e-01,-3.018808675309022499e-02,-2.642817329615354538e-03,-9.500320570858451674e+01,8.513897657394409180e-02
1.835951060056686401e-01,2.365030037860080692e-03,3.032121869424979008e-02,4.459993474812358194e+00,9.016448259353637695e-02
1.839456806580225812e-01,2.661002551515897346e-02,-1.482173086454471184e-02,1.191177192177562745e+02,8.820723742246627808e-02
1.840401490529378348e-01,-1.314512997244795525e-03,-3.044671689470609260e-02,-1.775278351784106121e+02,8.693729341030120850e-02
1.841760675112406598e-01,-9.934004085759323005e-03,-2.878936007618904114e-02,-1.609625869818540309e+02,8.692450076341629028e-02
1.844486246506373273e-01,-1.245476693535844601e-02,2.779578231275081635e-02,-2.413625326005126226e+01,8.642759919166564941e-02
1.844738076130549298e-01,6.610902880008022280e-03,-2.989331074059009552e-02,1.675297534701296627e+02,8.568571507930755615e-02
1.845737198988596783e-01,-2.974574516216913628e-02,7.023641373962164793e-03,-7.671451240622998569e+01,8.515405654907226562e-02
1.846393396457036429e-01,-1.774128278096517158e-02,-2.490909832219282902e-02,-1.445399693010841702e+02,8.601458370685577393e-02
1.850100407997767038e-01,1.191515071938435352e-02,2.821289623777071751e-02,2.289578934693680168e+01,9.089015424251556396e-02
1.850256870190302716e-01,2.743107390900453163e-02,1.367463854451974464e-02,6.350332976963915854e+01,8.998645097017288208e-02
1.853241721789042340e-01,-1.717811636626720428e-02,2.544124796986579895e-02,-3.402750889694206649e+01,8.582185953855514526e-02
1.853955586751302176e-01,1.375235617160797119e-02,-2.749883880217869961e-02,1.534300538564335739e+02,8.548868447542190552e-02
1.854241689046224051e-01,2.432261159022649361e-02,-1.876475661993026733e-02,1.276499821392935985e+02,8.779034018516540527e-02
1.857076038916905814e-01,2.987389763196309639e-02,-7.349472570543487578e-03,1.038212324657645382e+02,8.830910921096801758e-02
1.857282022635142194e-01,-2.398314513266086578e-02,-1.925490299860636509e-02,-1.287592895463296259e+02,8.632934838533401489e-02
1.859460125366846905e-01,2.932348474860191345e-02,9.480079635977745056e-03,7.208433897641735655e+01,8.967213332653045654e-02
1.861983438332875662e-01,1.626484592755635811e-02,2.623020422955354286e-02,3.180225660021019962e+01,9.099035710096359253e-02
1.865661243597666608e-01,2.909745477760831370e-03,-3.075944942732652260e-02,1.745960834144653120e+02,8.626709878444671631e-02
1.866395572821299420e-01,-5.644081626087428007e-03,-3.038332859675089981e-02,-1.694765479822881673e+02,8.721064031124114990e-02
1.868117898702621460e-01,-1.404985226690769196e-02,-2.755599344770113743e-02,-1.529845312349922324e+02,8.701010793447494507e-02
1.868295172850291119e-01,1.774392028649648262e-02,-2.534423644344012058e-02,1.450034969129017952e+02,8.546736091375350952e-02
1.869555413722992221e-01,-2.848215649525324619e-02,-1.215657219290733337e-02,-1.131134493529192611e+02,8.759536594152450562e-02
1.869972795248031894e-01,-2.436396355430285252e-02,1.911773470540841652e-02,-5.187969451037423596e+01,8.654391765594482422e-02
1.871583710114161359e-01,2.866617155571778847e-02,-1.180397253483533859e-02,1.123805705563271431e+02,8.883837610483169556e-02
1.872978061437606812e-01,1.075807648400465763e-02,-2.907926651338736332e-02,1.596976963464313997e+02,8.464594930410385132e-02
1.876304546991984235e-01,-2.110922647019227577e-02,-2.279717537264029301e-02,-1.372016093464518462e+02,8.577812463045120239e-02
1.877084771792094098e-01,4.795195379604899090e-03,3.072596403459708012e-02,8.870216734192178265e+00,8.990407735109329224e-02
1.877909402052561627e-01,-4.761212660620606739e-03,3.074811336894830299e-02,-8.802098591970946018e+00,9.036686271429061890e-02
1.878533264001210623e-01,2.348907478153705597e-02,2.041542654236157966e-02,4.900460557980914444e+01,8.924554288387298584e-02
1.879436771074931012e-01,-2.718064996103445458e-02,1.515670027583837683e-02,-6.085472453300266693e+01,8.674836158752441406e-02
1.882223188877105713e-01,-9.778524904201429252e-03,2.954380835096041130e-02,-1.831371219157208330e+01,8.894430100917816162e-02
1.882581462462743216e-01,-3.092639086147149288e-02,-3.073121110598245678e-03,-9.567478894614232843e+01,8.761195838451385498e-02
1.883269747098286762e-01,9.578860209633907261e-03,2.967997888724009312e-02,1.788686781188702213e+01,8.995755016803741455e-02
1.883400926987330026e-01,3.119838548203309608e-02,4.510261739293741461e-04,8.917174893017852355e+01,8.871718496084213257e-02
1.885853807131449567e-01,2.641886100172996521e-02,1.667825349917014671e-02,5.773574107340788686e+01,8.984131366014480591e-02
1.887198785940805978e-01,-2.665828603009382999e-02,-1.631699378291765964e-02,-1.214699512965693771e+02,8.699022978544235229e-02
1.894262433052062988e-01,3.112015066047509743e-02,-4.160557252665361347e-03,9.761490964848437102e+01,8.946555107831954956e-02
1.898638258377711163e-01,-1.905817538499832153e-02,2.502561733126640320e-02,-3.729096436519975555e+01,8.697531372308731079e-02
1.899783114592234479e-01,-3.030116297304630280e-02,-8.292695973068475723e-03,-1.053056923459281791e+02,8.780528604984283447e-02
1.902163376410802298e-01,-3.090523183345794678e-02,6.071757990866899490e-03,-7.888501832704714900e+01,8.768913149833679199e-02
1.902197500069936209e-01,2.437209710478782654e-02,-1.998270489275455475e-02,1.293483580949493614e+02,8.822395652532577515e-02
1.903661489486694336e-01,3.048253431916237224e-02,8.122318579504888419e-03,7.507973932561546349e+01,8.791218698024749756e-02
1.907230267922083722e-01,-2.273379887143771316e-02,2.194325439631938934e-02,-4.601372253176220539e+01,8.629924803972244263e-02
1.909139901399612427e-01,1.814258440087239063e-02,2.594915467003981041e-02,3.495966705674799613e+01,9.059936553239822388e-02
1.912230898936589651e-01,1.872227899730205536e-02,-2.557059998313586033e-02,1.437891619644562695e+02,8.412384241819381714e-02
1.915263831615447998e-01,-3.168759184579054977e-02,1.174097570280234525e-03,-8.787803136208040655e+01,8.806149661540985107e-02
1.915777822335561209e-01,2.877337314809362383e-03,-3.160134392480055954e-02,1.747975010270671703e+02,8.564162254333496094e-02
1.916083246469497681e-01,-5.771313638736804905e-03,-3.120193506280581619e-02,-1.695206361296716011e+02,8.821669220924377441e-02
1.917346666256586896e-01,2.894693613052368164e-02,-1.308137830346822739e-02,1.143186344813386199e+02,9.013608843088150024e-02
1.917692770560582294e-01,2.177975264688333107e-02,2.312632401784261299e-02,4.328242078362653444e+01,8.969608694314956665e-02
1.918112983306248798e-01,3.159399641056855751e-02,3.585590903336803841e-03,8.352522658808229039e+01,8.737285435199737549e-02
1.918357163667678833e-01,-1.401567334930102146e-02,-2.851199296613534523e-02,-1.538225996455577160e+02,8.790757507085800171e-02
1.919292857249577933e-01,2.430165341744825337e-03,3.170739797254402970e-02,4.382779559730689556e+00,9.020013362169265747e-02
1.920390079418818341e-01,-2.443157446881129811e-03,3.172313297788301872e-02,-4.403941788749659914e+00,9.089995175600051880e-02
1.920484900474548340e-01,1.141784961024920261e-02,-2.968390037616093838e-02,1.589608666348723602e+02,8.575741201639175415e-02
1.924806137879689627e-01,-2.125023057063420498e-02,-2.376212365925312042e-02,-1.381940509827796006e+02,8.650518208742141724e-02
1.924921522537867136e-01,-1.238017342984676361e-02,2.934992934266725945e-02,-2.287063571938054807e+01,8.921226859092712402e-02
1.927020649115244455e-01,-2.858951625724633766e-02,1.418824369708697117e-02,-6.360597424473652950e+01,8.756689727306365967e-02
1.929001957178115845e-01,2.174855768680572510e-02,-2.347500560184320045e-02,1.371862533503988004e+02,8.567614853382110596e-02
1.930551926294962750e-01,2.791172390182812893e-02,1.562382249782482899e-02,6.076171179100435182e+01,8.982376754283905029e-02
1.931189050277074271e-01,1.174561725929379463e-02,2.977961177627245701e-02,2.152517256317405270e+01,9.029930084943771362e-02
1.932581116755803241e-01,-1.693647447973489761e-02,2.718627266585826874e-02,-3.192203565055895353e+01,8.784901350736618042e-02
1.933175573746363507e-01,2.694027560452620304e-02,-1.731708490600188804e-02,1.227327225662273094e+02,8.993857353925704956e-02
1.935831308364868164e-01,-2.697821458180745327e-02,-1.733088058729966713e-02,-1.227168027629188316e+02,8.681716769933700562e-02
1.938551664352416992e-01,-3.060993303855260445e-02,9.672609778741994915e-03,-7.246368347295221213e+01,8.852846175432205200e-02
1.939156353473663330e-01,3.008298637966315067e-02,1.126244648670156855e-02,6.947514158840557741e+01,8.820895105600357056e-02
1.939214368661244803e-01,3.165054880082607269e-02,-5.608365638181567192e-03,1.000483088792310440e+02,9.016215801239013672e-02
1.940205742915471210e-01,-1.474153172845641194e-03,-3.210721785823504593e-02,-1.773711992095134349e+02,8.731786906719207764e-02
1.941687613725662231e-01,-1.002705718080202854e-02,-3.056396606067816879e-02,-1.618369953830539600e+02,8.882801979780197144e-02
1.942361493905385150e-01,7.238267843301096974e-03,-3.133983910083770752e-02,1.669949737337653062e+02,8.617169409990310669e-02
1.945134252309799472e-01,-1.784810796380043030e-02,-2.683004612723986423e-02,-1.463670221077369433e+02,8.763910084962844849e-02
1.945176174243291034e-01,1.595964624236027515e-02,2.803147956728935242e-02,2.965490451714664744e+01,9.084090590476989746e-02
1.945398151874542236e-01,1.539048800865809238e-02,-2.832983620464801788e-02,1.514865031366321375e+02,8.525662869215011597e-02
1.947120825449625836e-01,-3.092615616818269325e-02,-8.973354318489631595e-03,-1.061803086751042429e+02,8.885439485311508179e-02
1.947790930668513165e-01,3.068506034711996830e-02,-1.007468672469258308e-02,1.081763253128783475e+02,9.030342847108840942e-02
1.953385919332504272e-01,-2.440416688720385696e-02,2.126524473230044163e-02,-4.893183502977408494e+01,8.560799807310104370e-02
1.954416135946909494e-01,-2.444407778481642521e-02,-2.123373808960119999e-02,-1.309797344718930674e+02,8.688334375619888306e-02
1.954835504293441772e-01,-4.945549337814249269e-03,3.200888633728027344e-02,-8.783063490294921394e+00,8.946420997381210327e-02
1.955053160587946481e-01,-9.865253077199062290e-03,3.083998772005239891e-02,-1.773870052932909047e+01,8.919908851385116577e-02
1.962810804446538382e-01,2.354988642036915172e-02,2.242106944322586060e-02,4.640661540030196619e+01,8.946738392114639282e-02
1.962978293498356952e-01,4.892439891894660720e-03,3.216039203107357025e-02,8.649872782132380422e+00,8.872474730014801025e-02
1.963712324698765888e-01,-2.744319786628087593e-02,1.747126846263805794e-02,-5.751778981812876879e+01,8.667120337486267090e-02
1.965186794598897113e-01,-3.254363437493641709e-02,-1.180485123768442867e-04,-9.020783332905780583e+01,8.931643515825271606e-02
1.965327858924865723e-01,3.252426783243815567e-02,1.933837227018860407e-03,8.659729721178784700e+01,8.731503039598464966e-02
1.965525647004445486e-01,-2.942707824210325646e-02,-1.385111734271049500e-02,-1.152060339174810935e+02,8.847141265869140625e-02
1.968349417050679340e-01,2.675207145512104381e-02,1.865574096639951301e-02,5.510974355596587060e+01,8.899929374456405640e-02
1.968689511219660626e-01,9.424226979414621411e-03,3.127859098215898109e-02,1.676753321236675731e+01,8.877044171094894409e-02
1.971603731314341135e-01,-1.916812825947999954e-02,2.643521626790364468e-02,-3.594580040895223050e+01,8.877597004175186157e-02
1.974963198105494089e-01,2.716186642646789551e-02,-1.825977892925342155e-02,1.239112786452457868e+02,8.928199857473373413e-02
1.975567738215128488e-01,3.265905504425366951e-02,-2.648535887904775784e-03,9.463634254236262677e+01,8.935596048831939697e-02
1.979842136303583966e-01,-3.240742658575375412e-02,-5.045925538676480741e-03,-9.885004891571858820e+01,8.991600573062896729e-02
1.983816524346669330e-01,-2.296019718050957073e-02,2.359655126929283142e-02,-4.421690980419509032e+01,8.721102029085159302e-02
1.986456513404846191e-01,3.087630184988180912e-02,-1.148174935951828957e-02,1.103982974647423845e+02,8.876168727874755859e-02
1.987280249595642090e-01,-3.178095134596030380e-02,8.571247104555368423e-03,-7.490657374326636386e+01,9.029407799243927002e-02
1.987483004728952951e-01,2.249944272140661991e-02,-2.410409351189931465e-02,1.369720265414618154e+02,8.590360730886459351e-02
1.987682133913040161e-01,3.138561546802520752e-02,9.976877675702175083e-03,7.236555005101207882e+01,8.628866076469421387e-02
1.992122630278269635e-01,-1.008470480640729326e-02,-3.142892631391684677e-02,-1.622099487900132146e+02,8.951795846223831177e-02
1.992163459459940500e-01,-1.639509845214584885e-03,-3.296592583258946968e-02,-1.771528280039708818e+02,8.765920996665954590e-02
1.992631703615188599e-01,7.249947249268492641e-03,-3.219600332280000282e-02,1.673097138424271293e+02,8.647823333740234375e-02
1.992635031541188650e-01,1.776049782832463814e-02,2.786015594998995926e-02,3.251699649203059295e+01,8.884251862764358521e-02
1.994102199872335168e-01,-1.790109959741433693e-02,-2.777005483706792427e-02,-1.471934106202333794e+02,9.001010656356811523e-02
1.994328250487645560e-01,-1.297959545627236540e-02,3.032107589145501339e-02,-2.317439827139415343e+01,8.861142396926879883e-02
1.995914528767267770e-01,1.557925467689832109e-02,-2.918521873652935028e-02,1.519064177731903271e+02,8.719798922538757324e-02
1.997799873352050781e-01,2.935976845522721493e-02,-1.543113496154546738e-02,1.177258661991628230e+02,8.793777972459793091e-02
1.998115976651509695e-01,-2.502391890933110784e-03,3.301359588901202347e-02,-4.334664092587945383e+00,8.918381482362747192e-02
1.999402145544688092e-01,3.271543482939402725e-02,5.184996092187551739e-03,8.099422499260170127e+01,8.593407273292541504e-02
2.000814924637476788e-01,-3.293229267001152039e-02,3.678249234023193374e-03,-8.362697568213530985e+01,9.070968627929687500e-02
2.001716792583465576e-01,2.171356976032257080e-02,2.507257647812366833e-02,4.089350119391050242e+01,8.837226778268814087e-02
2.002466171979904175e-01,2.534457296133041382e-02,-2.155448682606220245e-02,1.303797571521019734e+02,8.779484778642654419e-02
2.003219226996104108e-01,-1.772616958866516865e-02,2.807996111611525333e-02,-3.226318206298878977e+01,8.955156058073043823e-02
2.004264791806538992e-01,-2.464176403979460167e-02,-2.226351760327816010e-02,-1.320974080267232296e+02,8.828947693109512329e-02
2.007355988025665283e-01,2.462274550149843189e-03,3.318083658814430237e-02,4.244010833450325038e+00,8.914417028427124023e-02
2.012189179658889771e-01,-2.891884992520014908e-02,1.659649827828010155e-02,-6.014853015983642592e+01,8.646967262029647827e-02
2.016523232062658044e-01,-2.986958436667919159e-02,-1.487614338596662117e-02,-1.164749805012490640e+02,8.843636512756347656e-02
2.017760127782821655e-01,-1.412631260852019108e-02,-3.031696192920208324e-02,-1.550166417061482207e+02,9.096851199865341187e-02
2.018005748589833392e-01,2.723660048407813492e-03,-3.331621612111727859e-02,1.753263612737266897e+02,8.628949522972106934e-02
2.018035203218460083e-01,2.837731502950191498e-02,1.769798621535301208e-02,5.804958391549727992e+01,8.866955339908599854e-02
2.018345594406127930e-01,3.311146795749664307e-02,-4.769383003197921397e-03,9.819652073055061692e+01,8.842378109693527222e-02
2.018475979566574097e-01,-5.994317936711013317e-03,-3.292560329039891792e-02,-1.696819400438946559e+02,8.924796432256698608e-02
2.020657807588577271e-01,3.229420321683088707e-02,-9.136275388300418854e-03,1.057966111537224663e+02,8.768823742866516113e-02
2.020789533853530884e-01,1.118617178872227669e-02,3.163820753494898941e-02,1.947182628823583883e+01,8.825241774320602417e-02
2.021228323380152569e-01,1.966193070014318062e-02,-2.705507042507330692e-02,1.439926940258883974e+02,8.629266917705535889e-02
2.021271487077077322e-01,1.161829568445682526e-02,-3.139544713000456955e-02,1.596923476305969700e+02,8.800531178712844849e-02
2.023622741301854266e-01,-2.150090845922629154e-02,-2.573191188275814056e-02,-1.401187572613926591e+02,9.028232097625732422e-02
2.024226089318593436e-01,-3.123618662357330669e-02,1.221211083854238308e-02,-6.864647155949785429e+01,8.913098275661468506e-02
2.027545273303985596e-01,-1.118934356297055996e-02,3.161169091860453750e-02,-1.949203828954276219e+01,8.935039490461349487e-02
2.028763492902119769e-01,3.083959656457106041e-02,1.338049893577893633e-02,6.654523205706200883e+01,8.757374435663223267e-02
2.029172281424204694e-01,-2.371318514148394382e-02,2.394145354628562927e-02,-4.472555208636009638e+01,8.768521994352340698e-02
2.030747930208841867e-01,1.530841365456581289e-02,2.996790471176306175e-02,2.705917023082528416e+01,8.778288960456848145e-02
2.030879954497019635e-01,-3.304305175940195488e-02,-6.345288168328503189e-03,-1.008702348320491353e+02,9.077019244432449341e-02
2.031550655762354718e-01,-5.631843737016118366e-03,3.313531229893366264e-02,-9.646096921583037442e+00,8.965766429901123047e-02
2.036674569050470895e-01,2.957186972101529324e-02,-1.640956227978070808e-02,1.190260893716825592e+02,8.694989234209060669e-02
2.036677549282709943e-01,-2.761840696136156487e-02,-1.938568614423274994e-02,-1.250654702300140144e+02,8.818825334310531616e-02
2.042230168978373117e-01,-2.055891230702400208e-02,2.691695777078469826e-02,-3.737224156317576274e+01,8.895035088062286377e-02
2.045527100563049594e-01,2.718612737953662872e-02,-2.020750070611635960e-02,1.266234930898534685e+02,8.715830743312835693e-02
2.045985261599223004e-01,2.362950767079989231e-02,2.431362060209115231e-02,4.418248714463434368e+01,8.805512636899948120e-02
2.047218531370163241e-01,-2.663280690709750320e-02,2.073537682493527962e-02,-5.209691610142598250e+01,8.588066697120666504e-02
2.047693928082783832e-01,3.374206647276878357e-02,3.291888662109461634e-03,8.442783627767862242e+01,8.721692860126495361e-02
2.049156228701273785e-01,-3.200428746640682220e-02,-1.129774299139777935e-02,-1.094433971457476105e+02,8.967353403568267822e-02
2.051256547371546612e-01,-3.388695915540059639e-02,2.504936652258038087e-03,-8.577236368005239342e+01,8.998037129640579224e-02
2.054466406504313336e-01,3.156990682085354660e-02,-1.253161036098996914e-02,1.116505022618925693e+02,8.656679838895797729e-02
2.054988592863082886e-01,4.652032473435006865e-03,3.376792743802070618e-02,7.843967549887122637e+00,8.826816827058792114e-02
2.056397497653961182e-01,3.400331238905589248e-02,-2.080117318352373360e-03,9.350064738147986532e+01,8.766570687294006348e-02
2.056765059630076276e-01,2.709106790522734440e-02,2.070435881614685059e-02,5.261111533611194346e+01,8.882050216197967529e-02
2.062710920969645090e-01,8.844142624487480106e-03,3.310709943373998237e-02,1.495659167921662558e+01,8.733072876930236816e-02
2.066666235526402606e-01,-3.413392603397369385e-02,-2.590723723794022618e-03,-9.434035877334399345e+01,8.944131433963775635e-02
2.068024923404057913e-01,-1.421910276015599627e-02,-3.119747464855512215e-02,-1.554975753262671674e+02,9.261684119701385498e-02
2.070707132418950214e-01,2.520150388590991497e-03,-3.421246012051900459e-02,1.757871002503120224e+02,8.589677512645721436e-02
2.070746620496114188e-01,-6.348205924344560089e-03,-3.374487037460009720e-02,-1.693458333760658263e+02,9.003290534019470215e-02
2.073653042316436768e-01,1.159974280744791031e-02,-3.233103702465693619e-02,1.602630078052777947e+02,8.825728297233581543e-02
2.073762863874435702e-01,-3.249197018643220497e-02,1.119433514152963841e-02,-7.098982827408934781e+01,8.806203305721282959e-02
2.074943681557973596e-01,-2.154976315796375275e-02,-2.679643593728542328e-02,-1.411936688982334829e+02,9.132483601570129395e-02
2.076828231414158954e-01,2.003056680162747932e-02,-2.792866155505180359e-02,1.443517320630527649e+02,8.885887265205383301e-02
2.079168558120727539e-01,3.228833712637424469e-02,1.200627690802017963e-02,6.960256915427466140e+01,8.775856345891952515e-02
2.079200893640518188e-01,-5.314223313083249293e-03,3.401374941070874069e-02,-8.879960249946806883e+00,9.128928184509277344e-02
2.080066104729970389e-01,1.732087259491284920e-02,2.979006866614023960e-02,3.017505120645413896e+01,8.739729225635528564e-02
2.080677400032679425e-01,-1.410195603966712952e-02,3.148073454697926377e-02,-2.413023767706947353e+01,8.969821035861968994e-02
2.086221675078074322e-01,2.168889467914899422e-02,2.692336402833461761e-02,3.885418639591188850e+01,8.813977986574172974e-02
2.086378981669744226e-01,3.386098767320315506e-02,6.709548217865328283e-03,7.879203463450235745e+01,8.775634318590164185e-02
2.086471319198608398e-01,-1.872495065132777012e-02,2.902711617449919498e-02,-3.282544606765130624e+01,8.835802972316741943e-02
2.087258646885553903e-01,-3.399140139420827461e-02,6.380158825777471066e-03,-7.936931946178999908e+01,8.849581331014633179e-02
2.087734937667846680e-01,-2.789310365915298462e-02,-2.045961904029051578e-02,-1.262600837828786098e+02,8.901467919349670410e-02
2.089580148458480835e-01,2.710493033130963528e-02,-2.152619200448194908e-02,1.284558980378337196e+02,8.662261068820953369e-02
2.094658066829045706e-01,-1.053138294567664522e-02,-3.312870611747106148e-02,-1.623649050933448166e+02,9.195122867822647095e-02
2.095687935749689923e-01,-1.804274444778760506e-02,-2.971509161094824589e-02,-1.487342412712840201e+02,9.270095825195312500e-02
2.095804860194524222e-01,-2.761811266342798638e-02,2.077239751815795898e-02,-5.305209453573903033e+01,8.851793408393859863e-02
2.097135484218597690e-01,-2.196907492664952784e-03,-3.468143691619237495e-02,-1.763754220910217043e+02,8.805142343044281006e-02
2.097714642683665143e-01,7.027884712442755699e-03,-3.402783721685409546e-02,1.683305855400849680e+02,8.633747696876525879e-02
2.099819580713908063e-01,2.189757923285171916e-03,3.479020670056343079e-02,3.601547953421248227e+00,8.835791051387786865e-02
2.101491739352544241e-01,3.211513099571069313e-02,-1.324103819206357176e-02,1.124063077164772295e+02,8.914820104837417603e-02
2.102211266756057739e-01,-3.245915037890275551e-02,-1.262751516575614727e-02,-1.112574237135977029e+02,8.962581306695938110e-02
2.103895992040634155e-01,1.592933790137370659e-02,-3.099439976116021705e-02,1.527994441710337412e+02,9.001615643501281738e-02
2.105790128310521536e-01,-2.184771467000240410e-03,3.489243114988009598e-02,-3.582868083598980569e+00,8.998887985944747925e-02
2.106159528096517297e-01,3.466384361187617447e-02,-4.157253347026805372e-03,9.683884988932433657e+01,8.769510686397552490e-02
2.106643120447794781e-01,-2.496531543632348610e-02,-2.440197455386320519e-02,-1.343462137761070778e+02,9.015841782093048096e-02
2.107731650273005353e-01,2.383619919419288635e-02,-2.550344044963519241e-02,1.369353516674253228e+02,8.759509772062301636e-02
2.107833574215571271e-01,2.879001448551814224e-02,1.982013384501139439e-02,5.545500707124258355e+01,8.997303992509841919e-02
2.108736286560694284e-01,1.089053135365247726e-02,3.326402480403582024e-02,1.812827500686992721e+01,8.681420236825942993e-02
2.108792215585708618e-01,-1.072922768071293831e-02,3.320210923751195503e-02,-1.790818569739992228e+01,9.101811796426773071e-02
2.110312283039093018e-01,-3.115993924438953747e-02,1.561574327449003971e-02,-6.338234954489985995e+01,8.803799003362655640e-02
2.116133073965708600e-01,1.524501945823431015e-02,3.161729685962200165e-02,2.574212814376112490e+01,8.735030144453048706e-02
2.118802467981974469e-01,-3.489193444450696541e-02,-3.830987145192921162e-03,-9.626573715697058731e+01,8.878835290670394897e-02
2.119508783022562848e-01,3.152500217159589363e-02,1.543953921645879745e-02,6.390644944602588851e+01,9.000691026449203491e-02
2.120635658502578735e-01,-3.059914397696654464e-02,-1.727984845638275146e-02,-1.194541438709202197e+02,8.921506255865097046e-02
2.127752949794133597e-01,3.003589684764543938e-02,-1.843768140921990192e-02,1.215438856534660204e+02,8.899559080600738525e-02
2.128717303276062012e-01,3.394927456974983215e-02,-9.469623987873397597e-03,1.055856205067076132e+02,8.920545876026153564e-02
2.133484135071436472e-01,-2.091422180334727085e-02,2.846619300544261932e-02,-3.630486847159641428e+01,8.966548740863800049e-02
2.135415871938069754e-01,-2.519629585246245182e-02,2.481572826703389717e-02,-4.543598506545412619e+01,9.100151062011718750e-02
2.136071225007374896e-01,-3.425592308243115974e-02,-8.915323764085769653e-03,-1.045879766233340433e+02,9.006951004266738892e-02
2.138452281554539813e-01,-3.505713740984599258e-02,5.170503359598417788e-03,-8.161005185197069522e+01,8.516170084476470947e-02
2.141176164150238037e-01,2.353743650019168854e-02,2.658156057198842598e-02,4.152424296501642687e+01,8.858253061771392822e-02
2.141188780466715402e-01,3.510030110677083565e-02,4.963526929107804804e-03,8.195118157473837073e+01,8.909594267606735229e-02
2.145337661107381277e-01,-1.061040411392847639e-02,-3.398774440089862015e-02,-1.626625112669885311e+02,9.293750673532485962e-02
2.147522221008936749e-01,-1.796422526240348816e-02,-3.076327157517274452e-02,-1.497171901020868177e+02,9.227409213781356812e-02
2.150086015462875366e-01,-2.434196416288614273e-03,-3.555058439572652412e-02,-1.760829945378186494e+02,8.805967867374420166e-02
2.151251236597696848e-01,4.873673742016159695e-03,3.534983098506927490e-02,7.849869684663902447e+00,8.722275495529174805e-02
2.151678601900736676e-01,-1.031062798574566841e-02,3.404679770270983841e-02,-1.684825104652126271e+01,9.029624611139297485e-02
2.152008265256881714e-01,2.717699607213338447e-02,2.308759217460950447e-02,4.965120028604989955e+01,8.965041488409042358e-02
2.152038812637329102e-01,6.943211968367299022e-03,-3.496928885579109192e-02,1.687698792417013749e+02,8.724494278430938721e-02
2.152265757322311679e-01,3.564191112915675308e-02,-5.312686553224927732e-04,9.085397209971102939e+01,8.858592808246612549e-02
2.152445614337921143e-01,9.382337021330991803e-03,3.448447709282239509e-02,1.522028589959976053e+01,8.661648631095886230e-02
2.152617474397023611e-01,-4.895623618115978529e-03,3.536727403601010872e-02,-7.880940075775237474e+00,8.999853581190109253e-02
2.154586414496103830e-01,-3.571070358157157898e-02,5.501776468008691585e-05,-8.991172721609591179e+01,8.599329739809036255e-02
2.156578550736109601e-01,1.592686679214239120e-02,-3.197890209654966759e-02,1.535247235134017671e+02,8.963769674301147461e-02
2.159692992766698294e-01,-3.218510250250498222e-02,1.538550915817419630e-02,-6.445070760929519338e+01,9.128270298242568970e-02
2.159704168637593402e-01,-2.510154619812965393e-02,-2.551840431988239288e-02,-1.354718232810982670e+02,9.016749262809753418e-02
2.165855616331100464e-01,2.391187474131584167e-02,-2.675020570556322849e-02,1.382066302121340584e+02,8.852675557136535645e-02
2.170538802941640311e-01,-1.421960474302371227e-02,-3.310469289620717598e-02,-1.567548125572781714e+02,9.317625313997268677e-02
2.171349426110585901e-01,3.308992522458235885e-02,1.409367378801107407e-02,6.692985633096159859e+01,9.147650748491287231e-02
2.172215729951858521e-01,1.697725957880417622e-02,3.184282593429088593e-02,2.806466826256816560e+01,8.614519238471984863e-02
2.172787785530090332e-01,-3.090286999940872539e-02,-1.848478553195794655e-02,-1.208860731155100865e+02,9.014643728733062744e-02
2.174337208271026611e-01,-3.458286946018537117e-02,9.754445559034746055e-03,-7.424836149736920277e+01,8.797262609004974365e-02
2.174376746018727713e-01,-6.664516016220053615e-03,-3.547305613756179810e-02,-1.693595655984397865e+02,9.102743864059448242e-02
2.177981833616892404e-01,2.198188720891872897e-03,-3.602305923899015022e-02,1.765080434623922372e+02,8.681248873472213745e-02
2.178340107202529907e-01,-1.867616114517053200e-02,3.089472775657971584e-02,-3.115336688147298005e+01,9.143707156181335449e-02
2.179323236147562570e-01,3.029005912443002296e-02,-1.964755325267712391e-02,1.229693337844194048e+02,8.957099914550781250e-02
2.179839015007019043e-01,-2.160747473438581062e-02,-2.896104566752910614e-02,-1.432738398948829968e+02,9.090704470872879028e-02
2.180659770965576172e-01,1.151259895414113998e-02,-3.425699099898338318e-02,1.614242701515560157e+02,8.878628909587860107e-02
2.182160019874572754e-01,-1.364024231831232822e-02,3.345411519209544327e-02,-2.218219011669022933e+01,9.044654667377471924e-02
2.185819000005722046e-01,3.509257361292839050e-02,8.914390190814931031e-03,7.574691429728099479e+01,9.056776762008666992e-02
2.187634756167729511e-01,2.010377123951911926e-02,-3.015992914636930061e-02,1.463136785757879181e+02,8.941207081079483032e-02
2.188683897256851196e-01,3.447980806231498718e-02,-1.123203570023179054e-02,1.080433774723798450e+02,9.096647053956985474e-02
2.188863009214401523e-01,-3.483002260327339172e-02,-1.014338325088222879e-02,-1.062368953064749206e+02,8.888953179121017456e-02
2.189432183901469098e-01,-2.720016365249951912e-02,2.399059695502122475e-02,-4.858764401022884982e+01,9.291295707225799561e-02
2.190641313791275024e-01,-2.710852151115729011e-03,3.620507568120956421e-02,-4.282026801937380611e+00,8.848179876804351807e-02
2.191103249788284302e-01,2.090165453652540611e-02,2.967379428446292877e-02,3.516013562916432278e+01,8.663493394851684570e-02
2.192948112885157452e-01,-2.833306044340133667e-02,-2.278098588188489509e-02,-1.288007620091120486e+02,8.995512127876281738e-02
2.195245623588562289e-01,2.683915818730996019e-03,3.628985707958539558e-02,4.229765670955994317e+00,8.733698725700378418e-02
2.198111712932586670e-01,1.311692936966816700e-02,3.395364930232365464e-02,2.112247844083857373e+01,8.509226888418197632e-02
2.199201881885528564e-01,-3.064714372158050537e-02,1.971703208982944489e-02,-5.724454297471326214e+01,9.367409348487854004e-02
2.199274400870005475e-01,2.743476815521717072e-02,-2.398282910386721409e-02,1.311591905077734737e+02,8.812967687845230103e-02
2.207155177990595685e-01,-3.333697592218717171e-02,-1.506051172812779802e-02,-1.143118339063861981e+02,8.937720209360122681e-02
2.207369456688562936e-01,-3.657766804099082947e-02,-1.133586435268322916e-03,-9.177509776141043574e+01,8.594845235347747803e-02
2.209220180908838815e-01,2.895517026384671760e-02,2.238773182034492493e-02,5.228930703756709875e+01,8.954311907291412354e-02
2.212437788645426340e-01,3.660077850023905899e-02,-1.936893366898099654e-03,9.302923595550228697e+01,8.917172998189926147e-02
2.213028619686762399e-01,3.289982676506042480e-02,-1.621332174787918842e-02,1.162344802723025481e+02,9.148462116718292236e-02
2.216886132955551425e-01,3.213311173021793365e-02,1.777440806229909492e-02,6.105085596423401739e+01,9.133534133434295654e-02
2.222618659337361746e-01,-1.440328421692053593e-02,-3.397218883037567139e-02,-1.570243761960205404e+02,9.221242368221282959e-02
2.224112351735433313e-01,-2.092658542096614838e-02,3.037575818598270416e-02,-3.456388453926289372e+01,9.196268767118453979e-02
2.224377294381459647e-01,-3.633299842476844788e-02,-6.247650831937791652e-03,-9.975689247498566203e+01,8.756352961063385010e-02
2.225153644879659109e-01,-7.023357398187120466e-03,-3.626275683442751335e-02,-1.690386892829312444e+02,8.901919424533843994e-02
2.226298153400421143e-01,3.615324447552363540e-02,-7.325289770960807800e-03,1.014540780352347724e+02,9.004192054271697998e-02
2.227142155170440674e-01,-3.565577541788418625e-02,9.135728546728692778e-03,-7.562882558762316876e+01,8.927608281373977661e-02
2.231825639804204398e-01,-1.069374258319536961e-02,3.534480805198352005e-02,-1.683344438221960715e+01,8.990945667028427124e-02
2.232426504294077463e-01,2.098351639385024996e-03,-3.693770741422971321e-02,1.767486446235107564e+02,8.718255907297134399e-02
2.233272691567739221e-01,-2.516851387917995453e-02,2.712209212283293869e-02,-4.286042344174023810e+01,9.210254251956939697e-02
2.233818421761195050e-01,-2.166736250122388435e-02,-3.003308176994323730e-02,-1.441914410512678160e+02,8.938907831907272339e-02
2.234138747056325369e-01,1.152564740429322040e-02,-3.519228597482045723e-02,1.618661230961590149e+02,8.741361647844314575e-02
2.237841238578160419e-01,2.014405404527982307e-02,-3.113585151731967926e-02,1.470982249084240436e+02,8.910907059907913208e-02
2.239368061224619733e-01,-5.179356783628460276e-03,3.677529220779737068e-02,-8.016693066878477936e+00,8.824242651462554932e-02
2.243687808513641357e-01,5.417414630452794741e-03,3.679984062910079956e-02,8.374532128283508570e+00,8.747092634439468384e-02
2.243889421224594116e-01,3.642355899016062881e-02,7.461970439180731773e-03,7.842220935005617832e+01,9.246633201837539673e-02
2.244040270646413260e-01,-3.699700782696406509e-02,3.363182147343953595e-03,-8.480585094623725695e+01,8.642031252384185791e-02
2.245359520117441998e-01,1.134176490207513231e-02,3.532898674408595230e-02,1.779833594233058847e+01,8.583247661590576172e-02
2.246624082326889038e-01,-2.859194887181123329e-02,-2.387952369948228432e-02,-1.298680752762847703e+02,8.917325735092163086e-02
2.248194416364034109e-01,-1.115292496979236603e-02,-3.564494103193283081e-02,-1.626256504947864130e+02,8.996543288230895996e-02
2.248934010664622174e-01,2.272618003189563751e-02,2.949474068979422020e-02,3.761483946264525002e+01,8.700603246688842773e-02
2.249237795670827322e-01,2.757803971568743504e-02,-2.507434412837028503e-02,1.322775550626934944e+02,8.795940876007080078e-02
2.252218623956044607e-01,-3.236749519904454780e-02,1.857970220347245766e-02,-6.014316421076907915e+01,9.284707158803939819e-02
2.253581484158833914e-01,-1.820779250313838554e-02,-3.270280361175537109e-02,-1.508924489728488822e+02,8.979229629039764404e-02
2.255307585000992099e-01,-2.892874879762529459e-03,-3.725493326783180237e-02,-1.755598475180301818e+02,8.642150461673736572e-02
2.256218840678533011e-01,2.714013618727525307e-02,2.570264662305513786e-02,4.655824075652086691e+01,8.884633332490921021e-02
2.259431233008702689e-01,3.739015385508537292e-02,2.105482465897997799e-03,8.677701267616181724e+01,9.158031642436981201e-02
2.259962459405263357e-01,6.856423337012530241e-03,-3.681923200686772896e-02,1.694512902566908110e+02,8.624234050512313843e-02
2.260264009237289429e-01,1.598019804805517197e-02,-3.389011944333712029e-02,1.547547299977064199e+02,8.796202391386032104e-02
2.261474877595901489e-01,-3.371945147713025642e-02,-1.637460353473822391e-02,-1.159018116951156685e+02,8.842363953590393066e-02
2.265514681736628400e-01,-3.497835993766784668e-02,1.362946225951115406e-02,-6.871141927969873109e+01,9.175913035869598389e-02
2.266025493542353497e-01,2.409542910754680634e-02,-2.881764310101668156e-02,1.400998368253837043e+02,8.805348724126815796e-02
2.267359544833501273e-01,-2.542032239337762428e-02,-2.768897823989391327e-02,-1.374460015173448824e+02,8.786766231060028076e-02
2.267794360717137747e-01,3.324299554030100967e-02,-1.754713306824366020e-02,1.178270872878688493e+02,8.787064999341964722e-02
2.269166857004165927e-01,3.378724555174510147e-02,1.648107698808113503e-02,6.399734757642989535e+01,9.123937785625457764e-02
2.275421867767969952e-01,-1.840239949524402618e-02,3.293404293557008339e-02,-2.919494244714996256e+01,9.214361011981964111e-02
2.277760157982508249e-01,-3.700376302003860474e-02,-7.493333114931981925e-03,-1.014477020217399854e+02,8.717416971921920776e-02
2.279315243164698468e-01,-1.320547548433144945e-02,3.534370536605517532e-02,-2.048720625918712557e+01,9.108091145753860474e-02
2.280783454577128000e-01,-3.154423398276170326e-02,-2.089741515616575993e-02,-1.235236655349493162e+02,8.841100335121154785e-02
2.281188269456227713e-01,3.681330879529317451e-02,-8.599794624994199638e-03,1.031488149951666173e+02,9.054580330848693848e-02
2.281700571378072473e-01,3.607504442334175110e-02,1.134792296215891838e-02,7.253828315302541796e+01,9.327910840511322021e-02
2.284052371978759766e-01,3.077649946014086521e-02,-2.207287959754467010e-02,1.256480590976862430e+02,8.578676730394363403e-02
2.286558200915654870e-01,-2.717839926481246948e-02,2.640274042884509231e-02,-4.582937529513658603e+01,9.173429757356643677e-02
2.287103086709976196e-01,2.733498811721807829e-03,3.782099857926368713e-02,4.133843586016140215e+00,8.823947608470916748e-02
2.287387649218241559e-01,-2.468504632512722157e-03,3.788123155633608963e-02,-3.728369011184938131e+00,8.786616474390029907e-02
2.293026944001515799e-01,1.455152221024036407e-02,3.501397247115771438e-02,2.256737316268317173e+01,8.727268129587173462e-02
2.295734435319900790e-01,-3.093040051559607650e-02,2.213391537467639114e-02,-5.441234243728014519e+01,9.171768277883529663e-02
2.296565572420756207e-01,-3.588326275348663330e-02,-1.270315734048684322e-02,-1.094946474476600997e+02,8.754660189151763916e-02
2.297420998414357596e-01,2.018679492175579071e-02,3.226490008334319259e-02,3.203248838723707337e+01,8.799647539854049683e-02
2.298339754343032837e-01,3.548304115732511116e-02,-1.384035187462965763e-02,1.113085387849551608e+02,8.785638958215713501e-02
2.298985520998637067e-01,-1.244004474331935305e-02,-3.609639654556910660e-02,-1.609843086271733341e+02,8.701378107070922852e-02
2.299628903468450003e-01,-3.798983121911685135e-02,2.365649212151765823e-03,-8.643675887948712955e+01,8.839717507362365723e-02
2.303871264060338431e-01,-1.705157166967789448e-02,-3.417168309291204048e-02,-1.534809355975832830e+02,8.730719238519668579e-02
2.306600213050842285e-01,2.910861435035864975e-02,2.476105093955993652e-02,4.961406841250480682e+01,8.966538310050964355e-02
2.311334063609441491e-01,-3.103992358470956774e-03,-3.817520166436831619e-02,-1.753515560234474435e+02,8.620092272758483887e-02
2.311882277329762869e-01,3.257778224845727516e-02,2.015280506263177063e-02,5.825882456014043242e+01,9.026619791984558105e-02
2.313185681899388724e-01,1.707935364296039177e-02,-3.431263938546180725e-02,1.535378563309894844e+02,8.611513674259185791e-02
2.313780834277470999e-01,3.834978615244229866e-02,6.882228190079335735e-04,8.897188395225300894e+01,9.131700545549392700e-02
2.315674771865208759e-01,6.813978931556146507e-03,-3.777114177743593620e-02,1.697737333394726420e+02,8.677183091640472412e-02
2.316340953111648837e-01,-3.824125602841377258e-02,-3.376801653454701829e-03,-9.504627658551342506e+01,8.753595501184463501e-02
2.318718383709589548e-01,2.529259833196799076e-02,-2.890952986975511146e-02,1.388177122507125034e+02,8.730852603912353516e-02
2.320092618465423862e-01,-3.646761924028396606e-02,1.219411473721265966e-02,-7.151099346017895186e+01,9.144628047943115234e-02
2.321677505970001221e-01,3.822047511736552383e-02,-4.628657867821553765e-03,9.690512990157253626e+01,8.941230922937393188e-02
2.324715107679367065e-01,-2.466814468304316318e-02,-2.954554744064807892e-02,-1.401408465441466831e+02,8.761257678270339966e-02
2.327843606472015381e-01,-2.040622569620609283e-02,3.275764174759387970e-02,-3.192065686282347414e+01,9.196992963552474976e-02
2.329819599787394391e-01,-2.494029700756073345e-02,2.948000530401866104e-02,-4.023146179680620804e+01,9.142076224088668823e-02
2.331927220026652203e-01,2.976578722397486484e-02,-2.451794035732746124e-02,1.294781245240923511e+02,8.489879220724105835e-02
2.331971228122711459e-01,-8.521594650422533931e-03,-3.763448074460029602e-02,-1.672416276868239606e+02,8.584696054458618164e-02
2.333280295133590976e-01,3.738039235273997452e-02,9.937821421772243327e-03,7.511192728401501029e+01,9.043624252080917358e-02
2.337025205294291363e-01,-1.059640912959973133e-02,3.728828951716423035e-02,-1.586383785231083010e+01,8.953208476305007935e-02
2.337156981229782104e-01,-3.165780318280061317e-02,-2.237541725238164150e-02,-1.252522859645789310e+02,8.757317811250686646e-02
2.337220609188079834e-01,5.762206080059215085e-03,3.830593203504880501e-02,8.554632021841214851e+00,8.973752707242965698e-02
2.337308724721272601e-01,-3.813785811265309189e-02,6.702848089238008442e-03,-8.003189069498618835e+01,9.094009548425674438e-02
2.337555189927419397e-01,-5.373824077347911198e-03,3.839533155163129402e-02,-7.967382326675229720e+00,8.798437565565109253e-02
2.341463764508565359e-01,-1.975896395742893219e-02,-3.335853045185407234e-02,-1.493608427879032945e+02,8.664888888597488403e-02
2.341472754875819073e-01,1.165587920695543463e-02,3.696975981195767952e-02,1.749909599769767610e+01,9.040918201208114624e-02
2.342772732178370065e-01,1.258235859374205214e-02,-3.656671568751335144e-02,1.610120076246835765e+02,8.609622716903686523e-02
2.343455801407496042e-01,2.244037886460622383e-02,-3.165025822818279266e-02,1.446629426461653338e+02,8.651722222566604614e-02
2.344165295362472534e-01,1.844789755220215249e-03,-3.880988558133443428e-02,1.772785499074328754e+02,8.749147504568099976e-02
2.349818746248881207e-01,3.868853921691577102e-02,4.634609251903992061e-03,8.316892884973056255e+01,8.936016261577606201e-02
2.350561022758484164e-01,-3.271410303811232712e-02,2.114201212922732151e-02,-5.712678852864243595e+01,9.089495986700057983e-02
2.350664983193079538e-01,2.268214647968610012e-02,3.165996198852856491e-02,3.561894747376575765e+01,9.081818908452987671e-02
2.352559367815653391e-01,2.719000975290934360e-02,2.794820691148439812e-02,4.421218417810532486e+01,9.064679592847824097e-02
2.352790037790934430e-01,-3.636134043335914612e-02,-1.410462272663911068e-02,-1.112013535715081503e+02,8.646688610315322876e-02
2.352871398131052560e-01,3.669167682528495789e-02,-1.300663345803817171e-02,1.095186315713070400e+02,8.697333186864852905e-02
2.360353171825408936e-01,-2.795334036151568211e-02,-2.721409499645233501e-02,-1.342322807050403810e+02,8.808034658432006836e-02
2.361299544572830200e-01,3.414140952130158974e-02,1.914965702841679371e-02,6.071226445380620618e+01,9.059457480907440186e-02
2.361623148123423444e-01,-3.564045702417691780e-02,1.615245143572489536e-02,-6.561970449259170834e+01,9.171149134635925293e-02
2.367087006568908691e-01,3.859043618043263985e-02,-6.912425820094844284e-03,1.001552820721193626e+02,8.925553411245346069e-02
2.370163848002752038e-01,3.665622075398763252e-02,1.406782741347948652e-02,6.900432874622705981e+01,8.872488886117935181e-02
2.371168037255605154e-01,3.204397608836492134e-02,-2.256466758747895790e-02,1.251523694480215170e+02,8.599919825792312622e-02
2.371358474095662250e-01,-1.819298726816972328e-02,3.490799168745677139e-02,-2.752716014597930894e+01,9.242703765630722046e-02
2.372613847255706787e-01,-3.904621923963229324e-02,-4.677372208486001853e-03,-9.683094884925378665e+01,8.753139525651931763e-02
2.374072869618733816e-01,-3.431109835704167915e-02,-1.925407101710637642e-02,-1.192994673949065429e+02,8.650609850883483887e-02
2.376646697521209717e-01,-1.358009471247593677e-02,3.702897702654203010e-02,-2.014012666541803753e+01,9.105189144611358643e-02
2.381547739108403339e-01,3.574549530943234993e-02,-1.651452699055274559e-02,1.147970799545049516e+02,8.710415661334991455e-02
2.384265114863713952e-01,-2.699463441967964172e-02,2.886870813866456581e-02,-4.307859223635045254e+01,9.082733839750289917e-02
2.386958450078964233e-01,3.028707268337415062e-03,3.943228349089622498e-02,4.392139736847799014e+00,8.990746736526489258e-02
2.387008468310038434e-01,-2.905319444835179499e-03,3.946145003040631843e-02,-4.210761260208409240e+00,8.852761983871459961e-02
2.390257517496744977e-01,-3.828680391112963127e-02,-1.019536905611554724e-02,-1.049112331917559970e+02,8.608989417552947998e-02
2.393999795118967877e-01,-3.933197508255641128e-02,5.214655616631110220e-03,-8.244773768430799521e+01,9.047531336545944214e-02
2.394135346015294208e-01,1.481209478030602253e-02,3.680219128727912903e-02,2.192373050373053189e+01,9.142200648784637451e-02
2.394571503003438684e-01,-8.711704285815358162e-03,-3.866078952948252823e-02,-1.673012424410984522e+02,8.700522780418395996e-02
2.395830303430557529e-01,-3.101643919944763184e-02,2.479954001804193092e-02,-5.135552663877818702e+01,9.031814336776733398e-02
2.397182683149973736e-01,-1.865219138562679291e-02,-3.510133177042007446e-02,-1.520146587439299992e+02,8.729935437440872192e-02
2.398933519919713431e-01,2.020308934152126312e-02,3.424146585166454315e-02,3.054137997072792032e+01,9.110721945762634277e-02
2.400170067946116315e-01,3.969022631645202637e-02,2.704535426649576010e-03,8.610182881341077632e+01,8.619635552167892456e-02
2.401317258675893240e-01,1.290953624993562698e-02,-3.748643274108569290e-02,1.609973732997412981e+02,8.759082853794097900e-02
2.401892145474751883e-01,1.791516241307060647e-03,-3.977561866243680549e-02,1.774211088063487693e+02,8.724312484264373779e-02
2.404974152644475394e-01,2.358170350392659737e-02,-3.212032280862331390e-02,1.437150871341437721e+02,8.559858798980712891e-02
2.405807425578435355e-01,2.885900748272737099e-02,2.756606290737787651e-02,4.631266660645109567e+01,9.128905832767486572e-02
2.409265538056691303e-01,3.234123935302098823e-02,2.337575890123844147e-02,5.414116580664512668e+01,9.063602238893508911e-02
2.409541656573613577e-01,3.972143431504567695e-02,-3.525618958519771695e-03,9.507220137590475417e+01,8.799642324447631836e-02
2.412592868010203229e-01,-3.998891140023867752e-02,-4.231138154864319350e-04,-9.060621133247649084e+01,8.792784065008163452e-02
2.418199926614761353e-01,-1.999977044761180878e-02,3.485393151640892029e-02,-2.984792678724986459e+01,9.131134301424026489e-02
2.419207046429316388e-01,-3.719160705804824829e-02,1.496788083265225035e-02,-6.807752299885012803e+01,9.262635558843612671e-02
2.419547885656356812e-01,-2.752356603741645813e-02,-2.906610009570916725e-02,-1.365613948236518240e+02,8.894238620996475220e-02
2.421498994032542096e-01,3.777029986182849075e-02,1.356215092043082035e-02,7.024835043749318686e+01,8.695115894079208374e-02
2.422624429066976282e-01,-1.380391977727413177e-02,-3.769538303216298653e-02,-1.598874429451541914e+02,8.730413764715194702e-02
2.423873345057169504e-01,3.141064445177713799e-02,-2.502767617503802097e-02,1.285474739948932097e+02,8.648591488599777222e-02
2.429102957248687744e-01,-1.136520753304163731e-02,3.867072612047195435e-02,-1.637790013144067913e+01,8.993263542652130127e-02
2.429130574067434045e-01,-2.426734628776709007e-02,3.209228441119194031e-02,-3.709561834734826391e+01,9.026081115007400513e-02
2.430510967969894409e-01,-3.441866487264633179e-02,-2.092299486200014519e-02,-1.212952824043058371e+02,8.673223108053207397e-02
2.431661188602447510e-01,-3.347375507776935606e-03,-4.016724353035291267e-02,-1.752362092644834775e+02,8.711084723472595215e-02
2.431946148475011282e-01,7.087883073836565018e-03,-3.965659191211064888e-02,1.698664393087647966e+02,8.801809698343276978e-02
2.433248559633890973e-01,1.854785593847433842e-02,-3.570242101947466995e-02,1.525475568446867953e+02,8.669111132621765137e-02
2.434367587169011526e-01,-3.921288624405860901e-02,9.521351661533117294e-03,-7.635203391894610547e+01,9.189636260271072388e-02
2.434966762860616418e-01,3.949615856011708809e-02,7.502071103469159369e-03,7.924511184502699734e+01,8.549870550632476807e-02
2.438884725173314505e-01,6.036405141154929654e-03,3.996699055035908554e-02,8.588740000466406954e+00,9.122373163700103760e-02
2.438934743404388428e-01,-5.913017317652698862e-03,3.999615708986918594e-02,-8.409671449646408448e+00,8.895608037710189819e-02
2.439628740151723318e-01,-2.313159778714180340e-02,-3.314035385847091675e-02,-1.450853883776332225e+02,8.912508934736251831e-02
2.440946499506632394e-01,3.716591248909632828e-02,-1.589914504438638687e-02,1.131606756734468888e+02,9.002752602100372314e-02
2.441809475421905518e-01,1.192611952622731585e-02,3.867307056983311508e-02,1.713887581854313069e+01,9.206661581993103027e-02
2.442957659562428885e-01,2.777549438178539276e-02,-2.943992738922436916e-02,1.366663007272386778e+02,8.554480224847793579e-02
2.448669970035552979e-01,-3.886756052573521469e-02,-1.170614967122673988e-02,-1.067612747421614898e+02,8.655253797769546509e-02
2.451055894295374737e-01,2.279435160259405888e-02,3.363112049798171188e-02,3.412846008944487863e+01,9.064172208309173584e-02
2.452658712863922397e-01,-3.289191114405790733e-02,2.390366482237974918e-02,-5.399282642077264427e+01,9.029620885848999023e-02
2.452789793411890573e-01,-3.133559537430604530e-02,-2.589634619653224945e-02,-1.295709901417693573e+02,8.866135776042938232e-02
2.456035415331522809e-01,2.694240647057692326e-02,3.066747263073921551e-02,4.130039379061295080e+01,9.099496155977249146e-02
2.461278289556503296e-01,3.377501356105010177e-02,2.282320211331049717e-02,5.595144569034346205e+01,9.102538228034973145e-02
2.461406191190083914e-01,4.039885352055232193e-02,-5.574708173905189995e-03,9.785672662215532114e+01,8.833074569702148438e-02
2.464647442102432251e-01,3.668926283717155457e-02,1.809142374744017803e-02,6.375215863361434288e+01,8.921020478010177612e-02
2.464973330497741977e-01,-3.614072501659393311e-02,1.906156633049249649e-02,-6.219165987051740530e+01,9.178788959980010986e-02
2.465393791596094675e-01,3.483235215147336555e-02,-2.131894292930762089e-02,1.214684792110395222e+02,8.798160403966903687e-02
2.466923942168553763e-01,-1.778426393866539001e-02,3.697704027096430923e-02,-2.568542471823411333e+01,8.818548172712326050e-02
2.467640588680903302e-01,-3.704966356356938911e-02,-1.728432718664407730e-02,-1.150098885389363801e+02,8.715566247701644897e-02
2.469240774710973196e-01,-4.089501872658729553e-02,-1.807105649883549358e-03,-9.253019112108036381e+01,8.751426637172698975e-02
2.472538749376932965e-01,-1.376259357978900331e-02,3.867284953594207764e-02,-1.958923248210817292e+01,8.818192034959793091e-02
2.477801442146301270e-01,3.943880523244540359e-02,-1.140462374314665794e-02,1.061284229563158590e+02,9.021182358264923096e-02
2.485787669817606793e-01,-2.626946133871873104e-02,3.170028453071912361e-02,-3.964793774228841983e+01,8.924934267997741699e-02
2.487674206495285034e-01,-4.053308318058649468e-02,-7.572144657994310350e-03,-1.005816767948714272e+02,8.758046478033065796e-02
2.489719937245051251e-01,4.064700628320376541e-02,6.076879188185557723e-03,8.149704471127216721e+01,8.736661076545715332e-02
2.490397493044535226e-01,3.007697872817523266e-03,4.117589443922042847e-02,4.177756982120801155e+00,9.045204520225524902e-02
2.490397493044535226e-01,-3.007697872817509388e-03,4.117589443922042847e-02,-4.177756982120782503e+00,8.956424146890640259e-02
2.491084784269332886e-01,-1.367358615001042568e-02,-3.895931939284007217e-02,-1.606604127566523914e+02,8.801965415477752686e-02
2.491119056940078735e-01,-3.403039416298269358e-03,-4.115695878863334656e-02,-1.752732836614329415e+02,8.674864470958709717e-02
2.492646028598149710e-01,7.282843813300134486e-03,-4.064948981006940437e-02,1.698425402086199369e+02,8.659218251705169678e-02
2.493848601977030621e-01,-4.050741220513980057e-02,8.282599194596212272e-03,-7.844395286706196657e+01,8.982188254594802856e-02
2.495673100153605328e-01,1.839731633663177490e-02,-3.695623452464739944e-02,1.535352534065380326e+02,8.904267102479934692e-02
2.497670451800028668e-01,-2.337252783278624332e-02,-3.415064389506976272e-02,-1.456124590208868028e+02,8.932171016931533813e-02
2.497750620047251569e-01,-3.087222141524156166e-02,2.758083306252956390e-02,-4.822282100587735698e+01,8.979393541812896729e-02
2.501179923613865985e-01,1.491781293104092222e-02,3.867929304639498855e-02,2.109060779042018652e+01,9.068972617387771606e-02
2.501802295446395874e-01,2.891616026560465263e-02,2.985373636086782051e-02,4.408601852864259030e+01,9.063043445348739624e-02
2.503587057193120136e-01,3.226653548578421737e-02,2.619976984957854069e-02,5.092410451811704775e+01,9.131389856338500977e-02
2.504962335030238019e-01,2.794567123055458069e-02,-3.069208624462286747e-02,1.376816010975361451e+02,8.609998226165771484e-02
2.505628168582916260e-01,2.039505044619242466e-02,3.619806841015815735e-02,2.939818241512854513e+01,8.957961946725845337e-02
2.506787776947021484e-01,4.151849324504534866e-02,-7.697457040194430680e-04,9.106213218758617245e+01,8.839857578277587891e-02
2.510128716627756940e-01,-4.153260836998622085e-02,2.591911315297086311e-03,-8.642899290914002108e+01,8.798725157976150513e-02
2.511287480592727661e-01,-3.140229173004627228e-02,-2.734192833304405212e-02,-1.310460405607061602e+02,8.934704959392547607e-02
2.514306654532750263e-01,3.809401392936706543e-02,1.697291464855273449e-02,6.598447845391370947e+01,8.922800421714782715e-02
2.520200063784917566e-01,3.517949829498927261e-02,-2.248355560004711151e-02,1.225830370936991187e+02,8.630499243736267090e-02
2.522049893935521814e-01,1.930813072249293761e-03,-4.175823181867599487e-02,1.773526488594203556e+02,8.545501530170440674e-02
2.522489726543426514e-01,-8.637034567072987556e-03,-4.091444114844004776e-02,-1.680798762270449060e+02,8.735854178667068481e-02
2.523684750000635968e-01,-1.876278780400753021e-02,-3.737555816769599915e-02,-1.533430335201738046e+02,8.821149170398712158e-02
2.524026830991109582e-01,-3.782452022035916878e-02,1.789425654957691944e-02,-6.468181741811329744e+01,9.198794513940811157e-02
2.524441679318746301e-01,1.295395738755663467e-02,-3.973314414421717788e-02,1.619427901375252645e+02,8.851648122072219849e-02
2.525911380847295495e-01,4.032589867711067200e-02,1.101844990625977516e-02,7.471780418357637643e+01,8.883684873580932617e-02
2.526508470376332971e-01,-1.921795867383480072e-02,3.737438594301541878e-02,-2.721228751076584373e+01,8.535654097795486450e-02
2.527798016866048547e-01,-3.739888593554496765e-02,-1.887482249488433433e-02,-1.167795954591076821e+02,8.910539746284484863e-02
2.529403368631998883e-01,2.360134075085322178e-02,-3.462629516919454170e-02,1.457215921597812383e+02,8.850533515214920044e-02
2.534441550572713586e-01,-2.343558023373286045e-02,3.485927730798721313e-02,-3.391258740070638567e+01,8.747094124555587769e-02
2.535427659749984741e-01,-1.136815237502257145e-02,4.055474946896235611e-02,-1.565904373395005322e+01,8.733762800693511963e-02
2.536087284485499249e-01,-2.783119243880113197e-02,-3.152197226881980896e-02,-1.385582630736848273e+02,8.982470631599426270e-02
2.537741561730703088e-01,-4.016992822289466858e-02,1.256181858479976654e-02,-7.263465015108027956e+01,9.075193107128143311e-02
2.539440890153249475e-01,4.011440152923266556e-02,-1.271661790087819099e-02,1.075890727412293018e+02,9.008113294839859009e-02
2.540684292713801251e-01,3.192796744406223297e-02,-2.744444770117600990e-02,1.306814941891928470e+02,8.536449074745178223e-02
2.543454617261886597e-01,-6.065446883440015098e-03,4.173236340284347534e-02,-8.269553372528761770e+00,8.969650417566299438e-02
2.544098744789759503e-01,5.991129515071713131e-03,4.175925254821777344e-02,8.164416534138007719e+00,9.188642352819442749e-02
2.547895113627116070e-01,-4.125772789120674133e-02,-9.055026108399035281e-03,-1.023787055798121060e+02,8.844923973083496094e-02
2.549166083335876465e-01,-3.483458360036214424e-02,-2.395907230675220490e-02,-1.245200209972929315e+02,8.936765789985656738e-02
2.550057967503865375e-01,3.410557781656583382e-02,2.514176319042841362e-02,5.360330591728729388e+01,8.963651210069656372e-02
2.551956425110498694e-01,1.201153018822272676e-02,4.055657113591829704e-02,1.649756671740352587e+01,9.128121286630630493e-02
2.556150654951731549e-01,-3.281797220309575630e-02,2.679335015515486515e-02,-5.077100616343076211e+01,9.051527827978134155e-02
2.556175986925761090e-01,2.820096102853616310e-02,3.177888380984465744e-02,4.158623262608504945e+01,8.851082623004913330e-02
2.557392219702402936e-01,3.818865492939949036e-02,-1.837575187285741402e-02,1.156960936736772823e+02,8.822022378444671631e-02
2.557408412297566547e-01,3.701880698402722908e-02,2.064668635527292656e-02,6.085005998771304547e+01,8.936579525470733643e-02
2.560630440711975098e-01,4.237316797176997329e-02,-1.992602832615376386e-03,9.269235684152259580e+01,9.116468578577041626e-02
2.564981381098429547e-01,2.382790607710679603e-02,3.515956799189250137e-02,3.412579137871524182e+01,8.781324326992034912e-02
2.567117412885030481e-01,-1.524633945276339907e-02,3.965634604295095039e-02,-2.102983136485919502e+01,8.515840023756027222e-02
2.567262450853983746e-01,-4.254608601331710815e-02,1.060483647355188203e-03,-8.857216810450334776e+01,8.764566481113433838e-02
2.569048305352528705e-01,-3.994142760833104683e-02,-1.477952642987171925e-02,-1.103059855547859200e+02,8.937104791402816772e-02
2.570112248261769983e-01,-3.652145713567733765e-02,2.194887213408946991e-02,-5.899473627781615193e+01,9.121761471033096313e-02
2.576888302961985455e-01,4.192912454406420852e-02,-8.109559460232656364e-03,1.009464822966494921e+02,9.096616506576538086e-02
2.581999500592550012e-01,4.181345552206039429e-02,9.018117717156808738e-03,7.782915814589840409e+01,8.973365277051925659e-02
2.583368619283040735e-01,-8.689578234528502407e-03,-4.193987821539243294e-02,-1.682944367166698214e+02,8.714309334754943848e-02
2.583956718444824219e-01,2.089481024692455349e-03,-4.278360928098361160e-02,1.772039900665532173e+02,8.693451434373855591e-02
2.585969964663187293e-01,1.324694463983178139e-02,-4.071614022056262161e-02,1.619777681719020563e+02,8.809073269367218018e-02
2.586595416069030762e-01,-4.263314108053843643e-02,-4.821414768230170879e-03,-9.645221013905540985e+01,8.804145455360412598e-02
2.588039934635162354e-01,3.159283722440402176e-02,2.897421581049760414e-02,4.747564585602445675e+01,8.792501688003540039e-02
2.590299248695373535e-01,2.363227990766366554e-02,-3.582858170072238113e-02,1.465914374916067118e+02,8.962962031364440918e-02
2.593261996905008582e-01,-2.584233507514000286e-02,3.435277690490086411e-02,-3.695280301793209077e+01,8.732424676418304443e-02
2.594156563282012939e-01,-4.155783231059710647e-02,1.112962948779265028e-02,-7.500740718141121022e+01,9.033987671136856079e-02
2.594431142012278424e-01,-1.893425422410170353e-02,-3.860465312997500564e-02,-1.538736382053328668e+02,8.907563239336013794e-02
2.595438361167907715e-01,-2.789567286769548821e-02,-3.277058526873588562e-02,-1.395942019354337162e+02,8.969039469957351685e-02
2.596730093161265240e-01,-3.057749010622494434e-03,4.295101885994275642e-02,-4.072104369624672593e+00,8.991412818431854248e-02
2.597374220689138147e-01,2.983431642254200274e-03,4.297790800531705452e-02,3.970976411631780500e+00,9.121624380350112915e-02
2.599650720755259381e-01,4.298923785487811233e-02,2.853689870486656247e-03,8.620219231864916765e+01,9.102951735258102417e-02
2.602201302846273157e-01,3.220809188981851173e-02,-2.868109879394372536e-02,1.316848588937567115e+02,8.759512007236480713e-02
2.603008151054382324e-01,-3.062196696798006809e-02,3.040630122025807583e-02,-4.520247478847711875e+01,8.982399851083755493e-02
2.607397337754567834e-01,-4.290879393617312576e-02,5.318982429647197904e-03,-8.293365106061961001e+01,8.906824141740798950e-02
2.611182133356730328e-01,-3.509311502178510261e-02,-2.537645089129606998e-02,-1.258713558369750700e+02,9.008262306451797485e-02
2.612490653991699219e-01,3.873518606026967598e-02,1.937627047300338745e-02,6.342468143863903407e+01,8.942614495754241943e-02
2.613904774188995361e-01,-3.296915131310622187e-03,-4.320777331789334846e-02,-1.756365723985437057e+02,8.801269531250000000e-02
2.614270945390065881e-01,1.535919557015101231e-02,4.050039251645405625e-02,2.076851676293271964e+01,9.068420529365539551e-02
2.616081138451893939e-01,7.734499018018444957e-03,-4.265786334872245789e-02,1.697230785511496549e+02,8.764593303203582764e-02
2.617128292719523297e-01,3.863914062579473091e-02,-1.970982737839221954e-02,1.170261303838646114e+02,8.802018314599990845e-02
2.618097265561421527e-01,1.872124274571736885e-02,-3.914151713252067566e-02,1.544383828210948195e+02,8.974121510982513428e-02
2.622710069020589563e-01,-1.389759623756011385e-02,-4.121385142207145691e-02,-1.613655372612943779e+02,8.866833895444869995e-02
2.622847656408945904e-01,2.169833394388357914e-02,3.758461400866508484e-02,2.999868163466910076e+01,8.832634240388870239e-02
2.625477015972137451e-01,4.129794985055923462e-02,1.370216657718022549e-02,7.164477206607543280e+01,9.018515050411224365e-02
2.626150747140248987e-01,-1.660667328784863270e-02,4.012002547581990791e-02,-2.248587634819845604e+01,8.745168149471282959e-02
2.627375225226084576e-01,2.825673483312129974e-02,-3.313102386891841888e-02,1.395398544558063350e+02,8.945489674806594849e-02
2.627767920494079590e-01,-2.360847468177477634e-02,-3.662835185726483894e-02,-1.471965598887775570e+02,9.005153179168701172e-02
2.629348834355672015e-01,-4.046356553832690384e-02,-1.622350948552290714e-02,-1.118478817372997156e+02,8.989277482032775879e-02
2.629451851050059186e-01,-3.831052283445994522e-02,2.080809697508811951e-02,-6.149170709381094468e+01,9.103173762559890747e-02
2.632654607295989990e-01,-3.172530358036359383e-02,-3.000791991750399387e-02,-1.334064745435548218e+02,8.992769569158554077e-02
2.634736796220144006e-01,4.262979452808698250e-02,-9.468800698717435779e-03,1.025230607417146871e+02,8.988816291093826294e-02
2.639781435330708637e-01,-4.100149000684420730e-02,1.532129229356845278e-02,-6.951046684239570084e+01,9.139002114534378052e-02
2.641453146934509277e-01,3.591010843714078499e-02,-2.505428219834963596e-02,1.249032663290317515e+02,8.833558857440948486e-02
2.644362250963846472e-01,-2.298504735032717849e-02,3.733156497279803421e-02,-3.162061023045876951e+01,8.750313520431518555e-02
2.644406855106353760e-01,3.306193898121516372e-02,2.869205921888351787e-02,4.904765713489392454e+01,8.770655095577239990e-02
2.647732794284820557e-01,-4.349853843450546265e-02,-6.157971239493539514e-03,-9.805766558518402576e+01,8.950799703598022461e-02
2.648212015628814697e-01,6.152463145554069174e-03,4.348597675561904907e-02,8.052847849620432541e+00,9.072095155715942383e-02
2.650114595890045166e-01,-3.817955528696378303e-02,-2.173618413507938385e-02,-1.196534977421977288e+02,9.034208208322525024e-02
2.652361591657003137e-01,-6.281103938817974436e-03,4.352902000149091316e-02,-8.210929843103070169e+00,9.003663808107376099e-02
2.657025456428527832e-01,4.126555720965068008e-02,-1.540993464489777767e-02,1.104773081235172896e+02,8.880309015512466431e-02
2.657251060009002686e-01,1.250782640029986757e-02,4.221114267905553413e-02,1.650538603386656433e+01,9.079412370920181274e-02
2.657795151074727746e-01,4.402988776564598083e-02,1.404979933189072668e-03,8.817232977465546639e+01,9.205424040555953979e-02
2.659721076488494873e-01,-3.277501588066419197e-02,2.950255448619524407e-02,-4.800791990111100915e+01,8.936550468206405640e-02
2.661507129669189453e-01,3.729105864961942268e-02,2.358919071654478478e-02,5.768379798058073504e+01,8.947839587926864624e-02
2.666269640127817420e-01,-4.407316818833351135e-02,3.634025400970131159e-03,-8.528637539918929633e+01,8.875424414873123169e-02
2.667082846164703369e-01,-1.294414326548576355e-02,4.221033304929733276e-02,-1.704858571933686662e+01,8.991383016109466553e-02
2.669333020846049176e-01,-4.264526317516963150e-02,-1.183556563531359268e-02,-1.055112120930718618e+02,9.043750911951065063e-02
2.672203183174133301e-01,-3.676008681456248428e-02,2.474882826209068298e-02,-5.604948173044074622e+01,8.987091481685638428e-02
2.676312426726023541e-01,7.870462955906987190e-03,-4.365319882829984260e-02,1.697796432700874618e+02,8.950987458229064941e-02
2.676623364289602014e-01,4.411448786656062271e-02,-4.800554008397739381e-03,9.621050903787133279e+01,9.111139923334121704e-02
2.676982680956522254e-01,-3.248347279926140814e-03,-4.426582033435504104e-02,-1.758030014473505389e+02,8.931256830692291260e-02
2.679144044717153283e-01,2.514277088145415104e-02,3.654839967687924934e-02,3.452528162232897557e+01,8.855198323726654053e-02
2.679605682690938684e-01,1.895820225278536247e-02,-4.016537467638651993e-02,1.547325198701609565e+02,9.038127213716506958e-02
2.679864068826040002e-01,-1.316980831325054169e-02,-4.243201265732447769e-02,-1.627569977500315872e+02,9.116066247224807739e-02
2.684269448121389123e-01,4.277745385964711738e-02,1.222679888208707231e-02,7.404882235851522410e+01,8.935139328241348267e-02
2.687272131443023682e-01,-4.457585761944453384e-02,-1.961029852585246744e-03,-9.251899431737753332e+01,8.879821002483367920e-02
2.689239084720611572e-01,3.064996500809987617e-02,3.235295911629994942e-02,4.345164930498988554e+01,8.829550445079803467e-02
2.690283556779226037e-01,-2.403305036326249672e-02,-3.759728496273358894e-02,-1.474123494968120838e+02,9.072834998369216919e-02
2.693580687046051025e-01,2.848630336423714840e-02,-3.438083392878373001e-02,1.403564903733670803e+02,8.935759961605072021e-02
2.698936363061269494e-01,4.433360944191615249e-02,6.094040084766070252e-03,8.217324620917553091e+01,8.992461860179901123e-02
2.699198524157206402e-01,-3.179226318995158340e-02,-3.153596073389053345e-02,-1.347681133636439199e+02,8.936370164155960083e-02
2.701887091000874652e-01,-4.262350872159004211e-02,1.379349641501903534e-02,-7.206777544608131336e+01,8.876115083694458008e-02
2.703409492969512939e-01,3.169031503299879308e-03,4.471759622295697761e-02,4.053640912605576574e+00,9.014698863029479980e-02
2.703600525856018066e-01,-7.913222458834448872e-03,-4.421608646710713936e-02,-1.698533630124073284e+02,9.093528985977172852e-02
2.703988452752431604e-01,-2.540148546298345161e-02,3.694629296660423279e-02,-3.450948025318931656e+01,9.001661092042922974e-02
2.706858714421589984e-01,3.628454605738322403e-02,-2.640647937854130947e-02,1.260456688451838971e+02,8.978194743394851685e-02
2.707265913486480713e-01,2.274012813965479822e-03,-4.483699177702268196e-02,1.770965983700294260e+02,9.009832888841629028e-02
2.707709670066833496e-01,1.361986808478832245e-02,-4.273533324400584366e-02,1.623227767653582134e+02,9.059473872184753418e-02
2.708203196525573730e-01,-3.223354928195469159e-03,4.478752861420313980e-02,-4.116475229356725052e+00,9.076478332281112671e-02
2.709601124127705707e-01,-3.041182210048039986e-02,3.306375816464424133e-02,-4.260764012267591028e+01,8.937923610210418701e-02
2.715134521325429096e-01,-4.434422527750333382e-02,7.916876580566167831e-03,-7.987750091859967938e+01,8.739700913429260254e-02
2.715333501497904645e-01,-3.856570894519487785e-02,-2.322765998542308807e-02,-1.210600469041346088e+02,8.996863663196563721e-02
2.718013127644857141e-01,2.409880794584751129e-02,-3.810224930445352959e-02,1.476875757098845554e+02,9.017238020896911621e-02
2.719258368015289307e-01,1.616103481501340866e-02,4.206026097138722969e-02,2.101853512694690451e+01,9.027927368879318237e-02
2.720795571804046631e-01,3.914539391795794632e-02,2.241342887282371521e-02,6.020589649776745489e+01,9.064117074012756348e-02
2.722240686416625977e-01,4.188724607229232788e-02,-1.681586541235446930e-02,1.118732648841637172e+02,8.984070271253585815e-02
2.724497914314270020e-01,-2.838720815877119816e-02,-3.526755919059117866e-02,-1.411690670216400463e+02,8.980321139097213745e-02
2.724526127179464075e-01,-1.641454392423232628e-02,-4.218660667538642883e-02,-1.587393007267406801e+02,9.022743999958038330e-02
2.730184992154439660e-01,-4.324207206567128731e-02,-1.338376151397824461e-02,-1.071977076672977347e+02,9.113731235265731812e-02
2.730571528275808069e-01,4.206902533769607544e-02,1.672514093418916298e-02,6.831899975623180410e+01,8.975516259670257568e-02
2.731913626194000244e-01,-2.088241403301557136e-02,-4.031986246506373550e-02,-1.526195124907128786e+02,8.928464353084564209e-02
2.732574641704559326e-01,2.245684092243512703e-02,3.931329647699992325e-02,2.973620116622615939e+01,9.039498865604400635e-02
2.733192443847656250e-01,-1.645015211155017448e-02,4.218434914946556091e-02,-2.130372750098390000e+01,9.068090468645095825e-02
2.733812332153320312e-01,3.281209804117679596e-02,-3.128310603400070999e-02,1.336334675371494427e+02,8.894418925046920776e-02
2.737689614295959473e-01,-3.876929730176925659e-02,2.363917976617813110e-02,-5.862767967344020548e+01,8.805122971534729004e-02
2.738277614116668701e-01,4.497905323902766372e-02,-6.206013681852103232e-03,9.785582131097065428e+01,8.848886936902999878e-02
2.742944955825805664e-01,-3.554622828960418701e-02,-2.839596755802631378e-02,-1.286194740774333241e+02,8.914517611265182495e-02
2.744293113549550744e-01,-4.537360245982806350e-02,-3.921463464697202625e-03,-9.493957644883732883e+01,8.919818699359893799e-02
2.747749090194702148e-01,3.963526710867881775e-02,-2.246795532604058468e-02,1.195475030679678667e+02,9.050416201353073120e-02
2.751886546611785889e-01,-2.252912024656931675e-02,3.970876956979433464e-02,-2.956879117662298384e+01,9.073223173618316650e-02
2.752782702445983887e-01,3.321042160193125869e-02,3.130978842576345039e-02,4.668732829855441224e+01,8.992680162191390991e-02
2.754614949226379395e-01,5.922597832977775228e-03,4.532580698529879715e-02,7.444503270991808641e+00,9.040060639381408691e-02
2.755419711271921979e-01,-4.144652808705966140e-02,-1.926318121453126503e-02,-1.149276805895414242e+02,9.021912515163421631e-02
2.757043937842051373e-01,-4.194175203641255928e-02,1.817065260062615192e-02,-6.657603043530671982e+01,8.658318966627120972e-02
2.760206659634908410e-01,4.554190983374913071e-02,4.611777110161105996e-03,8.421768471348666196e+01,9.036293625831604004e-02
2.761362890402476178e-01,-3.240526964267095161e-02,3.235920518636703491e-02,-4.504075225644427860e+01,8.894298225641250610e-02
2.761424779891967773e-01,1.255923788994550705e-02,4.394330581029256416e-02,1.595022682658093771e+01,9.045971930027008057e-02
2.761606276035308838e-01,4.411604876319567825e-02,-1.228019113962849039e-02,1.055551332394636717e+02,8.830324560403823853e-02
2.763216992219289514e-01,-6.395074228445686570e-03,4.537957782546679641e-02,-8.021530613469806781e+00,9.086353331804275513e-02
2.763678133487701416e-01,-8.639205169553559188e-03,-4.508130004008611275e-02,-1.691515838699432948e+02,9.073475003242492676e-02
2.765605747699737549e-01,-4.489309216539065506e-02,-9.666600730270147324e-03,-1.021516720849679842e+02,9.060777723789215088e-02
2.766781349976857873e-01,1.370443714161714149e-02,-4.374063884218534065e-02,1.626036358151942522e+02,9.104329347610473633e-02
2.767238914966583252e-01,3.747673084338506294e-02,2.647312668462594581e-02,5.476306102891043537e+01,9.050061553716659546e-02
2.767949799696604596e-01,2.222640439867974195e-03,-4.585204149285952713e-02,1.772248059692473987e+02,9.035913646221160889e-02
2.773006856441497803e-01,-4.564418147007624771e-02,5.359956917042534713e-03,-8.330247895039373418e+01,8.702996373176574707e-02
2.773484985033671246e-01,-1.295883208513259888e-02,4.409508531292279793e-02,-1.637720887866634811e+01,9.090246260166168213e-02
2.776731848716735840e-01,-1.370695916314919847e-02,-4.405638327201207710e-02,-1.627178745958082686e+02,8.916170150041580200e-02
2.776969273885091516e-01,-3.677767391006152298e-02,2.768835301200548576e-02,-5.302545812604281394e+01,8.710957318544387817e-02
2.780280709266662598e-01,4.346357534329096939e-02,1.539971772581339056e-02,7.049009269785324250e+01,8.877317607402801514e-02
2.780719697475433350e-01,4.610275352994601394e-02,-1.482742714870255007e-03,9.184209444333755812e+01,8.987002819776535034e-02
2.781162957350413190e-01,-4.617086922128995491e-02,-8.833278746654587080e-04,-9.109603276779102998e+01,8.878717571496963501e-02
2.790059347947438928e-01,-2.803970066209634376e-02,-3.689114501078923775e-02,-1.427627733792817821e+02,8.924056589603424072e-02
2.792635162671407434e-01,-2.349671100576718880e-02,-3.998002782464027405e-02,-1.495567682589822311e+02,8.836729079484939575e-02
2.792875568072000769e-01,2.479885953168074059e-02,-3.913552065690358711e-02,1.476389435979880886e+02,9.105134010314941406e-02
2.795248925685882568e-01,4.538030425707499649e-02,9.419112699106335640e-03,7.827421137434302523e+01,8.880773186683654785e-02
2.796067992846171246e-01,7.903659638638298873e-03,-4.567355414231618477e-02,1.701823784472907732e+02,9.021923691034317017e-02
2.797744174798330041e-01,-4.025702364742755023e-03,-4.614608362317085266e-02,-1.750142404580695086e+02,8.937282860279083252e-02
2.801863352457681922e-01,2.530724927783012737e-02,3.898773466547330452e-02,3.298792349502063814e+01,9.135280549526214600e-02
2.804970840613047467e-01,3.386701829731464386e-02,-3.188504899541537430e-02,1.332734519798879944e+02,8.956145495176315308e-02
2.809231181939443323e-01,-2.508809727927049232e-02,3.928787385423978401e-02,-3.256112145105527844e+01,9.148573875427246094e-02
2.811976373195648193e-01,3.055363583068053043e-02,3.517966717481613159e-02,4.097440297601271908e+01,9.114108979701995850e-02
2.813094854354858398e-01,-2.995391003787517548e-02,3.582084427277247574e-02,-3.990285725374378245e+01,9.033387154340744019e-02
2.813539803028106689e-01,1.974282289544741775e-02,-4.220395162701606750e-02,1.549300137849938608e+02,9.170878678560256958e-02
2.815449436505635394e-01,-3.578175604343414307e-02,-3.000867553055286407e-02,-1.299851664047895383e+02,8.922852575778961182e-02
2.816502253214518414e-01,2.753566329677907196e-03,4.669649029771486687e-02,3.374670098512102978e+00,9.243934601545333862e-02
2.818817198276519775e-01,4.078361392021179199e-02,-2.283021435141563416e-02,1.192396178561404838e+02,9.205219149589538574e-02
2.819645802179972516e-01,1.377100683748722250e-02,4.463917016983032227e-02,1.714478673011429066e+01,9.445456415414810181e-02
2.820310592651367188e-01,-3.171719300250204401e-03,4.668032874663671089e-02,-3.887017395502356365e+00,9.228447824716567993e-02
2.822008033593496057e-01,-4.405097787578900886e-02,1.554216444492340088e-02,-7.056602539401488627e+01,8.599410206079483032e-02
2.822466293970744000e-01,-4.193673282861709595e-02,-2.082941370705763615e-02,-1.164129754169849917e+02,9.106439352035522461e-02
2.824049790700277063e-01,3.978073596954345703e-02,2.464055828750133514e-02,5.822554029438413181e+01,9.149854630231857300e-02
2.824723521868388043e-01,-4.603269075353939865e-02,8.608088595792651176e-03,-7.940805172545343282e+01,8.780501782894134521e-02
2.825977106889089319e-01,-4.562945291399955750e-02,-1.108712082107861895e-02,-1.036571566256368016e+02,9.077022224664688110e-02
2.827315628528594971e-01,4.284394904971122742e-02,1.925543726732333732e-02,6.579932899566388471e+01,9.065711498260498047e-02
2.828466097513834820e-01,4.521541794141133858e-02,-1.247693210219343735e-02,1.054265339351389343e+02,8.948981016874313354e-02
2.833671967188517438e-01,-1.550873710463444508e-02,-4.447133963306745125e-02,-1.607745205232981789e+02,8.803568780422210693e-02
2.836709022521972656e-01,-1.550375142445166790e-02,4.442960893114408089e-02,-1.923647880156936196e+01,9.214849770069122314e-02
2.837264438470205041e-01,-3.168028344710668159e-02,-3.477225452661514282e-02,-1.376639947730930658e+02,8.888441324234008789e-02
2.838379244009653912e-01,-3.713889792561531067e-02,2.884262055158615459e-02,-5.216655502374918996e+01,8.936604857444763184e-02
2.839372456073760986e-01,-4.715617994467417862e-02,-1.589368839631788216e-03,-9.193038680682406039e+01,8.923665434122085571e-02
2.839601635932922363e-01,3.024127520620823253e-02,-3.601604824264843796e-02,1.399811267222255537e+02,9.085383266210556030e-02
2.842187782128651752e-01,-2.083061883846919204e-02,-4.226172839601834846e-02,-1.537615162676372336e+02,8.818406611680984497e-02
2.847846150398254395e-01,4.722155258059501648e-02,-1.452931707869234987e-03,9.176234357753938298e+01,8.980794250965118408e-02
2.849085330963134766e-01,3.848781312505404617e-02,-2.737068136533101631e-02,1.254186073262703616e+02,9.194724261760711670e-02
2.852798799673715857e-01,4.630798846483230591e-02,9.663585806265473366e-03,7.821263484908199359e+01,9.079929441213607788e-02
2.853761116663615094e-01,-2.155404848357041908e-02,4.209797705213229324e-02,-2.711232159242358364e+01,9.268045425415039062e-02
2.854884564876556396e-01,-3.929144144058227539e-02,-2.640660045047601295e-02,-1.239038650534722876e+02,9.089725464582443237e-02
2.856173217296600342e-01,-4.969007878874739589e-03,-4.703076556324959495e-02,-1.739688234089467755e+02,9.230307489633560181e-02
2.856615583101908551e-01,1.776183396577835083e-02,4.402977724870046211e-02,2.196939651109514458e+01,9.490498155355453491e-02
2.856798271338145123e-01,-3.268618695437908173e-02,3.427622094750404358e-02,-4.363975738664129267e+01,9.171354025602340698e-02
2.857602934042612897e-01,-4.446863755583763123e-02,-1.637051409731308735e-02,-1.102104864841707013e+02,9.214503318071365356e-02
2.859658300876617432e-01,7.251916530852516203e-03,-4.684069628516833450e-02,1.711992908645488001e+02,9.162885695695877075e-02
2.860168615976969586e-01,4.413496206204096939e-02,-1.737486540029446400e-02,1.114883580114235428e+02,9.257529675960540771e-02
2.862169643243154260e-01,2.258680512507756782e-02,4.183020070195198059e-02,2.836745209060114092e+01,9.249361604452133179e-02
2.862873971462249756e-01,-4.709527393182118271e-02,-6.048024520472002237e-03,-9.731793054465944692e+01,8.981011807918548584e-02
2.867033084233602258e-01,-4.349072029193242622e-02,1.899676987280448162e-02,-6.640426881789500158e+01,8.938657492399215698e-02
2.867486576239268170e-01,9.535165969282388687e-03,4.675436889131863449e-02,1.152692404858757236e+01,9.616763144731521606e-02
2.868904471397399902e-01,-4.731408134102821350e-02,4.520485366811044514e-03,-8.454240843188702570e+01,8.926322311162948608e-02
2.869907617568969727e-01,3.816909839709600044e-02,2.833991746107737686e-02,5.340673106286757843e+01,9.362987428903579712e-02
2.870326141516367779e-01,-6.043309656282262222e-03,4.725720609227816033e-02,-7.287500902573627037e+00,9.304407984018325806e-02
2.871152857939402447e-01,5.154365518440806940e-03,4.742918784419695999e-02,6.202276677927858195e+00,9.421151876449584961e-02
2.871400614579519006e-01,-3.999490042527516914e-02,2.575299516320228577e-02,-5.722223255464105307e+01,9.132730960845947266e-02
2.871450384457906457e-01,4.482667520642280579e-02,1.602165773510932922e-02,7.033242587474640573e+01,9.144233912229537964e-02
2.872263888518015729e-01,4.719722146789233352e-02,-6.372943637416028650e-03,9.769002001325830520e+01,8.961334079504013062e-02
2.872290412584940777e-01,3.320830749968687462e-02,3.404236460725466873e-02,4.428944201299901806e+01,9.384623169898986816e-02
2.872353792190551758e-01,1.865915705760320259e-02,-4.371038327614466812e-02,1.568832571846405415e+02,9.266176074743270874e-02
2.876456578572591516e-01,-1.181158392379681385e-02,4.629097878932952881e-02,-1.431413330540225992e+01,9.286917746067047119e-02
2.879047294457753314e-01,-1.138428862517078775e-02,-4.638093834122022224e-02,-1.662092770120042928e+02,9.253897517919540405e-02
2.884882986545562744e-01,4.758839309215545654e-02,4.886061224321263524e-03,8.413779045752404784e+01,9.229240566492080688e-02
2.889185647169748572e-01,1.196902819598714626e-02,-4.641421263416608406e-02,1.655399295442414882e+02,9.340588003396987915e-02
2.889969150225321637e-01,6.275918179502091264e-04,-4.790386557579040527e-02,1.792494070169196050e+02,9.469899535179138184e-02
2.913463910420736047e-01,-3.203288465738296509e-02,-3.617607553799947334e-02,-1.384760247795254315e+02,8.037789165973663330e-02
2.915811439355214807e-01,-2.242034114897251129e-02,-4.285960271954536438e-02,-1.523854271004875045e+02,7.718051224946975708e-02
2.918825050195058557e-01,3.164470940828323364e-02,-3.655777499079704285e-02,1.391202679652374457e+02,8.360501378774642944e-02
2.921340862909952985e-01,-3.229699470102787018e-02,3.615781789024671150e-02,-4.177196147802305859e+01,8.015469461679458618e-02
2.922167380650838586e-01,-2.272209214667478966e-02,4.279176269968350960e-02,-2.796795339423190541e+01,8.166405558586120605e-02
2.924960156281789514e-01,3.992927198608716560e-02,-2.753554905454318191e-02,1.245904605869682342e+02,8.753082156181335449e-02
2.926391859849294397e-01,-3.994555522998174263e-02,-2.757700718939304699e-02,-1.246198349724755019e+02,8.174310624599456787e-02
2.926865120728810998e-01,-4.539263620972633362e-02,-1.720883914579947674e-02,-1.107622595642864951e+02,8.328088372945785522e-02
2.928480009237925397e-01,1.510545890778303146e-02,4.624126354853312637e-02,1.809046639687997882e+01,8.231449127197265625e-02
2.928776641686757776e-01,-4.820147032539050247e-02,5.918090343281317417e-03,-8.300035836180076387e+01,8.135894685983657837e-02
2.929620742797851562e-01,-4.539468760291735794e-02,1.736353927602370464e-02,-6.906806898783007398e+01,8.258283883333206177e-02
2.929935952027639123e-01,4.546167701482772827e-02,1.715822611004114151e-02,6.932240214270730405e+01,7.717432081699371338e-02
2.930367787679036828e-01,4.547297706206639839e-02,-1.718514567861954487e-02,1.107025794220495953e+02,8.019097149372100830e-02
2.930912971496582031e-01,2.181172867616017544e-02,-4.346520453691482544e-02,1.533515661324099426e+02,8.476829528808593750e-02
2.931264142195383893e-01,-4.826886455217997696e-02,-5.865432520901474149e-03,-9.692837738078119969e+01,8.053426444530487061e-02
2.931546866893768311e-01,-2.871590356032045679e-03,4.860239848494529724e-02,-3.381293184326549461e+00,8.248086273670196533e-02
2.931659022967020856e-01,3.999713187416394783e-02,2.765053138136863708e-02,5.534339644194847807e+01,8.059716224670410156e-02
2.932515641053518030e-01,1.076186463857690609e-02,4.760114724437395500e-02,1.273949349513656593e+01,8.369857072830200195e-02
2.933988273143768311e-01,-4.002714157104492188e-02,2.767814509570598949e-02,-5.533674538330911474e+01,8.317332714796066284e-02
2.934034069379171106e-01,2.368840016424655914e-02,4.261862362424533035e-02,2.906630081481172212e+01,7.772805541753768921e-02
2.934041817982991907e-01,3.237106713155905868e-02,3.635822484890620376e-02,4.167985013139340822e+01,8.296889066696166992e-02
2.936181922753652307e-01,2.400799188762911020e-03,4.875821868578592705e-02,2.818902326471767417e+00,8.349344134330749512e-02
2.937255402406057092e-01,-1.173586351796984673e-02,-4.729392006993293762e-02,-1.660637020195486571e+02,7.773805409669876099e-02
2.937677303949992047e-01,-1.261304256816705299e-02,4.715565964579582214e-02,-1.497474131686393406e+01,8.326924592256546021e-02
2.939075330893198834e-01,4.839543501536051201e-02,-5.857422443871959303e-03,9.690108666343148514e+01,8.123802393674850464e-02
2.943824132283529016e-01,4.848521451155344414e-02,5.830203842227396280e-03,8.314327321015896644e+01,7.991725951433181763e-02
2.947339614232381555e-01,-8.192165387299682130e-05,-4.887590308984121612e-02,-1.799039657515169210e+02,8.554250746965408325e-02
2.947744826475779401e-01,1.136404477680722988e-02,-4.759313166141510010e-02,1.665706558281875118e+02,8.694826066493988037e-02
2.950307826201121197e-01,-2.776552612582842625e-02,-4.028769955039024353e-02,-1.454261178992233283e+02,6.771316379308700562e-02
2.955831487973531457e-01,-2.799419624110063148e-02,4.024006923039754463e-02,-3.482554902155603571e+01,6.799685955047607422e-02
2.958756089210510254e-01,2.743798618515332424e-02,-4.067474479476611282e-02,1.459975560516824373e+02,7.491994649171829224e-02
2.959710558255513879e-01,4.345886409282684326e-02,2.281836482385794437e-02,6.229798356372928225e+01,6.338268518447875977e-02
2.960069080193837854e-01,3.671191136042277481e-02,-3.259164343277613785e-02,1.315976289425737207e+02,7.789620757102966309e-02
2.961141963799794885e-01,-4.765294368068377640e-02,1.186902883152167118e-02,-7.601379345242916941e+01,7.360844314098358154e-02
2.962093353271484375e-01,2.798979294796784950e-02,4.037110134959220886e-02,3.473405697898556355e+01,6.631001830101013184e-02
2.963156203428904401e-01,-3.678847104310989380e-02,-3.258290328085422516e-02,-1.315307486557856578e+02,7.156784832477569580e-02
2.963235775629679547e-01,-4.351484527190526558e-02,-2.283814549446105957e-02,-1.176920938902088665e+02,7.304609566926956177e-02
2.963629464308421002e-01,-4.772704218824704719e-02,-1.174285386999448025e-02,-1.038226051646565651e+02,7.263022661209106445e-02
2.964891195297241211e-01,4.356308778127034737e-02,-2.280536231895288063e-02,1.176321460886276498e+02,7.525143772363662720e-02
2.965476711591085168e-01,4.775164648890495300e-02,-1.177169118697444714e-02,1.038483792565615715e+02,6.873016059398651123e-02
2.965503732363383160e-01,-1.745003430793682850e-02,-4.598219568530718948e-02,-1.592184738406916722e+02,6.223121657967567444e-02
2.965509494145711633e-01,-3.678194681803385879e-02,3.264936742683251930e-02,-4.840624892461441675e+01,6.965321302413940430e-02
2.966336011886596680e-01,-1.747325373192628456e-02,4.598807543516159058e-02,-2.080437962428271703e+01,7.153217494487762451e-02
2.967634797096252441e-01,-4.921715954939524795e-02,-9.171863590987441861e-06,-9.001067735466169495e+01,7.205652445554733276e-02
2.968478898207346783e-01,-4.357123623291651870e-02,2.291868564983208859e-02,-6.225540797544376659e+01,7.315651327371597290e-02
2.970225512981414795e-01,4.783981169263521599e-02,1.174429679910342014e-02,7.620710258544281146e+01,6.415613740682601929e-02
2.971341411272684918e-01,-6.844768300652499630e-03,4.878512894113859466e-02,-7.986715309160873133e+00,7.149344682693481445e-02
2.971751789251963483e-01,-6.030096243497005092e-03,-4.891578480601310730e-02,-1.729723155871995743e+02,6.834566593170166016e-02
2.971940835316976282e-01,1.846289355307817459e-02,4.567400862773259712e-02,2.201013229336601285e+01,6.448163092136383057e-02
2.971948583920797082e-01,3.687635560830434395e-02,3.270466998219490051e-02,4.843102456633319264e+01,6.906851381063461304e-02
2.972157001495361328e-01,1.715003699064254761e-02,-4.621066277225811814e-02,1.596387368220780445e+02,7.735933363437652588e-02
2.973598738511403772e-01,4.931658754746119644e-02,6.732103580967332968e-06,8.999217867376434299e+01,6.905747950077056885e-02
2.975587944189707623e-01,5.937419639849395026e-03,-4.899165282646814751e-02,1.730898822533474686e+02,7.601474970579147339e-02
2.975976467132568359e-01,6.381064187735324342e-03,4.893920818964640762e-02,7.428747841168979349e+00,6.979175657033920288e-02
