"Time_Iter","Outer_Iter","Inner_Iter",    "Time(sec)"   ,    "Time(sec)"   ,    "rms[Rho]"    ,    "rms[RhoU]"   ,    "rms[RhoV]"   ,    "rms[RhoW]"   ,    "rms[RhoE]"   ,"Linear_Solver_Iterations",    "LinSolRes"   ,     "Min DT"     ,     "Max DT"     ,     "Min CFL"    ,     "Max CFL"    ,     "Avg CFL"    ,    "RefForce"    ,       "CD"       ,       "CL"       ,       "CSF"      ,       "CMx"      ,       "CMy"      ,       "CMz"      ,       "CFx"      ,       "CFy"      ,       "CFz"      ,      "CEff"      ,   "relrms[Rho]"  ,  "relrms[RhoU]"  ,  "relrms[RhoV]"  ,  "relrms[RhoW]"  ,  "relrms[RhoE]"  ,    "CD(nose)"    ,    "CD(body)"    ,    "CD(fins)"    ,    "CD(base)"    ,    "CL(nose)"    ,    "CL(body)"    ,    "CL(fins)"    ,    "CL(base)"    ,    "CSF(nose)"   ,    "CSF(body)"   ,    "CSF(fins)"   ,    "CSF(base)"   ,    "CMx(nose)"   ,    "CMx(body)"   ,    "CMx(fins)"   ,    "CMx(base)"   ,    "CMy(nose)"   ,    "CMy(body)"   ,    "CMy(fins)"   ,    "CMy(base)"   ,    "CMz(nose)"   ,    "CMz(body)"   ,    "CMz(fins)"   ,    "CMz(base)"   ,    "CFx(nose)"   ,    "CFx(body)"   ,    "CFx(fins)"   ,    "CFx(base)"   ,    "CFy(nose)"   ,    "CFy(body)"   ,    "CFy(fins)"   ,    "CFy(base)"   ,    "CFz(nose)"   ,    "CFz(body)"   ,    "CFz(fins)"   ,    "CFz(base)"   ,   "CEff(nose)"   ,   "CEff(body)"   ,   "CEff(fins)"   ,   "CEff(base)"   
          0,           0,           0,       4.507477713,       4.507477713,      -5.905347428,      -6.193733494,      -7.054279059,       -7.05590871,      -5.854194906,                         2,      -1.535068676,   0.0002278071549,      0.8320047902,               2.5,              5.25,       5.247864119,      0.0039269908,      0.1079249996,   -0.002200699568,   -0.002112512542,    0.004385427236,    0.001902739412,   0.0005988560167,      0.1079249996,   -0.002112512542,   -0.002200699568,    -0.02039100834,                 0,                 0,                 0,                 0,                 0,      0.1154982503,   0.0001366030746,      0.0623779906,    -0.07008784433,   -0.002098219349,   0.0009180907767,   -0.001020570996,                 0,   -0.001695698718,  -0.0002948992942,  -0.0001219145301,                 0,   -1.76926843e-05,   1.290658469e-05,    0.004390213336,                 0,    0.003050138342,    -0.01065813249,    0.009084126171,   0.0004266073899,   -0.003372455729,    0.005105796299,   -0.001331161374,   0.0001966768215,      0.1154982503,   0.0001366030746,      0.0623779906,    -0.07008784433,   -0.001695698718,  -0.0002948992942,  -0.0001219145301,                 0,   -0.002098219349,   0.0009180907767,   -0.001020570996,                 0,    -0.01816667649,        6.72086466,    -0.01636107522,                -0
          0,           0,           1,       3.164942275,       3.836209994,      -5.726366685,      -5.619548928,      -6.518263129,      -6.521493385,      -5.721113299,                         2,      -1.833908157,   0.0002716460755,        0.87360503,               2.5,            5.5125,       5.509059359,      0.0039269908,       0.350520175,   -0.004986424643,   -0.002962243826,    0.003691691688,     0.01645516104,   -0.003372446293,       0.350520175,   -0.002962243826,   -0.004986424643,    -0.01422578499,                 0,                 0,                 0,                 0,                 0,       0.140819015,   0.0002155217071,      0.0870766153,       0.122409023,   -0.002914217868,    0.001005155584,   -0.003077362358,                 0,   -0.002036125867,   -0.001058458905,   0.0001323409463,                 0,  -1.350860119e-05,   1.720631792e-05,    0.003687993971,                 0,    0.005092523247,    -0.01738414725,     0.02793542646,   0.0008113585768,   -0.004382398968,  -0.0002522785694,   0.0007730018909,   0.0004892293534,       0.140819015,   0.0002155217071,      0.0870766153,       0.122409023,   -0.002036125867,   -0.001058458905,   0.0001323409463,                 0,   -0.002914217868,    0.001005155584,   -0.003077362358,                 0,    -0.02069477526,        4.66382527,    -0.03534085871,                 0
          0,           0,           2,       3.422603342,        3.69834111,       -5.97135979,       -5.90960602,      -6.551912752,      -6.550791751,      -5.935236441,                         2,        -1.6779737,   0.0002880312245,      0.9172852878,               2.5,          5.788125,       5.783749514,      0.0039269908,      0.3968793243,   -0.006217747836,    -0.00288895794,    0.001138826114,     0.02534142028,   -0.003869441846,      0.3968793243,    -0.00288895794,   -0.006217747836,     -0.0156665955,     -0.2449931051,     -0.2900570918,    -0.03364962219,    -0.02929836642,     -0.2141231413,      0.1401891556,   0.0002262888972,      0.1023704813,      0.1540933984,   -0.002488800467,   0.0001091584603,   -0.003838105829,                 0,   -0.002193664346,   -0.001088469667,   0.0003931760737,                 0,  -1.169970393e-05,   1.499993863e-05,    0.001135525879,                 0,    0.004336592911,    -0.01423189278,     0.03496822227,   0.0002684978777,   -0.004830193408,   -0.002269079899,    0.003132455804,   9.737565573e-05,      0.1401891556,   0.0002262888972,      0.1023704813,      0.1540933984,   -0.002193664346,   -0.001088469667,   0.0003931760737,                 0,   -0.002488800467,   0.0001091584603,   -0.003838105829,                 0,    -0.01775315969,      0.4823854008,    -0.03749231008,                 0
          0,           0,           3,       2.969411315,       3.516108661,      -6.022258909,      -5.955688831,      -6.534208601,       -6.53470674,      -5.971942366,                         2,      -1.731368035,   0.0003035429829,      0.9631495856,             2.625,        6.07753125,       6.072553522,      0.0039269908,      0.3990960636,   -0.005794739291,   -0.002210018441,    -0.00143387842,     0.02525496225,   -0.001153596381,      0.3990960636,   -0.002210018441,   -0.005794739291,    -0.01451966035,     -0.2958922243,     -0.3361399026,    -0.01594547196,     -0.0132133553,     -0.2508290666,      0.1282554716,   0.0002084147412,        0.10957576,      0.1610564171,   -0.001447233979,  -0.0008515354658,   -0.003495969846,                 0,   -0.002001707839,   -0.001033486201,   0.0008251755989,                 0,     -1.091828e-05,    1.21430268e-05,   -0.001435103167,                 0,     0.00201590633,   -0.008621489981,     0.03177466878,   8.587712087e-05,   -0.004346289839,   -0.003869456816,    0.007230668757,  -0.0001685184827,      0.1282554716,   0.0002084147412,        0.10957576,      0.1610564171,   -0.002001707839,   -0.001033486201,   0.0008251755989,                 0,   -0.001447233979,  -0.0008515354658,   -0.003495969846,                 0,    -0.01128399405,      -4.085773689,    -0.03190459135,                 0
          0,           0,           4,       3.019792727,       3.416845474,      -6.034907218,      -5.957994954,      -6.509193213,      -6.509870385,      -5.978738034,                         2,      -1.783618528,   0.0003193429626,       1.011307142,           2.75625,       6.381407813,        6.37611451,      0.0039269908,      0.3948427345,   -0.004811577207,   -0.001203549926,   -0.003262512497,     0.02064247313,    0.003179486303,      0.3948427345,   -0.001203549926,   -0.004811577207,    -0.01218605988,     -0.3085405329,     -0.3384460262,                 0,                 0,      -0.257624735,      0.1131779537,   0.0001795471438,      0.1126780314,      0.1688072023,  -0.0005979443765,   -0.001609923891,   -0.002603708939,                 0,   -0.001422720372,   -0.001063268258,    0.001282438704,                 0,  -1.015869841e-05,   1.120786553e-05,   -0.003263561664,                 0,   0.0001479999754,   -0.003237544502,     0.02343270742,   0.0002993102394,    -0.00289668565,   -0.005515028919,     0.01155000308,   4.119779672e-05,      0.1131779537,   0.0001795471438,      0.1126780314,      0.1688072023,   -0.001422720372,   -0.001063268258,    0.001282438704,                 0,  -0.0005979443765,   -0.001609923891,   -0.002603708939,                 0,   -0.005283223074,      -8.966580351,    -0.02310751179,                 0
          0,           0,           5,       3.935934513,       3.503360314,      -6.034345963,      -5.952872067,       -6.46810059,      -6.466846665,      -5.979613446,                         2,      -1.777467166,   0.0003357143157,       1.061872689,         2.8940625,       6.700478203,       6.694884203,      0.0039269908,      0.3853454779,   -0.003863270737,  -0.0003618991629,    -0.00423185316,     0.01511474756,    0.005863520157,      0.3853454779,  -0.0003618991629,   -0.003863270737,    -0.01002547314,     -0.3079792777,     -0.3333231392,                 0,                 0,     -0.2585001469,      0.1001056676,    0.000149224082,      0.1141436972,       0.170946889,   -0.000173268174,   -0.002022159511,   -0.001667843052,                 0,   -0.000639327239,   -0.001355596347,    0.001633024423,                 0,  -9.218298936e-06,   1.173143882e-05,   -0.004234366299,                 0,  -0.0005492212226,   0.0004958406032,     0.01463397486,   0.0005341533227,    -0.00105306638,   -0.008072647499,     0.01482249607,   0.0001667379625,      0.1001056676,    0.000149224082,      0.1141436972,       0.170946889,   -0.000639327239,   -0.001355596347,    0.001633024423,                 0,   -0.000173268174,   -0.002022159511,   -0.001667843052,                 0,    -0.00173085279,      -13.55116067,    -0.01461178403,                 0
          0,           0,           6,        3.96116645,       3.568761191,      -6.032782819,      -5.956327943,      -6.436052547,      -6.433218265,      -5.987827681,                         2,      -1.729027742,   0.0003526837201,       1.114966739,       3.038765625,       7.035502113,        7.02954449,      0.0039269908,      0.3711127686,   -0.003131129377,   0.0001239696009,   -0.004473172401,     0.01009102737,      0.0062057948,      0.3711127686,   0.0001239696009,   -0.003131129377,   -0.008437137283,     -0.3064161341,     -0.3367790151,                 0,                 0,     -0.2667143817,     0.09107943623,   0.0001250791651,      0.1147848478,      0.1651234055,  -0.0001183307077,   -0.002099695634,  -0.0009131030354,                 0,   0.0001244247757,   -0.001819110131,    0.001818654956,                 0,  -8.297353177e-06,   1.269574801e-05,   -0.004477570796,                 0,  -0.0002237259496,    0.002213550452,    0.007479900775,   0.0006213020883,   0.0006329134435,    -0.01105743319,     0.01653791383,   9.240071694e-05,     0.09107943623,   0.0001250791651,      0.1147848478,      0.1651234055,   0.0001244247757,   -0.001819110131,    0.001818654956,                 0,  -0.0001183307077,   -0.002099695634,  -0.0009131030354,                 0,   -0.001299203339,      -16.78693355,   -0.007954909147,                 0
          0,           0,           7,       3.231509253,       3.526604699,      -6.014557386,      -5.949106657,      -6.417663638,      -6.414143661,      -5.981759778,                         2,      -1.696009458,   0.0003703352142,       1.170715908,       3.038765625,       7.387277219,       7.380977313,      0.0039269908,      0.3581947901,   -0.002601090822,     0.00016734155,   -0.004323095683,    0.006094603321,    0.004580485163,      0.3581947901,     0.00016734155,   -0.002601090822,   -0.007261665703,     -0.2881907008,     -0.3295577287,                 0,                 0,     -0.2606464783,     0.08662699856,    0.000110971704,       0.115053821,      0.1564029988,  -0.0002409599522,   -0.001899362015,  -0.0004607688548,                 0,   0.0006227191371,    -0.00227473081,    0.001819353222,                 0,  -7.798231449e-06,    1.32861248e-05,   -0.004328583577,                 0,    0.000480921989,    0.001842549369,     0.00316101455,   0.0006101174124,    0.001658669334,    -0.01358594008,      0.0165275602,  -1.980429113e-05,     0.08662699856,    0.000110971704,       0.115053821,      0.1564029988,   0.0006227191371,    -0.00227473081,    0.001819353222,                 0,  -0.0002409599522,   -0.001899362015,  -0.0004607688548,                 0,   -0.002781580295,      -17.11573262,   -0.004004811406,                 0
          0,           0,           8,       2.865454406,       3.453143555,      -5.999053044,      -5.945438212,      -6.430719941,      -6.427214259,      -5.977461946,                         2,      -1.670797542,   0.0003887116117,       1.229252907,       3.190703906,        7.75664108,        7.75000503,      0.0039269908,      0.3459665617,   -0.002202881147,   6.156562466e-05,    -0.00403381368,    0.002811884247,    0.002323492449,      0.3459665617,   6.156562466e-05,   -0.002202881147,   -0.006367323872,     -0.2726863587,     -0.3258892842,    -0.01305630373,    -0.01307059731,     -0.2563486467,      0.0845551222,   0.0001011822035,       0.115144816,      0.1461654412,  -0.0004194195782,   -0.001594642746,  -0.0001888188228,                 0,   0.0008930849462,   -0.002534778538,    0.001703259216,                 0,  -7.482288628e-06,   1.375214724e-05,   -0.004040083539,                 0,    0.001194673867,   0.0005455519688,   0.0005386829315,   0.0005329754802,    0.002165239531,    -0.01514793682,     0.01543567381,  -0.0001294840673,      0.0845551222,   0.0001011822035,       0.115144816,      0.1461654412,   0.0008930849462,   -0.002534778538,    0.001703259216,                 0,  -0.0004194195782,   -0.001594642746,  -0.0001888188228,                 0,   -0.004960309527,      -15.76011087,   -0.001639837809,                 0
          0,           0,           9,       2.623491929,       3.370178392,      -5.952103915,      -5.895753255,      -6.421369645,      -6.419189769,       -5.92782184,                         2,       -1.67856796,   0.0004080503954,       1.290717402,       3.350239102,       8.144473134,       8.137479404,      0.0039269908,      0.3353552872,   -0.001848040306,  -7.701501766e-05,   -0.003780843871,  -8.840255658e-05,   0.0002990053302,      0.3353552872,  -7.701501766e-05,   -0.001848040306,   -0.005510693811,     -0.2257372302,     -0.2762043269,   -0.003706007841,   -0.005046107591,     -0.2067085404,     0.08406436864,    9.43982345e-05,      0.1151290416,      0.1360674787,  -0.0005792272228,   -0.001223962022,  -4.485106074e-05,                 0,   0.0009302167787,    -0.00252925828,    0.001522026484,                 0,    -7.3968347e-06,   1.425968393e-05,    -0.00378770672,                 0,    0.001705058084,     -0.0013034648,  -0.0008853537975,   0.0003953579567,    0.002176174326,    -0.01534538675,     0.01374607426,  -0.0002778565106,     0.08406436864,    9.43982345e-05,      0.1151290416,      0.1360674787,   0.0009302167787,    -0.00252925828,    0.001522026484,                 0,  -0.0005792272228,   -0.001223962022,  -4.485106074e-05,                 0,   -0.006890282199,      -12.96594188,  -0.0003895720845,                 0
          0,           0,          10,        2.48879947,       3.290053036,      -5.892958591,      -5.826875688,      -6.395781214,      -6.396035473,      -5.860062064,                         2,      -1.690062887,   0.0004284163199,       1.355255865,       3.517751057,       8.551696791,       8.544332259,      0.0039269908,      0.3267032602,   -0.001690336743,  -0.0002176797661,   -0.003591949189,   -0.001304519346,   -0.001245060303,      0.3267032602,  -0.0002176797661,   -0.001690336743,   -0.005173920647,     -0.1665919061,     -0.2073267595,                 0,                 0,     -0.1389487641,     0.08435375571,   8.859254913e-05,      0.1150398949,      0.1272210171,  -0.0006820566027,  -0.0009757526476,  -3.252749315e-05,                 0,   0.0007686101752,   -0.002306287721,     0.00131999778,                 0,  -7.489907105e-06,   1.478512341e-05,   -0.003599244406,                 0,    0.001943972543,   -0.002442769793,   -0.001058124406,   0.0002524023101,    0.001773456635,    -0.01440137522,     0.01185952251,  -0.0004766642309,     0.08435375571,   8.859254913e-05,      0.1150398949,      0.1272210171,   0.0007686101752,   -0.002306287721,     0.00131999778,                 0,  -0.0006820566027,  -0.0009757526476,  -3.252749315e-05,                 0,   -0.008085669654,      -11.01393579,  -0.0002827496772,                 0
          0,           0,          11,       2.720537484,       3.242593406,      -5.833754979,      -5.758975188,      -6.364630108,      -6.366765209,      -5.793430737,                         2,       -1.69484031,   0.0004498386346,       1.423022207,       3.693638609,        8.97928163,       8.971513635,      0.0039269908,      0.3196654517,   -0.001643289688,  -0.0002600397608,   -0.003473175191,   -0.001511820058,   -0.001573754951,      0.3196654517,  -0.0002600397608,   -0.001643289688,   -0.005140654641,     -0.1073882945,     -0.1394262597,                 0,                 0,    -0.07231743712,     0.08489611886,    8.29204395e-05,      0.1148590359,      0.1198273765,  -0.0007294145413,  -0.0008028123788,  -0.0001110627676,                 0,   0.0004938726665,   -0.001910396035,    0.001156483607,                 0,  -7.716161634e-06,   1.541776693e-05,   -0.003480876796,                 0,     0.00197305816,   -0.003193036496,  -0.0003634792472,   7.163752458e-05,    0.001135654159,    -0.01244329359,     0.01033350142,   -0.000599616944,     0.08489611886,    8.29204395e-05,      0.1148590359,      0.1198273765,   0.0004938726665,   -0.001910396035,    0.001156483607,                 0,  -0.0007294145413,  -0.0008028123788,  -0.0001110627676,                 0,   -0.008591847909,      -9.681718809,  -0.0009669484572,                 0
          0,           0,          12,       2.512171646,       3.186407117,       -5.78113805,       -5.70226971,      -6.338587651,      -6.340976347,      -5.738180833,                         2,       -1.69095088,   0.0004723290598,       1.494177828,        3.87832054,       9.428245712,       9.420037758,      0.0039269908,      0.3138122498,   -0.001700120173,  -0.0001970634624,   -0.003398237598,   -0.000747210243,   -0.000869283519,      0.3138122498,  -0.0001970634624,   -0.001700120173,   -0.005417634826,    -0.05477136484,    -0.08272078214,                 0,                 0,    -0.01706753401,     0.08537798011,   7.774292689e-05,      0.1145655672,      0.1137909595,  -0.0007368489389,  -0.0007033308691,  -0.0002599403653,                 0,    0.000207922319,   -0.001463773917,    0.001058788136,                 0,  -7.995411719e-06,   1.607248848e-05,   -0.003406314675,                 0,    0.001887037189,   -0.003611681457,    0.001009114721,  -3.168069624e-05,   0.0004773922127,    -0.01008091147,    0.009424657966,   -0.000690422228,     0.08537798011,   7.774292689e-05,      0.1145655672,      0.1137909595,    0.000207922319,   -0.001463773917,    0.001058788136,                 0,  -0.0007368489389,  -0.0007033308691,  -0.0002599403653,                 0,   -0.008630433022,      -9.046879211,   -0.002268922256,                 0
          0,           0,          13,       2.647366698,        3.14790423,       -5.73854766,      -5.661560517,      -6.321988062,      -6.324507521,      -5.699371462,                         2,      -1.675976817,   0.0004958746172,       1.568891748,       4.072236567,       9.899657997,       9.890972047,      0.0039269908,      0.3082887077,    -0.00180887069,  -0.0001022396216,   -0.003349889047,   0.0004688190647,    7.32803037e-05,      0.3082887077,  -0.0001022396216,    -0.00180887069,   -0.005867456851,    -0.01218097467,    -0.04201158942,                 0,                 0,                 0,     0.08568829342,   7.321576308e-05,       0.114213942,      0.1083132565,  -0.0007170837058,  -0.0006462245051,  -0.0004455624789,                 0,  -1.774962619e-05,   -0.001110139337,    0.001025649341,                 0,  -8.251470732e-06,   1.670630015e-05,   -0.003358343876,                 0,    0.001755355093,   -0.003988797798,    0.002738484584,  -3.622281487e-05,  -4.842447209e-05,   -0.008151707249,    0.009120064738,  -0.0008466527139,     0.08568829342,   7.321576308e-05,       0.114213942,      0.1083132565,  -1.774962619e-05,   -0.001110139337,    0.001025649341,                 0,  -0.0007170837058,  -0.0006462245051,  -0.0004455624789,                 0,   -0.008368514265,      -8.826302943,   -0.003901121626,                 0
          0,           0,          14,       2.502080964,       3.104849346,      -5.708413827,      -5.639724674,      -6.316538228,      -6.319256284,      -5.680315857,                         2,      -1.647272984,    0.000520655303,        1.64734088,       4.275848395,        10.3946409,       10.38545774,      0.0039269908,      0.3025800124,   -0.001991080137,   -3.38926301e-05,    -0.00331323915,    0.002306118644,   0.0009254121936,      0.3025800124,   -3.38926301e-05,   -0.001991080137,   -0.006580342572,                 0,    -0.02017574559,                 0,                 0,                 0,     0.08582654178,   7.072387004e-05,      0.1138720672,      0.1028106795,  -0.0006851988103,  -0.0006428502687,  -0.0006630310578,                 0,  -0.0001593682599,  -0.0009214554959,    0.001046931126,                 0,  -8.439672366e-06,   1.720188809e-05,   -0.003322001366,                 0,    0.001628557874,   -0.004194778569,    0.004779323244,   9.301609465e-05,  -0.0003916267163,   -0.007002898285,    0.009326428675,    -0.00100649148,     0.08582654178,   7.072387004e-05,      0.1138720672,      0.1028106795,  -0.0001593682599,  -0.0009214554959,    0.001046931126,                 0,  -0.0006851988103,  -0.0006428502687,  -0.0006630310578,                 0,   -0.007983530457,      -9.089579916,   -0.005822596129,                 0
          0,           0,          15,       2.680337461,       3.078317353,      -5.691345227,      -5.637934824,      -6.318782503,      -6.322091754,      -5.681812668,                         2,      -1.607336538,   0.0005466533534,       1.729710336,       4.275848395,       10.91437294,       10.90467362,      0.0039269908,      0.2971012712,   -0.002191111748,   3.366239704e-05,   -0.003295397774,    0.004206823827,     0.00184690484,      0.2971012712,   3.366239704e-05,   -0.002191111748,   -0.007374965915,                 0,    -0.01838589597,    -0.00224427451,   -0.002835470165,   -0.001496811354,     0.08587103956,   7.039076333e-05,      0.1136064448,       0.097553396,  -0.0006530665658,  -0.0006596144886,  -0.0008784306935,                 0,  -0.0002232810361,  -0.0008514997125,    0.001108443146,                 0,  -8.532315997e-06,   1.762412721e-05,   -0.003304489585,                 0,    0.001532969332,    -0.00438467013,    0.006801803054,   0.0002567215699,  -0.0005577703978,   -0.006442626124,    0.009913708498,   -0.001066407136,     0.08587103956,   7.039076333e-05,      0.1136064448,       0.097553396,  -0.0002232810361,  -0.0008514997125,    0.001108443146,                 0,  -0.0006530665658,  -0.0006596144886,  -0.0008784306935,                 0,   -0.007605201581,      -9.370753453,   -0.007732225886,                 0
          0,           0,          16,       2.707393896,       3.056498326,      -5.686629133,      -5.655370433,      -6.319764609,      -6.323958115,      -5.701052671,                         2,      -1.561133562,   0.0005740004471,       1.816194246,       4.275848395,       11.46009159,       11.44985742,      0.0039269908,      0.2921876597,   -0.002350724932,   6.489375904e-05,   -0.003291180253,    0.005677938989,     0.00253639478,      0.2921876597,   6.489375904e-05,   -0.002350724932,   -0.008045257402,                 0,    -0.03582150456,   -0.003226381085,   -0.004701830792,    -0.02073681375,     0.08587331363,   7.186522494e-05,       0.113480861,     0.09276161992,  -0.0006277827293,  -0.0006333198203,   -0.001089622382,                 0,   -0.000243176846,  -0.0008861599296,    0.001194230535,                 0,   -8.54957998e-06,   1.798364471e-05,   -0.003300614317,                 0,    0.001471574729,   -0.005021675664,    0.008786793063,   0.0004412468599,  -0.0006249143174,   -0.006556824342,     0.01073060159,   -0.001012468152,     0.08587331363,   7.186522494e-05,       0.113480861,     0.09276161992,   -0.000243176846,  -0.0008861599296,    0.001194230535,                 0,  -0.0006277827293,  -0.0006333198203,   -0.001089622382,                 0,   -0.007310568357,      -8.812604718,   -0.009601816318,                 0
          0,           0,          17,       2.758578694,       3.039947235,      -5.690827646,       -5.68648537,      -6.305188131,      -6.309388565,      -5.727240529,                         2,      -1.517292404,   0.0006027195216,       1.906996383,       4.275848395,       12.03309617,       12.02232143,      0.0039269908,      0.2881369914,   -0.002450774205,   7.104255944e-05,   -0.003290043841,    0.006618356192,    0.003024092383,      0.2881369914,   7.104255944e-05,   -0.002450774205,    -0.00850558685,   -0.004198512134,    -0.06693644151,                 0,                 0,    -0.04692467218,     0.08587171228,   7.390630029e-05,      0.1135227205,     0.08866865229,  -0.0006132700776,  -0.0005563716867,   -0.001281132441,                 0,  -0.0002483465817,  -0.0009760327545,    0.001295421896,                 0,  -8.522462708e-06,    1.82608232e-05,   -0.003299782201,                 0,    0.001442218697,   -0.006060909667,     0.01058863906,   0.0006484081021,  -0.0006599764996,   -0.007135676185,     0.01169360952,  -0.0008738644574,     0.08587171228,   7.390630029e-05,      0.1135227205,     0.08866865229,  -0.0002483465817,  -0.0009760327545,    0.001295421896,                 0,  -0.0006132700776,  -0.0005563716867,   -0.001281132441,                 0,   -0.007141700816,      -7.528068439,     -0.0112852514,                 0
          0,           0,          18,       2.583621626,       3.015930098,      -5.699087841,      -5.719743976,      -6.271036807,      -6.275329007,      -5.742615116,                         2,      -1.485944372,   0.0006328653269,       2.002331383,       4.489640815,       12.63475098,       12.62341859,      0.0039269908,      0.2849365422,    -0.00248354492,   7.923170583e-05,   -0.003288517707,    0.006970374341,    0.003435708535,      0.2849365422,   7.923170583e-05,    -0.00248354492,   -0.008716133426,    -0.01245870756,     -0.1001950485,                 0,                 0,    -0.06229925891,     0.08588580854,   7.530640481e-05,      0.1136990123,     0.08527641499,  -0.0006100040714,  -0.0004428186668,   -0.001430722182,                 0,   -0.000253499583,   -0.001070217895,    0.001402949184,                 0,  -8.479720794e-06,   1.843212261e-05,   -0.003298470109,                 0,    0.001440122981,   -0.007304788459,     0.01199612378,    0.000838916039,  -0.0006943728455,   -0.007874753753,     0.01271839114,  -0.0007135560053,     0.08588580854,   7.530640481e-05,      0.1136990123,     0.08527641499,   -0.000253499583,   -0.001070217895,    0.001402949184,                 0,  -0.0006100040714,  -0.0004428186668,   -0.001430722182,                 0,   -0.007102501354,       -5.88022583,    -0.01258341786,                 0
          0,           0,          19,       3.201704262,       3.025218806,      -5.706309647,       -5.74120802,      -6.229468957,      -6.234465078,      -5.735940597,                         2,      -1.470812677,   0.0006645079345,       2.102425859,       4.714122856,       13.26648853,        13.2545745,      0.0039269908,      0.2822577957,   -0.002440815095,   0.0001046176142,   -0.003293619498,    0.006562508094,     0.00383899155,      0.2822577957,   0.0001046176142,   -0.002440815095,   -0.008647467427,    -0.01968051307,     -0.1216590915,                 0,                 0,    -0.05562474045,     0.08592118487,   7.553803062e-05,      0.1139337775,     0.08232729535,  -0.0006161235851,  -0.0003036536021,   -0.001521037907,                 0,  -0.0002604487067,   -0.001139168245,    0.001504234566,                 0,  -8.440196371e-06,   1.850298196e-05,   -0.003303682284,                 0,    0.001460119506,   -0.008645995124,     0.01284503752,   0.0009033461935,  -0.0007284949124,   -0.008554078991,     0.01368899078,  -0.0005674253262,     0.08592118487,   7.553803062e-05,      0.1139337775,     0.08232729535,  -0.0002604487067,   -0.001139168245,    0.001504234566,                 0,  -0.0006161235851,  -0.0003036536021,   -0.001521037907,                 0,   -0.007170799448,      -4.019877134,     -0.0133501929,                 0
          0,           0,          20,        2.57416915,       3.003740251,      -5.711814444,      -5.749034211,      -6.197665847,      -6.204506732,      -5.719181315,                         2,      -1.465552088,   0.0006977519557,       2.207519672,       4.949828999,       13.92981295,       13.91729073,      0.0039269908,      0.2800501088,   -0.002336740621,   0.0001423355542,   -0.003313994514,    0.005460572375,    0.004257981594,      0.2800501088,   0.0001423355542,   -0.002336740621,   -0.008344008973,    -0.02518531059,     -0.1294852825,                 0,                 0,    -0.03886545794,     0.08597485888,   7.463029743e-05,      0.1141517486,     0.07984887107,  -0.0006283085572,  -0.0001637262476,   -0.001544705816,                 0,   -0.000265818661,   -0.001169993961,    0.001578148177,                 0,  -8.411579099e-06,   1.859048377e-05,   -0.003324173419,                 0,    0.001495737923,   -0.009893435371,     0.01306564102,   0.0007926287994,  -0.0007518422475,   -0.009005095601,     0.01440651717,   -0.000391597732,     0.08597485888,   7.463029743e-05,      0.1141517486,     0.07984887107,   -0.000265818661,   -0.001169993961,    0.001578148177,                 0,  -0.0006283085572,  -0.0001637262476,   -0.001544705816,                 0,   -0.007308049881,      -2.193830833,    -0.01353203814,                 0
          0,           0,          21,        2.56518252,       2.983805809,      -5.721554726,      -5.757759758,      -6.187308311,      -6.195980411,      -5.714724268,                         2,      -1.464309878,   0.0007326782485,       2.317866629,       5.197320449,        14.6263036,       14.61314085,      0.0039269908,      0.2783451708,   -0.002206248165,   0.0001493999814,   -0.003356852091,    0.003961760549,    0.004270418104,      0.2783451708,   0.0001493999814,   -0.002206248165,   -0.007926303009,    -0.03492559251,       -0.13821083,                 0,                 0,    -0.03440841092,     0.08604061765,   7.296116901e-05,      0.1143066174,     0.07792497464,  -0.0006423975767,  -5.363734311e-05,   -0.001510213245,                 0,  -0.0002672905782,     -0.0011888613,     0.00160555186,                 0,  -8.393944867e-06,   1.868184098e-05,   -0.003367139987,                 0,     0.00153725812,    -0.01079083346,       0.012737878,   0.0004774578905,   -0.000758914831,   -0.009413757224,     0.01468680999,  -0.0002437198269,     0.08604061765,   7.296116901e-05,      0.1143066174,     0.07792497464,  -0.0002672905782,     -0.0011888613,     0.00160555186,                 0,  -0.0006423975767,  -5.363734311e-05,   -0.001510213245,                 0,   -0.007466212984,     -0.7351491737,     -0.0132119494,                 0
          0,           0,          22,       2.641953123,       2.968942649,      -5.744055305,      -5.782581409,      -6.204158853,      -6.213166622,      -5.736561313,                         2,      -1.464956546,   0.0007693083062,        2.43373428,       5.457186471,       15.35761878,       15.34378661,      0.0039269908,      0.2769427327,   -0.002098374093,   6.996572078e-05,   -0.003422961353,    0.002481251678,    0.003458834307,      0.2769427327,   6.996572078e-05,   -0.002098374093,   -0.007576924197,    -0.05742617193,     -0.1630324807,    -0.01685054203,    -0.01718621089,    -0.05624545651,     0.08611053476,   7.105854874e-05,       0.114377175,     0.07638396439,  -0.0006551265647,  -5.151625542e-06,   -0.001438095903,                 0,  -0.0002649989941,    -0.00124263838,    0.001577603095,                 0,  -8.383931221e-06,   1.867348198e-05,   -0.003433250904,                 0,    0.001576270822,    -0.01110214897,     0.01205541912,    -4.8289298e-05,  -0.0007521617051,     -0.0101503686,     0.01444081444,  -7.944982523e-05,     0.08611053476,   7.105854874e-05,       0.114377175,     0.07638396439,  -0.0002649989941,    -0.00124263838,    0.001577603095,                 0,  -0.0006551265647,  -5.151625542e-06,   -0.001438095903,                 0,   -0.007607972317,    -0.07249832193,    -0.01257327699,                 0
          0,           0,          23,       2.804433251,        2.96208809,       -5.78481799,      -5.827439737,      -6.248154999,      -6.256664897,      -5.786221759,                         2,      -1.462863226,    0.000807764627,       2.555403122,       5.730045795,       16.12549972,       16.11095126,      0.0039269908,      0.2757768694,   -0.002015323528,  -4.438241017e-05,   -0.003507851321,    0.001213924249,    0.002246671282,      0.2757768694,  -4.438241017e-05,   -0.002015323528,   -0.007307804794,     -0.0981888565,     -0.2078908094,    -0.06084668819,    -0.06068448544,     -0.1059059024,      0.0861782393,   6.920749681e-05,      0.1143780244,     0.07515139824,  -0.0006645410057,    2.51817946e-06,   -0.001353300702,                 0,  -0.0002608146691,   -0.001283308164,    0.001499740423,                 0,  -8.379417224e-06,   1.854861982e-05,   -0.003518020524,                 0,    0.001606668485,    -0.01107812232,     0.01125367903,  -0.0005683009493,   -0.000738730771,    -0.01068737914,     0.01371500258,  -4.222138929e-05,      0.0861782393,   6.920749681e-05,      0.1143780244,     0.07515139824,  -0.0002608146691,   -0.001283308164,    0.001499740423,                 0,  -0.0006645410057,    2.51817946e-06,   -0.001353300702,                 0,   -0.007711239068,      0.0363859347,    -0.01183182442,                 0
          0,           0,          24,       2.667924115,       2.950321531,      -5.843784863,      -5.883376471,      -6.317922267,      -6.322657241,      -5.853200834,                         2,      -1.448500785,   0.0008481576768,       2.683166235,       6.016548084,        16.9317747,       16.91643609,      0.0039269908,      0.2746985141,   -0.001953372779,  -0.0001959770402,    -0.00360649325,   2.729643564e-05,   0.0006467323803,      0.2746985141,  -0.0001959770402,   -0.001953372779,   -0.007110969584,     -0.1571557298,     -0.2638275433,     -0.1306139563,     -0.1266768295,     -0.1728849773,     0.08623976305,    6.76324574e-05,      0.1143174484,      0.0740736702,  -0.0006700205385,  -6.735303905e-06,   -0.001276616936,                 0,  -0.0002568827987,   -0.001331532327,    0.001392438085,                 0,  -8.378868458e-06,   1.840626921e-05,   -0.003616520651,                 0,    0.001625802863,    -0.01096511228,      0.0105304065,   -0.001163800647,  -0.0007259475522,    -0.01122729101,     0.01270159958,   -0.000101628637,     0.08623976305,    6.76324574e-05,      0.1143174484,      0.0740736702,  -0.0002568827987,   -0.001331532327,    0.001392438085,                 0,  -0.0006700205385,  -6.735303905e-06,   -0.001276616936,                 0,     -0.0077692762,    -0.09958685761,    -0.01116729733,                 0
          0,           0,          25,       2.588424503,       2.936402415,      -5.917020139,      -5.936243633,       -6.41182558,      -6.412713115,      -5.919644102,                         2,      -1.415853707,   0.0008905659778,       2.817329066,       3.316622131,       17.77836344,        17.7622115,      0.0039269908,      0.2732428541,   -0.001948580117,  -0.0003415440096,   -0.003709589391,  -0.0006191606329,  -0.0008862086551,      0.2732428541,  -0.0003415440096,   -0.001948580117,   -0.007131312265,     -0.2303910054,     -0.3166947053,     -0.2245172698,     -0.2167327033,     -0.2393282447,     0.08629330716,   6.651484866e-05,      0.1142119183,     0.07267111382,   -0.000672015959,  -5.956574696e-05,   -0.001216998411,                 0,  -0.0002545809362,   -0.001368634794,     0.00128167172,                 0,  -8.381079986e-06,   1.829085468e-05,   -0.003719499165,                 0,    0.001634334982,    -0.01048364936,    0.009970382762,   -0.001740229014,  -0.0007182974522,    -0.01160556077,     0.01164843923,  -0.0002107896589,     0.08629330716,   6.651484866e-05,      0.1142119183,     0.07267111382,  -0.0002545809362,   -0.001368634794,     0.00128167172,                 0,   -0.000672015959,  -5.956574696e-05,   -0.001216998411,                 0,   -0.007787579142,      -0.895525558,    -0.01065561659,                 0
          0,           0,          26,       2.545360593,       2.921919384,      -5.999488718,      -5.984540906,      -6.526068833,      -6.517103763,      -5.977642207,                         2,      -1.375373678,   0.0009350888839,       2.958209881,       3.316622131,       18.66728161,       18.65026072,      0.0039269908,      0.2725296014,   -0.002005003043,  -0.0004335010098,   -0.003808484987,  -0.0007281885718,   -0.001829601134,      0.2725296014,  -0.0004335010098,   -0.002005003043,   -0.007357010148,     -0.3128595847,     -0.3649919776,     -0.3387605222,      -0.321123352,       -0.29732635,       0.086338797,   6.588797278e-05,      0.1140764597,     0.07204845678,  -0.0006715696977,  -0.0001584846087,   -0.001174948737,                 0,  -0.0002541997866,   -0.001366499737,    0.001187198514,                 0,  -8.384653493e-06,   1.824853206e-05,   -0.003818348866,                 0,    0.001635017889,   -0.009578099632,    0.009578995589,   -0.002364102419,  -0.0007166863186,    -0.01157049035,     0.01074669926,  -0.0002891237205,       0.086338797,   6.588797278e-05,      0.1140764597,     0.07204845678,  -0.0002541997866,   -0.001366499737,    0.001187198514,                 0,  -0.0006715696977,  -0.0001584846087,   -0.001174948737,                 0,   -0.007778307332,      -2.405364773,     -0.0102996599,                 0
          0,           0,          27,       2.652231964,       2.912287691,      -6.092695504,      -6.043610436,      -6.652383713,      -6.639764789,      -6.041500931,                         2,      -1.335741408,   0.0009818388109,        3.10614107,       3.158687744,       19.60064569,       19.58273096,      0.0039269908,      0.2716403885,   -0.002011011589,  -0.0005440226807,   -0.003895902828,   -0.001048915218,   -0.003020238179,      0.2716403885,  -0.0005440226807,   -0.002011011589,   -0.007403212753,     -0.4060663707,     -0.4240615084,     -0.4650754029,     -0.4437843775,     -0.3611850739,     0.08637585736,   6.550006156e-05,      0.1139241471,     0.07127488402,  -0.0006699022552,  -0.0001963972551,   -0.001144712078,                 0,  -0.0002551561751,   -0.001402778555,    0.001113912049,                 0,  -8.387905866e-06,   1.816597715e-05,   -0.003905680899,                 0,    0.001631388666,   -0.009284564366,    0.009300714892,    -0.00269645441,   -0.000719298417,    -0.01191189656,     0.01004353689,  -0.0004325800884,     0.08637585736,   6.550006156e-05,      0.1139241471,     0.07127488402,  -0.0002551561751,   -0.001402778555,    0.001113912049,                 0,  -0.0006699022552,  -0.0001963972551,   -0.001144712078,                 0,    -0.00775566548,      -2.998428557,    -0.01004801973,                 0
          0,           0,          28,       3.260663763,       2.924300659,      -6.203830809,      -6.133094436,        -6.7808316,      -6.767355527,      -6.133330976,                         3,      -1.998490496,    0.001030928361,       3.261470533,       1.579343872,       20.58067798,        20.5618314,      0.0039269908,      0.2710332832,   -0.002049165435,  -0.0006224082417,   -0.003961468824,  -0.0006954525128,   -0.003968507131,      0.2710332832,  -0.0006224082417,   -0.002049165435,    -0.00756056751,     -0.5172016757,     -0.5135455085,     -0.5935232896,     -0.5713751158,     -0.4530151194,     0.08640542371,   6.558599332e-05,       0.113744166,     0.07081810744,  -0.0006677957335,  -0.0002762322702,   -0.001105137431,                 0,  -0.0002566606582,    -0.00141833568,    0.001052588097,                 0,  -8.389077427e-06,   1.807532514e-05,   -0.003971155072,                 0,    0.001626120916,   -0.008576979292,    0.008935000155,   -0.002679594292,   -0.000723684193,    -0.01206162381,    0.009457004522,  -0.0006402036539,     0.08640542371,   6.558599332e-05,       0.113744166,     0.07081810744,  -0.0002566606582,    -0.00141833568,    0.001052588097,                 0,  -0.0006677957335,  -0.0002762322702,   -0.001105137431,                 0,   -0.007728632125,      -4.211757056,   -0.009715992212,                 0
          0,           0,          29,       2.967837906,         2.9257519,      -6.337602836,      -6.259895077,      -6.898694393,      -6.885500388,      -6.262186139,                         3,      -1.929214265,    0.001082447083,       3.424564553,       1.579343872,       21.60971188,       21.58989605,      0.0039269908,      0.2697468244,   -0.001961290258,  -0.0006840850874,    -0.00399750912,   -0.001122009405,   -0.004775471515,      0.2697468244,  -0.0006840850874,   -0.001961290258,   -0.007270855782,      -0.650973703,     -0.6403461488,     -0.7113860828,     -0.6895199768,     -0.5818702822,     0.08642728568,   6.543147738e-05,      0.1135988837,     0.06965522355,  -0.0006662810212,  -0.0002220717148,   -0.001072937522,                 0,  -0.0002579377152,   -0.001432686301,    0.001006538929,                 0,  -8.389171223e-06,   1.832380593e-05,   -0.004007443755,                 0,    0.001622003854,   -0.009156325406,    0.008632171854,   -0.002219859706,  -0.0007274214438,    -0.01217540495,    0.009011996792,  -0.0008846419104,     0.08642728568,   6.543147738e-05,      0.1135988837,     0.06965522355,  -0.0002579377152,   -0.001432686301,    0.001006538929,                 0,  -0.0006662810212,  -0.0002220717148,   -0.001072937522,                 0,   -0.007709151294,      -3.393958438,   -0.009444965365,                 0
          0,           0,          30,       2.765757496,       2.920590791,      -6.484747175,      -6.413734782,      -7.006070522,      -6.991531429,      -6.415974751,                         3,      -1.838599767,    0.001136624493,       3.595808844,       1.579343872,       22.69019747,       22.66935108,      0.0039269908,      0.2685339028,   -0.001833176307,  -0.0007401896446,   -0.004012340426,      -0.001806682,   -0.005597604356,      0.2685339028,  -0.0007401896446,   -0.001833176307,   -0.006826610302,      -0.798118042,      -0.794185854,      -0.818762211,     -0.7955510178,     -0.7356588939,     0.08644240819,   6.575468157e-05,      0.1134593599,     0.06856637995,   -0.000665392251,  -0.0001143657521,   -0.001053418304,                 0,  -0.0002587165798,   -0.001460441424,   0.0009789683597,                 0,  -8.388008325e-06,    1.84489991e-05,   -0.004022401416,                 0,     0.00161944142,    -0.01023930695,     0.00844796413,   -0.001634780605,  -0.0007296458683,     -0.0124192042,    0.008744017995,   -0.001192772285,     0.08644240819,   6.575468157e-05,      0.1134593599,     0.06856637995,  -0.0002587165798,   -0.001460441424,   0.0009789683597,                 0,   -0.000665392251,  -0.0001143657521,   -0.001053418304,                 0,   -0.007697520985,      -1.739279233,    -0.00928454298,                 0
          0,           0,          31,       2.785850877,       2.916380168,      -6.627587454,      -6.569809487,      -7.106522371,      -7.102711268,      -6.566719171,                         3,      -1.745364824,    0.001193457828,       3.775611279,       1.579343872,       23.82470734,       23.80277914,      0.0039269908,      0.2681699279,   -0.001625487094,  -0.0008008430968,   -0.004011016568,   -0.003509837843,   -0.006394528811,      0.2681699279,  -0.0008008430968,   -0.001625487094,    -0.00606140706,     -0.9409583209,     -0.9502605586,     -0.9192140601,      -0.906730857,     -0.8864033137,     0.08645218001,   6.624540826e-05,      0.1133208852,     0.06833061728,  -0.0006650128171,   8.238300035e-05,   -0.001042857277,                 0,  -0.0002590925999,   -0.001495891481,    0.000954140984,                 0,  -8.386243716e-06,   1.866815876e-05,   -0.004021298483,                 0,    0.001618289749,    -0.01219213814,    0.008348039201,    -0.00128402865,  -0.0007306518904,    -0.01274748186,    0.008501748867,   -0.001418143929,     0.08645218001,   6.624540826e-05,      0.1133208852,     0.06833061728,  -0.0002590925999,   -0.001495891481,    0.000954140984,                 0,  -0.0006650128171,   8.238300035e-05,   -0.001042857277,                 0,   -0.007692261977,        1.24360318,   -0.009202692652,                 0
          0,           0,          32,       2.707422052,       2.910048104,      -6.739766533,      -6.689617009,      -7.198690698,      -7.192024775,      -6.678056437,                         3,      -1.685726143,    0.001253370093,       3.964401094,       1.658311066,       25.01594271,       24.99286779,      0.0039269908,      0.2683592828,   -0.001276108548,  -0.0009035992774,   -0.004004852495,    -0.00685067349,   -0.007616415303,      0.2683592828,  -0.0009035992774,   -0.001276108548,   -0.004755224171,        -1.0531374,      -1.070068081,      -1.011382388,     -0.9960443641,     -0.9977405804,     0.08645778402,   6.663238659e-05,      0.1132094661,      0.0686254003,  -0.0006649208701,   0.0004159212669,   -0.001027108945,                 0,  -0.0002592247166,   -0.001573551148,   0.0009291765867,                 0,  -8.384399854e-06,   1.922674346e-05,   -0.004015694838,                 0,     0.00161801953,    -0.01550641275,    0.008193225554,   -0.001155505826,   -0.000730924685,    -0.01350768971,    0.008255047705,   -0.001632848611,     0.08645778402,   6.663238659e-05,      0.1132094661,      0.0686254003,  -0.0002592247166,   -0.001573551148,   0.0009291765867,                 0,  -0.0006649208701,   0.0004159212669,   -0.001027108945,                 0,   -0.007690699891,       6.242028662,   -0.009072641897,                 0
          0,           0,          33,       2.738401216,       2.904999666,      -6.827240994,      -6.771057103,      -7.254078441,      -7.264342369,      -6.752961082,                         3,      -1.659507911,    0.001315943216,       4.162629248,       1.741226619,       26.26673985,       26.24232128,      0.0039269908,      0.2686913183,   -0.001216586105,  -0.0009563183756,   -0.003990608838,   -0.007565057057,   -0.008369063481,      0.2686913183,  -0.0009563183756,   -0.001216586105,   -0.004527820672,      -1.140611861,      -1.151508175,       -1.06677013,      -1.068361958,      -1.072645225,     0.08646058398,   6.696635967e-05,      0.1131603194,     0.06900344856,  -0.0006649308684,   0.0004606162538,   -0.001012271491,                 0,     -0.0002592292,   -0.001595213126,   0.0008981239501,                 0,  -8.382844173e-06,   1.925491542e-05,   -0.004001480909,                 0,    0.001618085024,    -0.01594653595,    0.008044135401,   -0.001280741531,  -0.0007308752566,    -0.01371962603,    0.007945337454,    -0.00186389965,     0.08646058398,   6.696635967e-05,      0.1131603194,     0.06900344856,     -0.0002592292,   -0.001595213126,   0.0008981239501,                 0,  -0.0006649308684,   0.0004606162538,   -0.001012271491,                 0,   -0.007690566474,       6.878323028,   -0.008945463358,                 0
          0,           0,          34,       2.849582555,        2.90341632,      -6.881053126,      -6.825182934,      -7.140598754,      -7.306053302,      -6.788260652,                         3,      -1.663819884,    0.001381668014,       4.370769041,        1.82828795,       27.58007684,        27.5542844,      0.0039269908,      0.2690534964,   -0.001188345886,  -0.0009419121715,    -0.00398981063,   -0.008001216553,   -0.008523102408,      0.2690534964,  -0.0009419121715,   -0.001188345886,   -0.004416764331,      -1.194423993,      -1.205634006,     -0.9532904439,      -1.110072891,      -1.107944795,     0.08646170507,   6.735538296e-05,        0.11311499,      0.0694094459,  -0.0006649770979,   0.0004829724646,   -0.001006341253,                 0,   -0.000259181833,   -0.001556749017,   0.0008740186785,                 0,   -8.38178901e-06,   1.908935805e-05,     -0.0040005182,                 0,    0.001618212875,    -0.01616589155,    0.007984159165,   -0.001437697047,  -0.0007307384645,    -0.01333741915,    0.007707079561,   -0.002162024352,     0.08646170507,   6.735538296e-05,        0.11311499,      0.0694094459,   -0.000259181833,   -0.001556749017,   0.0008740186785,                 0,  -0.0006649770979,   0.0004829724646,   -0.001006341253,                 0,   -0.007691001437,        7.17051026,   -0.008896621503,                 0
          0,           0,          35,       2.769065867,       2.899684363,      -6.951108426,      -6.864966202,      -7.194595405,      -7.364295208,      -6.819343528,                         3,       -1.64693665,     0.00145075019,       4.589316707,       1.919702347,       28.95908068,       28.93185426,      0.0039269908,       0.268990635,   -0.001241600861,  -0.0007996860319,   -0.003999840497,   -0.007426484995,   -0.007290310071,       0.268990635,  -0.0007996860319,   -0.001241600861,   -0.004615777276,      -1.264479293,      -1.245417274,      -1.007287095,      -1.168314797,      -1.139027671,     0.08646237328,   6.819357719e-05,      0.1130626325,     0.06939743572,  -0.0006648434004,   0.0004309118304,   -0.001007669291,                 0,  -0.0002591016499,   -0.001407983798,   0.0008673994157,                 0,   -8.38135803e-06,    1.86623726e-05,   -0.004010121512,                 0,    0.001617987848,    -0.01564577061,    0.007998460805,   -0.001397163033,  -0.0007305258363,    -0.01185675208,    0.007644571429,   -0.002347603584,     0.08646237328,   6.819357719e-05,      0.1130626325,     0.06939743572,  -0.0002591016499,   -0.001407983798,   0.0008673994157,                 0,  -0.0006648434004,   0.0004309118304,   -0.001007669291,                 0,   -0.007689395689,       6.318950379,   -0.008912487431,                 0
          0,           0,          36,       2.975760258,       2.901740468,      -7.042905857,       -6.90481594,      -7.393237713,      -7.458110513,      -6.860286491,                         3,      -1.623338476,    0.001523467925,       4.818792561,       1.225040356,       30.40703471,       30.37829373,      0.0039269908,      0.2690623319,   -0.001220040402,  -0.0007413479964,   -0.004002277123,   -0.007476208622,   -0.006912721306,      0.2690623319,  -0.0007413479964,   -0.001220040402,   -0.004534415476,      -1.356276723,      -1.285267012,      -1.205929402,      -1.262130102,      -1.179970634,      0.0864626891,   6.837247463e-05,      0.1130359779,     0.06949529241,    -0.00066483192,   0.0004570080982,    -0.00101221658,                 0,  -0.0002590345458,   -0.001366331962,    0.000884018511,                 0,  -8.381341118e-06,   1.865077224e-05,   -0.004012546554,                 0,    0.001617934582,    -0.01590448328,    0.008045109443,   -0.001234769368,  -0.0007303851757,    -0.01144193776,    0.007811603138,   -0.002552001505,      0.0864626891,   6.837247463e-05,      0.1130359779,     0.06949529241,  -0.0002590345458,   -0.001366331962,    0.000884018511,                 0,    -0.00066483192,   0.0004570080982,    -0.00101221658,                 0,   -0.007689234824,       6.684094742,   -0.008954817735,                 0
          0,           0,          37,       2.759927276,       2.898008542,      -7.126898875,      -6.951979005,      -7.558152015,      -7.524397215,      -6.902558367,                         3,      -1.604354512,    0.001164020572,       5.059742566,                 1,       31.92738645,       31.89712559,      0.0039269908,      0.2687514292,   -0.001199865485,  -0.0007225425243,   -0.003998797798,   -0.007640685026,   -0.006722236825,      0.2687514292,  -0.0007225425243,   -0.001199865485,   -0.004464592017,      -1.440269741,      -1.332430077,      -1.370843704,      -1.328416804,       -1.22224251,     0.08646296039,   6.859295691e-05,      0.1130093792,     0.06921049661,  -0.0006647589608,   0.0004842755657,    -0.00101938209,                 0,  -0.0002589833274,   -0.001372942871,   0.0009093836744,                 0,  -8.380873751e-06,   1.866737493e-05,   -0.004009084299,                 0,    0.001617801257,    -0.01617412453,    0.008117877305,   -0.001202239063,  -0.0007303135796,    -0.01150624799,     0.00806361815,   -0.002549293403,     0.08646296039,   6.859295691e-05,      0.1130093792,     0.06921049661,  -0.0002589833274,   -0.001372942871,   0.0009093836744,                 0,  -0.0006647589608,   0.0004842755657,    -0.00101938209,                 0,   -0.007688366877,       7.060135435,   -0.009020331739,                 0
          0,           0,          38,       2.768900642,       2.894698083,      -7.187615122,      -7.009948278,      -7.609035368,      -7.530855765,      -6.951773543,                         3,      -1.589851129,    0.001242482769,       5.312739773,                 1,       33.52375577,       33.49190221,      0.0039269908,      0.2689673399,   -0.001169437176,  -0.0006626193845,   -0.004001239082,   -0.007977201989,   -0.005916743747,      0.2689673399,  -0.0006626193845,   -0.001169437176,   -0.004347877987,      -1.500985989,       -1.39039935,      -1.421727057,      -1.334875353,      -1.271457686,     0.08646290005,   6.862250946e-05,      0.1130014861,     0.06943433124,   -0.000664798004,   0.0005234177688,   -0.001028056941,                 0,  -0.0002589558885,   -0.001334088999,   0.0009304255025,                 0,  -8.380867889e-06,    1.86649953e-05,    -0.00401152321,                 0,    0.001617873252,    -0.01656166529,     0.00820365095,   -0.001237060895,  -0.0007303001005,    -0.01111909523,    0.008272515854,   -0.002339864271,     0.08646290005,   6.862250946e-05,      0.1130014861,     0.06943433124,  -0.0002589558885,   -0.001334088999,   0.0009304255025,                 0,   -0.000664798004,   0.0005234177688,   -0.001028056941,                 0,   -0.007688823803,       7.627493849,    -0.00909772939,                 0
          0,           0,          39,       3.012742866,       2.897649203,      -7.223391979,      -7.073846573,      -7.643929421,      -7.459140096,      -7.005769632,                         3,      -1.586289303,    0.001084081811,       5.578386075,                 1,       35.19994356,        35.1664111,      0.0039269908,      0.2687778831,    -0.00114868248,  -0.0006076444886,    -0.00400737647,   -0.008257870673,   -0.004845414504,      0.2687778831,  -0.0006076444886,    -0.00114868248,   -0.004273723963,      -1.536762846,      -1.454297645,      -1.456621111,      -1.263159685,      -1.325453775,      0.0864626689,   6.866304451e-05,      0.1129862372,     0.06926031389,  -0.0006648386827,   0.0005660979418,   -0.001049941739,                 0,  -0.0002589387124,   -0.001293089938,   0.0009443841618,                 0,  -8.380969601e-06,    1.87970447e-05,   -0.004017792545,                 0,    0.001617921893,     -0.0169857677,    0.008421673586,   -0.001311698449,  -0.0007302796652,     -0.0107112408,    0.008410972693,   -0.001814866736,      0.0864626689,   6.866304451e-05,      0.1129862372,     0.06926031389,  -0.0002589387124,   -0.001293089938,   0.0009443841618,                 0,  -0.0006648386827,   0.0005660979418,   -0.001049941739,                 0,   -0.007689314836,       8.244579684,   -0.009292651604,                 0
          0,           0,          40,       2.767825197,       2.894482764,      -7.235173959,      -7.144872541,       -7.68193404,      -7.373452968,      -7.056876843,                         3,      -1.600253187,   0.0007975127284,       5.857313703,                 1,       36.95994074,       36.92459756,      0.0039269908,      0.2681298354,    -0.00124703206,  -0.0006342558491,     -0.0039977145,   -0.007416930948,   -0.004397453314,      0.2681298354,  -0.0006342558491,    -0.00124703206,    -0.00465085155,      -1.548544826,      -1.525323613,      -1.494625729,      -1.177472557,      -1.376560986,     0.08646256564,   6.831971532e-05,      0.1129750517,      0.0686238983,   -0.000664843408,   0.0004654067997,   -0.001047595452,                 0,  -0.0002589306364,   -0.001328171953,     0.00095284674,                 0,  -8.381083729e-06,   1.915246916e-05,   -0.004008485885,                 0,    0.001617919002,    -0.01598199196,    0.008398329824,   -0.001451187815,  -0.0007302398089,    -0.01106140605,    0.008494946402,   -0.001100753855,     0.08646256564,   6.831971532e-05,      0.1129750517,      0.0686238983,  -0.0002589306364,   -0.001328171953,     0.00095284674,                 0,   -0.000664843408,   0.0004654067997,   -0.001047595452,                 0,    -0.00768937867,       6.812188802,   -0.009272803474,                 0
          0,           0,          41,       2.756473917,       2.891196839,      -7.214494145,      -7.217318107,      -7.500518391,      -7.271731778,      -7.085352112,                         3,      -1.641032216,    0.000796467783,        6.15018673,                 1,       38.80793778,       38.77073046,      0.0039269908,      0.2682184833,   -0.001402823981,  -0.0008746808064,   -0.004004173926,   -0.005917965096,   -0.006326740105,      0.2682184833,  -0.0008746808064,   -0.001402823981,   -0.005230154027,      -1.527865012,      -1.597769179,      -1.313210081,      -1.075751366,      -1.405036255,     0.08646266338,   6.835250501e-05,      0.1129674016,      0.0687200658,  -0.0006648017142,    0.000296402685,   -0.001034424951,                 0,  -0.0002589328058,   -0.001557030159,   0.0009412821588,                 0,  -8.381158998e-06,   1.923299852e-05,   -0.004015025765,                 0,    0.001617841371,    -0.01429622555,    0.008267102631,    -0.00150668355,  -0.0007302109659,    -0.01334402765,    0.008379644536,  -0.0006321460256,     0.08646266338,   6.835250501e-05,      0.1129674016,      0.0687200658,  -0.0002589328058,   -0.001557030159,   0.0009412821588,                 0,  -0.0006648017142,    0.000296402685,   -0.001034424951,                 0,   -0.007688887761,       4.336383647,   -0.009156844686,                 0
          0,           0,          42,       3.512767093,       2.905651961,       -7.31751475,      -7.280398499,      -7.751278622,      -7.474047309,      -7.171497138,                         3,      -1.589030581,   0.0007860021447,       6.457702567,                 1,       40.74833466,        40.7091671,      0.0039269908,      0.2681182009,   -0.001331254915,   -0.001031398042,   -0.004012090843,   -0.006646855742,   -0.007619000574,      0.2681182009,   -0.001031398042,   -0.001331254915,   -0.004965179203,      -1.630885616,      -1.660849571,      -1.563970312,      -1.278066898,      -1.491181281,     0.08646277646,   6.825008714e-05,      0.1129658329,     0.06862134142,  -0.0006647822119,    0.000360536738,   -0.001027009441,                 0,  -0.0002589398502,    -0.00170395017,   0.0009314919782,                 0,  -8.381207763e-06,   1.938025135e-05,   -0.004023089886,                 0,    0.001617799199,    -0.01493492166,    0.008193087864,   -0.001522821149,  -0.0007302183713,    -0.01480900647,    0.008281862539,  -0.0003616382676,     0.08646277646,   6.825008714e-05,      0.1129658329,     0.06862134142,  -0.0002589398502,    -0.00170395017,   0.0009314919782,                 0,  -0.0006647822119,    0.000360536738,   -0.001027009441,                 0,   -0.007688652147,       5.282582823,   -0.009091328013,                 0
          0,           0,          43,       3.273284803,       2.914007253,      -7.324457263,       -7.33661868,      -7.693315279,      -7.478155204,      -7.202405606,                         3,      -1.598693937,    0.000781053953,        6.78059344,                 1,        42.7857514,       42.74453731,      0.0039269908,      0.2679186993,   -0.001312907051,   -0.001153749967,   -0.004026944862,   -0.006755603499,   -0.008679046757,      0.2679186993,   -0.001153749967,   -0.001312907051,   -0.004900393495,      -1.637828129,      -1.717069752,      -1.506006968,      -1.282174793,      -1.522089749,     0.08646281076,    6.81276871e-05,      0.1129659849,     0.06842177601,  -0.0006647777724,   0.0003829525861,   -0.001031081865,                 0,  -0.0002589401595,   -0.001812607385,   0.0009177975771,                 0,  -8.381217999e-06,   1.942061621e-05,    -0.00403798426,                 0,    0.001617784201,    -0.01515926115,    0.008233499264,   -0.001447625812,  -0.0007302307076,     -0.0158932898,    0.008145102052,  -0.0002006283058,     0.08646281076,    6.81276871e-05,      0.1129659849,     0.06842177601,  -0.0002589401595,   -0.001812607385,   0.0009177975771,                 0,  -0.0006647777724,   0.0003829525861,   -0.001031081865,                 0,   -0.007688597751,       5.621100649,   -0.009127365783,                 0
          0,           0,          44,       2.922532914,       2.914196712,      -7.259343828,      -7.357345649,      -7.501175128,       -7.31665852,      -7.147978632,                         3,      -1.709880668,   0.0006770983208,       7.119628147,                 1,       44.92503897,       44.88165563,      0.0039269908,      0.2679804741,   -0.001150245291,   -0.001243375798,   -0.004043005736,   -0.008614125351,   -0.009709096271,      0.2679804741,   -0.001243375798,   -0.001150245291,   -0.004292272768,      -1.572714694,      -1.737796721,      -1.313866818,      -1.120678108,      -1.467662775,     0.08646245189,   6.761171316e-05,      0.1129720378,     0.06847837265,  -0.0006649709214,   0.0005594801842,   -0.001044754554,                 0,  -0.0002589643497,    -0.00190034185,   0.0009159304016,                 0,   -8.38103105e-06,    1.94150052e-05,   -0.004054039711,                 0,    0.001618150387,    -0.01691828606,    0.008369253929,   -0.001683243607,  -0.0007303378339,    -0.01676841889,    0.008124912293,  -0.0003352518446,     0.08646245189,   6.761171316e-05,      0.1129720378,     0.06847837265,  -0.0002589643497,    -0.00190034185,   0.0009159304016,                 0,  -0.0006649709214,   0.0005594801842,   -0.001044754554,                 0,   -0.007690863569,        8.27490028,   -0.009247903942,                 0
          0,           0,          45,       2.833155555,       2.912434948,      -7.330201204,      -7.439200526,      -7.678796943,      -7.446288267,       -7.26738404,                         3,      -1.673633024,    0.001088000777,       7.475613888,                 1,       47.17129092,       47.12561656,      0.0039269908,      0.2674783317,   -0.001155556003,   -0.001208550288,   -0.004052680188,   -0.008250381717,   -0.009100626459,      0.2674783317,   -0.001208550288,   -0.001155556003,   -0.004320185474,      -1.643572071,      -1.819651598,      -1.491488632,      -1.250307856,      -1.587068183,     0.08646219741,   6.779935652e-05,      0.1129715236,     0.06797681126,   -0.000664984516,    0.000563910038,   -0.001054481525,                 0,  -0.0002589698328,   -0.001861122546,   0.0009115420913,                 0,  -8.380690483e-06,    1.93928561e-05,   -0.004063692354,                 0,    0.001618212501,    -0.01696315152,    0.008465675632,   -0.001371118326,  -0.0007303523618,    -0.01637727764,    0.008079896588,  -7.289304783e-05,     0.08646219741,   6.779935652e-05,      0.1129715236,     0.06797681126,  -0.0002589698328,   -0.001861122546,   0.0009115420913,                 0,   -0.000664984516,    0.000563910038,   -0.001054481525,                 0,   -0.007691043437,       8.317336136,   -0.009334047122,                 0
          0,           0,          46,        2.72290279,       2.908402349,      -7.348434109,      -7.517551175,      -7.725183588,      -7.501970005,      -7.315811488,                         3,      -1.571490662,    0.001022622988,        7.84939825,                 1,       49.52985546,        49.4817547,      0.0039269908,      0.2680915538,   -0.001184024795,   -0.001320979585,   -0.004038693109,   -0.007534047148,    -0.00981329743,      0.2680915538,   -0.001320979585,   -0.001184024795,   -0.004416494209,      -1.661804975,      -1.898002247,      -1.537875277,      -1.305989593,      -1.635495631,     0.08646218874,   6.809005133e-05,      0.1129723045,      0.0685889705,  -0.0006649831386,   0.0005306904993,   -0.001049732156,                 0,  -0.0002589736315,   -0.001959413812,   0.0008974078584,                 0,  -8.380477801e-06,   1.921455783e-05,   -0.004049527189,                 0,    0.001618230678,    -0.01663268669,    0.008418105256,  -0.0009376963973,  -0.0007303659691,    -0.01735694795,    0.007938700666,   0.0003353158268,     0.08646218874,   6.809005133e-05,      0.1129723045,      0.0685889705,  -0.0002589736315,   -0.001959413812,   0.0008974078584,                 0,  -0.0006649831386,   0.0005306904993,   -0.001049732156,                 0,   -0.007691028278,       7.793950642,   -0.009291942481,                 0
          0,           0,          47,       3.481352979,        2.92033882,      -7.389701867,      -7.606162343,      -7.851807655,      -7.562303542,      -7.388450156,                         3,      -1.521753655,   0.0009101899482,       8.241871163,                 1,       52.00634823,       51.95573578,      0.0039269908,      0.2674948419,   -0.001267074177,   -0.001407746837,   -0.004042050166,   -0.005998812919,    -0.01037416002,      0.2674948419,   -0.001407746837,   -0.001267074177,   -0.004736817234,      -1.703072733,      -1.986613415,      -1.664499344,      -1.366323131,      -1.708134299,     0.08646222917,   6.836587711e-05,      0.1129656779,       0.067998569,  -0.0006649868592,   0.0004310281347,   -0.001033115453,                 0,  -0.0002589798742,    -0.00206238198,    0.000913615017,                 0,  -8.380440143e-06,   1.883370808e-05,   -0.004052503434,                 0,    0.001618247342,    -0.01563951104,    0.008252567374,  -0.0002301165909,  -0.0007303759462,    -0.01838243463,    0.008100958883,   0.0006376916704,     0.08646222917,   6.836587711e-05,      0.1129656779,       0.067998569,  -0.0002589798742,    -0.00206238198,    0.000913615017,                 0,  -0.0006649868592,   0.0004310281347,   -0.001033115453,                 0,   -0.007691067714,       6.304726172,   -0.009145392408,                 0
          0,           0,          48,       2.853977195,       2.918984501,      -7.418372341,      -7.690939262,      -7.893384234,      -7.572728612,      -7.430343383,                         3,      -1.486287043,   0.0008799413586,       8.653967117,                 1,       54.60666565,       54.55344992,      0.0039269908,      0.2666624154,   -0.001236370901,   -0.001478195647,   -0.004046311564,   -0.005940650203,    -0.01114652997,      0.2666624154,   -0.001478195647,   -0.001236370901,   -0.004636464795,      -1.731743207,      -2.071390334,      -1.706075924,      -1.376748201,      -1.750027526,     0.08646226171,   6.847919582e-05,      0.1129586962,     0.06717297825,  -0.0006649876595,   0.0004635141255,   -0.001034897367,                 0,  -0.0002589831986,   -0.002128869815,   0.0009096573663,                 0,  -8.380426958e-06,   1.883458936e-05,   -0.004056765727,                 0,    0.001618248076,    -0.01596410871,    0.008270341999,   0.0001348684316,  -0.0007303815448,    -0.01904515363,    0.008061376943,   0.0005676282674,     0.08646226171,   6.847919582e-05,      0.1129586962,     0.06717297825,  -0.0002589831986,   -0.002128869815,   0.0009096573663,                 0,  -0.0006649876595,   0.0004635141255,   -0.001034897367,                 0,   -0.007691074075,       6.768685291,   -0.009161732577,                 0
          0,           0,          49,       3.105247708,       2.922709765,      -7.443571251,      -7.642696421,      -7.909268263,      -7.573288834,      -7.465214286,                         3,      -1.433467885,   0.0008682197179,       9.086667372,                 1,       57.33699893,       57.28101658,      0.0039269908,      0.2663335842,   -0.001177244572,   -0.001470609829,   -0.004046024723,   -0.006558087878,    -0.01135791251,      0.2663335842,   -0.001470609829,   -0.001177244572,    -0.00442018822,      -1.756942117,      -2.023147493,      -1.721959952,      -1.377308423,      -1.784898429,     0.08646230739,   6.858247671e-05,      0.1129518865,     0.06685080789,  -0.0006649758801,   0.0005285935625,   -0.001040862254,                 0,  -0.0002589749319,   -0.002116440312,   0.0009048054148,                 0,  -8.380377189e-06,    1.89780042e-05,    -0.00405662235,                 0,    0.001618225602,    -0.01661395982,    0.008329854941,   0.0001077914004,  -0.0007303737724,     -0.0189209934,    0.008012258192,   0.0002811964759,     0.08646230739,   6.858247671e-05,      0.1129518865,     0.06685080789,  -0.0002589749319,   -0.002116440312,   0.0009048054148,                 0,  -0.0006649758801,   0.0005285935625,   -0.001040862254,                 0,   -0.007690933775,       7.707414311,   -0.009215094023,                 0
          0,           0,          50,         3.3580652,       2.931246146,       -7.43000718,      -7.606181444,      -7.946355453,      -7.562768218,      -7.454371068,                         3,      -1.540141837,   0.0009098482888,       9.541002286,              1.05,       60.20384888,       60.14495813,      0.0039269908,      0.2659848218,   -0.001146821641,   -0.001413602179,   -0.004040993296,   -0.006768741653,    -0.01099441667,      0.2659848218,   -0.001413602179,   -0.001146821641,   -0.004311605578,      -1.743378047,      -1.986632516,      -1.759047142,      -1.366787806,      -1.774055211,     0.08646234406,   6.861865066e-05,      0.1129553286,     0.06649853049,  -0.0006649724998,   0.0005560341197,   -0.001037883261,                 0,   -0.000258956978,   -0.002070428312,   0.0009157831106,                 0,  -8.380353968e-06,   1.890067864e-05,    -0.00405151362,                 0,    0.001618223603,    -0.01688739957,     0.00829989701,   0.0002005373031,  -0.0007303652353,    -0.01846098668,      0.0081213194,   7.561584028e-05,     0.08646234406,   6.861865066e-05,      0.1129553286,     0.06649853049,   -0.000258956978,   -0.002070428312,   0.0009157831106,                 0,  -0.0006649724998,   0.0005560341197,   -0.001037883261,                 0,   -0.007690891417,       8.103250565,   -0.009188440013,                 0
          0,           0,          51,       3.709652511,         2.9462155,      -7.475373065,      -7.650140969,      -7.990840508,       -7.57894365,      -7.506280858,                         3,       -1.44103902,   0.0009670699049,       10.01805363,            1.1025,       63.21404132,       63.15211632,      0.0039269908,      0.2660274362,   -0.001228745211,   -0.001369900363,    -0.00406607652,    -0.00595398729,     -0.0107554627,      0.2660274362,   -0.001369900363,   -0.001228745211,    -0.00461886649,      -1.788743932,      -2.030592041,      -1.803532197,      -1.382963239,      -1.825965001,     0.08646234619,   6.876466199e-05,      0.1129665823,     0.06652974304,  -0.0006649754981,    0.000504018902,   -0.001067788615,                 0,  -0.0002589469864,   -0.002028075293,   0.0009171219161,                 0,  -8.380339425e-06,   1.853559696e-05,   -0.004076231777,                 0,    0.001618228229,    -0.01636898243,     0.00859781362,   0.0001989532938,  -0.0007303555342,    -0.01803869024,     0.00813501516,  -0.0001214320873,     0.08646234619,   6.876466199e-05,      0.1129665823,     0.06652974304,  -0.0002589469864,   -0.002028075293,   0.0009171219161,                 0,  -0.0006649754981,    0.000504018902,   -0.001067788615,                 0,   -0.007690925905,       7.329620876,   -0.009452252096,                 0
          0,           0,          52,       3.038759964,       2.947961622,      -7.457303579,      -7.648818015,      -8.000065024,      -7.572859969,      -7.492049105,                         3,      -1.465245665,    0.001014095832,       10.51895714,          1.157625,       66.37474338,       66.30961638,      0.0039269908,      0.2663914615,   -0.001275621563,   -0.001311914562,   -0.004083195286,   -0.005615281978,    -0.01043043414,      0.2663914615,   -0.001311914562,   -0.001275621563,   -0.004788522709,      -1.770674445,      -2.029269087,      -1.812756714,      -1.376879558,      -1.811733248,     0.08646233888,   6.901708702e-05,      0.1129739503,     0.06688615519,  -0.0006649742666,   0.0004801767254,   -0.001090824022,                 0,  -0.0002589509113,   -0.001981377787,   0.0009284141362,                 0,  -8.380326335e-06,   1.838997839e-05,   -0.004093204938,                 0,    0.001618214341,    -0.01612982055,    0.008827715989,   6.860823699e-05,  -0.0007303434036,    -0.01757351816,    0.008248138958,  -0.0003747115399,     0.08646233888,   6.901708702e-05,      0.1129739503,     0.06688615519,  -0.0002589509113,   -0.001981377787,   0.0009284141362,                 0,  -0.0006649742666,   0.0004801767254,   -0.001090824022,                 0,   -0.007690912312,       6.957360071,   -0.009655535798,                 0
          0,           0,          53,        2.73471658,       2.944012639,      -7.355200764,      -7.671171324,      -7.452606664,      -7.561230352,      -7.398153796,                         3,      -1.418040886,    0.001048985637,       11.04490531,        1.21550625,       69.69348055,       69.62433127,      0.0039269908,      0.2656229069,   -0.001362299799,   -0.001166241028,   -0.004073894974,   -0.004626236822,   -0.009300408934,      0.2656229069,   -0.001166241028,   -0.001362299799,    -0.00512869848,      -1.668571631,      -2.051622396,      -1.265298353,      -1.365249941,      -1.717837939,     0.08646235209,   6.909965771e-05,      0.1129767952,     0.06611465994,  -0.0006649883685,   0.0003825462093,    -0.00107985764,                 0,  -0.0002589634373,   -0.001872478724,   0.0009652011337,                 0,  -8.380327045e-06,    1.82622803e-05,   -0.004083776927,                 0,    0.001618234455,    -0.01515588294,    0.008718886034,   0.0001925256283,  -0.0007303481163,    -0.01648725906,    0.008615187767,  -0.0006979895222,     0.08646235209,   6.909965771e-05,      0.1129767952,     0.06611465994,  -0.0002589634373,   -0.001872478724,   0.0009652011337,                 0,  -0.0006649883685,   0.0003825462093,    -0.00107985764,                 0,   -0.007691074236,       5.536152015,     -0.0095582251,                 0
          0,           0,          54,       2.723623621,       2.940005566,      -7.362947854,      -7.604539528,      -7.776423304,      -7.533593129,      -7.384355334,                         3,        -1.4370314,    0.001107680762,       11.59715038,       1.276281563,       73.17815458,       73.10532177,      0.0039269908,      0.2674882282,    -0.00131669112,   -0.001107773322,   -0.004073659506,   -0.005435694322,    -0.00922546006,      0.2674882282,   -0.001107773322,    -0.00131669112,   -0.004922426415,      -1.676318721,        -1.9849906,      -1.589114993,      -1.337612718,      -1.704039477,     0.08646234619,   6.922627425e-05,      0.1129762769,     0.06798037886,  -0.0006649908224,   0.0004293112057,   -0.001081011503,                 0,  -0.0002589715492,   -0.001822255066,   0.0009734532932,                 0,  -8.380319925e-06,   1.825491418e-05,     -0.0040835341,                 0,    0.001618242083,     -0.0156208309,    0.008729977266,  -0.0001630827682,  -0.0007303536572,    -0.01598557123,    0.008698553532,   -0.001208088703,     0.08646234619,   6.922627425e-05,      0.1129762769,     0.06798037886,  -0.0002589715492,   -0.001822255066,   0.0009734532932,                 0,  -0.0006649908224,   0.0004293112057,   -0.001081011503,                 0,   -0.007691103142,       6.201564512,   -0.009568482282,                 0
          0,           0,          55,       2.657923218,       2.934968381,      -7.387260546,      -7.605982288,      -7.943423125,      -7.538205615,       -7.42077279,                         3,      -1.433652976,    0.001161796866,       12.17700733,       1.340095641,       76.83706231,       76.76035802,      0.0039269908,      0.2675450058,   -0.001460928622,   -0.001039483489,   -0.004061064943,   -0.003832578187,   -0.008331318804,      0.2675450058,   -0.001039483489,   -0.001460928622,   -0.005460496703,      -1.700631412,       -1.98643336,      -1.756114814,      -1.342225204,      -1.740456933,     0.08646240351,   6.908000742e-05,      0.1129702026,     0.06804331972,  -0.0006649477702,   0.0002782402125,   -0.001074221064,                 0,  -0.0002589657489,   -0.001715557123,   0.0009350393834,                 0,  -8.380240613e-06,   1.824733936e-05,   -0.004070932042,                 0,    0.001618162355,    -0.01411408414,    0.008662625434,   7.181626738e-07,  -0.0007303413114,    -0.01492141627,    0.008315995003,  -0.0009955562276,     0.08646240351,   6.908000742e-05,      0.1129702026,     0.06804331972,  -0.0002589657489,   -0.001715557123,   0.0009350393834,                 0,  -0.0006649477702,   0.0002782402125,   -0.001074221064,                 0,   -0.007690600114,       4.027796506,   -0.009508888538,                 0
          0,           0,          56,       2.793885773,       2.932493248,      -7.336485934,      -7.541965007,       -7.87996985,      -7.451515539,      -7.369982352,                         3,      -1.574145949,    0.001214992804,       12.78585708,       1.350606992,       80.67891543,        80.5980614,      0.0039269908,      0.2673724533,    -0.00136054114,   -0.001066244332,   -0.004057565813,   -0.004968188722,   -0.008375888386,      0.2673724533,   -0.001066244332,    -0.00136054114,   -0.005088561378,        -1.6498568,      -1.922416079,      -1.692661539,      -1.255535128,      -1.689666495,     0.08646253222,    6.91416923e-05,      0.1129639459,     0.06787683355,  -0.0006649066094,   0.0003696645453,   -0.001065299075,                 0,  -0.0002589538919,   -0.001696768546,   0.0008894781059,                 0,  -8.380117207e-06,   1.794401849e-05,   -0.004067129714,                 0,    0.001618093703,    -0.01502351876,    0.008574241351,  -0.0001370050136,  -0.0007303399922,    -0.01473358917,    0.007861261132,  -0.0007732203567,     0.08646253222,    6.91416923e-05,      0.1129639459,     0.06787683355,  -0.0002589538919,   -0.001696768546,   0.0008894781059,                 0,  -0.0006649066094,   0.0003696645453,   -0.001065299075,                 0,   -0.007690112611,       5.346478123,   -0.009430434351,                 0
          0,           0,          57,       2.542824232,       2.925774817,      -7.200971472,      -7.341071697,       -7.83206168,      -7.341995022,      -7.223664796,                         2,      -1.409997191,   0.0006262494129,       13.42514957,                 1,        84.7128612,       84.62770626,      0.0039269908,      0.2678127412,   -0.001332236778,   -0.001084723507,   -0.004057751373,   -0.005669918091,   -0.008578247927,      0.2678127412,   -0.001084723507,   -0.001332236778,   -0.004974508575,      -1.514342339,      -1.721522769,       -1.64475337,      -1.146014611,      -1.543348939,     0.08646299712,   6.957068761e-05,      0.1129485441,     0.06833162921,  -0.0006646847005,   0.0003921152653,   -0.001059667342,                 0,  -0.0002588942285,   -0.001694314549,   0.0008684852711,                 0,   -8.38043823e-06,   1.750687551e-05,   -0.004066877811,                 0,    0.001617678739,    -0.01525033848,    0.008519298956,  -0.0005565573031,  -0.0007301767081,    -0.01470967649,    0.007654360183,  -0.0007927549132,     0.08646299712,   6.957068761e-05,      0.1129485441,     0.06833162921,  -0.0002588942285,   -0.001694314549,   0.0008684852711,                 0,  -0.0006646847005,   0.0003921152653,   -0.001059667342,                 0,   -0.007687504744,       5.636213739,   -0.009381859238,                 0
          0,           0,          58,       4.078762007,       2.945316972,      -7.220226614,      -7.345201952,      -7.950871806,       -7.36551369,      -7.239855934,                         2,      -1.377359658,   0.0006822338565,       14.09640697,                 1,       88.94850426,       88.85891476,      0.0039269908,      0.2681264912,    -0.00115323237,   -0.001111485984,   -0.004046690613,   -0.007684847544,   -0.008913958583,      0.2681264912,   -0.001111485984,    -0.00115323237,   -0.004301075828,      -1.533597481,      -1.725653024,      -1.763563496,      -1.169533279,      -1.559540077,     0.08646290237,   6.904453046e-05,      0.1129654455,     0.06862909877,  -0.0006648600586,   0.0005553697324,   -0.001043742044,                 0,  -0.0002589146351,   -0.001724455564,   0.0008718842155,                 0,  -8.380381967e-06,   1.736320482e-05,   -0.004055673436,                 0,    0.001617948017,    -0.01687467761,    0.008360310092,  -0.0007884280394,  -0.0007302872758,    -0.01501122431,    0.007685825057,  -0.0008582720575,     0.08646290237,   6.904453046e-05,      0.1129654455,     0.06862909877,  -0.0002589146351,   -0.001724455564,   0.0008718842155,                 0,  -0.0006648600586,   0.0005553697324,   -0.001043742044,                 0,   -0.007689541299,       8.043645582,   -0.009239480615,                 0
          0,           0,          59,       2.797287364,       2.942849812,       -7.32358368,      -7.537855944,      -7.912833825,      -7.450691737,      -7.347258249,                         3,      -1.567114901,    0.000659310964,       14.80122749,                 1,       93.39592947,       93.30170719,      0.0039269908,      0.2681311278,   -0.001178755135,   -0.001120094095,    -0.00404366446,   -0.007368600253,   -0.009082722891,      0.2681311278,   -0.001120094095,   -0.001178755135,   -0.004396189078,      -1.636954546,      -1.918307016,      -1.725525514,      -1.254711326,      -1.666942392,     0.08646256245,   6.914934153e-05,      0.1129591786,     0.06864023733,  -0.0006649109684,   0.0005283770003,   -0.001042221167,                 0,  -0.0002589333974,    -0.00172535418,   0.0008641934829,                 0,  -8.380088797e-06,   1.736031264e-05,   -0.004052644684,                 0,    0.001618066026,    -0.01660549716,     0.00834461651,  -0.0007257856302,  -0.0007303518096,    -0.01501993004,     0.00760793015,   -0.000940371191,     0.08646256245,   6.914934153e-05,      0.1129591786,     0.06864023733,  -0.0002589333974,    -0.00172535418,   0.0008641934829,                 0,  -0.0006649109684,   0.0005283770003,   -0.001042221167,                 0,   -0.007690160337,       7.641099519,   -0.009226529263,                 0
          0,           0,          60,       2.652047958,       2.938082569,      -7.164245298,      -7.202288567,       -7.96204808,      -7.398994321,       -7.19991666,                         2,      -1.370895249,   0.0006485640327,        15.5412894,              1.05,       98.06572594,       97.96668371,      0.0039269908,      0.2675997023,   -0.001190597834,   -0.001127515507,   -0.004047878503,   -0.006903962811,   -0.009197463338,      0.2675997023,   -0.001127515507,   -0.001190597834,   -0.004449174734,      -1.477616164,      -1.582739639,       -1.77473977,       -1.20301391,      -1.519600803,     0.08646251413,   6.923379829e-05,      0.1129503688,     0.06811758559,  -0.0006648893769,   0.0005157170188,   -0.001041425476,                 0,   -0.000258927028,   -0.001726398171,   0.0008578096915,                 0,  -8.380053908e-06,   1.737095127e-05,     -0.0040568694,                 0,    0.001618051035,    -0.01647881164,    0.008337055905,  -0.0003802581102,  -0.0007303249465,    -0.01503013379,    0.007544749884,  -0.0009817544824,     0.08646251413,   6.923379829e-05,      0.1129503688,     0.06811758559,   -0.000258927028,   -0.001726398171,   0.0008578096915,                 0,  -0.0006648893769,   0.0005157170188,   -0.001041425476,                 0,   -0.007689914914,       7.448919913,   -0.009220204302,                 0
          0,           0,          61,       2.884731878,       2.937222074,       -7.30489412,      -7.404930342,      -7.942198452,      -7.472050325,      -7.339884791,                         3,      -1.536040637,   0.0006809881068,       16.31835431,            1.1025,               100,       99.92281988,      0.0039269908,      0.2674184373,   -0.001215448278,   -0.001144000636,   -0.004047426077,   -0.006619465366,   -0.009520340705,      0.2674184373,   -0.001144000636,   -0.001215448278,    -0.00454511772,      -1.618264986,      -1.785381414,      -1.754890142,      -1.276069913,      -1.659568934,     0.08646258762,   6.926626419e-05,      0.1129564971,     0.06793008627,  -0.0006648731017,   0.0004901518537,    -0.00104072703,                 0,  -0.0002589037106,   -0.001748379484,   0.0008632825589,                 0,   -8.38009936e-06,   1.766578461e-05,   -0.004056711763,                 0,    0.001618040202,    -0.01622871097,    0.008329181338,  -0.0003379759309,  -0.0007302722981,    -0.01524888401,    0.007598052152,   -0.001139236547,     0.08646258762,   6.926626419e-05,      0.1129564971,     0.06793008627,  -0.0002589037106,   -0.001748379484,   0.0008632825589,                 0,  -0.0006648731017,   0.0004901518537,    -0.00104072703,                 0,   -0.007689720144,       7.076343143,   -0.009213520747,                 0
          0,           0,          62,       3.610819897,       2.947914103,      -7.415370855,      -7.718735243,      -7.967336812,       -7.53627103,       -7.45071915,                         3,      -1.457372592,   0.0007229055151,       16.64022205,          1.157625,               100,       99.94887255,      0.0039269908,      0.2671245499,   -0.001278810398,   -0.001150951481,   -0.004046819597,    -0.00576189925,   -0.009660352436,      0.2671245499,   -0.001150951481,   -0.001278810398,    -0.00478731887,      -1.728741722,      -2.099186315,      -1.780028501,      -1.340290619,      -1.770403293,     0.08646263921,   6.905229255e-05,      0.1129591355,     0.06763372291,  -0.0006648669128,   0.0004310740553,   -0.001045017541,                 0,  -0.0002589072633,    -0.00175584946,   0.0008638052424,                 0,  -8.380083112e-06,   1.783472739e-05,   -0.004056274242,                 0,    0.001618028467,    -0.01564102039,     0.00837219588,  -0.0001111032018,  -0.0007302867098,    -0.01532295233,    0.007603365068,    -0.00121047846,     0.08646263921,   6.905229255e-05,      0.1129591355,     0.06763372291,  -0.0002589072633,    -0.00175584946,   0.0008638052424,                 0,  -0.0006648669128,   0.0004310740553,   -0.001045017541,                 0,   -0.007689643977,        6.24271895,   -0.009251288407,                 0
          0,           0,          63,       3.674860654,       2.959272643,      -7.451818766,      -7.784674772,      -7.979224425,      -7.551915121,      -7.489556544,                         3,      -1.557489387,   0.0007686129194,       16.64022223,        1.21550625,               100,       99.96153756,      0.0039269908,      0.2668399369,   -0.001234413833,   -0.001163431297,   -0.004042572907,   -0.006066995272,     -0.0098119201,      0.2668399369,   -0.001163431297,   -0.001234413833,   -0.004626046039,      -1.765189633,      -2.165125844,      -1.791916114,       -1.35593471,      -1.809240687,     0.08646268056,   6.890454341e-05,      0.1129600887,     0.06734826307,  -0.0006648588973,   0.0004711242658,   -0.001040679202,                 0,  -0.0002589116588,   -0.001777306169,   0.0008727865299,                 0,  -8.380026118e-06,   1.802783271e-05,   -0.004052220714,                 0,    0.001618005639,    -0.01604008458,    0.008329380551,   2.570311506e-05,  -0.0007303098474,    -0.01553645948,    0.007693055266,   -0.001238206043,     0.08646268056,   6.890454341e-05,      0.1129600887,     0.06734826307,  -0.0002589116588,   -0.001777306169,   0.0008727865299,                 0,  -0.0006648588973,   0.0004711242658,   -0.001040679202,                 0,   -0.007689547595,       6.837346893,   -0.009212804393,                 0
          0,           0,          64,        3.43087464,       2.966528058,      -7.428473204,      -7.792884983,      -7.817461899,      -7.525077342,       -7.47057798,                         2,      -1.311485587,   0.0008152564607,       16.64022281,        1.21550625,               100,       99.96927473,      0.0039269908,      0.2670653409,   -0.001220472818,   -0.001198925642,   -0.004046148906,   -0.006411675851,    -0.01032075394,      0.2670653409,   -0.001198925642,   -0.001220472818,   -0.004569940878,       -1.74184407,      -2.173336055,      -1.630153588,      -1.329096931,      -1.790262123,     0.08646268815,   6.892028479e-05,      0.1129575296,     0.06757620285,  -0.0006648620126,   0.0004881228157,   -0.001043733621,                 0,  -0.0002589081566,   -0.001811571141,   0.0008715536553,                 0,  -8.380002425e-06,    1.81536965e-05,     -0.0040559226,                 0,    0.001618004046,     -0.0162096532,    0.008359866829,  -0.0001798935302,  -0.0007303088724,    -0.01587846805,    0.007680914065,   -0.001392891084,     0.08646268815,   6.892028479e-05,      0.1129575296,     0.06757620285,  -0.0002589081566,   -0.001811571141,   0.0008715536553,                 0,  -0.0006648620126,   0.0004881228157,   -0.001043733621,                 0,    -0.00768958295,       7.082425982,   -0.009240053541,                 0
          0,           0,          65,       2.764203079,       2.963462528,      -7.436158447,       -7.79156073,       -7.86627644,      -7.538267465,      -7.481491925,                         3,      -1.526226013,   0.0008326195264,       16.64022346,        1.21550625,               100,       99.97373392,      0.0039269908,      0.2675456098,   -0.001363725174,   -0.001218408294,   -0.004039536148,   -0.004979894464,    -0.01054304956,      0.2675456098,   -0.001218408294,   -0.001363725174,   -0.005097168947,      -1.749529314,      -2.172011802,      -1.678968129,      -1.342287053,      -1.801176068,      0.0864626717,   6.903517268e-05,      0.1129441236,     0.06806977934,  -0.0006648732005,   0.0003419701808,   -0.001040822155,                 0,  -0.0002588903806,   -0.001836347989,   0.0008768300763,                 0,  -8.380027574e-06,   1.802568878e-05,   -0.004049181809,                 0,    0.001618025163,    -0.01475253059,    0.008331029909,  -0.0001764189403,    -0.00073029559,    -0.01612486849,    0.007733207521,   -0.001421093004,      0.0864626717,   6.903517268e-05,      0.1129441236,     0.06806977934,  -0.0002588903806,   -0.001836347989,   0.0008768300763,                 0,  -0.0006648732005,   0.0003419701808,   -0.001040822155,                 0,   -0.007689713808,       4.953564502,   -0.009215372356,                 0
          0,           0,          66,       2.887693653,       2.962331649,      -7.362851198,      -7.767834149,      -7.553565817,      -7.444029661,      -7.402002653,                         3,      -1.426913217,   0.0008247044928,       16.64022411,                 1,               100,        99.9763952,      0.0039269908,      0.2677431303,   -0.001303065111,   -0.001362390516,   -0.004042982616,   -0.004954090666,    -0.01212774079,      0.2677431303,   -0.001362390516,   -0.001303065111,   -0.004866847972,      -1.676222064,      -2.148285221,      -1.366257507,       -1.24804925,      -1.721686796,     0.08646268304,   6.916147886e-05,      0.1129252024,     0.06828608343,  -0.0006648648678,   0.0004079147459,   -0.001046114989,                 0,  -0.0002588576384,    -0.00195512001,   0.0008515871328,                 0,  -8.380037975e-06,   1.828635941e-05,   -0.004052888938,                 0,    0.001618022548,     -0.0154106586,    0.008383614672,   0.0004549307107,  -0.0007302770028,    -0.01730767128,    0.007481120312,   -0.001570912824,     0.08646268304,   6.916147886e-05,      0.1129252024,     0.06828608343,  -0.0002588576384,    -0.00195512001,   0.0008515871328,                 0,  -0.0006648648678,   0.0004079147459,   -0.001046114989,                 0,   -0.007689616427,       5.898004968,   -0.009263786709,                 0
          0,           0,          67,        2.95381486,       2.962206402,      -7.361297743,      -7.785252743,      -7.634763936,      -7.485773473,      -7.412944181,                         3,      -1.382792449,   0.0006401318318,       16.64022441,                 1,               100,       99.97803006,      0.0039269908,       0.268134346,   -0.001387919533,   -0.001301723883,   -0.004062605573,   -0.004033983976,    -0.01109838238,       0.268134346,   -0.001301723883,   -0.001387919533,    -0.00517620944,      -1.674668609,      -2.165703815,      -1.447455626,      -1.289793062,      -1.732628324,     0.08646275445,   6.891290687e-05,      0.1129426521,     0.06866002658,  -0.0006648576788,   0.0003467225361,    -0.00106978439,                 0,  -0.0002588426869,   -0.001894138424,    0.000851257228,                 0,  -8.380074429e-06,   1.819068065e-05,   -0.004072416179,                 0,    0.001618026161,     -0.0148011058,     0.00861951097,   0.0005295846972,  -0.0007302644384,    -0.01670013508,    0.007475722728,   -0.001143705595,     0.08646275445,   6.891290687e-05,      0.1129426521,     0.06866002658,  -0.0002588426869,   -0.001894138424,    0.000851257228,                 0,  -0.0006648576788,   0.0003467225361,    -0.00106978439,                 0,    -0.00768952693,       5.031314913,   -0.009471925537,                 0
          0,           0,          68,       3.171793613,       2.965243898,      -7.400238782,      -7.760771431,       -7.70568948,      -7.545263905,      -7.434327252,                         3,       -1.36698643,   0.0006636438147,       16.64022459,                 1,               100,       99.97919119,      0.0039269908,      0.2679637541,    -0.00153385013,   -0.001429079669,   -0.004077495077,   -0.002382864593,    -0.01223065519,      0.2679637541,   -0.001429079669,    -0.00153385013,   -0.005724095543,      -1.713609649,      -2.141222503,       -1.51838117,      -1.349283494,      -1.754011395,     0.08646291502,   6.869907132e-05,      0.1129666303,     0.06846550968,  -0.0006648314267,   0.0002202846618,   -0.001089303365,                 0,  -0.0002588556378,   -0.002002971994,   0.0008327479631,                 0,  -8.380039403e-06,   1.834413305e-05,    -0.00408745917,                 0,    0.001617951459,    -0.01353984663,     0.00881470382,   0.0007243267553,  -0.0007302467113,    -0.01778684279,    0.007292479673,   -0.001006045362,     0.08646291502,   6.869907132e-05,      0.1129666303,     0.06846550968,  -0.0002588556378,   -0.002002971994,   0.0008327479631,                 0,  -0.0006648314267,   0.0002202846618,   -0.001089303365,                 0,   -0.007689209027,        3.20651586,    -0.00964270035,                 0
          0,           0,          69,       3.104852819,       2.967238311,      -7.404751979,      -7.806568053,      -7.646313806,      -7.555165605,      -7.438485847,                         3,      -1.312113949,   0.0007317634922,       16.64022469,                 1,               100,       99.97998672,      0.0039269908,      0.2669537724,   -0.001488454566,   -0.001408545371,   -0.004058543997,   -0.002552769251,    -0.01150572122,      0.2669537724,   -0.001408545371,   -0.001488454566,   -0.005575701563,      -1.718122846,      -2.187019125,      -1.459005495,      -1.359185194,       -1.75816999,     0.08646279681,   6.862962228e-05,      0.1129724661,     0.06744987986,  -0.0006649186291,   0.0002432612727,    -0.00106679721,                 0,  -0.0002588988928,   -0.002022934823,   0.0008732883445,                 0,  -8.379889806e-06,   1.843952599e-05,   -0.004068603633,                 0,    0.001618071462,     -0.0137663687,    0.008590130869,    0.001005397115,  -0.0007303159753,    -0.01798735833,    0.007698016128,  -0.0004860630496,     0.08646279681,   6.862962228e-05,      0.1129724661,     0.06744987986,  -0.0002588988928,   -0.002022934823,   0.0008732883445,                 0,  -0.0006649186291,   0.0002432612727,    -0.00106679721,                 0,   -0.007690228094,       3.544552114,   -0.009442984175,                 0
          0,           0,          70,       3.002248121,       2.967731407,      -7.418351937,      -7.769627958,      -7.853345503,      -7.554164435,      -7.454754446,                         3,      -1.305660532,   0.0006005317064,       16.64022448,                 1,               100,       99.98086989,      0.0039269908,      0.2662314148,   -0.001491275766,   -0.001293663291,   -0.004046121612,   -0.001933353927,    -0.01023072321,      0.2662314148,   -0.001293663291,   -0.001491275766,   -0.005601426743,      -1.731722803,       -2.15007903,      -1.666037192,      -1.358184024,      -1.774438589,     0.08646266735,   6.863153379e-05,      0.1129626875,     0.06673742834,   -0.000664932948,   0.0002220032969,   -0.001048346115,                 0,  -0.0002589129012,   -0.001952547521,   0.0009177971307,                 0,  -8.379790458e-06,   1.863652894e-05,    -0.00405637835,                 0,    0.001618127828,    -0.01355461677,    0.008405618977,    0.001597516039,  -0.0007303349713,    -0.01728472563,    0.008142087735,  -0.0003577503396,     0.08646266735,   6.863153379e-05,      0.1129626875,     0.06673742834,  -0.0002589129012,   -0.001952547521,   0.0009177971307,                 0,   -0.000664932948,   0.0002220032969,   -0.001048346115,                 0,   -0.007690405216,       3.234712744,   -0.009280463649,                 0
          0,           0,          71,       3.240911501,       2.971525575,       -7.42579764,      -7.723259437,      -7.870523257,      -7.564093365,      -7.458027724,                         4,      -1.398862786,   0.0005998612499,       16.64022412,                 1,               100,       99.98184975,      0.0039269908,      0.2657613446,   -0.001463131492,   -0.001222388129,   -0.004041782152,   -0.001815972401,   -0.009308276461,      0.2657613446,   -0.001222388129,   -0.001463131492,    -0.00550543381,      -1.739168507,      -2.103710509,      -1.683214947,      -1.368112954,      -1.777711867,     0.08646251921,   6.837177957e-05,      0.1129650601,     0.06626539355,  -0.0006649560946,   0.0002451381385,   -0.001043313536,                 0,  -0.0002589174367,   -0.001908029434,    0.000944558741,                 0,  -8.379981875e-06,    1.88513198e-05,    -0.00405225349,                 0,    0.001618218177,    -0.01378627775,    0.008354503866,    0.001997583308,  -0.0007303205445,    -0.01684102626,    0.008409295314,  -0.0001462249746,     0.08646251921,   6.837177957e-05,      0.1129650601,     0.06626539355,  -0.0002589174367,   -0.001908029434,    0.000944558741,                 0,  -0.0006649560946,   0.0002451381385,   -0.001043313536,                 0,   -0.007690686099,       3.585370163,   -0.009235718861,                 0
          0,           0,          72,       3.039016568,       2.972450109,      -7.417599655,      -7.650899173,      -7.891058363,      -7.540239812,      -7.447551003,                         4,      -1.427759814,   0.0006596177756,       16.64022409,              1.05,               100,       99.98289444,      0.0039269908,      0.2647958027,   -0.001386747065,   -0.001324685896,    -0.00403292814,   -0.002268724957,    -0.01010053948,      0.2647958027,   -0.001324685896,   -0.001386747065,   -0.005237043227,      -1.730970521,      -2.031350245,      -1.703750052,      -1.344259401,      -1.767235146,     0.08646233512,   6.810182207e-05,      0.1129680069,     0.06529735886,  -0.0006649676871,   0.0003160129933,   -0.001037792371,                 0,   -0.000258947131,    -0.00200732123,   0.0009415824647,                 0,  -8.380216485e-06,    1.90033136e-05,   -0.004043551237,                 0,    0.001618239622,    -0.01449286943,    0.008298677649,    0.002307227204,  -0.0007303252639,    -0.01783263245,    0.008379879405,   8.253882306e-05,     0.08646233512,   6.810182207e-05,      0.1129680069,     0.06529735886,   -0.000258947131,    -0.00200732123,   0.0009415824647,                 0,  -0.0006649676871,   0.0003160129933,   -0.001037792371,                 0,   -0.007690836549,       4.640301591,   -0.009186604239,                 0
          0,           0,          73,       2.883082197,       2.971242435,      -7.416646716,      -7.628358715,      -7.899668674,      -7.537025893,      -7.441301623,                         4,      -1.465025501,   0.0006880898602,       16.64022446,              1.05,               100,       99.98387885,      0.0039269908,      0.2646093278,   -0.001306137013,   -0.001425962845,   -0.004027096226,   -0.002678899963,    -0.01102693726,      0.2646093278,   -0.001425962845,   -0.001306137013,   -0.004936095879,      -1.730017582,      -2.008809787,      -1.712360363,      -1.341045482,      -1.760985766,     0.08646231372,   6.796056479e-05,       0.112959018,     0.06512003549,   -0.000664945897,   0.0003930893203,   -0.001034280436,                 0,  -0.0002589571816,   -0.002108826759,   0.0009418210952,                 0,  -8.380306721e-06,   1.902150315e-05,   -0.004037737422,                 0,    0.001618193532,    -0.01526192296,    0.008262854775,    0.002701974692,  -0.0007303393819,    -0.01884419092,    0.008381287337,   0.0001663057127,     0.08646231372,   6.796056479e-05,       0.112959018,     0.06512003549,  -0.0002589571816,   -0.002108826759,   0.0009418210952,                 0,   -0.000664945897,   0.0003930893203,   -0.001034280436,                 0,   -0.007690586434,       5.784079657,   -0.009156244929,                 0
          0,           0,          74,       2.834261797,       2.969416026,      -7.417562612,      -7.586810895,      -7.887425619,      -7.527656481,       -7.44210104,                         3,      -1.305330848,   0.0006755343518,       16.64022509,              1.05,               100,       99.98489803,      0.0039269908,      0.2641636892,   -0.001180134219,   -0.001530315678,   -0.004024287354,   -0.004038654635,    -0.01190385228,      0.2641636892,   -0.001530315678,   -0.001180134219,   -0.004467435409,      -1.730933478,      -1.967261967,      -1.700117308,       -1.33167607,      -1.761785183,     0.08646235648,   6.774253601e-05,      0.1129640017,     0.06466958853,  -0.0006649393099,   0.0005115738915,   -0.001026768801,                 0,  -0.0002589410553,   -0.002212705725,   0.0009413311014,                 0,  -8.380315929e-06,   1.910798934e-05,   -0.004035015027,                 0,    0.001618175944,    -0.01644453187,     0.00818813945,     0.00259956184,  -0.0007303439036,     -0.0198795027,    0.008376073854,   0.0003299204683,     0.08646235648,   6.774253601e-05,      0.1129640017,     0.06466958853,  -0.0002589410553,   -0.002212705725,   0.0009413311014,                 0,  -0.0006649393099,   0.0005115738915,   -0.001026768801,                 0,   -0.007690506447,       7.551738119,   -0.009089345148,                 0
          0,           0,          75,       2.745133357,       2.966464939,      -7.395949413,      -7.586547353,      -7.799868079,      -7.518525031,      -7.432231963,                         3,      -1.392690527,   0.0007209455183,       16.64022561,              1.05,               100,       99.98591734,      0.0039269908,      0.2641632419,   -0.001133389861,   -0.001584501008,   -0.004019752269,   -0.004557476874,    -0.01228105022,      0.2641632419,   -0.001584501008,   -0.001133389861,   -0.004290490431,       -1.70932028,      -1.966998425,      -1.612559769,       -1.32254462,      -1.751916106,     0.08646244548,    6.76354225e-05,      0.1129742348,     0.06465892618,  -0.0006649269767,   0.0005526341814,   -0.001021097066,                 0,  -0.0002589347522,   -0.002262336639,   0.0009367703828,                 0,  -8.380200163e-06,   1.914306762e-05,   -0.004030515137,                 0,    0.001618140003,    -0.01685437664,    0.008132099131,    0.002546660628,  -0.0007303398386,    -0.02037560071,    0.008330889436,   0.0004940008935,     0.08646244548,    6.76354225e-05,      0.1129742348,     0.06465892618,  -0.0002589347522,   -0.002262336639,   0.0009367703828,                 0,  -0.0006649269767,   0.0005526341814,   -0.001021097066,                 0,   -0.007690355888,       8.170780355,   -0.009038318056,                 0
          0,           0,          76,       3.414949276,        2.97228941,       -7.41472833,      -7.630919941,      -7.739159158,      -7.531673412,       -7.44608776,                         3,      -1.495585928,     0.00063746253,       16.64022577,              1.05,               100,       99.98697837,      0.0039269908,       0.264658816,   -0.001096087725,   -0.001652088154,   -0.004019107134,   -0.005000613567,    -0.01278976941,       0.264658816,   -0.001652088154,   -0.001096087725,   -0.004141512235,      -1.728099196,      -2.011371013,      -1.551850847,      -1.335693001,      -1.765771903,     0.08646252285,   6.774164473e-05,      0.1129758762,     0.06515267534,  -0.0006649285709,   0.0005896721994,   -0.001020831353,                 0,   -0.000258937304,   -0.002320716846,   0.0009275659961,                 0,  -8.380183628e-06,   1.907905972e-05,    -0.00402980601,                 0,    0.001618117607,    -0.01722338337,    0.008129594629,    0.002475057568,  -0.0007303350951,    -0.02095916766,    0.008239641247,   0.0006600920976,     0.08646252285,   6.774164473e-05,      0.1129758762,     0.06515267534,   -0.000258937304,   -0.002320716846,   0.0009275659961,                 0,  -0.0006649285709,   0.0005896721994,   -0.001020831353,                 0,   -0.007690367445,        8.70472221,   -0.009035834797,                 0
          0,           0,          77,       2.724857839,       2.969117211,      -7.424235703,       -7.71742123,      -7.809744072,       -7.54663016,      -7.465471253,                         3,      -1.529002036,   0.0006397043922,       16.64022548,              1.05,               100,       99.98796032,      0.0039269908,       0.265233586,   -0.001151146092,   -0.001682118067,   -0.004020557177,   -0.004721171078,    -0.01272089895,       0.265233586,   -0.001682118067,   -0.001151146092,   -0.004340121886,       -1.73760657,      -2.097872302,      -1.622435761,      -1.350649748,      -1.785155396,     0.08646255549,   6.773660542e-05,      0.1129720436,     0.06573125032,  -0.0006649335677,   0.0005369334264,    -0.00102314595,                 0,  -0.0002589361363,   -0.002342012881,   0.0009188309509,                 0,  -8.380172308e-06,   1.905162399e-05,   -0.004031228629,                 0,    0.001618120466,    -0.01669753968,    0.008153047957,    0.002205200176,  -0.0007303367596,    -0.02117150697,     0.00815268037,    0.001028264406,     0.08646255549,   6.773660542e-05,      0.1129720436,     0.06573125032,  -0.0002589361363,   -0.002342012881,   0.0009188309509,                 0,  -0.0006649335677,   0.0005369334264,    -0.00102314595,                 0,   -0.007690422333,       7.926783799,   -0.009056629566,                 0
          0,           0,          78,       2.928644096,       2.968604893,      -7.461506587,      -7.784254046,      -7.824537303,      -7.550789144,      -7.497190599,                         3,      -1.475124552,   0.0006691459718,       16.64022489,                 1,               100,       99.98861408,      0.0039269908,      0.2650477963,   -0.001175990448,   -0.001559154446,   -0.004021387741,   -0.004599749691,    -0.01114193947,      0.2650477963,   -0.001559154446,   -0.001175990448,    -0.00443689955,      -1.774877454,      -2.164705118,      -1.637228993,      -1.354808733,      -1.816874742,     0.08646250143,   6.800842288e-05,      0.1129722994,     0.06554498709,  -0.0006649672969,   0.0005132023023,   -0.001024225454,                 0,  -0.0002589397454,   -0.002245682081,   0.0009454673799,                 0,  -8.380446512e-06,    1.91054857e-05,    -0.00403211278,                 0,    0.001618184793,    -0.01646146375,     0.00816372308,    0.002079806186,  -0.0007303242796,    -0.02021233179,    0.008418646278,    0.001382070317,     0.08646250143,   6.800842288e-05,      0.1129722994,     0.06554498709,  -0.0002589397454,   -0.002245682081,   0.0009454673799,                 0,  -0.0006649672969,   0.0005132023023,   -0.001024225454,                 0,   -0.007690817243,       7.546157969,   -0.009066164529,                 0
          0,           0,          79,       3.328738777,       2.973106566,      -7.432775223,      -7.840294684,      -7.889118923,      -7.594103704,      -7.459292912,                         3,      -1.441202548,   0.0006654729095,       16.64022435,                 1,               100,       99.98891635,      0.0039269908,      0.2641403397,   -0.001299299927,   -0.001286892403,   -0.003996326991,   -0.003294414678,   -0.007967004485,      0.2641403397,   -0.001286892403,   -0.001299299927,   -0.004918975753,      -1.746146089,      -2.220745755,      -1.701810613,      -1.398123293,      -1.778977055,     0.08646212343,   6.796045312e-05,      0.1129752956,      0.0646349602,  -0.0006650831963,   0.0003590574743,  -0.0009932742045,                 0,  -0.0002589714444,   -0.002007321053,   0.0009794000941,                 0,  -8.380690584e-06,   1.937154856e-05,   -0.004007317849,                 0,    0.001618389446,    -0.01492233541,    0.007854500634,    0.002155030655,  -0.0007303626651,    -0.01783698602,    0.008756637253,    0.001843706948,     0.08646212343,   6.796045312e-05,      0.1129752956,      0.0646349602,  -0.0002589714444,   -0.002007321053,   0.0009794000941,                 0,  -0.0006650831963,   0.0003590574743,  -0.0009932742045,                 0,   -0.007692191331,        5.28332961,   -0.008791959329,                 0
          0,           0,          80,       2.746639139,       2.970310672,      -7.483250991,      -7.823505622,      -7.979923516,      -7.631319795,      -7.510837154,                         3,      -1.384026071,   0.0006603794411,       16.64022407,                 1,               100,       99.98916113,      0.0039269908,      0.2633482922,   -0.001321532655,   -0.001181136543,   -0.003992426852,   -0.002951917993,   -0.006656256403,      0.2633482922,   -0.001181136543,   -0.001321532655,   -0.005018193374,      -1.796621857,      -2.203956694,      -1.792615206,      -1.435339383,      -1.830521297,     0.08646168117,   6.770354088e-05,      0.1129768839,     0.06384202359,  -0.0006652195649,   0.0003256042408,  -0.0009819173307,                 0,  -0.0002590241746,    -0.00190591337,    0.000983801001,                 0,  -8.381114286e-06,   1.928686579e-05,   -0.004003332603,                 0,    0.001618665547,    -0.01458683881,    0.007739818971,    0.002276436302,  -0.0007304016331,    -0.01682723556,    0.008800474605,    0.002100906184,     0.08646168117,   6.770354088e-05,      0.1129768839,     0.06384202359,  -0.0002590241746,    -0.00190591337,    0.000983801001,                 0,  -0.0006652195649,   0.0003256042408,  -0.0009819173307,                 0,   -0.007693807892,       4.809264575,   -0.008691311859,                 0
          0,           0,          81,       2.752904172,       2.967659374,      -7.512307848,      -7.794698524,      -8.025246072,      -7.646150206,      -7.543087469,                         3,       -1.35520846,   0.0006604282315,       16.64022401,                 1,               100,       99.98943726,      0.0039269908,      0.2626951067,   -0.001271790833,   -0.001127131282,   -0.003985056184,    -0.00331426362,    -0.00607240417,      0.2626951067,   -0.001127131282,   -0.001271790833,   -0.004841319081,      -1.825678715,      -2.175149596,      -1.837937761,      -1.450169794,      -1.862771612,     0.08646097048,   6.749754172e-05,      0.1129769681,     0.06318967058,  -0.0006653995318,   0.0003612714624,  -0.0009676627631,                 0,  -0.0002591016166,   -0.001842779645,   0.0009747499795,                 0,   -8.38192184e-06,   1.925294351e-05,   -0.003995927205,                 0,    0.001618952938,    -0.01494210195,    0.007596520436,    0.002412364959,  -0.0007304345387,    -0.01620046999,    0.008710414123,    0.002148086235,     0.08646097048,   6.749754172e-05,      0.1129769681,     0.06318967058,  -0.0002591016166,   -0.001842779645,   0.0009747499795,                 0,  -0.0006653995318,   0.0003612714624,  -0.0009676627631,                 0,   -0.007695952615,       5.352364741,   -0.008565133046,                 0
          0,           0,          82,       2.857670254,       2.966334203,      -7.530435516,      -7.792994213,      -8.059773658,      -7.649385621,      -7.566285423,                         3,      -1.367518569,   0.0006656867449,       16.64022405,              1.05,               100,       99.98970632,      0.0039269908,      0.2623873762,    -0.00127789956,   -0.001074320733,   -0.003988183243,   -0.003119225153,    -0.00561711315,      0.2623873762,   -0.001074320733,    -0.00127789956,    -0.00487027836,      -1.843806382,      -2.173445285,      -1.872465347,       -1.45340521,      -1.885969566,     0.08646076245,   6.752189956e-05,      0.1129673295,     0.06289176236,  -0.0006654029618,   0.0003565786303,  -0.0009690752285,                 0,  -0.0002591747345,   -0.001791010889,   0.0009758648902,                 0,  -8.382224846e-06,    1.91883737e-05,   -0.003998989392,                 0,    0.001618950576,    -0.01489576785,    0.007611105456,    0.002546486665,   -0.000730465741,    -0.01568391552,     0.00872113793,     0.00207613018,     0.08646076245,   6.752189956e-05,      0.1129673295,     0.06289176236,  -0.0002591747345,   -0.001791010889,   0.0009758648902,                 0,  -0.0006654029618,   0.0003565786303,  -0.0009690752285,                 0,   -0.007696010803,       5.280933039,   -0.008578367153,                 0
          0,           0,          83,       2.703555603,       2.963205887,      -7.557666827,      -7.817897251,      -8.062349098,      -7.657664191,      -7.599637713,                         3,      -1.398129306,    0.000705229356,        16.6402242,            1.1025,               100,       99.98996557,      0.0039269908,      0.2624110608,   -0.001289868862,  -0.0009923720506,   -0.003988170925,   -0.002869304649,   -0.004891106614,      0.2624110608,  -0.0009923720506,   -0.001289868862,   -0.004915451573,      -1.871037693,      -2.198348323,      -1.875040788,       -1.46168378,      -1.919321856,     0.08646089333,   6.767746017e-05,      0.1129643013,     0.06291818872,  -0.0006653338714,   0.0003450169443,  -0.0009695519344,                 0,  -0.0002592261974,    -0.00170388194,   0.0009707360866,                 0,  -8.382246828e-06,   1.911697046e-05,   -0.003998905648,                 0,    0.001618835443,    -0.01478075758,     0.00761596706,     0.00267665043,  -0.0007305344876,    -0.01481328766,      0.0086696358,    0.001983079729,     0.08646089333,   6.767746017e-05,      0.1129643013,     0.06291818872,  -0.0002592261974,    -0.00170388194,   0.0009707360866,                 0,  -0.0006653338714,   0.0003450169443,  -0.0009695519344,                 0,   -0.007695200058,       5.097959401,   -0.008582817079,                 0
          0,           0,          84,       2.795898742,       2.961237567,      -7.553074924,      -7.852147463,      -7.981154134,      -7.620560193,      -7.605205508,                         3,      -1.493434732,   0.0007466607145,       16.64022432,          1.157625,               100,       99.99021702,      0.0039269908,       0.262488216,   -0.001314215875,  -0.0008930660446,   -0.004000815997,   -0.002659343325,   -0.004060001919,       0.262488216,  -0.0008930660446,   -0.001314215875,   -0.005006761428,      -1.866445791,      -2.232598535,      -1.793845823,      -1.424579782,      -1.924889651,     0.08646109528,   6.779903484e-05,      0.1129641561,     0.06299516559,  -0.0006652736526,   0.0003346735872,  -0.0009836158099,                 0,  -0.0002592287805,   -0.001619289252,   0.0009854519881,                 0,  -8.382125751e-06,    1.90279418e-05,   -0.004011461813,                 0,     0.00161873739,    -0.01467769195,    0.007756410041,    0.002643201192,  -0.0007305824287,    -0.01396834208,    0.008816076757,    0.001822845833,     0.08646109528,   6.779903484e-05,      0.1129641561,     0.06299516559,  -0.0002592287805,   -0.001619289252,   0.0009854519881,                 0,  -0.0006652736526,   0.0003346735872,  -0.0009836158099,                 0,     -0.0076944856,       4.936258871,   -0.008707326676,                 0
          0,           0,          85,       2.660647408,       2.957742333,      -7.530683953,      -7.790845987,      -7.839086117,      -7.642503933,      -7.572413766,                         3,      -1.561781528,   0.0007931836181,       16.64022431,        1.21550625,               100,       99.99043139,      0.0039269908,       0.263153213,   -0.001317229982,  -0.0007661192952,   -0.003999262407,   -0.002788955412,   -0.002884618787,       0.263153213,  -0.0007661192952,   -0.001317229982,   -0.005005562984,       -1.84405482,      -2.171297059,      -1.651777806,      -1.446523522,      -1.892097909,     0.08646117911,   6.775266745e-05,      0.1129679704,     0.06365631081,  -0.0006652678603,    0.000332672738,  -0.0009846348596,                 0,  -0.0002592066247,   -0.001492584584,   0.0009856719137,                 0,  -8.382045729e-06,    1.91435331e-05,   -0.004010023894,                 0,    0.001618733562,    -0.01465774998,    0.007766509346,    0.002483551663,  -0.0007305919189,    -0.01270456313,    0.008818299642,    0.001732236618,     0.08646117911,   6.775266745e-05,      0.1129679704,     0.06365631081,  -0.0002592066247,   -0.001492584584,   0.0009856719137,                 0,  -0.0006652678603,    0.000332672738,  -0.0009846348596,                 0,   -0.007694411146,       4.910105395,   -0.008716053376,                 0
          0,           0,          86,       2.524461059,       2.952762088,      -7.270368626,      -7.462897053,      -7.424257876,      -7.547537696,      -7.319171022,                         2,      -1.497040182,   0.0008474884075,       16.64022415,       1.276281563,               100,       99.99062584,      0.0039269908,      0.2635259909,   -0.001193462178,  -0.0005224920399,   -0.003986343683,   -0.004258953592,  -0.0007782380567,      0.2635259909,  -0.0005224920399,   -0.001193462178,   -0.004528821515,      -1.583739493,      -1.843348125,      -1.236949565,      -1.351557285,      -1.638855165,     0.08646119589,    6.76535606e-05,       0.112968178,     0.06402896347,  -0.0006652713152,   0.0004472003481,  -0.0009753912104,                 0,  -0.0002591836626,   -0.001251638126,   0.0009883297483,                 0,  -8.381991078e-06,   1.966231229e-05,   -0.003997624004,                 0,    0.001618739496,    -0.01579950276,    0.007674521572,    0.002247288096,  -0.0007305701824,     -0.0103026323,    0.008844976358,    0.001409988067,     0.08646119589,    6.76535606e-05,       0.112968178,     0.06402896347,  -0.0002591836626,   -0.001251638126,   0.0009883297483,                 0,  -0.0006652713152,   0.0004472003481,  -0.0009753912104,                 0,   -0.007694449612,       6.610152431,   -0.008634212109,                 0
          0,           0,          87,       2.548753973,       2.948171087,      -7.322798867,      -7.543716572,      -7.488956718,      -7.573659906,      -7.360370188,                         2,      -1.354633437,   0.0008939806827,       16.64022395,       1.340095641,               100,       99.99078567,      0.0039269908,      0.2640512871,   -0.001205336843,  -0.0004398472721,   -0.003987288129,   -0.004362106419,  -0.0003102350105,      0.2640512871,  -0.0004398472721,   -0.001205336843,   -0.004564783062,      -1.636169733,      -1.924167644,      -1.301648407,      -1.377679495,      -1.680054331,      0.0864611991,   6.762989771e-05,      0.1129680209,      0.0645544372,  -0.0006652738968,   0.0004347934736,  -0.0009748564197,                 0,  -0.0002591757278,   -0.001178220719,   0.0009975491749,                 0,  -8.381968935e-06,   1.966928608e-05,   -0.003998575446,                 0,    0.001618737175,     -0.0156763081,    0.007669306919,     0.00202615759,  -0.0007305553635,   -0.009569455389,    0.008937155394,    0.001052620348,      0.0864611991,   6.762989771e-05,      0.1129680209,      0.0645544372,  -0.0002591757278,   -0.001178220719,   0.0009975491749,                 0,  -0.0006652738968,   0.0004347934736,  -0.0009748564197,                 0,   -0.007694479185,       6.429012734,   -0.008629490113,                 0
          0,           0,          88,       2.740181566,       2.945834126,       -7.41408651,      -7.700305296,      -7.676419225,      -7.601404151,      -7.451072058,                         3,      -1.455955362,   0.0009423419124,       16.64022367,       1.407100423,               100,       99.99096643,      0.0039269908,      0.2645937524,   -0.001196920839,   -0.000394890321,   -0.003982358957,   -0.004646774317,   -0.000150104698,      0.2645937524,   -0.000394890321,   -0.001196920839,   -0.004523617162,      -1.727457376,      -2.080756368,      -1.489110914,      -1.405423739,      -1.770756201,     0.08646133208,   6.779049028e-05,      0.1129653651,     0.06509926466,  -0.0006652194979,   0.0004375288809,  -0.0009692302223,                 0,  -0.0002591635458,   -0.001140654345,     0.00100492757,                 0,   -8.38184669e-06,   1.972313561e-05,   -0.003993700246,                 0,    0.001618630419,    -0.01570401494,    0.007613497066,    0.001825113133,  -0.0007305280809,   -0.009194063189,    0.009011114731,   0.0007633718412,     0.08646133208,   6.779049028e-05,      0.1129653651,     0.06509926466,  -0.0002591635458,   -0.001140654345,     0.00100492757,                 0,  -0.0006652194979,   0.0004375288809,  -0.0009692302223,                 0,   -0.007693838181,       6.454133598,   -0.008579888367,                 0
          0,           0,          89,       2.850144036,       2.944770903,      -7.476440777,      -7.842641719,      -7.881098932,      -7.593757329,      -7.518590885,                         3,      -1.347259423,   0.0009927332821,       16.64022323,       1.477455444,               100,       99.99114544,      0.0039269908,      0.2647566071,   -0.001217502985,  -0.0003808031919,   -0.003971696163,   -0.004435308199,  -0.0002158091502,      0.2647566071,  -0.0003808031919,   -0.001217502985,   -0.004598574512,      -1.789811644,      -2.223092791,      -1.693790622,      -1.397776918,      -1.838275028,     0.08646159163,   6.788608932e-05,      0.1129629064,     0.06526422302,   -0.000665135529,   0.0003940259576,   -0.000946393414,                 0,  -0.0002591428884,   -0.001142190156,    0.001020529853,                 0,  -8.381576904e-06,   1.990042062e-05,   -0.003983215006,                 0,    0.001618473701,    -0.01527100509,     0.00738614162,    0.001831081574,  -0.0007305079382,   -0.009207994183,     0.00916696405,   0.0005557289206,     0.08646159163,   6.788608932e-05,      0.1129629064,     0.06526422302,  -0.0002591428884,   -0.001142190156,    0.001020529853,                 0,   -0.000665135529,   0.0003940259576,   -0.000946393414,                 0,   -0.007692843914,       5.804222361,   -0.008377913107,                 0
          0,           0,          90,       2.878509022,        2.94404275,      -7.490040745,      -7.868778447,      -8.027778335,      -7.567267853,      -7.535815209,                         3,      -1.385569077,    0.001051959663,        16.6402228,       1.551328216,               100,       99.99130052,      0.0039269908,      0.2646575897,   -0.001271240547,  -0.0004786563486,   -0.003972807468,   -0.003988318337,   -0.001421623081,      0.2646575897,  -0.0004786563486,   -0.001271240547,   -0.004803340606,      -1.803411612,      -2.249229519,      -1.840470024,      -1.371287442,      -1.855499352,     0.08646196192,   6.817662256e-05,      0.1129628711,     0.06516457998,  -0.0006650344591,   0.0003458771621,    -0.00095208325,                 0,  -0.0002591029018,   -0.001227144363,    0.001007590916,                 0,  -8.381140595e-06,    1.99083816e-05,   -0.003984334709,                 0,    0.001618307093,    -0.01479117169,    0.007443167017,     0.00174137924,  -0.0007304897506,    -0.01005185854,    0.009037993949,   0.0003227312559,     0.08646196192,   6.817662256e-05,      0.1129628711,     0.06516457998,  -0.0002591029018,   -0.001227144363,    0.001007590916,                 0,  -0.0006650344591,   0.0003458771621,    -0.00095208325,                 0,   -0.007691642016,       5.073251638,   -0.008428284802,                 0
          0,           0,          91,       2.825140718,       2.942750337,       -7.47021828,      -7.862604887,      -8.036244775,      -7.550146722,      -7.521468022,                         3,      -1.417710048,    0.001130666495,       16.64022245,       1.628894627,               100,       99.99145418,      0.0039269908,      0.2647022673,   -0.001351939344,  -0.0006889321083,   -0.003989190769,   -0.003290945842,   -0.003803128798,      0.2647022673,  -0.0006889321083,   -0.001351939344,   -0.005107396159,      -1.783589147,      -2.243055959,      -1.848936464,      -1.354166311,      -1.841152165,     0.08646222746,   6.846366602e-05,        0.11296779,     0.06520378619,  -0.0006649866273,    0.000287524132,  -0.0009744768483,                 0,   -0.000259048915,   -0.001432452987,    0.001002569794,                 0,  -8.380796548e-06,   1.953694098e-05,   -0.004000346914,                 0,    0.001618238566,    -0.01420985747,    0.007666459518,    0.001634213544,   -0.000730466638,    -0.01209589351,    0.008987828571,   3.540277555e-05,     0.08646222746,   6.846366602e-05,        0.11296779,     0.06520378619,   -0.000259048915,   -0.001432452987,    0.001002569794,                 0,  -0.0006649866273,    0.000287524132,  -0.0009744768483,                 0,   -0.007691065183,        4.19966018,   -0.008626147754,                 0
          0,           0,          92,       2.765512461,       2.940844553,      -7.442849747,      -7.813260983,      -7.800007624,      -7.514227094,      -7.487566257,                         3,      -1.438495896,    0.001248697202,       16.64022236,       1.710339358,               100,       99.99157729,      0.0039269908,      0.2649424428,   -0.001377846988,  -0.0007525456526,   -0.004007307641,   -0.003185019151,   -0.004612388344,      0.2649424428,  -0.0007525456526,   -0.001377846988,    -0.00520055214,      -1.756220614,      -2.193712055,      -1.612699313,      -1.318246683,        -1.8072504,     0.08646228232,   6.844231204e-05,      0.1129732902,     0.06543842796,  -0.0006649958378,   0.0002896354899,    -0.00100248664,                 0,  -0.0002589999345,   -0.001491650789,   0.0009981050706,                 0,  -8.380642183e-06,     1.9506129e-05,   -0.004018433128,                 0,    0.001618256088,    -0.01423120104,    0.007945855919,    0.001482069885,  -0.0007304265505,    -0.01268633661,     0.00894331847,  -0.0001389436511,     0.08646228232,   6.844231204e-05,      0.1129732902,     0.06543842796,  -0.0002589999345,   -0.001491650789,   0.0009981050706,                 0,  -0.0006649958378,   0.0002896354899,    -0.00100248664,                 0,    -0.00769116683,       4.231819196,    -0.00887366065,                 0
          0,           0,          93,       2.670961487,       2.937973457,      -7.435851264,      -7.796160689,      -7.926543124,      -7.492049551,      -7.479560314,                         3,      -1.433075445,    0.001178277987,        16.6402224,       1.710339358,               100,       99.99169325,      0.0039269908,      0.2651136483,   -0.001376567337,  -0.0007479161358,   -0.004005800705,   -0.003280328181,   -0.004381977865,      0.2651136483,  -0.0007479161358,   -0.001376567337,   -0.005192366918,       -1.74922213,      -2.176611761,      -1.739234813,       -1.29606914,      -1.799244457,     0.08646224869,   6.840920803e-05,       0.112976227,     0.06560676336,  -0.0006650186692,   0.0002920298221,    -0.00100357849,                 0,  -0.0002589736055,   -0.001504904389,    0.001015961859,                 0,  -8.380597345e-06,   1.954865839e-05,   -0.004016968766,                 0,    0.001618291655,     -0.0142550759,    0.007956943046,    0.001399513023,  -0.0007303835015,    -0.01281915126,    0.009121642226,   4.591466591e-05,     0.08646224869,   6.840920803e-05,       0.112976227,     0.06560676336,  -0.0002589736055,   -0.001504904389,    0.001015961859,                 0,  -0.0006650186692,   0.0002920298221,    -0.00100357849,                 0,   -0.007691433883,       4.268867167,   -0.008883094402,                 0
          0,           0,          94,       2.935584672,       2.937948312,      -7.472076546,      -7.774010689,      -7.951549372,      -7.534995005,      -7.509426153,                         3,      -1.422729668,    0.001145595359,       16.64022238,       1.710339358,               100,       99.99181471,      0.0039269908,      0.2653751433,   -0.001371304047,  -0.0007271336959,   -0.003991399944,   -0.003265353737,   -0.004049287886,      0.2653751433,  -0.0007271336959,   -0.001371304047,   -0.005167417075,      -1.785447412,      -2.154461761,      -1.764241062,      -1.339014594,      -1.829110296,     0.08646222944,   6.837983425e-05,      0.1129764595,     0.06586807454,  -0.0006650244274,   0.0002805685912,  -0.0009868482103,                 0,  -0.0002589713204,   -0.001511588367,    0.001043425991,                 0,  -8.380580715e-06,   1.953364915e-05,   -0.004002553013,                 0,    0.001618298277,    -0.01414000279,    0.007790078794,    0.001466271984,  -0.0007303595527,    -0.01288630246,    0.009396054432,   0.0001713196957,     0.08646222944,   6.837983425e-05,      0.1129764595,     0.06586807454,  -0.0002589713204,   -0.001511588367,    0.001043425991,                 0,  -0.0006650244274,   0.0002805685912,  -0.0009868482103,                 0,   -0.007691502193,       4.103089665,   -0.008734989704,                 0
          0,           0,          95,       2.761837069,        2.93611382,      -7.458428546,      -7.764157368,      -7.993236895,      -7.539693296,      -7.506290883,                         3,      -1.462982036,    0.001142267897,       16.64022219,       1.710339358,               100,       99.99192649,      0.0039269908,      0.2652215101,   -0.001391399315,  -0.0007581624834,   -0.003978566099,   -0.003087283519,   -0.004258303381,      0.2652215101,  -0.0007581624834,   -0.001391399315,    -0.00524617824,      -1.771799413,       -2.14460844,      -1.805928584,      -1.343712885,      -1.825975026,     0.08646224909,   6.834283249e-05,       0.112966704,     0.06572421418,  -0.0006650113509,   0.0002473118004,  -0.0009736997649,                 0,   -0.000258968145,   -0.001533223254,    0.001034028916,                 0,   -8.38056525e-06,   1.949734878e-05,   -0.003989682882,                 0,    0.001618275332,    -0.01380884913,    0.007658790976,    0.001444499306,  -0.0007303520294,    -0.01310145166,    0.009302407696,   0.0002710926094,     0.08646224909,   6.834283249e-05,       0.112966704,     0.06572421418,   -0.000258968145,   -0.001533223254,    0.001034028916,                 0,  -0.0006650113509,   0.0002473118004,  -0.0009736997649,                 0,   -0.007691349206,       3.618694038,    -0.00861935181,                 0
          0,           0,          96,       2.535261951,       2.931981326,      -7.515878759,      -7.846381951,      -8.041859941,      -7.590662245,      -7.561546391,                         3,      -1.454539736,      0.0011419771,       16.64022194,       1.710339358,               100,       99.99206394,      0.0039269908,      0.2647845482,   -0.001327181978,  -0.0007800235528,    -0.00397720438,   -0.003725487854,   -0.004427276782,      0.2647845482,  -0.0007800235528,   -0.001327181978,   -0.005012309013,      -1.829249625,      -2.226833023,      -1.854551631,      -1.394681834,      -1.881230534,     0.08646228496,   6.823638031e-05,      0.1129716401,      0.0652823868,   -0.000664989805,    0.000306168535,  -0.0009683607078,                 0,  -0.0002589652589,   -0.001549948532,    0.001028890238,                 0,  -8.380544665e-06,   1.953183353e-05,   -0.003988355669,                 0,    0.001618245564,    -0.01439553695,    0.007605421414,    0.001446382114,  -0.0007303506705,    -0.01326807233,     0.00925105185,   0.0003200943687,     0.08646228496,   6.823638031e-05,      0.1129716401,      0.0652823868,  -0.0002589652589,   -0.001549948532,    0.001028890238,                 0,   -0.000664989805,    0.000306168535,  -0.0009683607078,                 0,   -0.007691096822,       4.486881245,    -0.00857171505,                 0
          0,           0,          97,       2.672705668,       2.929335656,      -7.532954569,      -7.940345528,      -8.083477821,      -7.628169787,      -7.587467895,                         3,      -1.443199554,    0.001150216426,       16.64022182,       1.710339358,               100,       99.99222349,      0.0039269908,      0.2647706654,   -0.001309980341,  -0.0007899226679,   -0.003974859077,   -0.003755342616,   -0.004569677828,      0.2647706654,  -0.0007899226679,   -0.001309980341,   -0.004947603765,      -1.846325435,        -2.3207966,       -1.89616951,      -1.432189375,      -1.907152038,     0.08646229441,   6.815855494e-05,      0.1129737357,      0.0652664768,  -0.0006649948773,   0.0003197561886,  -0.0009647416524,                 0,  -0.0002589733342,   -0.001553575364,     0.00102262603,                 0,  -8.380537525e-06,   1.946711833e-05,   -0.003985945658,                 0,    0.001618238012,    -0.01453017179,    0.007569679248,     0.00158691191,  -0.0007303496227,    -0.01330570859,    0.009189114425,   0.0002772659594,     0.08646229441,   6.815855494e-05,      0.1129737357,      0.0652664768,  -0.0002589733342,   -0.001553575364,     0.00102262603,                 0,  -0.0006649948773,   0.0003197561886,  -0.0009647416524,                 0,   -0.007691154645,       4.691358098,   -0.008539521569,                 0
          0,           0,          98,       2.585868052,       2.925866287,      -7.537348128,      -7.984650911,      -8.037599721,      -7.594022889,      -7.601047122,                         3,      -1.513822813,    0.001151037747,       16.64022187,       1.710339358,               100,       99.99240836,      0.0039269908,      0.2644654252,   -0.001208099782,  -0.0007928927786,     -0.0039745347,    -0.00468511188,   -0.004706404646,      0.2644654252,  -0.0007928927786,   -0.001208099782,   -0.004568082126,      -1.850718994,      -2.365101983,       -1.85029141,      -1.398042478,      -1.920731265,     0.08646228943,   6.803397298e-05,      0.1129719275,     0.06496317436,  -0.0006650041367,   0.0004174962349,  -0.0009605918801,                 0,  -0.0002589802421,   -0.001550854447,    0.001016941911,                 0,   -8.38053509e-06,   1.930428598e-05,   -0.003985458451,                 0,    0.001618244296,    -0.01550424227,    0.007528158279,    0.001672727819,  -0.0007303544284,    -0.01327877551,    0.009132403325,   0.0001703219667,     0.08646228943,   6.803397298e-05,      0.1129719275,     0.06496317436,  -0.0002589802421,   -0.001550854447,    0.001016941911,                 0,  -0.0006650041367,   0.0004174962349,  -0.0009605918801,                 0,   -0.007691262181,        6.13658466,   -0.008502925474,                 0
          0,           0,          99,       2.977300612,        2.92638063,      -7.528295698,      -8.020944389,      -8.080360026,      -7.617242076,      -7.595397556,                         3,      -1.586716626,    0.001145850769,       16.64022198,       1.710339358,               100,       99.99257019,      0.0039269908,      0.2642858551,   -0.001200235591,  -0.0008272975588,   -0.003971839992,   -0.004701462788,    -0.00513540248,      0.2642858551,  -0.0008272975588,   -0.001200235591,   -0.004541429546,      -1.841666565,      -2.401395461,      -1.893051716,      -1.421261665,      -1.915081699,     0.08646228413,   6.795363566e-05,      0.1129686888,     0.06478692852,  -0.0006650010138,   0.0004197726642,  -0.0009550072414,                 0,  -0.0002589828793,   -0.001578818528,    0.001010503848,                 0,  -8.380532648e-06,   1.911018311e-05,   -0.003982569642,                 0,    0.001618244921,    -0.01552747788,    0.007472583397,    0.001735186778,  -0.0007303588367,    -0.01355724001,    0.009068221778,   8.397459104e-05,     0.08646228413,   6.795363566e-05,      0.1129686888,     0.06478692852,  -0.0002589828793,   -0.001578818528,    0.001010503848,                 0,  -0.0006650010138,   0.0004197726642,  -0.0009550072414,                 0,   -0.007691226532,       6.177339301,   -0.008453733962,                 0
          0,           0,         100,       2.945658429,       2.926571499,      -7.568269022,      -8.023852975,      -8.032390188,      -7.647522279,       -7.62355232,                         3,      -1.620350444,     0.00114503509,       16.64022209,       1.710339358,               100,       99.99273048,      0.0039269908,      0.2643228601,   -0.001183227305,    -0.00083619987,    -0.00396877542,   -0.004753720649,   -0.005333379762,      0.2643228601,    -0.00083619987,   -0.001183227305,   -0.004476447114,      -1.881639888,      -2.404304047,      -1.845081878,      -1.451541868,      -1.943236463,     0.08646228355,   6.788946489e-05,      0.1129670089,     0.06482567821,  -0.0006649924854,   0.0004333455252,  -0.0009515803444,                 0,  -0.0002589819069,   -0.001583797651,    0.001006579687,                 0,    -8.3805294e-06,   1.909715657e-05,   -0.003979492047,                 0,    0.001618237594,    -0.01566308936,    0.007438513261,     0.00185261786,  -0.0007303578618,    -0.01360695724,    0.009029003925,  -2.506858741e-05,     0.08646228355,   6.788946489e-05,      0.1129670089,     0.06482567821,  -0.0002589819069,   -0.001583797651,    0.001006579687,                 0,  -0.0006649924854,   0.0004333455252,  -0.0009515803444,                 0,   -0.007691127946,       6.383104152,   -0.008423524298,                 0
          0,           0,         101,       3.091204686,        2.92818555,      -7.537202569,      -8.007093618,      -7.810537661,      -7.643650668,      -7.590623887,                         2,      -1.343324235,    0.001148304681,        16.6402223,       1.710339358,               100,       99.99286596,      0.0039269908,      0.2640877469,     -0.0012007381,  -0.0009264303391,   -0.003960458328,   -0.004583328824,   -0.006261749138,      0.2640877469,  -0.0009264303391,     -0.0012007381,   -0.004546739156,      -1.850573435,       -2.38754469,      -1.623229351,      -1.447670257,       -1.91030803,     0.08646228401,   6.784049619e-05,      0.1129658869,     0.06459173556,  -0.0006649818296,    0.000405109708,  -0.0009408659779,                 0,  -0.0002589799076,   -0.001663420374,   0.0009959699427,                 0,  -8.380519646e-06,   1.919618899e-05,   -0.003971273997,                 0,    0.001618216822,    -0.01538167589,    0.007331759182,     0.00184837106,    -0.00073035355,    -0.01440124418,    0.008923130286,  -5.328169622e-05,     0.08646228401,   6.784049619e-05,      0.1129658869,     0.06459173556,  -0.0002589799076,   -0.001663420374,   0.0009959699427,                 0,  -0.0006649818296,    0.000405109708,  -0.0009408659779,                 0,   -0.007691004665,       5.971502727,   -0.008328761931,                 0
          0,           0,         102,       2.608038525,       2.925077326,       -7.50157227,      -8.070420812,      -7.760194833,      -7.629927913,      -7.567501139,                         2,      -1.351183423,    0.001137761679,       16.64022258,       1.710339358,               100,       99.99300693,      0.0039269908,      0.2640874667,   -0.001240041891,  -0.0008806568557,   -0.003958309671,   -0.004309912895,   -0.005710681083,      0.2640874667,  -0.0008806568557,   -0.001240041891,   -0.004695572672,      -1.814943137,      -2.450871884,      -1.572886523,      -1.433947502,      -1.887185282,     0.08646228076,   6.792917048e-05,      0.1129666472,      0.0645906095,   -0.000664987705,    0.000362121835,  -0.0009371760215,                 0,  -0.0002589806704,   -0.001611682673,   0.0009900064882,                 0,  -8.380546299e-06,   1.906736344e-05,   -0.003968996488,                 0,    0.001618227133,    -0.01495311456,    0.007294615893,    0.001730358642,  -0.0007303556335,    -0.01388616078,    0.008863368546,   4.246678629e-05,     0.08646228076,   6.792917048e-05,      0.1129666472,      0.0645906095,  -0.0002589806704,   -0.001611682673,   0.0009900064882,                 0,   -0.000664987705,    0.000362121835,  -0.0009371760215,                 0,   -0.007691072907,       5.330873798,   -0.008296041747,                 0
          0,           0,         103,       2.544006314,       2.921413182,      -7.568226995,      -8.047055232,      -7.932355017,      -7.660183153,      -7.626157266,                         2,      -1.336280829,    0.001147120288,       16.64022292,       1.710339358,               100,       99.99315495,      0.0039269908,      0.2641612313,   -0.001290100816,  -0.0009088026886,   -0.003958591616,   -0.003867906762,   -0.005978298051,      0.2641612313,  -0.0009088026886,   -0.001290100816,   -0.004883762882,      -1.881597861,      -2.427506304,      -1.745046706,      -1.464202742,      -1.945841409,     0.08646225087,   6.798497387e-05,      0.1129657853,      0.0646652102,  -0.0006649881066,    0.000311656149,  -0.0009367688585,                 0,  -0.0002589827527,   -0.001638184578,   0.0009883646417,                 0,  -8.380560812e-06,    1.91080577e-05,   -0.003969319113,                 0,    0.001618221145,    -0.01444982608,    0.007290673857,    0.001673024316,   -0.000730356671,    -0.01415052182,    0.008847052786,   5.552765394e-05,     0.08646225087,   6.798497387e-05,      0.1129657853,      0.0646652102,  -0.0002589827527,   -0.001638184578,   0.0009883646417,                 0,  -0.0006649881066,    0.000311656149,  -0.0009367688585,                 0,   -0.007691080211,       4.584191642,   -0.008292500746,                 0
          0,           0,         104,       2.663362877,        2.91895556,      -7.574227513,      -8.104190477,      -7.947708993,      -7.660510452,      -7.632255993,                         2,      -1.422216641,    0.001154056409,       16.64022327,       1.710339358,               100,       99.99331993,      0.0039269908,       0.264304698,   -0.001281882299,  -0.0008865170494,   -0.003957836432,   -0.004067211821,   -0.005805019159,       0.264304698,  -0.0008865170494,   -0.001281882299,   -0.004850017078,      -1.887598379,      -2.484641549,      -1.760400683,      -1.464530041,      -1.951940136,     0.08646226404,   6.812181336e-05,      0.1129652425,     0.06480906959,  -0.0006649838736,   0.0003179219999,  -0.0009348204253,                 0,  -0.0002589807386,   -0.001617733877,   0.0009901975658,                 0,  -8.380544873e-06,   1.907629302e-05,    -0.00396853218,                 0,    0.001618214261,    -0.01451175866,    0.007271313901,    0.001555018681,  -0.0007303533038,    -0.01394669376,    0.008865283961,   6.743945483e-06,     0.08646226404,   6.812181336e-05,      0.1129652425,     0.06480906959,  -0.0002589807386,   -0.001617733877,   0.0009901975658,                 0,  -0.0006649838736,   0.0003179219999,  -0.0009348204253,                 0,   -0.007691030081,       4.666963256,   -0.008275292508,                 0
          0,           0,         105,       2.654275405,       2.916458578,      -7.572410399,      -8.160311513,      -7.956782959,      -7.664802345,      -7.633964455,                         2,      -1.389034001,    0.001153033505,       16.64022355,       1.710339358,               100,       99.99345279,      0.0039269908,       0.264389764,   -0.001314457289,  -0.0008718095451,   -0.003959994161,   -0.003780999758,   -0.005768228648,       0.264389764,  -0.0008718095451,   -0.001314457289,   -0.004971664821,      -1.885781266,      -2.540762585,      -1.769474648,      -1.468821934,      -1.953648598,     0.08646227643,   6.820626032e-05,      0.1129652928,     0.06489398844,  -0.0006649821954,   0.0002880276135,  -0.0009375027067,                 0,  -0.0002589814885,   -0.001602464022,    0.000989635965,                 0,  -8.380538941e-06,   1.911102259e-05,   -0.003970724644,                 0,    0.001618216603,    -0.01421358595,    0.007298055672,    0.001516313918,  -0.0007303564502,    -0.01379444709,    0.008859627436,  -0.0001030525469,     0.08646227643,   6.820626032e-05,      0.1129652928,     0.06489398844,  -0.0002589814885,   -0.001602464022,    0.000989635965,                 0,  -0.0006649821954,   0.0002880276135,  -0.0009375027067,                 0,   -0.007691009569,       4.222891156,   -0.008299033121,                 0
          0,           0,         106,       2.587453449,       2.913383763,       -7.55269484,      -8.173678652,      -8.071054026,      -7.626824148,      -7.615117504,                         2,      -1.323999428,    0.001143359031,       16.64022368,       1.710339358,               100,       99.99357202,      0.0039269908,      0.2646909227,   -0.001407962099,   -0.001017565465,   -0.003945907423,   -0.002877151773,   -0.007335949168,      0.2646909227,   -0.001017565465,   -0.001407962099,   -0.005319268544,      -1.866065707,      -2.554129724,      -1.883745715,      -1.430843737,      -1.934801647,       0.086462353,   6.827975484e-05,      0.1129629969,     0.06519729304,  -0.0006649480691,   0.0001777503884,  -0.0009207644184,                 0,  -0.0002589726752,   -0.001729646348,   0.0009710535578,                 0,  -8.380404753e-06,   1.945734611e-05,   -0.003956984364,                 0,    0.001618161136,    -0.01311410653,    0.007131574449,     0.00148721917,  -0.0007303517387,    -0.01506213934,    0.008674311477,  -0.0002177695619,       0.086462353,   6.827975484e-05,      0.1129629969,     0.06519729304,  -0.0002589726752,   -0.001729646348,   0.0009710535578,                 0,  -0.0006649480691,   0.0001777503884,  -0.0009207644184,                 0,   -0.007690608062,       2.603266353,   -0.008151026828,                 0
          0,           0,         107,       2.727207663,        2.91165991,       -7.50452551,      -8.166734164,      -7.942193725,      -7.546231315,      -7.575524675,                         3,      -1.470826705,    0.001145247614,       16.64022364,       1.710339358,               100,       99.99371383,      0.0039269908,      0.2647681971,   -0.001466900233,     -0.0010280766,   -0.003942196467,   -0.002471838953,   -0.007557773014,      0.2647681971,     -0.0010280766,   -0.001466900233,    -0.00554031885,      -1.817896377,      -2.547185236,      -1.754885415,      -1.350250904,      -1.895208818,     0.08646242827,   6.835321723e-05,      0.1129651677,     0.06527224792,  -0.0006649395489,   0.0001159531872,  -0.0009179138715,                 0,  -0.0002589657508,   -0.001732812501,   0.0009637016516,                 0,  -8.380363764e-06,   1.960496731e-05,    -0.00395342107,                 0,    0.001618150174,     -0.0124974691,    0.007102769697,    0.001304710279,  -0.0007303534164,    -0.01509430852,    0.008600634255,  -0.0003337453337,     0.08646242827,   6.835321723e-05,      0.1129651677,     0.06527224792,  -0.0002589657508,   -0.001732812501,   0.0009637016516,                 0,  -0.0006649395489,   0.0001159531872,  -0.0009179138715,                 0,   -0.007690502825,        1.69638229,    -0.00812563634,                 0
          0,           0,         108,       3.537517049,       2.917401719,      -7.462042582,      -8.128931301,      -7.721458716,      -7.527585218,       -7.50494638,                         3,      -1.442498586,    0.001146548946,       16.64022343,       1.710339358,               100,       99.99378277,      0.0039269908,      0.2650149296,   -0.001562844356,  -0.0009926306815,   -0.003950739254,   -0.001733329205,   -0.007431035348,      0.2650149296,  -0.0009926306815,   -0.001562844356,   -0.005897193634,      -1.775413449,      -2.509382373,      -1.534150406,      -1.331604807,      -1.824630523,     0.08646250501,   6.846154579e-05,      0.1129640827,     0.06551988032,  -0.0006649157368,   3.356675159e-05,  -0.0009314953704,                 0,  -0.0002589506337,   -0.001700308158,   0.0009666281102,                 0,  -8.380244636e-06,   1.966227625e-05,   -0.003962021286,                 0,    0.001618105339,    -0.01167541611,     0.00723846183,    0.001085519737,  -0.0007303437884,    -0.01476990798,    0.008629827423,  -0.0005606110027,     0.08646250501,   6.846154579e-05,      0.1129640827,     0.06551988032,  -0.0002589506337,   -0.001700308158,   0.0009666281102,                 0,  -0.0006649157368,   3.356675159e-05,  -0.0009314953704,                 0,   -0.007690220596,      0.4903008134,   -0.008245942852,                 0
          0,           0,         109,       2.753852539,       2.915914908,      -7.468780802,      -7.995974947,      -7.782405729,      -7.521487519,      -7.506246081,                         3,      -1.415180743,    0.001147540829,       16.64022319,       1.710339358,               100,       99.99383406,      0.0039269908,      0.2654449396,   -0.001582837422,   -0.001024857927,   -0.003956098146,   -0.001868113026,   -0.007777495778,      0.2654449396,   -0.001024857927,   -0.001582837422,   -0.005962959491,      -1.782151668,      -2.376426019,      -1.595097419,      -1.325507108,      -1.825930224,     0.08646254265,   6.850835342e-05,       0.112965095,     0.06594879363,  -0.0006649153812,   2.072921739e-05,  -0.0009386512582,                 0,  -0.0002589385895,   -0.001717303749,    0.000951384412,                 0,  -8.380203761e-06,   1.973035143e-05,   -0.003967448294,                 0,    0.001618102098,    -0.01154628689,    0.007309977465,   0.0007500943017,  -0.0007303359642,    -0.01493932026,     0.00847795149,  -0.0005857910416,     0.08646254265,   6.850835342e-05,       0.112965095,     0.06594879363,  -0.0002589385895,   -0.001717303749,    0.000951384412,                 0,  -0.0006649153812,   2.072921739e-05,  -0.0009386512582,                 0,   -0.007690213135,      0.3025794134,    -0.00830921497,                 0
          0,           0,         110,       2.692856246,       2.913905371,      -7.436962212,      -7.948077941,      -7.807046501,      -7.478280484,       -7.48284901,                         3,      -1.450268294,    0.001163227109,       16.64022294,       1.067216578,               100,       99.99389347,      0.0039269908,        0.26600155,   -0.001573294899,   -0.001068173681,   -0.003974199932,   -0.002436115929,   -0.007972706589,        0.26600155,   -0.001068173681,   -0.001573294899,   -0.005914608012,      -1.750333079,      -2.328529013,      -1.619738191,      -1.282300073,      -1.802533153,     0.08646253152,   6.848177725e-05,      0.1129646575,     0.06650587928,   -0.000664922104,   5.385783675e-05,  -0.0009622306318,                 0,  -0.0002589323972,   -0.001751887151,   0.0009426458675,                 0,  -8.380191212e-06,   1.967610004e-05,   -0.003985495841,                 0,     0.00161811115,    -0.01187610743,    0.007545324538,   0.0002765558159,   -0.000730327701,    -0.01528477935,    0.008390765123,  -0.0003483646607,     0.08646253152,   6.848177725e-05,      0.1129646575,     0.06650587928,  -0.0002589323972,   -0.001751887151,   0.0009426458675,                 0,   -0.000664922104,   5.385783675e-05,  -0.0009622306318,                 0,   -0.007690291879,       0.786455009,   -0.008517979457,                 0
          0,           0,         111,       2.630001891,       2.911370518,      -7.421780805,      -7.907473898,      -7.781573018,      -7.476539009,      -7.457942725,                         3,       -1.45568404,   0.0007514531104,       16.64022266,       1.067216578,               100,       99.99395309,      0.0039269908,      0.2663831026,   -0.001578551425,   -0.001050895184,   -0.003970795261,   -0.002490177222,   -0.007985658571,      0.2663831026,   -0.001050895184,   -0.001578551425,   -0.005925869206,      -1.735151672,       -2.28792497,      -1.594264707,      -1.280558597,      -1.777626868,     0.08646252112,   6.834339793e-05,      0.1129644623,     0.06688777582,  -0.0006649242325,    4.53693017e-05,  -0.0009589964938,                 0,  -0.0002589317807,   -0.001734468545,   0.0009425051416,                 0,  -8.380183889e-06,   1.969658681e-05,   -0.003982111664,                 0,    0.001618115639,    -0.01179124099,    0.007513177496,    0.000169770631,  -0.0007303210367,    -0.01511130393,    0.008389339125,   -0.000533372725,     0.08646252112,   6.834339793e-05,      0.1129644623,     0.06688777582,  -0.0002589317807,   -0.001734468545,   0.0009425051416,                 0,  -0.0006649242325,    4.53693017e-05,  -0.0009589964938,                 0,   -0.007690317422,       0.663843225,   -0.008489364483,                 0
          0,           0,         112,       3.156818542,       2.913542625,      -7.303976036,      -7.900420587,      -7.358450559,      -7.411787583,      -7.320673504,                         3,      -1.462803655,   0.0007430493843,       16.64022243,                 1,               100,       99.99399041,      0.0039269908,      0.2652534288,   -0.001551136022,  -0.0009777640846,   -0.003974562577,   -0.002673864214,   -0.008049224202,      0.2652534288,  -0.0009777640846,   -0.001551136022,    -0.00584775107,      -1.617346902,      -2.280871659,      -1.171142249,      -1.215807172,      -1.640357647,     0.08646259154,   6.834569021e-05,      0.1129633759,     0.06575911572,   -0.000664895971,   7.333486991e-05,  -0.0009595749211,                 0,  -0.0002589277184,   -0.001659743191,    0.000940906825,                 0,  -8.380224176e-06,   1.960268873e-05,   -0.003985785042,                 0,    0.001618065356,     -0.0120710073,    0.007518973545,   0.0002601041888,  -0.0007302997765,    -0.01436609051,    0.008373721247,   -0.001326555163,     0.08646259154,   6.834569021e-05,      0.1129633759,     0.06575911572,  -0.0002589277184,   -0.001659743191,    0.000940906825,                 0,   -0.000664895971,   7.333486991e-05,  -0.0009595749211,                 0,   -0.007689984295,       1.072999185,   -0.008494566612,                 0
          0,           0,         113,       2.883230863,       2.913276732,      -6.743099253,      -7.882964646,      -6.625179454,      -6.953588642,      -6.700180984,                         3,      -1.491033764,   0.0006210049921,       16.64022241,                 1,               100,       99.99378882,      0.0039269908,       0.263574621,   -0.001506541204,  -0.0006296405462,   -0.003985502135,   -0.002017222556,   -0.007687417928,       0.263574621,  -0.0006296405462,   -0.001506541204,   -0.005715805256,       -1.05647012,      -2.263415718,     -0.4378711437,     -0.7576082311,      -1.019865127,     0.08646260638,   6.862626579e-05,      0.1129392848,     0.06410410348,  -0.0006648890035,   0.0001296659466,   -0.000971318147,                 0,  -0.0002589291356,   -0.001311266506,   0.0009405550958,                 0,  -8.380240415e-06,   1.937073102e-05,   -0.003996492625,                 0,    0.001618039598,    -0.01263216085,    0.007636164037,    0.001360734662,  -0.0007302965296,    -0.01088967422,    0.008372206718,   -0.004439653898,     0.08646260638,   6.862626579e-05,      0.1129392848,     0.06410410348,  -0.0002589291356,   -0.001311266506,   0.0009405550958,                 0,  -0.0006648890035,   0.0001296659466,   -0.000971318147,                 0,   -0.007689902391,       1.889450709,   -0.008600356806,                 0
          0,           0,         114,       3.134801994,       2.915203039,       -7.17525585,      -7.506115154,      -7.158230983,      -7.408398537,      -7.151462736,                         5,      -1.443235526,    0.000599591794,        16.6402225,                 1,               100,       99.99384956,      0.0039269908,      0.2671048798,   -0.001442442473,  -0.0005335325569,   -0.003996135501,   -0.002592087234,   -0.005632391514,      0.2671048798,  -0.0005335325569,   -0.001442442473,   -0.005400284989,      -1.488626716,      -1.886566226,     -0.9709226722,      -1.212418126,      -1.471146879,      0.0864625869,   6.775482652e-05,      0.1129612574,     0.06761328067,   -0.000664885236,    0.000185214013,  -0.0009627712497,                 0,  -0.0002589248702,   -0.001209351145,   0.0009347434582,                 0,  -8.380303632e-06,   1.908563144e-05,   -0.004006840829,                 0,    0.001618084103,     -0.0131896432,    0.007549873874,    0.001429597987,  -0.0007303083984,   -0.009868957198,    0.008310389609,   -0.003343515527,      0.0864625869,   6.775482652e-05,      0.1129612574,     0.06761328067,  -0.0002589248702,   -0.001209351145,   0.0009347434582,                 0,   -0.000664885236,    0.000185214013,  -0.0009627712497,                 0,   -0.007689860549,       2.733591428,   -0.008523021716,                 0
          0,           0,         115,       3.590615879,       2.921025563,      -7.220500753,      -7.343115662,      -7.456638899,      -7.482622706,      -7.208815993,                         4,      -1.374892586,   0.0006335888744,       16.64022251,                 1,               100,       99.99371231,      0.0039269908,      0.2661796668,   -0.001312827352,  -0.0007086309585,   -0.004012963593,   -0.004306339895,    -0.00584821846,      0.2661796668,  -0.0007086309585,   -0.001312827352,   -0.004932109831,       -1.53387162,      -1.723566734,      -1.269330588,      -1.286642295,      -1.528500136,     0.08646271369,   6.784259492e-05,      0.1130023216,     0.06664678892,  -0.0006648550076,   0.0003671064037,   -0.001015078748,                 0,  -0.0002588779711,   -0.001390956644,    0.000941203657,                 0,  -8.379940677e-06,   1.888048746e-05,   -0.004023464139,                 0,     0.00161804867,     -0.0150016474,    0.008069711754,    0.001007547084,  -0.0007303113276,    -0.01167878603,    0.008371935484,   -0.001811056585,     0.08646271369,   6.784259492e-05,      0.1130023216,     0.06664678892,  -0.0002588779711,   -0.001390956644,    0.000941203657,                 0,  -0.0006648550076,   0.0003671064037,   -0.001015078748,                 0,   -0.007689499662,       5.411149206,   -0.008982813211,                 0
          0,           0,         116,       4.483633668,       2.934381188,      -7.305032072,      -7.428109578,      -7.587169991,      -7.582764612,      -7.299778806,                         4,      -1.351265516,   0.0006420611308,       16.64022259,                 1,               100,       99.99369371,      0.0039269908,      0.2655728431,   -0.001225018043,  -0.0007853940524,   -0.004041717821,   -0.005273734742,   -0.005781651906,      0.2655728431,  -0.0007853940524,   -0.001225018043,   -0.004612738367,      -1.618402939,       -1.80856065,       -1.39986168,      -1.386784201,      -1.619462949,     0.08646244892,   6.796975038e-05,      0.1129840055,      0.0660584189,  -0.0006649861988,   0.0004828810762,    -0.00104291292,                 0,  -0.0002588855777,   -0.001466817133,   0.0009403086581,                 0,  -8.380218104e-06,   1.864182234e-05,   -0.004051979425,                 0,    0.001618244545,    -0.01615602956,     0.00834912511,   0.0009149251657,  -0.0007303097446,    -0.01243955254,    0.008367506086,  -0.0009792957089,     0.08646244892,   6.796975038e-05,      0.1129840055,      0.0660584189,  -0.0002588855777,   -0.001466817133,   0.0009403086581,                 0,  -0.0006649861988,   0.0004828810762,    -0.00104291292,                 0,   -0.007691040529,       7.104352649,   -0.009230624416,                 0
          0,           0,         117,       3.630354302,       2.940279265,      -7.386830332,      -7.544139032,      -7.730231376,      -7.582652706,      -7.401189778,                         4,        -1.4042933,   0.0006279172367,       16.64022343,                 1,               100,       99.99350814,      0.0039269908,       0.265337023,   -0.001183061202,  -0.0008637176058,   -0.004061965193,   -0.005578354766,   -0.006224463926,       0.265337023,  -0.0008637176058,   -0.001183061202,   -0.004458711373,      -1.700201199,      -1.924590104,      -1.542923066,      -1.386672295,      -1.720873921,     0.08646225428,   6.804678482e-05,      0.1129667568,     0.06583996515,   -0.000665020308,   0.0005479267749,   -0.001065967669,                 0,  -0.0002589328031,   -0.001539575526,   0.0009347907231,                 0,  -8.380342516e-06,   1.852340337e-05,   -0.004072108254,                 0,     0.00161828669,    -0.01680586485,    0.008580498534,    0.001028724858,  -0.0007303239131,    -0.01316571522,    0.008312186904,  -0.0006406116984,     0.08646225428,   6.804678482e-05,      0.1129667568,     0.06583996515,  -0.0002589328031,   -0.001539575526,   0.0009347907231,                 0,   -0.000665020308,   0.0005479267749,   -0.001065967669,                 0,    -0.00769145234,       8.052206674,   -0.009436118193,                 0
          0,           0,         118,       3.330279058,       2.943556574,      -7.396632235,      -7.512256058,      -7.821353286,      -7.617283174,      -7.403895408,                         4,      -1.504971532,   0.0006361211268,       16.64022476,                 1,               100,       99.99317829,      0.0039269908,       0.265488606,     -0.0011923812,   -0.001014620708,   -0.004062599031,   -0.005350349108,   -0.007510777689,       0.265488606,   -0.001014620708,     -0.0011923812,   -0.004491270709,      -1.710003101,       -1.89270713,      -1.634044975,      -1.421302763,      -1.723579551,     0.08646233268,   6.819442681e-05,      0.1129485611,     0.06600951777,  -0.0006649765306,   0.0005442464833,   -0.001071651152,                 0,  -0.0002589617871,   -0.001680123899,   0.0009244649781,                 0,  -8.380285138e-06,   1.856671216e-05,   -0.004072785458,                 0,    0.001618209789,    -0.01677009522,    0.008637001531,    0.001164534793,  -0.0007303414513,    -0.01456696128,    0.008207773864,    -0.00042124882,     0.08646233268,   6.819442681e-05,      0.1129485611,     0.06600951777,  -0.0002589617871,   -0.001680123899,   0.0009244649781,                 0,  -0.0006649765306,   0.0005442464833,   -0.001071651152,                 0,   -0.007690939049,       7.980805893,   -0.009487957541,                 0
          0,           0,         119,       2.830478062,       2.942614254,      -7.427854711,      -7.524714083,         -7.848309,      -7.632230524,      -7.432530129,                         3,       -1.31339775,   0.0006421440325,       16.64022554,                 1,               100,       99.99316349,      0.0039269908,      0.2645847971,   -0.001155323577,   -0.001073992066,   -0.004026108425,   -0.005647950144,   -0.007809726128,      0.2645847971,   -0.001073992066,   -0.001155323577,   -0.004366553142,      -1.741225578,      -1.905165155,       -1.66100069,      -1.436250113,      -1.752214272,     0.08646244458,   6.810269122e-05,      0.1129367615,     0.06511748827,  -0.0006649592513,   0.0005373678834,   -0.001027732209,                 0,  -0.0002589329497,   -0.001761682209,   0.0009466230927,                 0,  -8.380262177e-06,   1.886332962e-05,   -0.004036591493,                 0,    0.001618189493,    -0.01670174555,    0.008198659909,    0.001236946002,   -0.000730349211,    -0.01537943583,    0.008427465791,  -0.0001274068745,     0.08646244458,   6.810269122e-05,      0.1129367615,     0.06511748827,  -0.0002589329497,   -0.001761682209,   0.0009466230927,                 0,  -0.0006649592513,   0.0005373678834,   -0.001027732209,                 0,   -0.007690729247,       7.890552836,   -0.009100067995,                 0
          0,           0,         120,       3.008489512,       2.943158677,      -7.466799856,      -7.585733408,      -7.865130687,      -7.636978074,      -7.475043992,                         3,      -1.301958715,   0.0006411480703,       16.64022572,                 1,               100,       99.99323352,      0.0039269908,       0.264185923,   -0.001152781799,   -0.001177570687,   -0.004029549082,   -0.005705189717,   -0.008652436633,       0.264185923,   -0.001177570687,   -0.001152781799,   -0.004363524696,      -1.780170723,       -1.96618448,      -1.677822376,      -1.440997663,      -1.794728135,     0.08646256304,   6.799951715e-05,      0.1129448326,     0.06471052786,  -0.0006649290383,   0.0005362075671,   -0.001024060328,                 0,  -0.0002588863505,   -0.001854394445,   0.0009357101091,                 0,  -8.380299195e-06,   1.885301516e-05,   -0.004040021798,                 0,    0.001618146025,    -0.01669111278,    0.008162094387,    0.001205682654,  -0.0007303104287,    -0.01630421843,    0.008319115077,   6.297715314e-05,     0.08646256304,   6.799951715e-05,      0.1129448326,     0.06471052786,  -0.0002588863505,   -0.001854394445,   0.0009357101091,                 0,  -0.0006649290383,   0.0005362075671,   -0.001024060328,                 0,   -0.007690369276,        7.88546139,   -0.009066907308,                 0
          0,           0,         121,       3.080477038,       2.944284237,      -7.485258272,       -7.64816172,      -7.805974597,      -7.632548004,      -7.496786902,                         3,      -1.338434556,   0.0006428563457,       16.64022573,                 1,               100,       99.99328124,      0.0039269908,      0.2637517736,   -0.001222784607,   -0.001188364202,   -0.004028655653,   -0.004933886191,   -0.008757697155,      0.2637517736,   -0.001188364202,   -0.001222784607,   -0.004636118992,      -1.798629139,      -2.028612792,      -1.618666287,      -1.436567593,      -1.816471045,     0.08646270699,   6.817787565e-05,      0.1129507439,      0.0642701448,  -0.0006649175938,   0.0004665674443,   -0.001024434457,                 0,   -0.000258870158,   -0.001847503367,   0.0009180093237,                 0,  -8.380371191e-06,   1.886448377e-05,   -0.004039139765,                 0,    0.001618098107,    -0.01599714214,    0.008166353972,    0.001278803868,   -0.000730274491,    -0.01623707198,    0.008142957631,   6.669168403e-05,     0.08646270699,   6.817787565e-05,      0.1129507439,      0.0642701448,   -0.000258870158,   -0.001847503367,   0.0009180093237,                 0,  -0.0006649175938,   0.0004665674443,   -0.001024434457,                 0,   -0.007690224109,       6.843384894,   -0.009069745107,                 0
          0,           0,         122,       2.728275605,        2.94252807,      -7.507607197,      -7.705594745,       -7.82594233,      -7.640967461,      -7.523762063,                         3,      -1.406472776,   0.0006785532006,       16.64022573,                 1,               100,       99.99334978,      0.0039269908,      0.2634926786,   -0.001306660622,   -0.001196905624,   -0.004048418111,   -0.004000247919,   -0.008834141857,      0.2634926786,   -0.001196905624,   -0.001306660622,   -0.004959001629,      -1.820978063,      -2.086045817,      -1.638634019,      -1.444987049,      -1.843446206,     0.08646274757,   6.820071013e-05,      0.1129628367,     0.06399889361,  -0.0006649301897,   0.0004039036017,   -0.001045634034,                 0,   -0.000258879096,   -0.001846231714,   0.0009082051852,                 0,  -8.380401026e-06,   1.879011028e-05,    -0.00405882782,                 0,    0.001618104242,     -0.0153717968,    0.008377579237,    0.001375865404,  -0.0007302870444,    -0.01622424006,    0.008045015356,   7.536989163e-05,     0.08646274757,   6.820071013e-05,      0.1129628367,     0.06399889361,   -0.000258879096,   -0.001846231714,   0.0009082051852,                 0,  -0.0006649301897,   0.0004039036017,   -0.001045634034,                 0,    -0.00769036618,       5.922278536,   -0.009256442781,                 0
          0,           0,         123,       2.818039692,       2.941524131,      -7.481026193,      -7.781957232,      -7.697698837,      -7.574685824,      -7.495639436,                         3,      -1.497084662,   0.0007190056572,       16.64022539,                 1,               100,        99.9933924,      0.0039269908,      0.2635036304,   -0.001290203408,   -0.001189519428,   -0.004048142319,    -0.00429570058,   -0.008922839851,      0.2635036304,   -0.001189519428,   -0.001290203408,   -0.004896340161,       -1.79439706,      -2.162408304,      -1.510390526,      -1.378705413,      -1.815323579,     0.08646274529,    6.82761636e-05,      0.1129736477,     0.06399896117,  -0.0006649300708,   0.0004202349262,   -0.001045508263,                 0,  -0.0002588963392,   -0.001838114187,   0.0009074910982,                 0,  -8.380391726e-06,   1.910201461e-05,   -0.004058863942,                 0,    0.001618101501,    -0.01553430436,    0.008376799971,    0.001243702307,  -0.0007302977778,    -0.01614367805,     0.00803830933,  -8.717334986e-05,     0.08646274529,    6.82761636e-05,      0.1129736477,     0.06399896117,  -0.0002588963392,   -0.001838114187,   0.0009074910982,                 0,  -0.0006649300708,   0.0004202349262,   -0.001045508263,                 0,   -0.007690365007,       6.154928807,   -0.009254443705,                 0
          0,           0,         124,         3.0585789,       2.942460569,      -7.474876197,      -7.832700465,      -7.698433418,      -7.539323016,      -7.493474744,                         3,       -1.50582202,   0.0007582779186,       16.64022472,                 1,               100,       99.99344369,      0.0039269908,      0.2635245564,   -0.001275035483,   -0.001239849037,   -0.004049377921,   -0.004577740424,   -0.009540125475,      0.2635245564,   -0.001239849037,   -0.001275035483,   -0.004838393432,      -1.788247064,      -2.213151537,      -1.511125108,      -1.343342605,      -1.813158887,     0.08646273504,   6.846506153e-05,      0.1129804327,     0.06401292358,  -0.0006649282044,   0.0004394607513,    -0.00104956803,                 0,  -0.0002589152863,   -0.001880095783,   0.0008991620329,                 0,  -8.380374909e-06,   1.931799166e-05,   -0.004060315537,                 0,    0.001618094526,    -0.01572525586,    0.008417576737,    0.001111844171,  -0.0007303017449,     -0.0165629036,    0.007956097269,  -0.0002030174014,     0.08646273504,   6.846506153e-05,      0.1129804327,     0.06401292358,  -0.0002589152863,   -0.001880095783,   0.0008991620329,                 0,  -0.0006649282044,   0.0004394607513,    -0.00104956803,                 0,   -0.007690344333,       6.418759313,   -0.009289821294,                 0
          0,           0,         125,       2.655007305,       2.940179194,      -7.424745326,      -7.859786968,      -7.577832775,      -7.496362979,      -7.437942345,                         3,      -1.542128073,   0.0007984804763,       16.64022387,                 1,               100,       99.99348744,      0.0039269908,      0.2645752937,   -0.001304149114,   -0.001179464603,   -0.004042277311,    -0.00453100984,   -0.009156587702,      0.2645752937,   -0.001179464603,   -0.001304149114,   -0.004929217297,      -1.738116193,       -2.24023804,      -1.390524464,      -1.300382568,      -1.757626488,     0.08646255307,    6.87024343e-05,      0.1129799602,     0.06506407801,  -0.0006649817907,   0.0004036887448,   -0.001042856068,                 0,  -0.0002589452006,   -0.001823584461,   0.0009030650591,                 0,   -8.38026458e-06,   1.956760685e-05,   -0.004053464653,                 0,    0.001618192312,    -0.01536705905,    0.008350690506,   0.0008671663966,   -0.000730353243,    -0.01600052576,    0.007994750078,  -0.0004204587718,     0.08646255307,    6.87024343e-05,      0.1129799602,     0.06506407801,  -0.0002589452006,   -0.001823584461,   0.0009030650591,                 0,  -0.0006649817907,   0.0004036887448,   -0.001042856068,                 0,   -0.007690980281,       5.875901617,   -0.009230451724,                 0
          0,           0,         126,       2.650093395,       2.937895054,      -7.406684457,      -7.837424324,      -7.480985826,      -7.453220791,      -7.387528054,                         2,      -1.341077484,   0.0006315557203,       16.64022309,                 1,               100,       99.99356608,      0.0039269908,      0.2648083385,   -0.001296934098,     -0.0011267879,   -0.004042808521,   -0.004903694454,   -0.008757893129,      0.2648083385,     -0.0011267879,   -0.001296934098,   -0.004897633153,      -1.720055324,      -2.217875396,      -1.293677516,      -1.257240379,      -1.707212197,     0.08646239808,   6.889060475e-05,      0.1129726941,     0.06530435571,  -0.0006649971119,   0.0004099561994,   -0.001041893185,                 0,  -0.0002589585389,    -0.00177882109,   0.0009109917288,                 0,  -8.380188237e-06,   1.959541593e-05,   -0.004054023749,                 0,    0.001618237164,    -0.01542889516,    0.008340773194,   0.0005661903489,  -0.0007303759174,    -0.01555404709,    0.008073473006,   -0.000546943126,     0.08646239808,   6.889060475e-05,      0.1129726941,     0.06530435571,  -0.0002589585389,    -0.00177882109,   0.0009109917288,                 0,  -0.0006649971119,   0.0004099561994,   -0.001041893185,                 0,   -0.007691171268,       5.950828867,   -0.009222522254,                 0
          0,           0,         127,       2.753017499,       2.936450698,      -7.414162306,       -7.84776057,      -7.672458851,      -7.458308204,       -7.43909276,                         3,      -1.312328897,    0.000617288834,       16.64022258,                 1,               100,        99.9936553,      0.0039269908,      0.2664970515,   -0.001320587428,   -0.001128025718,      -0.004046377,   -0.004201856721,   -0.008075523486,      0.2664970515,   -0.001128025718,   -0.001320587428,   -0.004955354744,      -1.727533173,      -2.228211642,      -1.485150541,      -1.262327793,      -1.758776903,     0.08646237093,   6.903936648e-05,      0.1129659618,     0.06699967939,  -0.0006649821204,   0.0003929733897,   -0.001048578698,                 0,   -0.000258953544,   -0.001787611385,   0.0009185392108,                 0,  -8.380198487e-06,   1.933134283e-05,   -0.004057328145,                 0,    0.001618226679,    -0.01525984214,    0.008407437577,    0.001032321164,   -0.000730356532,    -0.01564102737,    0.008149193759,   0.0001466666586,     0.08646237093,   6.903936648e-05,      0.1129659618,     0.06699967939,   -0.000258953544,   -0.001787611385,   0.0009185392108,                 0,  -0.0006649821204,   0.0003929733897,   -0.001048578698,                 0,   -0.007691000296,       5.692019057,    -0.00928225353,                 0
          0,           0,         128,       3.502781404,       2.940840859,      -7.465300777,      -7.813363387,      -7.910709016,      -7.532203649,      -7.499259253,                         5,      -1.476103263,    0.000615026895,       16.64022231,                 1,               100,       99.99374633,      0.0039269908,      0.2661510551,   -0.001240092291,   -0.001248691733,   -0.004066286377,    -0.00438941807,   -0.008610397637,      0.2661510551,   -0.001248691733,   -0.001240092291,   -0.004659355158,      -1.778671644,      -2.193814459,      -1.723400705,      -1.336223237,      -1.818943396,     0.08646239098,   6.912188814e-05,       0.112962093,     0.06665744924,  -0.0006649647131,   0.0004987975946,   -0.001073925173,                 0,  -0.0002589554088,   -0.001899537592,   0.0009098012683,                 0,  -8.380223297e-06,   1.877718095e-05,   -0.004076683334,                 0,    0.001618197521,    -0.01631488576,     0.00866035336,     0.00164691681,   -0.000730352485,    -0.01675790906,    0.008062201659,   0.0008156622446,     0.08646239098,   6.912188814e-05,       0.112962093,     0.06665744924,  -0.0002589554088,   -0.001899537592,   0.0009098012683,                 0,  -0.0006649647131,   0.0004987975946,   -0.001073925173,                 0,   -0.007690797185,       7.216203261,   -0.009506951798,                 0
          0,           0,         129,       3.124886769,       2.942256596,      -7.460764146,      -7.796571523,      -7.884343959,      -7.538174543,      -7.496915847,                         4,      -1.431458096,   0.0006231641749,       16.64022239,                 1,               100,       99.99360484,      0.0039269908,      0.2655398021,   -0.001183313713,   -0.001213106816,   -0.004050435049,   -0.004707151416,   -0.008075012568,      0.2655398021,   -0.001213106816,   -0.001183313713,   -0.004456257417,      -1.774135013,      -2.177022595,      -1.697035648,      -1.342194132,       -1.81659999,     0.08646236045,   6.907022657e-05,      0.1129634975,     0.06604487392,   -0.000664967792,   0.0005333918295,    -0.00105173775,                 0,   -0.000258958493,   -0.001901903292,   0.0009477549687,                 0,  -8.380283601e-06,    1.85835107e-05,   -0.004060638276,                 0,    0.001618193646,    -0.01666129453,    0.008438822187,    0.001897127279,  -0.0007303545794,    -0.01678173019,    0.008440412745,   0.0009966594564,     0.08646236045,   6.907022657e-05,      0.1129634975,     0.06604487392,   -0.000258958493,   -0.001901903292,   0.0009477549687,                 0,   -0.000664967792,   0.0005333918295,    -0.00105173775,                 0,    -0.00769083551,       7.722456636,   -0.009310421272,                 0
          0,           0,         130,       3.278362517,       2.944822291,      -7.420530547,      -7.650569935,      -7.942833667,      -7.539690756,      -7.447856826,                         3,      -1.368139982,   0.0006296901964,       16.64022289,                 1,               100,       99.99368672,      0.0039269908,      0.2654957042,   -0.001266285203,    -0.00112670311,   -0.004031145322,   -0.003719914335,   -0.007131413342,      0.2654957042,    -0.00112670311,   -0.001266285203,   -0.004769512965,      -1.733901413,      -2.031021007,      -1.755525357,      -1.343710345,      -1.767540969,     0.08646227112,   6.900479296e-05,      0.1129699881,     0.06599444021,  -0.0006650072333,   0.0004313682213,   -0.001032646191,                 0,  -0.0002589656407,   -0.001854255015,   0.0009865175456,                 0,  -8.380433003e-06,   1.856276903e-05,   -0.004041327658,                 0,    0.001618267647,    -0.01564469659,    0.008247729601,    0.002058785005,  -0.0007303624847,     -0.0163070023,     0.00882691955,    0.001079031888,     0.08646227112,   6.900479296e-05,      0.1129699881,     0.06599444021,  -0.0002589656407,   -0.001854255015,   0.0009865175456,                 0,  -0.0006650072333,   0.0004313682213,   -0.001032646191,                 0,   -0.007691299623,       6.251279119,   -0.009140889619,                 0
          0,           0,         131,       2.675031138,       2.942778418,      -7.413672375,      -7.613398506,      -7.934949424,      -7.530845114,       -7.44422624,                         3,      -1.428411066,   0.0006652522486,       16.64022343,                 1,               100,        99.9937677,      0.0039269908,      0.2651465127,   -0.001299633046,   -0.000919581639,   -0.004007096429,   -0.003178313907,   -0.004977437975,      0.2651465127,   -0.000919581639,   -0.001299633046,   -0.004901565675,      -1.727043241,      -1.993849578,      -1.747641114,      -1.334864703,      -1.763910383,     0.08646195325,   6.884006432e-05,      0.1129772395,     0.06563847989,  -0.0006650993066,   0.0003669476551,   -0.001001481394,                 0,  -0.0002589891519,   -0.001691218764,    0.001030626277,                 0,  -8.380801398e-06,   1.863671807e-05,   -0.004017352346,                 0,    0.001618415758,    -0.01500143476,    0.007936091894,    0.002268613205,  -0.0007303673365,    -0.01468273547,    0.009267144199,    0.001168520631,     0.08646195325,   6.884006432e-05,      0.1129772395,     0.06563847989,  -0.0002589891519,   -0.001691218764,    0.001030626277,                 0,  -0.0006650993066,   0.0003669476551,   -0.001001481394,                 0,   -0.007692392799,       5.330437423,   -0.008864452685,                 0
          0,           0,         132,       3.021631865,       2.943371301,      -7.427836853,      -7.646344517,      -7.864933443,      -7.565189408,      -7.447178026,                         3,      -1.444110628,   0.0007040148169,        16.6402237,                 1,               100,       99.99385355,      0.0039269908,      0.2651002085,   -0.001329021562,   -0.000945566552,   -0.004010918553,   -0.002774704497,   -0.005306274502,      0.2651002085,   -0.000945566552,   -0.001329021562,   -0.005013279956,       -1.74120772,      -2.026795589,      -1.677625132,      -1.369208997,      -1.766862169,      0.0864619804,   6.877103176e-05,      0.1129711746,     0.06559828247,  -0.0006650409497,   0.0003385744359,   -0.001002555048,                 0,  -0.0002590025271,   -0.001733178767,    0.001046614742,                 0,  -8.380690126e-06,   1.844165459e-05,   -0.004020979517,                 0,    0.001618304535,    -0.01471918558,    0.007947084377,    0.002379092173,  -0.0007303478001,    -0.01510006885,    0.009427137177,    0.001097004969,      0.0864619804,   6.877103176e-05,      0.1129711746,     0.06559828247,  -0.0002590025271,   -0.001733178767,    0.001046614742,                 0,  -0.0006650409497,   0.0003385744359,   -0.001002555048,                 0,   -0.007691715441,       4.923212976,    -0.00887443236,                 0
          0,           0,         133,       3.004274692,       2.943825804,      -7.446317727,      -7.715407652,       -7.81779858,      -7.580150252,      -7.473588085,                         4,       -1.32970128,   0.0007441085661,        16.6402237,              1.05,               100,       99.99393336,      0.0039269908,      0.2653232732,    -0.00141607786,   -0.001086336104,   -0.004021667015,   -0.002070942288,   -0.007180898068,      0.2653232732,   -0.001086336104,    -0.00141607786,   -0.005337179219,      -1.759688594,      -2.095858724,      -1.630490269,      -1.384169841,      -1.793272228,     0.08646242515,   6.845736171e-05,      0.1129709505,     0.06582144019,  -0.0006649171565,   0.0002666147851,   -0.001017775489,                 0,  -0.0002589913167,   -0.001868080824,    0.001040736036,                 0,  -8.380294726e-06,   1.848332175e-05,   -0.004031770042,                 0,    0.001618108409,    -0.01400190687,    0.008099085259,    0.002213770913,  -0.0007303673726,    -0.01644326184,    0.009368506344,   0.0006242247959,     0.08646242515,   6.845736171e-05,      0.1129709505,     0.06582144019,  -0.0002589913167,   -0.001868080824,    0.001040736036,                 0,  -0.0006649171565,   0.0002666147851,   -0.001017775489,                 0,   -0.007690244119,        3.89461087,   -0.009009178766,                 0
          0,           0,         134,       2.947827665,       2.943855448,      -7.415272688,       -7.71283963,      -7.640123867,      -7.583053376,      -7.453498476,                         4,      -1.396649604,   0.0007849505805,       16.64022359,            1.1025,               100,       99.99403031,      0.0039269908,      0.2658348954,   -0.001446247169,   -0.001053165563,   -0.004006396831,   -0.002033366722,   -0.007006301491,      0.2658348954,   -0.001053165563,   -0.001446247169,   -0.005440396254,      -1.728643555,      -2.093290702,      -1.452815556,      -1.387072965,      -1.773182619,     0.08646268199,   6.810437319e-05,      0.1129791265,     0.06632498254,  -0.0006648821789,   0.0002180737368,  -0.0009994387274,                 0,  -0.0002589415007,   -0.001794360536,    0.001000136473,                 0,  -8.380056256e-06,    1.85926145e-05,    -0.00401660939,                 0,    0.001618056531,     -0.0135168244,    0.007916113173,    0.001949287974,  -0.0007303676231,    -0.01570940204,     0.00896412029,   0.0004693478803,     0.08646268199,   6.810437319e-05,      0.1129791265,     0.06632498254,  -0.0002589415007,   -0.001794360536,    0.001000136473,                 0,  -0.0006648821789,   0.0002180737368,  -0.0009994387274,                 0,   -0.007689816735,       3.202051889,   -0.008846224591,                 0
          0,           0,         135,       3.062126117,       2.944725085,      -7.416253498,      -7.652743815,      -7.836149008,      -7.552025403,      -7.439200862,                         4,      -1.394630822,   0.0008253091354,       16.64022331,          1.157625,               100,       99.99411817,      0.0039269908,      0.2654400185,   -0.001472841775,  -0.0009986105021,   -0.004001753023,    -0.00228340918,   -0.006823989017,      0.2654400185,  -0.0009986105021,   -0.001472841775,   -0.005548680202,      -1.729624364,      -2.033194887,      -1.648840698,      -1.356044992,      -1.758885005,     0.08646267537,   6.784515217e-05,      0.1129806917,     0.06592880627,  -0.0006649091606,   0.0001864354113,  -0.0009943680261,                 0,  -0.0002588952316,   -0.001733267769,    0.000993552498,                 0,  -8.379993223e-06,   1.869961707e-05,   -0.004012072647,                 0,    0.001618096252,    -0.01320028513,    0.007865561912,    0.001433217789,  -0.0007303284888,     -0.0151008503,     0.00889892222,   0.0001082675468,     0.08646267537,   6.784515217e-05,      0.1129806917,     0.06592880627,  -0.0002588952316,   -0.001733267769,    0.000993552498,                 0,  -0.0006649091606,   0.0001864354113,  -0.0009943680261,                 0,   -0.007690129386,       2.747954797,   -0.008801220907,                 0
          0,           0,         136,          3.479055,       2.948625303,      -7.342481406,      -7.532408824,      -7.589329655,      -7.579432228,      -7.367109142,                         4,      -1.459181206,   0.0008683255642,       16.64022265,                 1,                50,       49.99706293,      0.0039269908,      0.2663166455,    -0.00152669567,  -0.0008446961585,   -0.003984314667,   -0.002036935805,   -0.005711901377,      0.2663166455,  -0.0008446961585,    -0.00152669567,   -0.005732633297,      -1.655852273,      -1.912859896,      -1.402021344,      -1.383451817,      -1.686793285,     0.08646266498,    6.78745135e-05,      0.1129747082,     0.06681139778,  -0.0006649127015,   0.0001169300354,  -0.0009787130035,                 0,  -0.0002588850487,   -0.001564449993,   0.0009786388836,                 0,  -8.379917386e-06,   1.894327441e-05,   -0.003994878024,                 0,    0.001618097037,    -0.01250630014,    0.007709660987,    0.001141606308,  -0.0007302966648,    -0.01341814815,    0.008750427686,  -0.0003138842463,     0.08646266498,    6.78745135e-05,      0.1129747082,     0.06681139778,  -0.0002588850487,   -0.001564449993,   0.0009786388836,                 0,  -0.0006649127015,   0.0001169300354,  -0.0009787130035,                 0,   -0.007690171262,       1.722738468,   -0.008663116009,                 0
          0,           0,         137,       2.734518003,       2.947073801,      -7.329824354,      -7.490697822,      -7.566793894,      -7.566190066,      -7.348327146,                         3,      -1.581340254,   0.0006485719262,       8.320110934,                 1,                25,       24.99854465,      0.0039269908,      0.2659096081,   -0.001562925264,  -0.0009474423352,   -0.003958186658,   -0.001541532048,   -0.007188627102,      0.2659096081,  -0.0009474423352,   -0.001562925264,   -0.005877656225,       -1.64319522,      -1.871148894,      -1.379485584,      -1.370209654,      -1.668011289,     0.08646268675,   6.734946452e-05,      0.1129680514,     0.06641152056,  -0.0006649056073,   4.670728701e-05,  -0.0009447269434,                 0,   -0.000258890863,   -0.001629742473,   0.0009411910006,                 0,  -8.379896544e-06,   1.938755215e-05,   -0.003969194313,                 0,    0.001618082292,    -0.01180545572,    0.007371158069,    0.001274683312,  -0.0007302935904,    -0.01406901562,    0.008377104528,  -0.0007664224153,     0.08646268675,   6.734946452e-05,      0.1129680514,     0.06641152056,   -0.000258890863,   -0.001629742473,   0.0009411910006,                 0,  -0.0006649056073,   4.670728701e-05,  -0.0009447269434,                 0,   -0.007690087277,      0.6935064346,   -0.008362779846,                 0
          0,           0,         138,       2.490541595,       2.943789397,      -7.315561578,      -7.587806788,      -7.372782061,      -7.498270274,      -7.305695003,                         2,      -1.515295787,   0.0006465109925,       4.160055365,                 1,              12.5,       12.49928887,      0.0039269908,      0.2651961472,   -0.001508584415,  -0.0008482032224,   -0.003954195652,   -0.001964857211,   -0.006477838971,      0.2651961472,  -0.0008482032224,   -0.001508584415,   -0.005688560829,      -1.628932444,       -1.96825786,      -1.185473751,      -1.302289863,      -1.625379146,     0.08646266161,   6.747692588e-05,      0.1129643057,     0.06570170295,  -0.0006649144896,   9.005257344e-05,  -0.0009337224988,                 0,  -0.0002588976246,   -0.001515677932,   0.0009263723338,                 0,  -8.379963593e-06,   1.902337095e-05,   -0.003964839059,                 0,    0.001618094223,    -0.01223692801,    0.007261462995,    0.001392513586,  -0.0007302977938,    -0.01293230384,    0.008229108081,   -0.001044345418,     0.08646266161,   6.747692588e-05,      0.1129643057,     0.06570170295,  -0.0002588976246,   -0.001515677932,   0.0009263723338,                 0,  -0.0006649144896,   9.005257344e-05,  -0.0009337224988,                 0,   -0.007690192243,       1.334568406,   -0.008265641901,                 0
          0,           0,         139,       2.605592226,       2.941373703,      -7.447619591,      -7.667257086,      -7.694990817,      -7.615761087,      -7.468126937,                         2,      -1.748085949,   0.0006480087229,       2.080027657,                 1,              6.25,       6.249662376,      0.0039269908,      0.2646449905,   -0.001491009522,  -0.0008588367093,   -0.003956779819,   -0.002182242347,   -0.006812499701,      0.2646449905,  -0.0008588367093,   -0.001491009522,    -0.00563399866,      -1.760990458,      -2.047708158,      -1.507682507,      -1.419780676,       -1.78781108,     0.08646262535,   6.748777683e-05,      0.1129616679,     0.06515320946,  -0.0006649211309,   0.0001066530077,  -0.0009327413986,                 0,  -0.0002589007419,   -0.001527109597,   0.0009271736296,                 0,  -8.379993499e-06,   1.881207248e-05,   -0.003967211898,                 0,    0.001618097626,    -0.01240273125,    0.007251686814,    0.001350704465,  -0.0007302967495,    -0.01304519478,    0.008236793518,   -0.001273801692,     0.08646262535,   6.748777683e-05,      0.1129616679,     0.06515320946,  -0.0002589007419,   -0.001527109597,   0.0009271736296,                 0,  -0.0006649211309,   0.0001066530077,  -0.0009327413986,                 0,   -0.007690272279,       1.580330731,   -0.008257149668,                 0
          0,           0,         140,       2.785639029,       2.940269201,       -7.47879126,      -7.728444759,      -7.830366707,      -7.634718749,      -7.509899907,                         2,      -2.240848756,   0.0003452012889,       1.040013822,                 1,             3.125,       3.124853095,      0.0039269908,      0.2645928937,   -0.001499762115,  -0.0008578399021,   -0.003957554108,   -0.002138105495,   -0.007021915169,      0.2645928937,  -0.0008578399021,   -0.001499762115,   -0.005668187432,      -1.792162127,      -2.108895831,      -1.643058396,      -1.438738338,       -1.82958405,     0.08646261332,   6.744282013e-05,      0.1129597625,     0.06510307505,  -0.0006649188732,   9.706361209e-05,  -0.0009319068535,                 0,  -0.0002589012927,    -0.00152839435,   0.0009294557406,                 0,  -8.379980754e-06,   1.887046983e-05,   -0.003968044597,                 0,    0.001618089708,    -0.01230773709,    0.007243436899,    0.001308104993,  -0.0007302932523,    -0.01305692325,    0.008259379682,    -0.00149407835,     0.08646261332,   6.744282013e-05,      0.1129597625,     0.06510307505,  -0.0002589012927,    -0.00152839435,   0.0009294557406,                 0,  -0.0006649188732,   9.706361209e-05,  -0.0009319068535,                 0,   -0.007690247237,       1.439198597,   -0.008249900963,                 0
          0,           0,         141,       2.376585134,       2.936299595,      -7.292191846,      -7.757314283,      -7.288859183,      -7.572782289,      -7.344717917,                         1,      -1.561260326,   0.0001726003531,       0.520006909,                 1,            1.5625,       1.562457289,      0.0039269908,      0.2644616703,   -0.001497660347,  -0.0008500645828,   -0.003956793277,   -0.002171109374,   -0.007035685783,      0.2644616703,  -0.0008500645828,   -0.001497660347,   -0.005663052592,      -1.605562712,      -2.137765355,      -1.101550872,      -1.376801878,       -1.66440206,     0.08646261483,    6.74507098e-05,      0.1129580188,     0.06497358591,  -0.0006649106474,   9.772852935e-05,  -0.0009304782291,                 0,  -0.0002589005835,   -0.001521259078,   0.0009300950789,                 0,   -8.37995311e-06,   1.896730424e-05,   -0.003967380628,                 0,    0.001618075238,    -0.01231471348,    0.007229250283,    0.001296278589,  -0.0007302891075,    -0.01298486404,    0.008265645678,   -0.001586178313,     0.08646261483,    6.74507098e-05,      0.1129580188,     0.06497358591,  -0.0002589005835,   -0.001521259078,   0.0009300950789,                 0,  -0.0006649106474,   9.772852935e-05,  -0.0009304782291,                 0,   -0.007690151966,       1.448888079,   -0.008237380921,                 0
          0,           0,         142,       2.507727327,       2.933302586,      -7.377236979,      -7.779424494,      -7.434272421,      -7.611068402,      -7.429620581,                         1,      -1.907470259,   8.630007169e-05,      0.2600034539,                 1,                 1,                 1,      0.0039269908,      0.2645549455,   -0.001491289816,  -0.0008475997856,    -0.00395375532,   -0.002249916515,   -0.007071509747,      0.2645549455,  -0.0008475997856,   -0.001491289816,   -0.005636975765,      -1.690607846,      -2.159875566,      -1.246964111,      -1.415087991,      -1.749304724,     0.08646262521,   6.749164361e-05,      0.1129574444,     0.06506738427,  -0.0006649058362,    0.000101045881,  -0.0009274298613,                 0,  -0.0002589015178,   -0.001516245425,   0.0009275471568,                 0,  -8.379939585e-06,    1.90606547e-05,   -0.003964436035,                 0,    0.001618068691,    -0.01234771545,    0.007198893116,    0.001280837133,  -0.0007302900746,    -0.01293431732,    0.008240207998,   -0.001647110345,     0.08646262521,   6.749164361e-05,      0.1129574444,     0.06506738427,  -0.0002589015178,   -0.001516245425,   0.0009275471568,                 0,  -0.0006649058362,    0.000101045881,  -0.0009274298613,                 0,   -0.007690095397,       1.497161361,   -0.008210435942,                 0
          0,           0,         143,       2.433256174,       2.929830042,       -7.29204091,      -7.478468627,      -7.448781401,      -7.570830421,      -7.334407357,                         1,      -2.193191971,   5.523198058e-05,      0.1664022103,                 1,                 1,                 1,      0.0039269908,       0.264769383,   -0.001476950216,  -0.0008503343118,   -0.003949384133,   -0.002409505391,    -0.00714840461,       0.264769383,  -0.0008503343118,   -0.001476950216,   -0.005578251531,      -1.605411777,      -1.858919699,      -1.261473091,      -1.374850009,        -1.6540915,     0.08646263555,   6.754480733e-05,      0.1129571036,     0.06528209903,    -0.00066490176,   0.0001134902328,  -0.0009255386889,                 0,  -0.0002589027796,   -0.001515176167,   0.0009237446348,                 0,  -8.379929233e-06,    1.91611451e-05,   -0.003960165348,                 0,    0.001618064268,    -0.01247128155,    0.007180055541,    0.001263656346,  -0.0007302917057,    -0.01292342276,    0.008202306386,    -0.00169699653,     0.08646263555,   6.754480733e-05,      0.1129571036,     0.06528209903,  -0.0002589027796,   -0.001515176167,   0.0009237446348,                 0,    -0.00066490176,   0.0001134902328,  -0.0009255386889,                 0,   -0.007690047335,        1.68022143,   -0.008193718317,                 0
          0,           0,         144,       2.357388754,       2.925882171,      -7.303179378,      -7.493013262,      -7.495719235,      -7.570192328,      -7.343315089,                         1,      -2.189420692,   5.523192909e-05,      0.1664022101,                 1,                 1,                 1,      0.0039269908,      0.2647794159,   -0.001452146199,  -0.0008528034394,   -0.003945600233,   -0.002698607014,   -0.007277049474,      0.2647794159,  -0.0008528034394,   -0.001452146199,   -0.005484362123,      -1.616550245,      -1.873464334,      -1.308410924,      -1.374211916,      -1.662999232,     0.08646264542,    6.76484507e-05,       0.112956894,     0.06529222801,  -0.0006648976808,   0.0001363639986,  -0.0009236125172,                 0,  -0.0002589042584,   -0.001514895832,   0.0009209966514,                 0,  -8.379918872e-06,   1.926922405e-05,   -0.003956489539,                 0,    0.001618059968,    -0.01269868407,    0.007160886985,    0.001221130102,  -0.0007302937642,     -0.0129205902,    0.008174878667,   -0.001801044172,     0.08646264542,    6.76484507e-05,       0.112956894,     0.06529222801,  -0.0002589042584,   -0.001514895832,   0.0009209966514,                 0,  -0.0006648976808,   0.0001363639986,  -0.0009236125172,                 0,   -0.007689999278,       2.015774155,   -0.008176681249,                 0
          0,           0,         145,       2.475941501,       2.922800385,      -7.195924731,       -7.50127192,      -7.186896682,        -7.4947699,      -7.209527583,                         1,      -2.203807304,   5.523188226e-05,      0.1664022099,                 1,                 1,                 1,      0.0039269908,      0.2649189246,   -0.001434488841,  -0.0008468198804,   -0.003942372655,   -0.002863895389,   -0.007333134722,      0.2649189246,  -0.0008468198804,   -0.001434488841,   -0.005414822076,      -1.509295598,      -1.881722992,     -0.9995883714,      -1.298789489,      -1.529211726,     0.08646265442,   6.768707762e-05,       0.112956879,     0.06543170414,  -0.0006648939126,   0.0001513492072,  -0.0009209441361,                 0,  -0.0002589059183,   -0.001507219109,   0.0009193051469,                 0,  -8.379909405e-06,   1.934029129e-05,   -0.003953333037,                 0,    0.001618056148,    -0.01284743559,    0.007134297732,    0.001231186324,  -0.0007302963298,     -0.0128436817,    0.008158019151,   -0.001917175839,     0.08646265442,   6.768707762e-05,       0.112956879,     0.06543170414,  -0.0002589059183,   -0.001507219109,   0.0009193051469,                 0,  -0.0006648939126,   0.0001513492072,  -0.0009209441361,                 0,   -0.007689954895,       2.236013321,   -0.008153059329,                 0
          0,           0,         146,       2.538880034,       2.920188682,      -7.131297199,      -7.501692315,      -7.084161747,      -7.444347449,      -7.138516433,                         1,      -2.216665708,    5.52318492e-05,      0.1664022096,                 1,                 1,                 1,      0.0039269908,      0.2648782642,   -0.001422239914,   -0.000828726113,   -0.003940338318,   -0.002955620826,   -0.007261990368,      0.2648782642,   -0.000828726113,   -0.001422239914,   -0.005369409675,      -1.444668065,      -1.882143387,     -0.8968534362,      -1.248367038,      -1.458200576,     0.08646266551,   6.776963044e-05,      0.1129563586,     0.06539147043,  -0.0006648823221,   0.0001610471286,   -0.000918404721,                 0,  -0.0002589084117,   -0.001488749738,   0.0009189320363,                 0,   -8.37989948e-06,   1.939015454e-05,   -0.003951348573,                 0,    0.001618040084,    -0.01294375438,    0.007108944631,    0.001261148838,  -0.0007302993803,    -0.01265913415,    0.008154274088,   -0.002026830921,     0.08646266551,   6.776963044e-05,      0.1129563586,     0.06539147043,  -0.0002589084117,   -0.001488749738,   0.0009189320363,                 0,  -0.0006648823221,   0.0001610471286,   -0.000918404721,                 0,   -0.007689819857,       2.376390835,   -0.008130615506,                 0
          0,           0,         147,       2.410354845,       2.916743859,       -6.42365497,      -7.430639786,      -6.277801231,      -6.898054303,      -6.408318942,                         1,      -2.222582164,   5.523233022e-05,      0.1664022094,                 1,                 1,                 1,      0.0039269908,      0.2641808427,   -0.001404190067,  -0.0007641481178,   -0.003940442862,    -0.00320282218,   -0.006674830064,      0.2641808427,  -0.0007641481178,   -0.001404190067,   -0.005315260762,     -0.7370258363,      -1.811090858,    -0.09049292083,     -0.7020738917,     -0.7280030854,     0.08646267863,   6.806132921e-05,      0.1129544045,     0.06469569822,  -0.0006648459907,   0.0001784191291,  -0.0009177632056,                 0,  -0.0002589051764,   -0.001427240523,   0.0009219975811,                 0,  -8.379883352e-06,   1.930373521e-05,   -0.003951366714,                 0,    0.001617973127,    -0.01311654057,    0.007102356193,     0.00119338907,  -0.0007302870984,    -0.01204642899,    0.008184879448,   -0.002082993423,     0.08646267863,   6.806132921e-05,      0.1129544045,     0.06469569822,  -0.0002589051764,   -0.001427240523,   0.0009219975811,                 0,  -0.0006648459907,   0.0001784191291,  -0.0009177632056,                 0,   -0.007689398492,       2.621446439,   -0.008125076748,                 0
          0,           0,         148,       2.458848466,       2.913670736,      -7.105114572,      -7.495475405,      -7.058938245,      -7.482961745,      -7.067025789,                         1,      -2.228257132,   5.523422038e-05,      0.1664022092,                 1,                 1,                 1,      0.0039269908,       0.264091366,    -0.00137581603,  -0.0006749921732,   -0.003945190815,   -0.003581135639,   -0.005807040518,       0.264091366,  -0.0006749921732,    -0.00137581603,   -0.005209621393,      -1.418485439,      -1.875926477,     -0.8716299346,      -1.286981333,      -1.386709932,     0.08646271638,   6.817196122e-05,      0.1129542248,     0.06460625282,  -0.0006648405613,   0.0002095455406,  -0.0009205210092,                 0,  -0.0002589091573,   -0.001346658356,     0.00093057534,                 0,  -8.379849639e-06,   1.919061417e-05,    -0.00395600158,                 0,    0.001617966481,    -0.01342734899,    0.007129794278,    0.001098452591,  -0.0007302998201,    -0.01124350509,    0.008270196513,    -0.00210343212,     0.08646271638,   6.817196122e-05,      0.1129542248,     0.06460625282,  -0.0002589091573,   -0.001346658356,     0.00093057534,                 0,  -0.0006648405613,   0.0002095455406,  -0.0009205210092,                 0,    -0.00768933234,       3.073778968,   -0.008149504905,                 0
          0,           0,         149,       2.439848151,       2.910511919,      -7.146969785,      -7.505313559,      -7.176961792,      -7.491671958,      -7.204083599,                         1,      -2.275968098,   5.523331756e-05,       0.166402209,                 1,                 1,                 1,      0.0039269908,      0.2641499057,   -0.001367746193,  -0.0006116199649,   -0.003952435891,   -0.003742403383,   -0.005228199954,      0.2641499057,  -0.0006116199649,   -0.001367746193,   -0.005177916645,      -1.460340651,      -1.885764631,     -0.9896534812,      -1.295691547,      -1.523767742,     0.08646274402,    6.81883157e-05,      0.1129532406,     0.06466573275,  -0.0006648526381,   0.0002239328003,  -0.0009268263556,                 0,  -0.0002589108984,   -0.001293566884,   0.0009408578174,                 0,  -8.379882441e-06,   1.914286703e-05,   -0.003963198875,                 0,    0.001617994406,    -0.01357108794,    0.007192510502,     0.00101817965,  -0.0007303056314,    -0.01071488452,    0.008372485661,   -0.002155495465,     0.08646274402,    6.81883157e-05,      0.1129532406,     0.06466573275,  -0.0002589108984,   -0.001293566884,   0.0009408578174,                 0,  -0.0006648526381,   0.0002239328003,  -0.0009268263556,                 0,   -0.007689469558,       3.284034779,   -0.008205398542,                 0
