"Time_Iter","Outer_Iter","Inner_Iter",    "Time(sec)"   ,    "Time(sec)"   ,    "rms[Rho]"    ,    "rms[RhoU]"   ,    "rms[RhoV]"   ,    "rms[RhoW]"   ,    "rms[RhoE]"   ,"Linear_Solver_Iterations",    "LinSolRes"   ,     "Min DT"     ,     "Max DT"     ,     "Min CFL"    ,     "Max CFL"    ,     "Avg CFL"    ,    "RefForce"    ,       "CD"       ,       "CL"       ,       "CSF"      ,       "CMx"      ,       "CMy"      ,       "CMz"      ,       "CFx"      ,       "CFy"      ,       "CFz"      ,      "CEff"      ,   "relrms[Rho]"  ,  "relrms[RhoU]"  ,  "relrms[RhoV]"  ,  "relrms[RhoW]"  ,  "relrms[RhoE]"  ,    "CD(nose)"    ,    "CD(body)"    ,    "CD(fins)"    ,    "CD(base)"    ,    "CL(nose)"    ,    "CL(body)"    ,    "CL(fins)"    ,    "CL(base)"    ,    "CSF(nose)"   ,    "CSF(body)"   ,    "CSF(fins)"   ,    "CSF(base)"   ,    "CMx(nose)"   ,    "CMx(body)"   ,    "CMx(fins)"   ,    "CMx(base)"   ,    "CMy(nose)"   ,    "CMy(body)"   ,    "CMy(fins)"   ,    "CMy(base)"   ,    "CMz(nose)"   ,    "CMz(body)"   ,    "CMz(fins)"   ,    "CMz(base)"   ,    "CFx(nose)"   ,    "CFx(body)"   ,    "CFx(fins)"   ,    "CFx(base)"   ,    "CFy(nose)"   ,    "CFy(body)"   ,    "CFy(fins)"   ,    "CFy(base)"   ,    "CFz(nose)"   ,    "CFz(body)"   ,    "CFz(fins)"   ,    "CFz(base)"   ,   "CEff(nose)"   ,   "CEff(body)"   ,   "CEff(fins)"   ,   "CEff(base)"   
          0,           0,           0,       2.238757598,       2.238757598,      -5.629097753,      -5.803819162,      -6.723857904,      -6.670873311,      -5.577945231,                         2,      -1.623204457,   0.0005130729065,      0.8210941659,               2.5,              5.25,       5.244880195,      0.0039269908,      0.1526375881,      0.9412598517,    0.001983738616,     0.00863112965,      -6.351988181,      0.0132303345,     0.08660680243,    0.001983738616,      0.9496144499,        6.16663211,                 0,                 0,                 0,                 0,                 0,      0.1085780669,     0.04397561197,      0.0783500225,    -0.07826611331,      0.1097439697,      0.6274996326,      0.1985433496,    0.005472899787,  -0.0007337655383,    0.002285385852,   0.0004321183017,                 0,   3.089045887e-06,   8.402295058e-05,    0.008544017654,                 0,     -0.2505626941,      -4.156991688,      -1.945580553,    0.001146755554,   -0.005076688483,     0.01435082249,    0.004019817581,  -6.361708165e-05,      0.1006582238,   9.632794137e-05,     0.06430948183,    -0.07845723118,  -0.0007337655383,    0.002285385852,   0.0004321183017,                 0,      0.1170506619,      0.6290386586,      0.2035251293,                 0,       1.010737922,       14.26926436,       2.534056064,    -0.06992681194
          0,           0,           1,       1.355516174,       1.797136886,      -5.652700991,      -5.617894866,      -6.122784487,      -6.099978601,      -5.574431373,                         2,      -1.819423135,   0.0005254359152,      0.8621488745,               2.5,            5.5125,       5.504305348,      0.0039269908,      0.3931013655,        1.10549428,    0.004408335139,     0.01235179103,      -7.635786914,     0.00784464432,      0.3150284076,    0.004408335139,       1.130222717,       2.812237192,                 0,                 0,                 0,                 0,                 0,      0.1223941352,     0.05073200302,      0.1059889873,      0.1139862399,       0.136494593,      0.7229514494,      0.2540189323,   -0.007970694365,   0.0001979469318,    0.005092420091,   -0.000882031884,                 0,   2.516630065e-05,   0.0001049440635,     0.01222168067,                 0,     -0.3150601062,      -4.826132408,      -2.496468711,    0.001874310704,   -0.003459829189,     0.01983241195,   -0.008096638488,   -0.000431299949,      0.1125746078,   0.0001778786116,     0.08801133844,      0.1142645827,   0.0001979469318,    0.005092420091,   -0.000882031884,                 0,      0.1446998823,      0.7247292616,       0.260793573,                 0,       1.115205338,       14.25040224,       2.396654019,    -0.06992681194
          0,           0,           2,       1.242973142,       1.612415638,      -5.761393897,       -5.73670689,      -6.177342501,      -6.162405647,      -5.703991417,                         2,      -1.758408205,   0.0005597499731,      0.9052563243,               2.5,          5.788125,       5.777673804,      0.0039269908,      0.4379842448,       1.086558889,    0.007471442903,     0.01212783482,      -7.578884127,    0.002787196677,      0.3611228206,    0.007471442903,       1.114464322,       2.480817293,     -0.1086929059,      -0.118812024,    -0.05455801417,    -0.06242704561,     -0.1295600447,      0.1178015339,      0.0482541617,      0.1185009839,      0.1534275653,      0.1418688679,      0.6871911107,      0.2682276105,     -0.0107287005,    0.002074575752,    0.007462869272,   -0.002066002121,                 0,   3.753559321e-05,   0.0001047586093,     0.01198554062,                 0,     -0.3265979785,      -4.613744159,      -2.641522446,    0.002980456648,    0.001869133287,     0.02024686254,    -0.01929113872,  -3.766043361e-05,      0.1076183033,   0.0002005883088,     0.09950170924,      0.1538022198,    0.002074575752,    0.007462869272,   -0.002066002121,                 0,       0.149740702,      0.6888831879,      0.2758404323,                 0,        1.20430408,       14.24107448,       2.263505344,    -0.06992681194
          0,           0,           3,       1.255887548,       1.523283615,      -5.806807577,      -5.765556132,      -6.223360628,       -6.20960879,       -5.75701423,                         2,      -1.592621845,   0.0005891031002,       0.950519158,               2.5,        6.07753125,       6.065471466,      0.0039269908,      0.4384650701,      0.9859175071,     0.01082395043,     0.01101829452,      -6.956022588,    0.007994612816,      0.3686228625,     0.01082395043,       1.014101639,       2.248565677,     -0.1541065861,     -0.1476612663,     -0.1005761411,     -0.1096301893,     -0.1825828574,      0.1073295926,     0.04147211887,      0.1246689942,      0.1649943644,       0.137640041,      0.5904734373,      0.2693415586,    -0.01153752989,    0.003033605825,      0.0101706788,     -0.0023803342,                 0,   4.087977721e-05,    9.42381546e-05,     0.01088317659,                 0,     -0.3142733486,      -3.989402758,      -2.655999369,    0.003652887393,    0.005262007565,     0.02505373826,    -0.02235400261,   3.286960201e-05,     0.09746685923,   0.0001817500427,      0.1055769894,      0.1653972638,    0.003033605825,      0.0101706788,     -0.0023803342,                 0,      0.1447916907,      0.5919280225,      0.2773819255,                 0,       1.282405324,       14.23784107,        2.16045345,    -0.06992681194
          0,           0,           4,       1.134817383,       1.445590369,      -5.799336556,      -5.740048458,      -6.224104739,      -6.212141664,      -5.745698531,                         2,      -1.432326855,   0.0006184398567,      0.9980451574,             2.625,       6.381407813,       6.368483675,      0.0039269908,      0.4268166496,      0.8588182827,       0.012611234,    0.009947909244,      -6.149901913,     0.01619082289,      0.3658688107,       0.012611234,      0.8864994689,       2.012148035,     -0.1466355643,     -0.1221535916,     -0.1013202519,     -0.1121630631,     -0.1712671582,     0.09708820033,     0.03318219581,      0.1282187895,       0.168327464,       0.129473988,      0.4724401656,       0.268674732,    -0.01177060292,    0.002672523773,     0.01188394523,   -0.001945235002,                 0,   3.870791884e-05,   8.027499704e-05,    0.009828926328,                 0,     -0.2926134512,      -3.210415813,       -2.65095878,    0.004086130887,     0.00514253221,     0.02926036611,    -0.01824804132,   3.596588902e-05,     0.08782004951,    0.000145605643,       0.109164653,      0.1687385025,    0.002672523773,     0.01188394523,   -0.001945235002,                 0,      0.1359311264,       0.473603998,      0.2769643445,                 0,        1.33357079,       14.23776076,       2.095439624,    -0.06992681194
          0,           0,           5,       1.109207405,       1.389526542,      -5.788916484,      -5.723242889,      -6.204458334,      -6.191769069,      -5.738057789,                         2,      -1.303950945,   0.0006488056742,       1.047947515,           2.75625,       6.700478203,       6.686870333,      0.0039269908,      0.4122481344,      0.7411879382,     0.01245180825,    0.009171079502,      -5.397153245,     0.02036696189,      0.3595412617,     0.01245180825,      0.7681394178,       1.797917022,     -0.1362154925,     -0.1053480226,    -0.08167384705,    -0.09179046753,     -0.1636264161,     0.08973012479,       0.025304943,      0.1306477323,      0.1665653343,      0.1214239684,      0.3602979742,      0.2711133785,    -0.01164738281,    0.001793764792,     0.01201544241,   -0.001357398949,                 0,   3.438555591e-05,   6.804068058e-05,    0.009068653265,                 0,     -0.2716423073,      -2.455123984,       -2.67458985,    0.004202895589,    0.003382705674,     0.02957408621,    -0.01258979924,  -3.075737749e-08,     0.08104143885,   0.0001101852597,      0.1114175677,      0.1669720698,    0.001793764792,     0.01201544241,   -0.001357398949,                 0,      0.1273874428,        0.36118549,       0.279566485,                 0,       1.353212967,       14.23824484,       2.075147985,    -0.06992681194
          0,           0,           6,       1.297976617,       1.376447981,      -5.779621622,      -5.719190439,      -6.184332084,      -6.168083283,      -5.738136746,                         3,      -1.755797771,   0.0006807053542,       1.100345096,         2.8940625,       7.035502113,       7.020991174,      0.0039269908,      0.3953986227,      0.6488345322,     0.01081909381,    0.008721580423,      -4.800373168,     0.01836797856,      0.3491750426,     0.01081909381,      0.6748356176,       1.640963056,     -0.1269206302,     -0.1012955731,    -0.06154759777,    -0.06810468215,      -0.163705374,     0.08551384044,     0.01878481952,      0.1324357901,      0.1586641727,      0.1149955891,      0.2674634708,      0.2774703522,    -0.01109487977,   0.0009867113943,     0.01083813986,   -0.001005757436,                 0,    3.01950886e-05,   5.902855933e-05,    0.008632356775,                 0,     -0.2549889788,      -1.813846087,      -2.735302686,    0.003764583136,     0.00155992969,     0.02595708735,   -0.009127951006,  -2.108746869e-05,     0.07728384623,   8.175206419e-05,      0.1127578298,      0.1590516144,   0.0009867113943,     0.01083813986,   -0.001005757436,                 0,      0.1206806096,       0.268122306,       0.286032702,                 0,       1.344759965,       14.23827738,       2.095131172,    -0.06992681194
          0,           0,           7,       1.076812163,       1.338993504,      -5.758957944,      -5.708401627,      -6.167155246,      -6.146281144,       -5.72746878,                         3,      -1.731039526,   0.0007143310931,        1.15536275,       3.038765625,       7.387277219,       7.371874536,      0.0039269908,       0.381716922,       0.594368738,    0.009039443836,    0.008511406693,      -4.445193571,     0.01393408718,      0.3393260115,    0.009039443836,      0.6195481121,       1.557092976,     -0.1062569522,    -0.09050676074,    -0.04437075932,    -0.04630254328,     -0.1530374072,     0.08382979059,     0.01471227889,      0.1335363966,      0.1496384559,      0.1110434972,      0.2094768181,      0.2843121628,    -0.01046374016,   0.0005481888758,    0.009350115625,  -0.0008588606655,                 0,   2.787758437e-05,   5.406390573e-05,    0.008429465203,                 0,     -0.2448294152,      -1.402958259,       -2.80054995,    0.003144053117,   0.0005470612103,     0.02101155544,   -0.007615639899,  -8.889566955e-06,     0.07587958263,   6.407635044e-05,      0.1133784948,      0.1500038577,   0.0005481888758,    0.009350115625,  -0.0008588606655,                 0,      0.1166206715,      0.2099928198,      0.2929346208,                 0,       1.324630498,       14.23823051,       2.129098658,    -0.06992681194
          0,           0,           8,       1.029796654,       1.304638298,      -5.751465692,      -5.712980265,      -6.179922603,      -6.155125263,      -5.731959554,                         3,       -1.70229302,   0.0007498412563,       1.213131404,       3.190703906,        7.75664108,       7.740440729,      0.0039269908,      0.3679803348,      0.5576878007,    0.007486594149,    0.008556951316,      -4.200132497,    0.009213356025,      0.3281816188,    0.007486594149,      0.5819983118,       1.515536967,    -0.09876470089,    -0.09508539921,    -0.05713811642,    -0.05514666209,     -0.1575281812,     0.08330972079,       0.011753127,      0.1342484164,      0.1386690706,      0.1084473786,      0.1673511219,      0.2915859862,   -0.009696686024,   0.0003906825005,    0.007924168859,  -0.0008282572101,                 0,   2.671535507e-05,    5.10588256e-05,    0.008479177135,                 0,     -0.2382079941,      -1.094392721,      -2.869793797,    0.002262015043,   0.0001890912609,     0.01628762925,   -0.007213288552,  -5.007593134e-05,     0.07554187578,   5.067282806e-05,      0.1135813838,      0.1390076864,   0.0003906825005,    0.007924168859,  -0.0008282572101,                 0,      0.1139945986,      0.1677633197,      0.3002403935,                 0,       1.301737391,       14.23885932,       2.171988273,    -0.06992681194
          0,           0,           9,        1.14311716,       1.288486184,      -5.715249873,      -5.674803837,      -6.167429618,      -6.138451477,      -5.695938209,                         3,      -1.704174032,   0.0007872151632,       1.273788765,       3.350239102,       8.144473134,       8.127462766,      0.0039269908,      0.3561169814,      0.5347207649,    0.006354140326,    0.008773577206,      -4.039544301,    0.004849151435,      0.3179492634,    0.006354140326,      0.5582596769,       1.501531218,    -0.06254888165,    -0.05690897089,    -0.04464513096,    -0.03847287604,     -0.1215068364,     0.08344676768,    0.009715987711,      0.1346477117,      0.1283065143,      0.1070173348,      0.1383724088,      0.2983030868,   -0.008972065497,   0.0004267124264,    0.006820969987,  -0.0008935420867,                 0,   2.652949756e-05,   4.943442512e-05,    0.008697613284,                 0,     -0.2346066803,     -0.8726227775,      -2.933630534,     0.00131569043,   0.0002861491708,     0.01243351045,   -0.007747051116,  -0.0001234570665,     0.07577834364,   3.994874992e-05,      0.1135111452,      0.1286198257,   0.0004267124264,    0.006820969987,  -0.0008935420867,                 0,      0.1125775982,      0.1387130936,       0.306968985,                 0,       1.282462315,       14.24172333,       2.215433763,    -0.06992681194
          0,           0,          10,       1.032069656,       1.265175591,      -5.666151306,      -5.616616887,       -6.13782633,      -6.102394103,       -5.64112576,                         3,      -1.705279853,   0.0008264965384,       1.337479307,       3.517751057,       8.551696791,       8.533814571,      0.0039269908,       0.347372186,      0.5216810974,    0.005682881117,    0.009024912471,      -3.940661165,    0.001274660858,       0.310135371,    0.005682881117,      0.5446417672,       1.501792943,    -0.01345031424,                 0,    -0.01504184324,   -0.002415501872,    -0.06669438787,     0.08385132348,    0.008427363049,      0.1347199463,      0.1203735532,      0.1064423033,      0.1200738513,      0.3035822816,   -0.008417338815,   0.0005443620924,     0.00614911107,   -0.001010592045,                 0,   2.686288889e-05,   4.874201926e-05,    0.008949307563,                 0,     -0.2332134435,     -0.7242588996,      -2.983631667,   0.0004428446943,   0.0005629697588,       0.009684989,    -0.00880323398,  -0.0001700639204,     0.07622202613,   3.090596101e-05,      0.1132149458,      0.1206674931,   0.0005443620924,     0.00614911107,   -0.001010592045,                 0,      0.1120321878,      0.1203692206,      0.3122403589,                 0,       1.269417093,       14.24809286,       2.253432323,    -0.06992681194
          0,           0,          11,       1.100750304,       1.251473484,      -5.612686859,      -5.554243012,      -6.101801019,      -6.054223644,      -5.581775978,                         3,      -1.695283816,   0.0008677739691,       1.404354611,       3.693638609,        8.97928163,       8.960432348,      0.0039269908,      0.3412332434,      0.5150828035,    0.005337274748,    0.009185313356,      -3.882980316,   -0.001894877377,      0.3044716563,    0.005337274748,      0.5376313154,       1.509474278,                 0,                 0,                 0,                 0,   -0.007344605669,     0.08427076164,    0.007700566854,      0.1344546883,      0.1148072265,      0.1063374198,       0.109787937,        0.30698555,    -0.00802810334,   0.0006698157013,    0.005831479226,   -0.001164020179,                 0,   2.733460208e-05,    4.84331103e-05,    0.009109545644,                 0,     -0.2330609253,     -0.6339494892,      -3.015628814,   -0.000341088169,   0.0008416366347,    0.007696311732,    -0.01023468586,  -0.0001981398838,     0.07664775886,   2.338931696e-05,       0.112712934,      0.1150875741,   0.0006698157013,    0.005831479226,   -0.001164020179,                 0,      0.1119568184,      0.1100576635,      0.3156168336,                 0,       1.261854263,       14.25712406,       2.283189629,    -0.06992681194
          0,           0,          12,       1.068327933,       1.237385364,      -5.560199269,      -5.497731624,      -6.067880036,      -6.001244428,      -5.526913884,                         3,      -1.685824233,   0.0009110805052,       1.474573653,        3.87832054,       9.428245712,       9.408386378,      0.0039269908,      0.3361952536,      0.5123197902,    0.005121105939,    0.009206092673,      -3.851380637,   -0.005315247638,      0.2996386769,    0.005121105939,      0.5345236003,       1.523875738,                 0,                 0,                 0,                 0,                 0,     0.08459004611,    0.007368992191,      0.1339007788,      0.1103354366,      0.1064005882,      0.1051239082,      0.3085106991,   -0.007715405325,   0.0007773062639,    0.005699979359,   -0.001356179683,                 0,   2.770760941e-05,   4.815407164e-05,    0.009130230992,                 0,     -0.2333611194,     -0.5872847647,      -3.029680955,   -0.001053798222,    0.001067943653,    0.005885747302,    -0.01206509138,  -0.0002038472103,     0.07696185917,   1.796855371e-05,      0.1120539847,      0.1106048645,   0.0007773062639,    0.005699979359,   -0.001356179683,                 0,      0.1120421051,      0.1053818666,      0.3170996287,                 0,       1.257838163,       14.26571036,       2.304024681,    -0.06992681194
          0,           0,          13,       1.123615951,       1.229258978,      -5.512768561,      -5.453437798,      -6.040934725,      -5.949572477,      -5.483091123,                         3,      -1.682083543,   0.0009566094199,       1.548303133,       4.072236567,       9.899657997,       9.878701336,      0.0039269908,      0.3313053659,      0.5116518571,    0.004887939313,    0.009080659734,       -3.83598061,   -0.009366443575,      0.2948072934,    0.004887939313,      0.5335161929,       1.544351253,                 0,                 0,                 0,                 0,                 0,     0.08478775948,    0.007298851732,      0.1331835196,      0.1060352352,       0.106456629,      0.1041550584,      0.3084548757,   -0.007414705949,   0.0008628998378,    0.005606528583,   -0.001581489107,                 0,    2.79270476e-05,   4.776744037e-05,    0.009004965246,                 0,     -0.2336524037,     -0.5718792553,      -3.028745588,   -0.001703362233,    0.001244553189,    0.003901110184,    -0.01423812721,  -0.0002739797345,     0.07715518171,   1.558250197e-05,      0.1113423668,      0.1062941624,   0.0008628998378,    0.005606528583,   -0.001581489107,                 0,      0.1121118011,       0.104410484,      0.3169939078,                 0,       1.255566011,       14.27006085,       2.316013848,    -0.06992681194
          0,           0,          14,       1.061469237,       1.218072995,      -5.473518189,      -5.425120729,      -6.021603928,      -5.903332625,      -5.454448204,                         3,      -1.675811115,    0.001004471489,       1.625717903,       4.275848395,        10.3946409,       10.37254459,      0.0039269908,      0.3263047445,       0.512025823,     0.00460983978,    0.008834517364,      -3.830672332,    -0.01362550476,      0.2897927667,     0.00460983978,      0.5335404222,       1.569164505,                 0,                 0,                 0,                 0,                 0,     0.08488702284,    0.007388820269,      0.1324585458,      0.1015703557,      0.1064411188,      0.1054256842,      0.3072615111,   -0.007102491159,   0.0009267480464,    0.005496238599,   -0.001813146865,                 0,   2.805907676e-05,   4.730722851e-05,    0.008759151058,                 0,     -0.2337715477,     -0.5775004759,      -3.017150986,   -0.002249322727,    0.001378974151,    0.001909890947,    -0.01648818754,  -0.0004261823218,      0.0772552852,   1.669750305e-05,      0.1107024039,      0.1018183801,   0.0009267480464,    0.005496238599,   -0.001813146865,                 0,       0.112103253,      0.1056842906,      0.3157528786,                 0,        1.25391509,       14.26827022,       2.319680541,    -0.06992681194
          0,           0,          15,       1.053540283,         1.2077897,      -5.443936188,      -5.413856546,      -6.006318091,      -5.864555343,      -5.441613412,                         3,      -1.655375423,    0.001054764723,       1.707001547,       4.275848395,       10.91437294,       10.89110869,      0.0039269908,      0.3215053759,      0.5128424632,    0.004347458733,    0.008531423333,      -3.831636712,     -0.0172308715,      0.2849481232,    0.004347458733,      0.5340202861,       1.595128734,                 0,                 0,                 0,                 0,                 0,     0.08491781288,    0.007563185155,      0.1318695127,     0.09715486514,       0.106354447,      0.1078606496,      0.3054210966,   -0.006793729984,   0.0009752993711,    0.005391464752,   -0.002019305391,                 0,     2.8180724e-05,   4.683909416e-05,    0.008456403515,                 0,     -0.2337104798,     -0.5957215576,      -2.999628064,   -0.002576610405,     0.00147816167,   0.0003646157066,    -0.01850326686,  -0.0005703820147,     0.07729204617,   2.078304492e-05,      0.1102431865,     0.09739210742,   0.0009752993711,    0.005391464752,   -0.002019305391,                 0,      0.1120189401,      0.1081254876,      0.3138758584,                 0,       1.252439782,       14.26127318,       2.316085729,    -0.06992681194
          0,           0,          16,       1.021420236,       1.196826791,      -5.423742177,      -5.416961513,      -5.987664186,      -5.833869029,      -5.439994698,                         3,      -1.622887062,    0.001107628586,       1.792347106,       4.275848395,       11.46009159,       11.43564464,      0.0039269908,      0.3173062546,      0.5137959903,    0.004185608652,    0.008231586708,      -3.836298618,    -0.01942874418,       0.280692716,    0.004185608652,      0.5346785745,       1.619243185,                 0,   -0.003104966358,                 0,                 0,                 0,     0.08491248046,    0.007766231309,      0.1315115773,     0.09311596551,      0.1062438919,      0.1106849914,      0.3033784096,   -0.006511302609,    0.001010818695,    0.005353497051,   -0.002178707093,                 0,   2.826132277e-05,   4.640586592e-05,    0.008156919519,                 0,     -0.2335556726,     -0.6197168398,      -2.980410367,   -0.002615739334,    0.001545096243,  -0.0002067328338,    -0.02007040932,  -0.0006966982675,     0.07729443867,   2.631846163e-05,      0.1100286137,      0.0933433452,    0.001010818695,    0.005353497051,   -0.002178707093,                 0,      0.1119082824,      0.1109571133,      0.3118131789,                 0,       1.251216445,       14.25208535,       2.306857052,    -0.06992681194
          0,           0,          17,       1.135956094,       1.193445085,      -5.411533211,      -5.427023132,      -5.958970761,      -5.811397482,      -5.439373254,                         3,      -1.599004043,    0.001163194663,       1.881957871,       4.489640815,       12.03309617,       12.00740949,      0.0039269908,      0.3139116715,      0.5146868111,    0.004149180514,    0.007990989046,      -3.842316915,    -0.02013009165,      0.2772442615,    0.004149180514,      0.5353304312,        1.63959119,                 0,    -0.01316658591,                 0,                 0,                 0,      0.0849014618,     0.00795680512,      0.1314069024,     0.08964650219,      0.1061595028,      0.1133351038,      0.3014608986,     -0.0062686941,    0.001037547565,    0.005394479663,   -0.002282846714,                 0,   2.827958638e-05,   4.607303718e-05,    0.007916636422,                 0,     -0.2333995754,      -0.643952069,      -2.962558276,   -0.002406994991,    0.001590145364,    0.000154698903,    -0.02109829905,  -0.0007766368669,     0.07728933354,   3.156555127e-05,      0.1100579526,     0.08986540981,    0.001037547565,    0.005394479663,   -0.002282846714,                 0,      0.1118233302,      0.1136140638,      0.3098930371,                 0,       1.250384865,       14.24379535,       2.294102464,    -0.06992681194
          0,           0,          18,       1.060630419,        1.18645484,      -5.405522737,      -5.433879158,      -5.922577844,      -5.797702671,      -5.429333693,                         3,      -1.607654344,    0.001221604471,       1.976048094,       4.714122856,       12.63475098,       12.60776819,      0.0039269908,      0.3111640756,      0.5153651488,     0.00419045715,    0.007841003634,      -3.847585339,    -0.01986686693,      0.2744560401,     0.00419045715,      0.5358154539,        1.65624887,                 0,    -0.02002261208,                 0,                 0,                 0,     0.08489655512,    0.008109677768,      0.1314942689,     0.08666357388,      0.1061052447,      0.1154685526,      0.2998514589,   -0.006060107433,    0.001053026385,    0.005480556261,   -0.002343125495,                 0,   2.819393365e-05,   4.588888589e-05,    0.007766920814,                 0,     -0.2332571483,     -0.6645403872,      -2.947718736,   -0.002069067414,    0.001611113741,   0.0009946200193,    -0.02169112032,  -0.0007814803733,     0.07728822366,   3.524394303e-05,       0.110257375,     0.08687519749,    0.001053026385,    0.005480556261,   -0.002343125495,                 0,       0.111768862,      0.1157529795,      0.3082936123,                 0,       1.249818024,       14.23836506,       2.280338615,    -0.06992681194
          0,           0,          19,       1.056027209,       1.179933458,      -5.404738454,      -5.432887743,      -5.890629211,      -5.794610531,      -5.410723909,                         3,      -1.656033841,    0.001283102555,       2.074843282,       4.949828999,       13.26648853,       13.23814361,      0.0039269908,      0.3086897485,      0.5157040503,    0.004243724777,     0.00778890557,      -3.850181631,    -0.01938460172,      0.2719640997,    0.004243724777,      0.5359809295,       1.670622536,                 0,    -0.01903119716,                 0,                 0,                 0,     0.08489264947,    0.008213145832,      0.1316363838,     0.08394756941,      0.1060630938,      0.1169238951,      0.2985872473,   -0.005870185899,    0.001056316546,    0.005572597833,   -0.002385189602,                 0,   2.802361029e-05,   4.584566148e-05,    0.007715036298,                 0,     -0.2331189739,     -0.6792441005,      -2.936115299,   -0.001703258026,    0.001609073646,    0.001852808155,    -0.02209360461,  -0.0007528789154,     0.07728726782,   3.694040523e-05,      0.1104873307,     0.08415256081,    0.001056316546,    0.005572597833,   -0.002385189602,                 0,      0.1117265414,      0.1172119944,      0.3070423937,                 0,       1.249379004,       14.23618884,       2.268272941,    -0.06992681194
          0,           0,          20,        1.07789652,       1.175074556,      -5.410464131,       -5.43177226,      -5.876404375,      -5.804747885,      -5.397054754,                         3,      -1.726518156,    0.001347941462,       2.178580845,       5.197320449,       13.92981295,       13.90004461,      0.0039269908,       0.306349977,      0.5157168263,    0.004267132081,    0.007832808132,      -3.849624767,    -0.01918636027,      0.2696291366,    0.004267132081,      0.5358304602,       1.683423748,   -0.005725677789,    -0.01791571415,                 0,    -0.01013735421,                 0,     0.08489075991,    0.008270547065,      0.1317499441,     0.08143872591,      0.1060393486,      0.1177443419,      0.2976278863,   -0.005694750471,    0.001054576899,    0.005642888608,   -0.002430333426,                 0,   2.787559498e-05,   4.590103222e-05,    0.007759031505,                 0,     -0.2330289573,      -0.687902853,      -2.927282708,   -0.001410248249,    0.001599461043,    0.002468679143,    -0.02251437804,  -0.0007401224134,     0.07728703925,   3.697033586e-05,       0.110667536,     0.08163759097,    0.001054576899,    0.005642888608,   -0.002430333426,                 0,      0.1117027222,      0.1180344468,      0.3060932912,                 0,       1.249127099,       14.23658447,       2.259036149,    -0.06992681194
          0,           0,          21,        1.11451434,       1.172321819,      -5.426737138,      -5.444042232,      -5.888075145,      -5.830013865,      -5.403491503,                         3,       -1.79536714,    0.001415802157,        2.28750921,       5.457186471,        14.6263036,       14.59504684,      0.0039269908,      0.3041455698,      0.5154763121,    0.004234325142,    0.007947910755,      -3.846438428,    -0.01950890963,      0.2674468766,    0.004234325142,      0.5354367602,       1.694834196,    -0.02199868395,    -0.03018568612,    -0.01167076989,    -0.03540333444,   -0.006436749583,     0.08489407358,     0.00829194856,      0.1317851669,     0.07917438077,      0.1060339837,      0.1180621735,      0.2969165669,   -0.005536412035,    0.001054825978,    0.005665552184,    -0.00248605302,                 0,   2.780700739e-05,   4.599918599e-05,    0.007874104561,                 0,     -0.2329989287,     -0.6915563417,       -2.92064715,   -0.001236007509,    0.001596994155,    0.002641509288,    -0.02303172575,    -0.00071568732,     0.07729071908,   3.614888446e-05,      0.1107522921,     0.07936771654,    0.001054825978,    0.005665552184,    -0.00248605302,                 0,      0.1116976015,      0.1183529971,      0.3053861616,                 0,       1.249015146,       14.23817003,       2.253034799,    -0.06992681194
          0,           0,          22,       1.032571761,        1.16624573,      -5.458781951,      -5.478263843,      -5.927227482,       -5.87099589,      -5.437968596,                         2,       -1.30703164,    0.001486788563,       2.401887927,       5.730045795,       15.35761878,       15.32479918,      0.0039269908,      0.3021746255,       0.515040552,    0.004141054166,    0.008092656418,      -3.841461421,    -0.02038427839,      0.2655111305,    0.004141054166,      0.5348645754,       1.704446729,    -0.05404349753,    -0.06440729716,    -0.05082310704,    -0.07638535976,     -0.0409138423,     0.08489196568,    0.008288374414,      0.1317493837,     0.07724490171,      0.1060199878,      0.1180240492,      0.2963980047,   -0.005401489715,    0.001057327876,    0.005639221303,   -0.002555495013,                 0,   2.776829398e-05,   4.603640631e-05,    0.008018851717,                 0,     -0.2329689484,     -0.6916076756,      -2.915715047,    -0.00116974984,    0.001599218972,    0.002378540816,    -0.02368218823,  -0.0006798499511,     0.07728959263,   3.524285895e-05,      0.1107527692,     0.07743352588,    0.001057327876,    0.005639221303,   -0.002555495013,                 0,      0.1116834926,      0.1183147164,      0.3048663664,                 0,       1.248881292,       14.23971015,       2.249710749,    -0.06992681194
          0,           0,          23,       1.100371837,       1.163500984,      -5.509722125,      -5.531380495,      -5.990909038,      -5.928991885,      -5.497168139,                         2,      -1.343396772,    0.001561180641,        2.52198787,       6.016548084,       16.12549972,       16.09103914,      0.0039269908,      0.3004023675,      0.5146533004,    0.004001673883,    0.008250943118,      -3.836906243,    -0.02171323848,       0.263770203,    0.004001673883,      0.5343546407,       1.713213197,     -0.1049836712,     -0.1175239492,      -0.114504663,     -0.1343813543,     -0.1001133858,     0.08488339065,    0.008274626643,      0.1316721824,     0.07557216786,      0.1060040018,      0.1178379211,      0.2960958983,    -0.00528452077,    0.001061974875,    0.005578708174,   -0.002639009166,                 0,    2.77233619e-05,   4.602314843e-05,    0.008177196608,                 0,     -0.2329360514,       -0.69004525,      -2.912759733,   -0.001165208392,    0.001605453165,    0.001790079949,    -0.02446836296,  -0.0006404086306,     0.07728215361,   3.451222095e-05,      0.1106968298,     0.07575670739,    0.001061974875,    0.005578708174,   -0.002639009166,                 0,      0.1116669474,      0.1181280826,      0.3045596107,                 0,       1.248819127,       14.24087468,       2.248735405,    -0.06992681194
          0,           0,          24,       1.183008008,       1.164281265,      -5.576235758,      -5.586090239,      -6.067535388,      -6.003172531,      -5.563239601,                         2,      -1.352638428,    0.001639307367,       2.648092992,       6.317375488,        16.9317747,        16.8955911,      0.0039269908,      0.2988822498,      0.5144557173,    0.003845912655,    0.008394164817,      -3.834102813,    -0.02321804277,      0.2622675709,    0.003845912655,      0.5340515008,       1.721265541,     -0.1714973048,     -0.1722336926,     -0.1911310133,     -0.2085620001,      -0.166184847,     0.08488062644,    0.008258798841,       0.131587659,     0.07415516554,      0.1060063495,      0.1176181762,      0.2960166259,   -0.005185434315,    0.001068063287,    0.005510389683,   -0.002732540315,                 0,   2.770351065e-05,   4.598046117e-05,    0.008320480845,                 0,     -0.2329368988,     -0.6880879234,      -2.911895242,   -0.001182749108,    0.001616518518,    0.001121608409,    -0.02535301836,  -0.0006031513359,     0.07727923236,   3.405160323e-05,      0.1106180421,      0.0743362449,    0.001068063287,    0.005510389683,   -0.002732540315,                 0,      0.1116690966,      0.1179077689,      0.3044746354,                 0,       1.248887455,       14.24155963,       2.249577416,    -0.06992681194
          0,           0,          25,       1.196792087,       1.165531681,      -5.651814195,      -5.630267516,      -6.152443613,      -6.098337217,       -5.61854542,                         2,      -1.324858055,    0.001721356222,       2.780501768,       6.633244263,       17.77836344,       17.74036196,      0.0039269908,       0.297644535,      0.5144996885,    0.003701506516,    0.008533515948,      -3.833656745,    -0.02468171885,      0.2610298039,    0.003701506516,      0.5340090263,       1.728570922,     -0.2470757417,     -0.2164109695,     -0.2760392382,     -0.3037266865,     -0.2214906667,     0.08488926992,    0.008244864591,      0.1315174713,     0.07299292918,      0.1060369933,      0.1174219523,      0.2961449058,   -0.005104162832,    0.001076255431,    0.005439722795,   -0.002814471711,                 0,   2.767119854e-05,   4.597948406e-05,    0.008459865265,                 0,     -0.2329675065,     -0.6864536718,      -2.913021959,    -0.00121360727,    0.001630508733,   0.0004102104169,    -0.02612919983,   -0.000593238169,     0.07728571719,   3.383918491e-05,       0.110539077,     0.07317117048,    0.001076255431,    0.005439722795,   -0.002814471711,                 0,      0.1117002686,       0.117711051,      0.3045977067,                 0,       1.249121277,       14.24182908,       2.251753343,    -0.06992681194
          0,           0,          26,       1.093437629,       1.162861531,      -5.732221126,      -5.672236087,      -6.244428472,      -6.213702856,      -5.666380561,                         3,       -1.75898927,    0.001807552807,       2.919528585,       6.964906476,       18.66728161,       18.62736131,      0.0039269908,      0.2965271608,      0.5148086852,    0.003581160239,    0.008617891394,      -3.835364787,     -0.0258306114,       0.259893597,    0.003581160239,      0.5342393263,       1.736126579,     -0.3274826728,     -0.2583795411,     -0.3680240968,     -0.4190923256,     -0.2693258076,     0.08492804955,    0.008235702635,      0.1314610488,     0.07190235982,      0.1061206818,      0.1172915595,      0.2964243467,   -0.005027902793,      0.0010744428,    0.005400218889,    -0.00289350145,                 0,   2.762561176e-05,    4.59590559e-05,    0.008544306726,                 0,     -0.2331034861,     -0.6854461949,      -2.915608445,   -0.001206661745,    0.001633059212,  -2.927148984e-06,    -0.02687883459,  -0.0005819088721,     0.07731856453,   3.379528667e-05,      0.1104632992,     0.07207793805,      0.0010744428,    0.005400218889,    -0.00289350145,                 0,      0.1117864584,      0.1175803367,      0.3048725311,                 0,       1.249536312,       14.24184003,       2.254845442,    -0.06992681194
          0,           0,          27,       1.159291185,       1.162734019,       -5.81890156,      -5.729924427,      -6.342973535,      -6.326756414,      -5.725979348,                         3,      -1.767124432,    0.001897937071,        3.06550463,         7.3131518,       19.60064569,       19.55858706,      0.0039269908,      0.2955798562,      0.5151630252,    0.003482620671,    0.008648188297,      -3.837781473,    -0.02669106397,      0.2589238824,    0.003482620671,      0.5345267224,       1.742889491,     -0.4141631064,     -0.3160678813,     -0.4665691605,     -0.5321458838,     -0.3289245944,     0.08497401468,    0.008232394843,       0.131417721,     0.07095572559,      0.1061825769,      0.1172415461,      0.2967006098,   -0.004961707679,    0.001063288001,    0.005373785038,   -0.002954452368,                 0,    2.76632161e-05,   4.598321729e-05,    0.008574541864,                 0,      -0.233229863,      -0.685183096,      -2.918187054,   -0.001181460265,    0.001618865529,  -0.0002590606307,    -0.02745931213,  -0.0005915567418,     0.07736010011,   3.398430803e-05,      0.1104008058,     0.07112899224,    0.001063288001,    0.005373785038,   -0.002954452368,                 0,      0.1118514091,      0.1175302145,      0.3051450988,                 0,       1.249588799,       14.24148724,       2.257691028,    -0.06992681194
          0,           0,          28,       1.044338877,       1.158651428,      -5.925786251,      -5.826007397,      -6.452833616,      -6.412738375,      -5.822384327,                         3,      -1.754060281,    0.001992790884,       3.218777589,       4.232943676,       20.58067798,       20.53644133,      0.0039269908,      0.2946366172,      0.5154466055,    0.003435126641,    0.008671438194,      -3.839794213,     -0.0271108951,      0.2579631596,    0.003435126641,      0.5347438149,       1.749431589,     -0.5210477973,      -0.412150851,     -0.5764292417,     -0.6181278448,     -0.4253295732,      0.0849981358,    0.008231655395,      0.1313689151,     0.07003791093,      0.1062066391,      0.1172255178,      0.2969119764,   -0.004897527827,    0.001055439616,    0.005366512332,   -0.002986825307,                 0,   2.770334305e-05,   4.599779018e-05,    0.008597737061,                 0,     -0.2332823551,     -0.6852201071,      -2.920164898,   -0.001126852197,    0.001603784081,  -0.0003312731109,    -0.02777120563,  -0.0006122004352,     0.07738248399,   3.436474169e-05,      0.1103373745,     0.07020893637,    0.001055439616,    0.005366512332,   -0.002986825307,                 0,      0.1118770953,      0.1175141736,      0.3053525461,                 0,       1.249517275,       14.24081939,       2.260138757,    -0.06992681194
          0,           0,          29,       1.046682046,       1.154919115,      -6.058133849,      -5.966733768,      -6.568495257,      -6.476295006,      -5.961628038,                         3,      -1.725502229,    0.002092397192,       3.379713759,       2.116471838,       21.60971188,       21.56320291,      0.0039269908,      0.2938906544,      0.5155956734,    0.003433631392,    0.008673202466,       -3.84078123,    -0.02716452123,      0.2572086155,    0.003433631392,      0.5348404839,       1.754379275,     -0.6533953949,      -0.552877222,     -0.6920908822,     -0.6816844759,     -0.5645732842,     0.08500251309,    0.008231477024,      0.1313145667,     0.06934209762,      0.1062105398,      0.1172173411,      0.2970166643,    -0.00484887182,     0.00104884701,    0.005381119573,   -0.002996335191,                 0,   2.770449876e-05,   4.600711466e-05,    0.008599490852,                 0,     -0.2332913432,     -0.6852443551,      -2.921134272,   -0.001111259247,    0.001590389411,  -0.0002023520571,    -0.02786460987,  -0.0006879487049,     0.07738657851,   3.475718225e-05,      0.1102758559,     0.06951142396,     0.00104884701,    0.005381119573,   -0.002996335191,                 0,      0.1118812918,      0.1175060044,      0.3054531878,                 0,        1.24949882,       14.24013464,       2.261871411,    -0.06992681194
          0,           0,          30,       1.052120974,       1.151603046,      -6.206029219,      -6.141788224,      -6.686016656,      -6.552640998,      -6.129264996,                         3,      -1.679617627,    0.001819127914,       3.548697854,       1.058235919,       22.69019747,       22.64133115,      0.0039269908,      0.2933491776,      0.5156197589,    0.003457311368,    0.008658683382,      -3.840696932,    -0.02700587122,      0.2566667776,    0.003457311368,      0.5348267393,       1.757699691,     -0.8012907653,      -0.727931678,     -0.8096122811,     -0.7580304676,     -0.7322102422,     0.08500141659,    0.008230894689,      0.1312690728,      0.0688477935,      0.1062124106,      0.1172039959,      0.2970176592,   -0.004814306709,    0.001042862926,     0.00540696916,   -0.002992520718,                 0,   2.768150395e-05,   4.602170637e-05,    0.008584980171,                 0,     -0.2332938923,     -0.6851631151,      -2.921121577,   -0.001118347047,    0.001580780656,   3.136794016e-05,    -0.02782996601,  -0.0007880538019,     0.07738535418,   3.510717939e-05,      0.1102304034,      0.0690159128,    0.001042862926,     0.00540696916,   -0.002992520718,                 0,      0.1118830816,      0.1174926511,      0.3054510067,                 0,       1.249536947,       14.23952077,       2.262662886,    -0.06992681194
          0,           0,          31,        1.07254672,       1.149132536,      -6.350210516,      -6.320095479,      -6.802928658,      -6.665602987,      -6.292261817,                         3,      -1.626985401,   0.0009250029098,       3.726133013,       1.058235919,       23.82470734,        23.7733767,      0.0039269908,      0.2929287635,      0.5156160373,    0.003475841975,    0.008664097743,      -3.840515847,     -0.0269325252,      0.2562476472,    0.003475841975,      0.5347937002,       1.760209654,     -0.9454720618,      -0.906238933,     -0.9265242834,     -0.8709924566,     -0.8952070629,     0.08499146471,    0.008234881559,      0.1312250154,     0.06847740184,      0.1061959214,      0.1172574184,      0.2969511039,   -0.004788406401,    0.001043785369,    0.005400930007,   -0.002968873401,                 0,   2.773789357e-05,   4.616230986e-05,    0.008590197539,                 0,     -0.2332818628,     -0.6856603876,      -2.920468446,    -0.00110515074,    0.001582192674,  -4.907727387e-05,    -0.02759953577,  -0.0008661048317,     0.07737657677,   3.535777137e-05,      0.1101910959,     0.06864461668,    0.001043785369,    0.005400930007,   -0.002968873401,                 0,      0.1118659384,      0.1175462215,      0.3053815402,                 0,       1.249489249,       14.23911414,       2.262915368,    -0.06992681194
          0,           0,          32,       1.066236255,       1.146620527,      -6.484813797,      -6.472075804,      -6.916269813,      -6.817440767,      -6.432574975,                         3,      -1.583050231,   0.0009076278057,       3.912441511,       1.058235919,       25.01594271,       24.96202454,      0.0039269908,      0.2925460581,      0.5155181412,    0.003514533455,    0.008670900445,      -3.839466687,    -0.02662300148,      0.2558727029,    0.003514533455,      0.5346693463,       1.762177705,      -1.080075343,      -1.058219258,      -1.039865438,      -1.022830237,      -1.035520221,     0.08498034108,    0.008235129691,      0.1311848999,      0.0681456874,      0.1061801334,      0.1172568727,      0.2968463458,   -0.004765210667,    0.001047426664,    0.005412231212,   -0.002945124421,                 0,   2.775874594e-05,   4.620880113e-05,    0.008596932898,                 0,     -0.2332599606,     -0.6856760157,      -2.919449253,   -0.001081457045,    0.001588289466,   5.313645434e-05,    -0.02736853395,  -0.0008958934533,     0.07736658156,   3.564336696e-05,      0.1101583858,     0.06831209222,    0.001047426664,    0.005412231212,   -0.002945124421,                 0,      0.1118494128,      0.1175456945,       0.305274239,                 0,       1.249467018,       14.23861883,       2.262808798,    -0.06992681194
          0,           0,          33,       1.022830298,       1.142979638,      -6.621488601,      -6.603552387,      -7.037344876,      -6.996306857,      -6.566972888,                         3,      -1.537673555,   0.0009032921275,       4.108066002,       1.058235919,       26.26673985,       26.21010477,      0.0039269908,      0.2922594688,      0.5153879684,    0.003543025477,    0.008672604276,      -3.838173565,    -0.02639007943,      0.2555958922,    0.003543025477,      0.5345194992,       1.763460293,      -1.216750147,      -1.189695841,      -1.160940501,      -1.201696327,      -1.169918134,     0.08497174138,    0.008234172624,      0.1311578653,     0.06789568953,      0.1061648716,      0.1172400898,      0.2967307361,   -0.004747729114,    0.001050732344,    0.005421552726,   -0.002929259593,                 0,   2.777737565e-05,   4.622694827e-05,    0.008598599952,                 0,     -0.2332374221,     -0.6855367326,      -2.918329175,   -0.001070235308,    0.001594129296,   0.0001436791853,    -0.02721438927,  -0.0009134986375,     0.07735906741,   3.585934813e-05,      0.1101394815,     0.06806148388,    0.001050732344,    0.005421552726,   -0.002929259593,                 0,      0.1118335884,      0.1175288857,      0.3051570251,                 0,       1.249413863,        14.2382356,       2.262393761,    -0.06992681194
          0,           0,          34,        1.05826094,       1.140559104,      -6.758357465,      -6.717110751,      -7.175766912,      -7.169220001,       -6.69242649,                         3,      -1.486184304,   0.0009015674811,       4.313471345,       1.058235919,       27.58007684,       27.52057484,      0.0039269908,      0.2920373744,      0.5152616492,    0.003558812205,    0.008671287134,      -3.836942061,    -0.02625386366,      0.2553831504,    0.003558812205,      0.5343779952,       1.764368859,      -1.353619011,      -1.303254205,      -1.299362538,       -1.37460947,      -1.295371736,     0.08496498583,    0.008232908379,      0.1311391771,     0.06770030311,       0.106149263,      0.1172197566,       0.296626696,   -0.004734066364,     0.00105293668,    0.005426979597,   -0.002921104072,                 0,    2.78018143e-05,   4.623402919e-05,     0.00859725129,                 0,     -0.2332161007,     -0.6853446311,      -2.917321151,   -0.001060178122,    0.001597776106,   0.0002011618187,    -0.02713496788,  -0.0009178337035,     0.07735341711,   3.601655414e-05,      0.1101280963,     0.06786562035,     0.00105293668,    0.005426979597,   -0.002921104072,                 0,      0.1118175466,      0.1175085138,      0.3050519348,                 0,       1.249329497,       14.23795228,        2.26192281,    -0.06992681194
          0,           0,          35,       1.147436158,       1.140750133,      -6.885213304,      -6.807321834,      -7.328841146,      -7.308216138,      -6.791174479,                         3,      -1.443526043,   0.0009000057103,       4.529146072,       1.058235919,       28.95908068,       28.89658259,      0.0039269908,      0.2918680753,      0.5151558364,     0.00356739396,    0.008670718103,      -3.835902403,    -0.02617558837,      0.2552216447,     0.00356739396,      0.5342606304,       1.765029751,      -1.480474851,      -1.393465288,      -1.452436771,      -1.513605608,      -1.394119725,     0.08496058479,    0.008231189537,       0.131126718,     0.06754958295,      0.1061384505,      0.1171935485,      0.2965473643,   -0.004723526984,    0.001054523591,    0.005429682692,   -0.002916812322,                 0,   2.781658042e-05,   4.623490339e-05,    0.008596666619,                 0,     -0.2332001873,     -0.6850986418,      -2.916551242,   -0.001052331277,    0.001600168984,   0.0002337268715,     -0.0270931961,  -0.0009162881339,     0.07734978104,   3.613008544e-05,      0.1101212015,     0.06771453215,    0.001054523591,    0.005429682692,   -0.002916812322,                 0,      0.1118064534,      0.1174822496,      0.3049719273,                 0,       1.249266949,       14.23774145,       2.261532729,    -0.06992681194
          0,           0,          36,       1.000023792,       1.136946719,      -7.001980093,      -6.886929103,      -7.472601159,      -7.414567709,      -6.871596672,                         3,      -1.412898756,   0.0008990438892,       4.755603634,       1.058235919,       30.40703471,       30.34139072,      0.0039269908,      0.2917389269,      0.5150766654,     0.00357191893,     0.00867142478,      -3.835101661,     -0.0261347799,      0.2550983336,     0.00357191893,      0.5341726433,       1.765539727,      -1.597241639,      -1.473072556,      -1.596196785,      -1.619957178,      -1.474541919,     0.08495894265,    0.008229199993,      0.1311199386,     0.06743084558,      0.1061336673,      0.1171639736,      0.2964942485,   -0.004715224058,    0.001055541533,    0.005430728859,   -0.002914351462,                 0,   2.782130552e-05,   4.623162825e-05,    0.008597371846,                 0,     -0.2331917503,     -0.6848269615,      -2.916034663,   -0.001048286733,    0.001601760982,   0.0002492621667,    -0.02706936302,  -0.0009164400291,     0.07734847656,   3.620843022e-05,      0.1101181438,     0.06759550483,    0.001055541533,    0.005430728859,   -0.002914351462,                 0,      0.1118015673,       0.117452608,       0.304918468,                 0,       1.249234795,       14.23758976,       2.261244564,    -0.06992681194
          0,           0,          37,       1.131597066,       1.136805938,      -7.112114092,       -6.97119651,      -7.577846919,      -7.497648306,      -6.952289154,                         3,      -1.385825837,    0.000898444816,       4.993383458,       1.058235919,       31.92738645,       31.85843925,      0.0039269908,      0.2916163845,      0.5150266212,    0.003573723473,    0.008672338278,      -3.834552501,    -0.02611468854,      0.2549795807,    0.003573723473,      0.5341141729,       1.766110029,      -1.707375639,      -1.557339963,      -1.701442544,      -1.703037776,      -1.555234401,     0.08495880538,    0.008227485278,      0.1311167145,     0.06731337937,      0.1061317121,      0.1171387165,      0.2964632026,    -0.00470701002,     0.00105592385,    0.005431033918,   -0.002913234295,                 0,   2.782392039e-05,   4.622624304e-05,    0.008598288114,                 0,     -0.2331882161,     -0.6845902501,      -2.915731529,   -0.001042505204,    0.001602402389,   0.0002562625833,    -0.02705856323,  -0.0009147902802,     0.07734847601,   3.625973669e-05,      0.1101170932,     0.06747775178,     0.00105592385,    0.005431033918,   -0.002913234295,                 0,      0.1117996073,      0.1174272928,      0.3048872728,                 0,         1.2492138,       14.23748722,       2.261063387,    -0.06992681194
          0,           0,          38,       0.962933299,       1.132347666,       -7.21597582,      -7.065952955,      -7.652127026,      -7.569970206,      -7.042194281,                         3,      -1.357437739,   0.0008979439129,       5.243051967,       1.058235919,       33.52375577,       33.45134021,      0.0039269908,      0.2915140849,      0.5149980823,    0.003575837306,    0.008673179953,        -3.8342095,    -0.02609200975,       0.254879521,    0.003575837306,      0.5340785674,       1.766631902,      -1.811237366,      -1.652096408,      -1.775722651,      -1.775359676,      -1.645139528,     0.08495893755,    0.008226165275,      0.1311149895,     0.06721399255,      0.1061307646,      0.1171193257,      0.2964480522,   -0.004700060217,    0.001055966412,    0.005432431857,   -0.002912560963,                 0,    2.78255546e-05,   4.622730505e-05,    0.008599127094,                 0,     -0.2331868083,     -0.6844021995,      -2.915582374,   -0.001038118756,    0.001602466374,   0.0002733300911,    -0.02705198498,  -0.0009158212295,     0.07734867396,   3.629557892e-05,      0.1101164292,     0.06737812227,    0.001055966412,    0.005432431857,   -0.002912560963,                 0,      0.1117986713,      0.1174078572,       0.304872039,                 0,       1.249200704,       14.23741462,       2.260977584,    -0.06992681194
          0,           0,          39,       0.996632255,        1.12895478,       -7.29892456,      -7.163880536,      -7.683906211,      -7.603823435,      -7.130970321,                         3,      -1.340305402,   0.0008981136874,       5.505203822,       1.058235919,       35.19994356,       35.12387674,      0.0039269908,      0.2914051626,      0.5149865701,    0.003576687936,    0.008673558843,      -3.834016586,    -0.02607821341,      0.2547716671,    0.003576687936,      0.5340594853,       1.767252733,      -1.894186106,       -1.75002399,      -1.807501836,      -1.809212905,      -1.733915567,     0.08495887118,    0.008225292739,      0.1311139808,     0.06710701786,      0.1061301579,      0.1171065816,      0.2964424104,   -0.004692579818,    0.001055959829,    0.005432903577,   -0.002912175469,                 0,   2.782653898e-05,   4.621815922e-05,    0.008599514145,                 0,     -0.2331860834,     -0.6842750891,      -2.915525679,   -0.001029735251,    0.001602437696,   0.0002803546954,    -0.02704823234,  -0.0009127734683,     0.07734865007,   3.631415438e-05,      0.1101158166,     0.06727088636,    0.001055959829,    0.005432903577,   -0.002912175469,                 0,      0.1117980615,      0.1173950833,      0.3048663405,                 0,       1.249194539,       14.23737553,       2.260951948,    -0.06992681194
          0,           0,          40,       0.974270659,       1.125181997,      -7.363468547,      -7.257544915,      -7.710323466,       -7.62673575,      -7.213931248,                         3,      -1.337498682,   0.0008974856889,       5.780463304,       1.058235919,       36.95994074,       36.88005173,      0.0039269908,      0.2913086014,      0.5149841383,     0.00357749041,    0.008673952968,       -3.83392393,    -0.02606842844,      0.2546755108,     0.00357749041,      0.5340503237,       1.767830183,      -1.958730093,      -1.843688369,      -1.833919091,      -1.832125219,      -1.816876494,     0.08495865955,    0.008224706691,      0.1311134233,     0.06701181194,      0.1061297155,      0.1170980774,      0.2964422677,   -0.004685922371,    0.001056001564,    0.005432844165,   -0.002911355319,                 0,   2.782723449e-05,   4.621156495e-05,    0.008599914169,                 0,     -0.2331855857,     -0.6841889444,      -2.915523004,   -0.001026395825,    0.001602504413,   0.0002811987763,    -0.02704008612,  -0.0009120455064,     0.07734846981,   3.632275549e-05,      0.1101152703,     0.06717544795,    0.001056001564,    0.005432844165,   -0.002911355319,                 0,      0.1117976054,      0.1173865589,      0.3048661593,                 0,       1.249192444,       14.23735603,       2.260960475,    -0.06992681194
          0,           0,          41,       0.957177916,         1.1211819,      -7.414177159,      -7.344059833,      -7.730237286,      -7.640612293,      -7.287381068,                         3,      -1.350827512,   0.0008967637903,       6.069485836,       1.058235919,       38.80793778,       38.72403548,      0.0039269908,      0.2912330719,      0.5149857476,    0.003577590055,    0.008674064503,      -3.833889909,    -0.02606947547,       0.254600053,    0.003577590055,      0.5340466603,       1.768294185,      -2.009438705,      -1.930203287,      -1.853832912,      -1.846001763,      -1.890326315,      0.0849584257,    0.008224356655,      0.1311130526,     0.06693723696,      0.1061293348,      0.1170930713,      0.2964440491,   -0.004680707581,    0.001056065385,    0.005432223994,   -0.002910699324,                 0,   2.782785749e-05,   4.620677233e-05,    0.008600029873,                 0,     -0.2331851367,     -0.6841378897,      -2.915539434,   -0.001027448865,    0.001602614803,   0.0002757462602,    -0.02703350798,  -0.0009143285478,     0.07734826309,   3.632278071e-05,      0.1101147762,     0.06710069087,    0.001056065385,    0.005432223994,   -0.002910699324,                 0,      0.1117972092,      0.1173815406,      0.3048679105,                 0,         1.2491914,       14.23735329,       2.260980454,    -0.06992681194
          0,           0,          42,       1.016840141,       1.118755347,      -7.458397526,      -7.424097428,       -7.74700573,      -7.650517765,      -7.351799982,                         3,      -1.378605194,   0.0008977222314,       6.372959587,       1.058235919,       40.74833466,        40.6602279,      0.0039269908,      0.2911534232,       0.514990165,    0.003577195256,    0.008674132329,      -3.833877987,    -0.02607025972,      0.2545202902,    0.003577195256,       0.534045511,       1.768793097,      -2.053659072,      -2.010240882,      -1.870601355,      -1.855907235,      -1.954745228,      0.0849582174,    0.008224155111,      0.1311127365,     0.06685831416,      0.1061289659,      0.1170902346,      0.2964461533,   -0.004675188761,    0.001056123924,    0.005431201577,   -0.002910130246,                 0,   2.782845559e-05,   4.620257181e-05,    0.008600101301,                 0,     -0.2331846675,     -0.6841088451,      -2.915559341,   -0.001025133633,    0.001602709329,   0.0002659384753,    -0.02702774202,  -0.0009111655083,     0.07734808103,   3.631960579e-05,      0.1101143142,     0.06702157535,    0.001056123924,    0.005431201577,   -0.002910130246,                 0,      0.1117968267,      0.1173786968,      0.3048699875,                 0,       1.249190121,       14.23735728,       2.261001953,    -0.06992681194
          0,           0,          43,       1.020216273,       1.116515823,      -7.503939077,      -7.505458972,      -7.763813142,      -7.660204254,      -7.413426137,                         3,      -1.416226707,   0.0008982981543,       6.691607116,       1.058235919,        42.7857514,       42.69320903,      0.0039269908,      0.2910876639,      0.5149935998,    0.003576745461,    0.008674069931,      -3.833867603,    -0.02607231569,      0.2544544515,    0.003576745461,      0.5340443503,       1.769204483,      -2.099200624,      -2.091602425,      -1.887408767,      -1.865593724,      -2.016371383,     0.08495804408,    0.008223997119,      0.1311124256,     0.06679319706,      0.1061286192,      0.1170880155,      0.2964476005,    -0.00467063533,    0.001056173247,    0.005430431692,   -0.002909859478,                 0,   2.782901214e-05,   4.619791008e-05,    0.008600043009,                 0,     -0.2331842092,     -0.6840861425,      -2.915573041,   -0.001024210794,    0.001602782204,   0.0002585731948,     -0.0270249368,  -0.0009087342932,     0.07734793231,   3.631679749e-05,      0.1101139031,     0.06695629924,    0.001056173247,    0.005430431692,   -0.002909859478,                 0,      0.1117964688,       0.117376472,      0.3048714095,                 0,       1.249188589,       14.23736096,       2.261018352,    -0.06992681194
          0,           0,          44,       1.149684951,       1.117252915,      -7.552200952,      -7.591829363,      -7.780800135,      -7.670565309,      -7.473752082,                         3,      -1.463551337,   0.0008987007352,       7.026187107,       1.058235919,       44.92503897,       44.82786013,      0.0039269908,      0.2910405772,      0.5149953327,    0.003576227712,    0.008673889856,      -3.833854293,    -0.02607638282,      0.2544073586,    0.003576227712,      0.5340427943,       1.769496672,      -2.147462498,      -2.177972817,       -1.90439576,      -1.875954779,      -2.076697329,     0.08495789977,    0.008223870886,      0.1311121325,     0.06674667402,      0.1061283097,      0.1170862342,      0.2964481708,   -0.004667382122,    0.001056216147,     0.00542991496,   -0.002909903395,                 0,   2.782952421e-05,    4.61939919e-05,     0.00859986634,                 0,     -0.2331837951,     -0.6840678705,      -2.915578319,   -0.001024308269,    0.001602843867,   0.0002537254289,    -0.02702528356,  -0.0009076685619,     0.07734780995,   3.631512502e-05,      0.1101135709,      0.0669096626,    0.001056216147,     0.00542991496,   -0.002909903395,                 0,        0.11179615,      0.1173746863,       0.304871958,                 0,       1.249187068,        14.2373629,       2.261027757,    -0.06992681194
          0,           0,          45,       1.125370808,        1.11742939,      -7.601852759,      -7.686075125,      -7.796628251,      -7.680245694,      -7.532210251,                         3,      -1.521754921,   0.0008989785378,        7.37749617,       1.058235919,       47.17129092,       47.06924378,      0.0039269908,      0.2910053078,       0.514996093,     0.00357569368,    0.008673694311,       -3.83383889,    -0.02608013835,      0.2543721221,     0.00357569368,      0.5340410925,       1.769713745,      -2.197114305,      -2.272218579,      -1.920223876,      -1.885635164,      -2.135155497,     0.08495777622,    0.008223772431,      0.1311119039,     0.06671185522,      0.1061280396,       0.117084833,      0.2964481677,   -0.004664947354,    0.001056250514,    0.005429532384,   -0.002910089218,                 0,   2.782997414e-05,   4.619063017e-05,    0.008599673706,                 0,     -0.2331834255,     -0.6840534485,      -2.915578118,   -0.001023898156,    0.001602892926,    0.000250179283,     -0.0270270655,  -0.0009061450612,     0.07734770554,   3.631465433e-05,      0.1101133431,     0.06687475877,    0.001056250514,    0.005429532384,   -0.002910089218,                 0,      0.1117958719,      0.1173732816,      0.3048719389,                 0,       1.249185705,       14.23736296,       2.261031674,    -0.06992681194
          0,           0,          46,       1.214399235,       1.119492579,      -7.649711408,      -7.790421797,      -7.809872039,      -7.688160448,      -7.586370995,                         3,      -1.593624455,   0.0008991714673,       7.746370739,       1.058235919,       49.52985546,       49.42269662,      0.0039269908,      0.2909861441,      0.5149960713,    0.003575194422,    0.008673604032,      -3.833827931,    -0.02608534782,      0.2543530066,    0.003575194422,       0.534039734,       1.769830219,      -2.244972954,      -2.376565251,      -1.933467664,      -1.893549918,      -2.189316241,     0.08495768754,    0.008223705599,      0.1311117859,      0.0666929651,      0.1061278297,      0.1170838789,       0.296447989,   -0.004663626428,    0.001056276679,    0.005429136214,    -0.00291021847,                 0,   2.783034654e-05,   4.618825062e-05,    0.008599585435,                 0,     -0.2331831431,     -0.6840434768,      -2.915576321,   -0.001024989949,    0.001602931377,   0.0002464448086,     -0.0270283066,  -0.0009064174124,     0.07734763172,   3.631454043e-05,      0.1101132378,     0.06685582252,    0.001056276679,    0.005429136214,    -0.00291021847,                 0,      0.1117956564,      0.1173723252,      0.3048717525,                 0,       1.249184539,       14.23736265,       2.261032348,    -0.06992681194
          0,           0,          47,       0.928497979,       1.115513524,      -7.691289994,      -7.904564838,      -7.819879547,      -7.694053877,      -7.632175796,                         2,      -1.303094969,   0.0008993022391,       8.133689075,       1.058235919,       52.00634823,       51.89379788,      0.0039269908,      0.2909647599,      0.5149971396,    0.003574541817,    0.008673480789,       -3.83382004,     -0.0260889278,      0.2543315999,    0.003574541817,      0.5340393081,       1.769963964,      -2.286551541,      -2.490708292,      -1.943475173,      -1.899443347,      -2.235121043,     0.08495763577,    0.008223706365,      0.1311117322,      0.0666716855,      0.1061276965,      0.1170838868,      0.2964476947,   -0.004662138414,    0.001056301814,    0.005428658494,   -0.002910418491,                 0,   2.783065606e-05,   4.618547911e-05,    0.008599464654,                 0,     -0.2331829835,     -0.6840430606,      -2.915573414,   -0.001020582166,    0.001602972294,   0.0002418551756,    -0.02703027669,  -0.0009034785806,     0.07734758936,   3.631475646e-05,      0.1101132048,     0.06683449096,    0.001056301814,    0.005428658494,   -0.002910418491,                 0,      0.1117955199,      0.1173723331,      0.3048714552,                 0,       1.249183732,       14.23736228,       2.261031028,    -0.06992681194
          0,           0,          48,       1.010885196,       1.113378252,      -7.725842587,      -8.041911272,       -7.82683952,      -7.697995583,      -7.669964081,                         2,      -1.378647067,   0.0008993086801,       8.540373326,       1.058235919,       54.60666565,       54.48845421,      0.0039269908,      0.2909443138,      0.5149983506,    0.003573897937,    0.008673461873,      -3.833817859,    -0.02609143895,      0.2543111191,    0.003573897937,      0.5340390899,        1.77009251,      -2.321104133,      -2.628054726,      -1.950435145,      -1.903385053,      -2.272909327,     0.08495761645,     0.00822370725,      0.1311117379,      0.0666512522,      0.1061276114,      0.1170838969,      0.2964475519,   -0.004660709578,    0.001056312417,    0.005428048773,   -0.002910463253,                 0,   2.783088004e-05,   4.618394857e-05,    0.008599447044,                 0,     -0.2331828806,     -0.6840429513,      -2.915572039,   -0.001019988041,    0.001602990191,   0.0002358998108,    -0.02703071546,   -0.000899613485,     0.07734757602,   3.631493304e-05,      0.1101132204,     0.06681400777,    0.001056312417,    0.005428048773,   -0.002910463253,                 0,      0.1117954336,      0.1173723432,       0.304871313,                 0,       1.249183015,       14.23736197,       2.261029841,    -0.06992681194
          0,           0,          49,       1.050319463,       1.112117077,      -7.747879748,      -8.174600026,      -7.830847655,      -7.700225415,      -7.692925123,                         2,      -1.462235868,    0.000899132945,       8.967391833,       1.058235919,       57.33699893,       57.21286756,      0.0039269908,      0.2909294432,      0.5149987005,    0.003573107286,    0.008673220447,      -3.833811188,    -0.02609660141,      0.2542962604,    0.003573107286,      0.5340384016,       1.770184189,      -2.343141295,       -2.76074348,       -1.95444328,      -1.905614884,       -2.29587037,     0.08495760892,    0.008223688769,      0.1311117437,     0.06663640182,      0.1061275523,       0.117083632,      0.2964471873,   -0.004659671139,     0.00105631564,    0.005427561531,   -0.002910769886,                 0,   2.783105331e-05,   4.618279256e-05,    0.008599206601,                 0,     -0.2331828192,     -0.6840401471,      -2.915568446,   -0.001019775165,    0.001602995494,   0.0002311441394,    -0.02703376022,  -0.0008969808192,     0.07734757264,   3.631497638e-05,      0.1101132517,     0.06679912112,     0.00105631564,    0.005427561531,   -0.002910769886,                 0,      0.1117953742,      0.1173720777,      0.3048709498,                 0,        1.24918243,       14.23736176,        2.26102696,    -0.06992681194
          0,           0,          50,       1.048529508,       1.110870262,      -7.761228899,      -8.306443854,      -7.833400457,      -7.701890502,      -7.706895401,                         2,      -1.554518141,   0.0008989578796,       9.415761315,       1.058235919,       60.20384888,       60.07350159,      0.0039269908,       0.290924099,      0.5149985904,    0.003572619443,     0.00867306546,       -3.83380743,    -0.02610098405,      0.2542909369,    0.003572619443,       0.534037919,       1.770216329,      -2.356490445,      -2.892587308,      -1.956996082,      -1.907279971,      -2.309840647,     0.08495759909,    0.008223673354,      0.1311117498,     0.06663107677,      0.1061275039,      0.1170834112,       0.296446974,   -0.004659298775,    0.001056319063,    0.005427244631,   -0.002910944251,                 0,   2.783119346e-05,   4.618196677e-05,      0.0085990523,                 0,     -0.2331827719,     -0.6840377324,      -2.915566341,   -0.001020584852,    0.001603001676,    0.000228060978,    -0.02703549658,   -0.000896550126,     0.07734756621,   3.631500065e-05,      0.1101132726,     0.06679378306,    0.001056319063,    0.005427244631,   -0.002910944251,                 0,      0.1117953252,      0.1173718563,      0.3048707374,                 0,       1.249182005,        14.2373616,       2.261025229,    -0.06992681194
          0,           0,          51,       1.071223216,       1.110107818,      -7.768596739,      -8.433778435,      -7.834774102,      -7.702909704,      -7.714807176,                         2,      -1.649284562,   0.0008987912552,       9.886549309,       1.058235919,       63.21404132,       63.07716732,      0.0039269908,        0.29092846,      0.5149981342,    0.003572421664,    0.008673049388,      -3.833808349,    -0.02610516074,      0.2542953191,    0.003572421664,      0.5340377681,       1.770188225,      -2.363858285,      -3.019921889,      -1.958369727,      -1.908299174,      -2.317752422,      0.0849575872,    0.008223668603,      0.1311117597,     0.06663544449,      0.1061274613,      0.1170833469,      0.2964469301,   -0.004659604196,    0.001056324186,       0.005427046,   -0.002910948523,                 0,   2.783130254e-05,   4.618197982e-05,    0.008599036106,                 0,     -0.2331827254,     -0.6840368931,      -2.915565916,   -0.001022813656,    0.001603011027,   0.0002261370677,    -0.02703554108,  -0.0008987677533,     0.07734755731,   3.631474608e-05,      0.1101132855,     0.06679816146,    0.001056324186,       0.005427046,   -0.002910948523,                 0,      0.1117952819,      0.1173717919,      0.3048706943,                 0,       1.249181678,         14.237362,       2.261024723,    -0.06992681194
          0,           0,          52,       1.254592623,       1.112833947,      -7.772187663,      -8.548440971,      -7.835392621,       -7.70341897,      -7.718824036,                         2,      -1.739575432,   0.0008986431911,       10.38087673,       1.058235919,       66.37474338,        66.2309883,      0.0039269908,      0.2909257702,      0.5149984034,    0.003572158817,    0.008673025473,      -3.833808489,    -0.02610683191,       0.254292617,    0.003572158817,       0.534037849,       1.770205517,      -2.367449209,      -3.134584425,      -1.958988246,      -1.908808439,      -2.321769282,     0.08495757766,    0.008223679635,      0.1311117622,      0.0666327507,      0.1061274298,      0.1170835087,      0.2964468808,   -0.004659415828,     0.00105633008,    0.005426793876,   -0.002910965139,                 0,   2.783138218e-05,   4.618160941e-05,    0.008599012481,                 0,     -0.2331826888,     -0.6840383854,      -2.915565428,   -0.001021986421,    0.001603021789,   0.0002236661239,    -0.02703570872,  -0.0008978111047,        0.07734755,   3.631446719e-05,      0.1101132914,     0.06679546109,     0.00105633008,    0.005426793876,   -0.002910965139,                 0,      0.1117952498,       0.117371954,      0.3048706453,                 0,       1.249181447,       14.23736257,       2.261024304,    -0.06992681194
          0,           0,          53,       1.123163214,        1.11302523,      -7.773742153,      -8.642243851,      -7.835257478,      -7.703164988,      -7.720565209,                         2,       -1.81329996,   0.0008985033842,       10.89992053,       1.058235919,       69.69348055,       69.54250033,      0.0039269908,      0.2909217823,      0.5149988133,     0.00357181158,    0.008672969253,      -3.833808673,    -0.02610874802,      0.2542886103,     0.00357181158,      0.5340379797,       1.770231191,      -2.369003699,      -3.228387305,      -1.958853103,      -1.908554458,      -2.323510456,     0.08495757416,     0.00822369492,      0.1311117588,     0.06662875438,      0.1061274146,      0.1170837292,      0.2964468059,   -0.004659136378,    0.001056334951,    0.005426502619,    -0.00291102599,                 0,   2.783143564e-05,   4.618131802e-05,    0.008598956499,                 0,     -0.2331826725,     -0.6840405533,      -2.915564676,   -0.001020770969,    0.001603031038,   0.0002207943442,    -0.02703631726,  -0.0008962561374,     0.07734754757,   3.631433406e-05,      0.1101132934,     0.06679145501,    0.001056334951,    0.005426502619,    -0.00291102599,                 0,      0.1117952344,       0.117372175,      0.3048705703,                 0,        1.24918132,       14.23736292,        2.26102379,    -0.06992681194
          0,           0,          54,       0.988985677,       1.110769965,      -7.774997339,       -8.70956694,      -7.835556579,      -7.703451311,      -7.721881173,                         2,       -1.86501432,   0.0008983337996,       11.44491653,       1.058235919,       73.17815458,       73.01958796,      0.0039269908,      0.2909200182,      0.5149990582,    0.003571529886,    0.008672921882,      -3.833809504,    -0.02611062262,      0.2542868333,    0.003571529886,       0.534038101,       1.770242768,      -2.370258886,      -3.295710394,      -1.959152205,      -1.908840781,       -2.32482642,     0.08495757804,    0.008223706369,      0.1311117567,     0.06662697707,      0.1061274149,      0.1170838946,      0.2964467608,   -0.004659012096,    0.001056336931,    0.005426270955,      -0.002911078,                 0,   2.783146621e-05,   4.618109577e-05,     0.00859890932,                 0,     -0.2331826779,     -0.6840422356,      -2.915564213,   -0.001020377456,    0.001603035682,   0.0002185083008,    -0.02703683726,  -0.0008953293452,     0.07734755142,   3.631421272e-05,      0.1101132944,     0.06678967336,    0.001056336931,    0.005426270955,      -0.002911078,                 0,      0.1117952349,      0.1173723409,      0.3048705252,                 0,       1.249181266,       14.23736322,       2.261023483,    -0.06992681194
          0,           0,          55,       0.895534085,       1.106926467,      -7.775712381,      -8.753932042,      -7.835707157,       -7.70369865,      -7.722594653,                         2,      -1.897252092,   0.0008981865218,       12.01716234,       1.058235919,       76.83706231,       76.67052997,      0.0039269908,      0.2909199199,      0.5149991787,    0.003571349107,    0.008672890566,      -3.833810726,     -0.0261119241,      0.2542867269,    0.003571349107,      0.5340382143,        1.77024378,      -2.370973927,      -3.340075496,      -1.959302782,       -1.90908812,      -2.325539899,     0.08495758531,    0.008223714488,      0.1311117546,     0.06662686554,      0.1061274226,      0.1170840129,      0.2964467474,   -0.004659004297,    0.001056336526,      0.0054261237,   -0.002911111119,                 0,   2.783148378e-05,   4.618106875e-05,    0.008598878013,                 0,     -0.2331826953,     -0.6840434555,      -2.915564061,   -0.001020513844,    0.001603036187,   0.0002170551285,     -0.0270371685,  -0.0008948469206,     0.07734755813,   3.631405785e-05,      0.1101132932,     0.06678956155,    0.001056336526,      0.0054261237,   -0.002911111119,                 0,      0.1117952432,      0.1173724595,      0.3048705117,                 0,        1.24918125,       14.23736356,       2.261023417,    -0.06992681194
          0,           0,          56,       0.937141079,       1.103947776,      -7.776210947,      -8.780595711,      -7.835833444,      -7.703976402,      -7.723069996,                         2,      -1.913082869,   0.0008980444274,       12.61802044,       1.058235919,       80.67891543,       80.50401909,      0.0039269908,        0.29092892,      0.5149987783,    0.003571215905,    0.008672911893,      -3.833815184,    -0.02611538008,       0.254295733,    0.003571215905,      0.5340384428,        1.77018764,      -2.371472493,      -3.366739164,      -1.959429069,      -1.909365872,      -2.326015242,     0.08495759164,    0.008223725712,      0.1311117531,     0.06663584953,      0.1061274319,       0.117084179,      0.2964467999,   -0.004659632519,    0.001056335588,    0.005425961303,   -0.002911080986,                 0,   2.783149471e-05,   4.618147519e-05,    0.008598898923,                 0,     -0.2331827146,     -0.6840451373,      -2.915564566,   -0.001022766067,    0.001603035451,   0.0002154417743,    -0.02703686985,  -0.0008969874529,      0.0773475638,   3.631366896e-05,      0.1101132881,     0.06679856749,    0.001056335588,    0.005425961303,   -0.002911080986,                 0,      0.1117952528,       0.117372626,       0.304870564,                 0,       1.249181266,       14.23736432,       2.261023843,    -0.06992681194
          0,           0,          57,       0.968802041,       1.101617677,      -7.776124233,       -8.79303348,      -7.835753665,      -7.704040806,      -7.723018855,                         2,      -1.923311574,   0.0008979301157,       13.24892144,       1.058235919,        84.7128612,       84.52918266,      0.0039269908,      0.2909293744,      0.5149989787,    0.003571000244,     0.00867290276,      -3.833816638,    -0.02611638829,      0.2542961723,    0.003571000244,      0.5340386743,       1.770185564,      -2.371385779,      -3.379176934,       -1.95934929,      -1.909430276,      -2.325964102,     0.08495759643,     0.00822374045,      0.1311117461,     0.06663629143,      0.1061274416,      0.1170843931,      0.2964468073,    -0.00465966342,    0.001056335076,    0.005425757703,   -0.002911092536,                 0,   2.783150015e-05,   4.618121112e-05,    0.008598890049,                 0,     -0.2331827325,     -0.6840473034,      -2.915564622,   -0.001021979807,    0.001603035248,   0.0002134130061,    -0.02703698589,  -0.0008958506605,      0.0773475679,   3.631343661e-05,      0.1101132805,     0.06679901047,    0.001056335076,    0.005425757703,   -0.002911092536,                 0,      0.1117952628,      0.1173728406,      0.3048705709,                 0,        1.24918131,       14.23736484,       2.261024021,    -0.06992681194
          0,           0,          58,       0.952766785,       1.099094781,      -7.775766622,      -8.800131756,      -7.835236243,      -7.703511098,      -7.722639293,                         2,      -1.923727447,   0.0008978062571,        13.9113675,       1.058235919,       88.94850426,        88.7556044,      0.0039269908,       0.290927616,       0.514999243,    0.003570737379,    0.008672863535,      -3.833816906,    -0.02611746607,      0.2542943998,    0.003570737379,      0.5340388154,       1.770197172,      -2.371028168,       -3.38627521,      -1.958831869,      -1.908900567,      -2.325584539,     0.08495760251,    0.008223751574,      0.1311117375,      0.0666345245,      0.1061274557,      0.1170845507,      0.2964467765,   -0.004659539864,    0.001056334688,    0.005425545673,   -0.002911142981,                 0,   2.783149841e-05,   4.618086995e-05,    0.008598851167,                 0,     -0.2331827545,     -0.6840489431,      -2.915564297,   -0.001020911819,    0.001603035327,   0.0002112998252,    -0.02703748991,  -0.0008943113167,     0.07734757299,    3.63135427e-05,      0.1101132741,     0.06679723922,    0.001056334688,    0.005425545673,   -0.002911142981,                 0,      0.1117952773,      0.1173729985,      0.3048705396,                 0,       1.249181386,       14.23736474,       2.261023935,    -0.06992681194
          0,           0,          59,       1.030641369,       1.097953891,      -7.776095604,       -8.80307609,      -7.835415991,      -7.703707378,      -7.722944483,                         2,      -1.922092191,   0.0008976361126,       14.60693587,       1.058235919,       93.39592947,       93.19334724,      0.0039269908,      0.2909274534,      0.5149993079,    0.003570588637,    0.008672836405,      -3.833817177,     -0.0261182808,       0.254294233,    0.003570588637,      0.5340388687,       1.770198384,       -2.37135715,      -3.389219544,      -1.959011616,      -1.909096847,      -2.325889729,     0.08495761199,     0.00822375483,      0.1311117342,     0.06663435231,      0.1061274745,      0.1170845948,      0.2964467664,   -0.004659527823,    0.001056332625,     0.00542543253,   -0.002911176518,                 0,   2.783148614e-05,   4.618056178e-05,    0.008598824357,                 0,     -0.2331827825,     -0.6840494766,      -2.915564181,   -0.001020737176,    0.001603032843,   0.0002101727244,    -0.02703782539,  -0.0008936609765,     0.07734758113,   3.631371618e-05,      0.1101132716,     0.06679706661,    0.001056332625,     0.00542543253,   -0.002911176518,                 0,      0.1117952968,      0.1173730427,      0.3048705292,                 0,       1.249181469,       14.23736446,       2.261023913,    -0.06992681194
          0,           0,          60,       1.067505405,       1.097454735,      -7.776238697,      -8.805040363,      -7.835442306,       -7.70380496,      -7.723060019,                         2,       -1.92059112,   0.0008974791755,       15.33728266,       1.058235919,       98.06572594,       97.85297722,      0.0039269908,      0.2909282982,      0.5149992522,    0.003570562422,    0.008672824341,      -3.833817434,    -0.02611843548,      0.2542950797,    0.003570562422,      0.5340388722,       1.770193052,      -2.371500243,      -3.391183817,      -1.959037931,      -1.909194429,      -2.326005266,     0.08495762077,    0.008223753407,      0.1311117329,     0.06663519117,      0.1061274914,      0.1170845724,       0.296446775,   -0.004659586482,    0.001056329678,    0.005425422872,   -0.002911190128,                 0,   2.783147174e-05,   4.618041011e-05,    0.008598812459,                 0,     -0.2331828086,     -0.6840493154,      -2.915564253,   -0.001021056863,    0.001603028657,   0.0002100732583,    -0.02703796181,  -0.0008935755919,     0.07734758871,   3.631385959e-05,      0.1101132696,     0.06679790752,    0.001056329678,    0.005425422872,   -0.002911190128,                 0,      0.1117953142,      0.1173730203,      0.3048705377,                 0,       1.249181538,        14.2373642,       2.261024001,    -0.06992681194
          0,           0,          61,       0.987331159,       1.095678548,      -7.776459825,      -8.805847949,      -7.835552931,       -7.70400257,       -7.72325246,                         2,      -1.917923873,   0.0008973174009,       16.10414679,       1.058235919,               100,       99.84089949,      0.0039269908,      0.2909379694,      0.5149987067,    0.003570566751,    0.008672867231,      -3.833821027,    -0.02612097741,      0.2543047653,    0.003570566751,      0.5340390026,       1.770132334,      -2.371721372,      -3.391991402,      -1.959148557,      -1.909392039,      -2.326197706,     0.08495762536,    0.008223756878,      0.1311117332,     0.06664485397,      0.1061275026,      0.1170846242,      0.2964468421,    -0.00466026217,    0.001056327756,    0.005425377032,   -0.002911138037,                 0,    2.78314595e-05,   4.618070972e-05,    0.008598855062,                 0,     -0.2331828259,     -0.6840498553,      -2.915564912,   -0.001023434267,    0.001603025773,    0.000209607743,    -0.02703744398,  -0.0008961669462,      0.0773475925,   3.631370418e-05,      0.1101132652,     0.06680759391,    0.001056327756,    0.005425377032,   -0.002911138037,                 0,      0.1117953257,      0.1173730722,      0.3048706046,                 0,       1.249181603,        14.2373645,       2.261024508,    -0.06992681194
          0,           0,          62,       0.960093193,         1.0935264,      -7.776156699,      -8.803633397,        -7.8354388,      -7.703938501,      -7.722990715,                         2,      -1.919409834,   0.0008971781396,       16.42178919,       1.058235919,               100,       99.90458619,      0.0039269908,      0.2909381591,      0.5149988509,     0.00357043959,    0.008672873536,      -3.833821584,    -0.02612127209,      0.2543049445,     0.00357043959,      0.5340391597,       1.770131675,      -2.371418245,      -3.389776851,      -1.959034426,      -1.909327971,      -2.325935961,     0.08495762727,    0.008223766657,      0.1311117286,     0.06664503657,      0.1061275106,      0.1170847648,      0.2964468505,   -0.004660274939,    0.001056327263,    0.005425248707,    -0.00291113638,                 0,    2.78314485e-05,   4.618031195e-05,    0.008598861776,                 0,     -0.2331828367,     -0.6840512823,      -2.915564988,   -0.001022477453,    0.001603025134,   0.0002083205145,    -0.02703742784,  -0.0008951899009,     0.07734759386,   3.631365238e-05,      0.1101132601,     0.06680777696,    0.001056327263,    0.005425248707,    -0.00291113638,                 0,      0.1117953338,      0.1173732132,      0.3048706127,                 0,       1.249181668,       14.23736466,       2.261024651,    -0.06992681194
          0,           0,          63,       1.003097664,       1.092113451,       -7.77571309,      -8.803192396,      -7.834946401,      -7.703316055,      -7.722527303,                         2,      -1.914184669,   0.0008970287069,       16.42178919,       1.058235919,               100,       99.93657097,      0.0039269908,       0.290936355,      0.5149991004,    0.003570238619,    0.008672861953,      -3.833821596,    -0.02612193311,      0.2543031274,    0.003570238619,      0.5340392827,       1.770143509,      -2.370974636,       -3.38933585,      -1.958542026,      -1.908705524,      -2.325472549,      0.0849576311,    0.008223775646,      0.1311117254,     0.06664322287,      0.1061275226,      0.1170848895,      0.2964468365,   -0.004660148113,    0.001056327192,    0.005425070196,   -0.002911158769,                 0,   2.783143517e-05,    4.61799881e-05,     0.00859885053,                 0,     -0.2331828518,     -0.6840525926,      -2.915564842,   -0.001021309989,    0.001603025371,   0.0002065367938,    -0.02703765183,  -0.0008938434476,     0.07734759684,   3.631392272e-05,      0.1101132578,     0.06680595883,    0.001056327192,    0.005425070196,   -0.002911158769,                 0,       0.111795346,      0.1173733382,      0.3048705985,                 0,       1.249181753,       14.23736426,       2.261024601,    -0.06992681194
          0,           0,          64,       1.028954547,       1.091141775,      -7.776062309,      -8.802041473,      -7.835235329,      -7.703494288,      -7.722851178,                         2,      -1.910352732,   0.0008968242201,       16.42178919,       1.058235919,               100,       99.95610188,      0.0039269908,      0.2909363171,      0.5149991536,    0.003570152116,    0.008672868301,      -3.833821736,    -0.02612227769,      0.2543030859,    0.003570152116,      0.5340393331,       1.770143923,      -2.371323856,      -3.388184927,      -1.958830954,      -1.908883757,      -2.325796425,     0.08495763938,     0.00822377703,      0.1311117298,     0.06664317086,      0.1061275398,      0.1170849044,      0.2964468539,   -0.004660144476,    0.001056325147,     0.00542498316,   -0.002911156191,                 0,   2.783141438e-05,   4.617971819e-05,    0.008598857169,                 0,     -0.2331828749,     -0.6840528302,       -2.91556501,   -0.001021020806,    0.001603022661,   0.0002056675436,    -0.02703762682,  -0.0008933410798,      0.0773476039,   3.631426609e-05,       0.110113261,     0.06680590669,    0.001056325147,     0.00542498316,   -0.002911156191,                 0,      0.1117953638,      0.1173733531,      0.3048706162,                 0,       1.249181835,       14.23736367,       2.261024657,    -0.06992681194
          0,           0,          65,       1.035747141,       1.090302463,      -7.776169261,      -8.801785622,      -7.835308821,      -7.703483442,      -7.722928443,                         2,      -1.908384183,   0.0008966290195,       16.42178918,       1.058235919,               100,       99.96692218,      0.0039269908,      0.2909592093,       0.514997539,    0.003570371739,    0.008673012045,       -3.83382462,    -0.02612418008,       0.254326035,    0.003570371739,      0.5340393193,       1.769999101,      -2.371430808,      -3.387929076,      -1.958904446,      -1.908872911,      -2.325873689,     0.08495764737,    0.008223764425,      0.1311117453,     0.06666605219,      0.1061275557,      0.1170847122,      0.2964470156,   -0.004661744495,    0.001056322294,    0.005425061177,   -0.002911011732,                 0,   2.783139524e-05,   4.617904825e-05,    0.008599001602,                 0,     -0.2331828981,     -0.6840509889,      -2.915566611,   -0.001024121914,     0.00160301846,    0.000206432408,    -0.02703619819,  -0.0008974327582,     0.07734761076,   3.631509542e-05,      0.1101132653,      0.0668288439,    0.001056322294,    0.005425061177,   -0.002911011732,                 0,      0.1117953802,      0.1173731605,      0.3048707786,                 0,       1.249181904,       14.23736213,       2.261025622,    -0.06992681194
          0,           0,          66,       1.038451869,       1.089528573,       -7.77635533,       -8.79983844,      -7.835529208,      -7.703589991,      -7.723083548,                         2,      -1.908766711,   0.0008964229857,       16.42178918,       1.058235919,               100,       99.97301495,      0.0039269908,      0.2909655131,      0.5149976738,     0.00356976204,    0.008673105506,      -3.833828802,    -0.02613012898,      0.2543323141,     0.00356976204,      0.5340398936,       1.769961217,      -2.371616877,      -3.385981894,      -1.959124833,      -1.908979461,      -2.326028794,     0.08495765772,    0.008223795801,      0.1311117595,     0.06667230012,      0.1061275806,      0.1170851653,      0.2964471094,   -0.004662181393,    0.001056319368,    0.005424378683,   -0.002910936012,                 0,   2.783135658e-05,   4.617806427e-05,    0.008599096086,                 0,      -0.233182931,     -0.6840555978,      -2.915567543,   -0.001022730249,    0.001603014535,   0.0001996209989,    -0.02703544612,  -0.0008973183993,     0.07734761935,   3.631478901e-05,      0.1101132728,     0.06683510708,    0.001056319368,    0.005424378683,   -0.002910936012,                 0,      0.1117954057,      0.1173736147,      0.3048708731,                 0,       1.249182045,       14.23736291,       2.261026093,    -0.06992681194
          0,           0,          67,       1.062572612,       1.089132162,      -7.775545136,      -8.795057996,      -7.834987921,      -7.702837667,      -7.722320696,                         2,      -1.907510632,   0.0008962416213,       16.42178918,       1.058235919,               100,       99.97639971,      0.0039269908,      0.2909614087,      0.5149984132,    0.003569074158,    0.008673084065,      -3.833829084,    -0.02613328352,      0.2543281681,    0.003569074158,      0.5340403448,       1.769988726,      -2.370806682,       -3.38120145,      -1.958583547,      -1.908227136,      -2.325265942,      0.0849576718,    0.008223827929,      0.1311117725,     0.06666813649,      0.1061276141,      0.1170856186,      0.2964470707,   -0.004661890243,    0.001056317341,    0.005423747669,   -0.002910990852,                 0,   2.783132739e-05,    4.61767898e-05,    0.008599075948,                 0,     -0.2331829781,     -0.6840602613,      -2.915567157,   -0.001018687689,    0.001603012371,   0.0001933219775,    -0.02703599438,  -0.0008936234978,     0.07734763106,   3.631521656e-05,      0.1101132885,     0.06683093329,    0.001056317341,    0.005423747669,   -0.002910990852,                 0,      0.1117954402,      0.1173740692,      0.3048708354,                 0,       1.249182232,       14.23736241,       2.261025574,    -0.06992681194
          0,           0,          68,       1.019708452,       1.088126021,      -7.774795413,      -8.792973358,      -7.834168385,       -7.70166146,      -7.721517562,                         2,      -1.899479543,   0.0008960478962,       16.42178918,       1.058235919,               100,       99.97838215,      0.0039269908,      0.2909589916,      0.5149988306,    0.003568661197,    0.008673070739,      -3.833828603,    -0.02613477562,      0.2543257277,    0.003568661197,      0.5340405926,       1.770004865,      -2.370056959,      -3.379116811,       -1.95776401,       -1.90705093,      -2.324462808,     0.08495769343,    0.008223842678,      0.1311117952,      0.0666656603,      0.1061276595,      0.1170858156,      0.2964470727,   -0.004661717091,    0.001056312219,    0.005423373283,   -0.002911024305,                 0,   2.783128051e-05,   4.617595394e-05,    0.008599063505,                 0,     -0.2331830409,     -0.6840624212,      -2.915567176,   -0.001015965607,    0.001603005823,   0.0001895824007,    -0.02703633098,  -0.0008910328659,     0.07734764947,   3.631619117e-05,       0.110113311,     0.06682845104,    0.001056312219,    0.005423373283,   -0.002911024305,                 0,       0.111795487,      0.1173742667,       0.304870839,                 0,       1.249182448,       14.23736082,       2.261025199,    -0.06992681194
          0,           0,          69,        1.04001401,       1.087438707,      -7.774719856,      -8.789576465,       -7.83401071,      -7.701189219,      -7.721380916,                         2,      -1.894031019,   0.0008957815108,       16.42178918,       1.058235919,               100,        99.9800601,      0.0039269908,      0.2909596715,      0.5149989808,    0.003568545481,    0.008673098795,      -3.833829251,    -0.02613492055,      0.2543263954,    0.003568545481,      0.5340407898,       1.770001245,      -2.369981402,      -3.375719919,      -1.957606335,      -1.906578689,      -2.324326162,     0.08495771861,    0.008223848456,      0.1311118278,     0.06666627659,      0.1061277073,       0.117085884,      0.2964471497,   -0.004661760186,    0.001056304066,    0.005423236263,   -0.002910994848,                 0,   2.783122962e-05,   4.617565556e-05,     0.00859909191,                 0,     -0.2331831106,      -0.684063266,      -2.915567944,   -0.001014930295,    0.001602994413,   0.0001882056684,    -0.02703603936,  -0.0008900812727,     0.07734767124,    3.63171799e-05,      0.1101133382,     0.06682906885,    0.001056304066,    0.005423236263,   -0.002910994848,                 0,      0.1117955364,      0.1173743354,      0.3048709181,                 0,       1.249182641,       14.23735914,       2.261025223,    -0.06992681194
          0,           0,          70,       0.960402683,       1.085649467,      -7.774463597,      -8.786673425,      -7.833695782,      -7.700571322,       -7.72104777,                         2,      -1.891229771,   0.0008955040026,       16.42178918,       1.058235919,               100,       99.98177126,      0.0039269908,      0.2909626687,      0.5149989281,    0.003568571529,    0.008673149269,      -3.833830211,    -0.02613450399,       0.254329389,    0.003568571529,      0.5340409464,       1.769982831,      -2.369725143,      -3.372816878,      -1.957291407,      -1.905960792,      -2.323993016,     0.08495773879,    0.008223850158,      0.1311118595,     0.06666922022,      0.1061277467,       0.117085896,      0.2964472514,   -0.004661966025,    0.001056296651,    0.005423207096,   -0.002910932219,                 0,   2.783118646e-05,   4.617550341e-05,    0.008599142579,                 0,     -0.2331831703,     -0.6840634646,       -2.91556896,   -0.001014616052,    0.001602983784,   0.0001878978972,    -0.02703541753,  -0.0008899681468,     0.07734768863,   3.631804048e-05,      0.1101133627,     0.06683201966,    0.001056296651,    0.005423207096,   -0.002910932219,                 0,      0.1117955771,      0.1173743474,      0.3048710218,                 0,       1.249182808,       14.23735766,       2.261025452,    -0.06992681194
          0,           0,          71,       1.021751113,        1.08476199,      -7.774363576,      -8.783507581,      -7.833540272,      -7.700075168,      -7.720838626,                         2,      -1.890962967,   0.0008952034254,       16.42178918,       1.058235919,               100,       99.98353093,      0.0039269908,        0.29097369,      0.5149984778,    0.003568560701,     0.00867325241,      -3.833834504,    -0.02613675722,      0.2543404149,    0.003568560701,       0.534041266,       1.769914241,      -2.369625122,      -3.369651035,      -1.957135897,      -1.905464638,      -2.323783872,     0.08495775301,    0.008223860273,      0.1311118904,     0.06668018631,       0.106127778,      0.1170860328,      0.2964473999,   -0.004662732848,    0.001056291765,    0.005423079178,   -0.002910810242,                 0,   2.783114783e-05,   4.617568407e-05,    0.008599245578,                 0,     -0.2331832159,     -0.6840648808,      -2.915570444,   -0.001015963625,    0.001602976984,   0.0001866042693,    -0.02703420576,  -0.0008921327124,     0.07734770064,   3.631858843e-05,      0.1101133832,     0.06684301253,    0.001056291765,    0.005423079178,   -0.002910810242,                 0,      0.1117956093,      0.1173744846,      0.3048711721,                 0,       1.249182967,       14.23735678,       2.261026051,    -0.06992681194
          0,           0,          72,       1.072540097,       1.084594567,      -7.773648545,      -8.776919719,      -7.833069892,      -7.699194101,      -7.720050891,                         2,      -1.894766768,   0.0008949097889,       16.42178918,       1.058235919,               100,       99.98535323,      0.0039269908,      0.2909756008,       0.514998688,    0.003568353168,    0.008673300365,      -3.833835556,    -0.02613713731,      0.2543423064,    0.003568353168,       0.534041609,       1.769903341,      -2.368910091,      -3.363063173,      -1.956665517,       -1.90458357,      -2.322996137,     0.08495776582,    0.008223878205,      0.1311119142,      0.0666820426,      0.1061278083,      0.1170862781,      0.2964474644,   -0.004662862653,    0.001056288714,    0.005422830062,   -0.002910765608,                 0,   2.783111069e-05,   4.617496776e-05,    0.008599294287,                 0,     -0.2331832572,     -0.6840674199,      -2.915571092,   -0.001013787602,    0.001602973226,   0.0001841061059,    -0.02703376308,  -0.0008904535644,      0.0773477113,   3.631936948e-05,      0.1101134024,     0.06684487335,    0.001056288714,    0.005422830062,   -0.002910765608,                 0,      0.1117956404,      0.1173747305,      0.3048712381,                 0,       1.249183135,       14.23735556,       2.261026133,    -0.06992681194
          0,           0,          73,       0.940857183,        1.08265217,      -7.772807042,      -8.773262133,      -7.832178947,      -7.697581069,      -7.719046858,                         2,      -1.891949483,   0.0008946018101,       16.42178918,       1.058235919,               100,       99.98726664,      0.0039269908,      0.2909765143,      0.5149989185,    0.003568082398,    0.008673328825,      -3.833836013,    -0.02613783947,      0.2543432016,    0.003568082398,      0.5340419026,       1.769898576,      -2.368068588,      -3.359405587,      -1.955774572,      -1.902970538,      -2.321992105,     0.08495778372,    0.008223893732,      0.1311119406,     0.06668289633,      0.1061278482,      0.1170864826,        0.29644751,   -0.004662922352,    0.001056285341,    0.005422546977,    -0.00291074992,                 0,   2.783106673e-05,    4.61741894e-05,    0.008599323569,                 0,     -0.2331833109,     -0.6840696252,      -2.915571551,   -0.001011526603,    0.001602969362,   0.0001812721622,    -0.02703360917,  -0.0008884718209,     0.07734772637,   3.632059301e-05,      0.1101134255,     0.06684572917,    0.001056285341,    0.005422546977,    -0.00291074992,                 0,      0.1117956815,      0.1173749356,      0.3048712854,                 0,       1.249183342,       14.23735354,       2.261026027,    -0.06992681194
          0,           0,          74,       0.954282571,       1.080940575,      -7.772734011,      -8.765916733,      -7.832019862,      -7.696601484,      -7.718728727,                         2,      -1.891575246,   0.0008942241939,       16.42178918,       1.058235919,               100,       99.98923868,      0.0039269908,      0.2909801301,      0.5149989117,    0.003567961026,    0.008673384937,      -3.833836866,    -0.02613788941,       0.254346809,    0.003567961026,      0.5340421481,        1.76987656,      -2.367995557,      -3.352060187,      -1.955615487,      -1.901990954,      -2.321673974,     0.08495780911,     0.00822390167,       0.131111978,      0.0666864413,      0.1061278988,      0.1170865753,      0.2964476079,    -0.00466317024,    0.001056278782,    0.005422378595,   -0.002910696351,                 0,   2.783101039e-05,   4.617338218e-05,    0.008599380544,                 0,      -0.233183381,     -0.6840707464,       -2.91557253,   -0.001010208826,    0.001602960766,   0.0001795830303,    -0.02703307758,  -0.0008873556286,     0.07734774817,   3.632204376e-05,       0.110113456,     0.06684928279,    0.001056278782,    0.005422378595,   -0.002910696351,                 0,      0.1117957337,      0.1173750287,      0.3048713857,                 0,       1.249183564,       14.23735108,       2.261026128,    -0.06992681194
          0,           0,          75,       1.000384555,       1.079880627,      -7.772534939,      -8.758143613,      -7.831683543,      -7.695221716,      -7.718216008,                         2,       -1.89181656,   0.0008938287399,       16.42178918,       1.058235919,               100,       99.99128397,      0.0039269908,      0.2909864986,       0.514998691,    0.003567954859,    0.008673474529,      -3.833837791,    -0.02613723054,      0.2543531774,    0.003567954859,      0.5340423722,       1.769837067,      -2.367796485,      -3.344287067,      -1.955279168,      -1.900611186,      -2.321161254,     0.08495783603,    0.008223904982,      0.1311120212,     0.06669273635,      0.1061279524,      0.1170865981,      0.2964477511,   -0.004663610432,    0.001056270877,    0.005422286818,   -0.002910602836,                 0,   2.783095207e-05,   4.617244278e-05,    0.008599471134,                 0,      -0.233183458,     -0.6840711373,      -2.915573962,   -0.001009234047,    0.001602949955,   0.0001786528364,    -0.02703214861,   -0.000886684725,     0.07734777129,   3.632375958e-05,      0.1101134892,     0.06685559321,    0.001056270877,    0.005422286818,   -0.002910602836,                 0,      0.1117957891,      0.1173750516,      0.3048715315,                 0,       1.249183799,       14.23734811,       2.261026474,    -0.06992681194
          0,           0,          76,       0.927807192,       1.077905648,      -7.772808176,      -8.748081985,      -7.831692748,      -7.693904109,      -7.718064552,                         2,      -1.892675198,   0.0008934067971,       16.42178918,       1.058235919,               100,       99.99343152,      0.0039269908,      0.2910035018,      0.5149981232,     0.00356791901,    0.008673711923,      -3.833844404,    -0.02614073948,      0.2543701788,     0.00356791901,      0.5340429918,       1.769731704,      -2.368069722,      -3.334225439,      -1.955288374,      -1.899293579,      -2.321009799,     0.08495786292,    0.008223923473,       0.131112078,     0.06670963738,      0.1061280093,      0.1170868403,      0.2964480659,   -0.004664792268,    0.001056263351,     0.00542199461,   -0.002910338951,                 0,   2.783088875e-05,   4.617226793e-05,    0.008599708766,                 0,     -0.2331835385,     -0.6840737166,      -2.915577107,   -0.001010042129,     0.00160293985,   0.0001757191524,     -0.0270295246,   -0.000889873889,     0.07734779414,   3.632531035e-05,      0.1101135239,     0.06687253551,    0.001056263351,     0.00542199461,   -0.002910338951,                 0,      0.1117958477,      0.1173752945,      0.3048718496,                 0,       1.249184074,       14.23734555,       2.261027896,    -0.06992681194
          0,           0,          77,       0.986847742,       1.076738239,      -7.758032627,      -8.723876219,      -7.816049333,      -7.666091889,       -7.70431306,                         2,      -1.833324056,   0.0008927202985,       16.42178918,       1.058235919,               100,       99.99542072,      0.0039269908,      0.2909966021,      0.5150002368,    0.003566024427,    0.008673476739,      -3.833869832,    -0.02616410447,      0.2543631485,    0.003566024427,       0.534044619,       1.769780929,      -2.353294173,      -3.310019673,      -1.939644958,      -1.871481358,      -2.307258306,     0.08495789334,    0.008224050757,         0.1311121,     0.06670255793,      0.1061280713,      0.1170886606,      0.2964478022,   -0.004664297225,    0.001056254914,    0.005420433478,   -0.002910663965,                 0,   2.783081467e-05,    4.61769708e-05,    0.008599468953,                 0,     -0.2331836248,     -0.6840921022,      -2.915574492,   -0.001019613061,    0.001602928452,   0.0001601299319,    -0.02703274974,  -0.0008944131098,     0.07734782016,   3.632530113e-05,      0.1101135642,     0.06686543878,    0.001056254914,    0.005420433478,   -0.002910663965,                 0,      0.1117959117,      0.1173771193,       0.304871588,                 0,       1.249184356,       14.23734655,       2.261025505,    -0.06992681194
          0,           0,          78,       0.960640939,       1.075268653,      -7.717753432,      -8.718827289,      -7.770778402,      -7.629590576,      -7.662814734,                         2,      -1.771932563,   0.0008871054012,       16.42178918,       1.058235919,               100,        99.9965023,      0.0039269908,      0.2910555907,      0.5149948937,    0.003564410094,    0.008671958947,      -3.833911638,    -0.02621036299,      0.2544223661,    0.003564410094,      0.5340434036,       1.769403887,      -2.313014979,      -3.304970743,      -1.894374027,      -1.834980046,      -2.265759981,     0.08495791063,    0.008224083571,      0.1311120021,     0.06676159442,       0.106128075,       0.117089244,          0.296446,   -0.004668425458,    0.001056235843,     0.00542069802,   -0.002912523769,                 0,   2.783075224e-05,   4.617830916e-05,    0.008597949886,                 0,     -0.2331836434,     -0.6840977794,      -2.915556476,   -0.001073738373,    0.001602898198,   0.0001627455018,    -0.02705129259,  -0.0009247140994,     0.07734783715,   3.631733852e-05,      0.1101135922,     0.06692461943,    0.001056235843,     0.00542069802,   -0.002912523769,                 0,      0.1117959166,      0.1173777036,      0.3048697834,                 0,       1.249184146,       14.23736068,       2.261013449,    -0.06992681194
          0,           0,          79,       0.976273523,       1.074031214,      -7.786973671,      -8.565314419,      -7.858817253,      -7.717105347,      -7.736871731,                         2,       -1.61898554,   0.0008756362706,       16.42178919,       1.058235919,               100,       99.99677914,      0.0039269908,      0.2910742537,      0.5149928829,    0.003565799666,    0.008671449734,      -3.833909625,    -0.02619827578,      0.2544411239,    0.003565799666,      0.5340426997,        1.76928353,      -2.382235217,      -3.151457873,      -1.982412878,      -1.922494817,      -2.339816977,     0.08495782947,     0.00822407055,      0.1311119139,     0.06678043976,      0.1061278742,      0.1170892608,      0.2964454912,   -0.004669743253,    0.001056229379,    0.005422507623,   -0.002912937337,                 0,   2.783089876e-05,    4.61824414e-05,    0.008597436394,                 0,     -0.2331834098,     -0.6840965625,      -2.915551373,   -0.001078280144,    0.001602880389,    0.000180794034,    -0.02705543188,  -0.0009265183278,      0.0773477702,   3.630318083e-05,      0.1101135397,     0.06694351079,    0.001056229379,    0.005422507623,   -0.002912937337,                 0,      0.1117957107,      0.1173777194,      0.3048692696,                 0,       1.249182976,       14.23738526,       2.261011089,    -0.06992681194
          0,           0,          80,       0.909313568,       1.071997662,      -7.765107522,      -8.605717533,      -7.831329313,      -7.687921657,      -7.714394472,                         2,      -1.786964323,   0.0008798599777,       16.42178919,       1.058235919,               100,       99.99693094,      0.0039269908,      0.2910257727,      0.5149999639,    0.003564599868,    0.008671521629,      -3.833889262,    -0.02617647689,      0.2543922671,    0.003564599868,      0.5340463816,       1.769602599,      -2.360369069,      -3.191860987,      -1.954924938,      -1.893311126,      -2.317339718,     0.08495968149,    0.008223863041,       0.131113239,     0.06672898918,       0.106131639,      0.1170862594,       0.296448211,   -0.004666145478,    0.001055491942,    0.005420974089,   -0.002911866163,                 0,   2.782044824e-05,    4.61848938e-05,    0.008597516287,                 0,     -0.2331874896,     -0.6840828122,      -2.915577793,   -0.001041167538,    0.001601898168,   0.0001654894091,    -0.02704503789,  -0.0008988265724,     0.07734935509,   3.630554673e-05,      0.1101146719,     0.06689193457,    0.001055491942,    0.005420974089,   -0.002911866163,                 0,      0.1117995955,      0.1173747108,      0.3048720753,                 0,       1.249200058,       14.23737954,       2.261008981,    -0.06992681194
          0,           0,          81,       1.080423469,       1.072100416,      -7.747024719,      -8.158660463,      -7.843363577,      -7.682782468,       -7.69401551,                         3,      -1.571497804,   0.0008851374695,       16.42178919,       1.058235919,               100,       99.99700378,      0.0039269908,      0.2910888483,      0.5150399257,    0.003557086699,    0.008667361685,      -3.833914651,    -0.02615104538,      0.2544524015,    0.003557086699,      0.5340906459,       1.769356431,      -2.342286265,      -2.744803916,      -1.966959202,      -1.888171938,      -2.296960757,      0.0849947215,    0.008217443032,      0.1311385516,     0.06673813222,      0.1062025402,      0.1169940511,      0.2965101192,   -0.004666784821,    0.001044206641,    0.005415080582,   -0.002902200525,                 0,   2.766008474e-05,   4.618340243e-05,    0.008593518198,                 0,     -0.2332747594,      -0.683438305,      -2.916176757,   -0.001024828808,    0.001588068355,   9.966577884e-05,    -0.02695207075,  -0.0008867087612,     0.07737936392,   3.633330172e-05,      0.1101356043,     0.06690109994,    0.001044206641,    0.005415080582,   -0.002902200525,                 0,      0.1118727682,      0.1172822793,      0.3049355984,                 0,       1.249519245,       14.23728167,       2.261044641,    -0.06992681194
          0,           0,          82,       1.164244079,       1.073210581,      -7.673471239,      -8.024154777,      -7.740410909,      -7.593195766,       -7.61047457,                         3,      -1.423421381,   0.0008919667198,       16.42178918,                 1,               100,       99.99700306,      0.0039269908,      0.2911409275,      0.5151443069,    0.003567653078,    0.008695986771,      -3.834101216,    -0.02601890666,      0.2544970725,    0.003567653078,      0.5341984057,       1.769398454,      -2.268732786,      -2.610298231,      -1.864006534,      -1.798585236,      -2.213419816,     0.08506615783,    0.008204919092,      0.1311854244,     0.06668442616,      0.1063581874,       0.116813133,      0.2966360159,   -0.004663029328,    0.001034666085,    0.005419766012,    -0.00288677902,                 0,   2.747246764e-05,   4.617193377e-05,     0.00862234237,                 0,     -0.2334778425,     -0.6821925763,      -2.917389792,   -0.001041004699,    0.001579283717,   0.0001085621352,    -0.02680779222,  -0.0008989602911,     0.07743976884,    3.64600794e-05,      0.1101735808,     0.06684726273,    0.001034666085,    0.005419766012,    -0.00288677902,                 0,      0.1120330194,      0.1171009283,      0.3050644581,                 0,        1.25029965,       14.23696342,        2.26119645,    -0.06992681194
          0,           0,          83,       1.155623079,       1.074191682,      -7.786095458,      -8.077749478,      -7.806463912,      -7.745953581,      -7.710724005,                         3,      -1.342283534,   0.0008334330344,       16.42178917,                 1,               100,       99.99700306,      0.0039269908,      0.2912465998,      0.5152745126,    0.003556842061,    0.008686549169,      -3.834694988,    -0.02600659243,      0.2545934047,    0.003556842061,      0.5343356656,       1.769203531,      -2.381357004,      -2.663892932,      -1.930059537,       -1.95134305,      -2.313669251,      0.0851201136,    0.008202508226,      0.1312195035,     0.06670447438,      0.1064490047,      0.1167775788,      0.2967123604,   -0.004664431236,    0.001018117868,    0.005428167017,   -0.002889442824,                 0,   2.749530552e-05,   4.617053341e-05,     0.00861288333,                 0,     -0.2336552862,     -0.6819019579,      -2.918125146,   -0.001012598116,     0.00155661355,   0.0001783879943,    -0.02683261033,  -0.0009089836352,     0.07748725808,    3.65352202e-05,      0.1102022514,     0.06686735991,    0.001018117868,    0.005428167017,   -0.002889442824,                 0,      0.1121273792,      0.1170652925,      0.3051429939,                 0,       1.250574044,       14.23681337,          2.261191,    -0.06992681194
          0,           0,          84,       1.094377447,       1.074429161,      -7.775150465,      -8.163092692,      -7.777084163,      -7.706146637,      -7.682462057,                         3,      -1.435405671,   0.0008437153772,       16.42178917,                 1,               100,       99.99700306,      0.0039269908,      0.2911720629,      0.5153211203,    0.003542863507,    0.008684397678,      -3.835004565,    -0.02603874866,      0.2545157982,    0.003542863507,      0.5343769603,       1.769816497,      -2.370412011,      -2.749236146,      -1.900679788,      -1.911536107,      -2.285407304,     0.08511981786,     0.00820488593,      0.1312148187,     0.06663254049,      0.1064451532,      0.1168112162,      0.2967241521,   -0.004659401128,    0.001008966122,    0.005423108122,   -0.002889210737,                 0,   2.751858494e-05,   4.618615419e-05,    0.008610692939,                 0,     -0.2336652165,      -0.682143344,      -2.918239419,  -0.0009565849676,    0.001538380256,   0.0001242015704,    -0.02682869921,  -0.0008726312777,     0.07748723173,   3.656070772e-05,      0.1101967554,     0.06679525036,    0.001008966122,    0.005423108122,   -0.002889210737,                 0,      0.1121235165,      0.1170990138,        0.30515443,                 0,       1.250533141,       14.23678734,       2.261361599,    -0.06992681194
          0,           0,          85,       1.265847238,       1.076654953,       -7.54896965,      -7.771894021,      -7.596699964,      -7.652985436,      -7.491487146,                         5,      -1.331311455,    0.001397255166,       16.42178919,                 1,               100,       99.99672273,      0.0039269908,      0.2917339277,      0.5150104648,    0.003539325843,    0.008664221954,      -3.833078793,    -0.02602244217,      0.2550979645,    0.003539325843,      0.5341062553,       1.765343061,      -2.144231196,      -2.358037475,      -1.720295589,      -1.858374906,      -2.094432393,     0.08499383658,    0.008210409028,      0.1311482916,     0.06738139047,      0.1062596012,      0.1168909749,      0.2965716546,    -0.00471176582,    0.001017841737,    0.005471852709,   -0.002950368603,                 0,   2.739650308e-05,   4.574207812e-05,    0.008591083373,                 0,     -0.2333237835,     -0.6822486345,      -2.916770184,  -0.0007361905138,    0.001535216879,   0.0004788308659,     -0.0274292851,  -0.0006072048119,     0.07737450079,   3.650666381e-05,      0.1101410281,     0.06754592896,    0.001017841737,    0.005471852709,   -0.002950368603,                 0,      0.1119296284,      0.1171789635,      0.3049976633,                 0,       1.250203608,       14.23692468,       2.261345924,    -0.06992681194
          0,           0,          86,       1.186528137,       1.077917863,      -7.483043131,      -7.550161668,      -7.897967869,       -7.73718361,      -7.528880558,                         5,      -1.385608074,   0.0008483051876,       16.42178923,                 1,               100,       99.99673142,      0.0039269908,      0.2908252693,      0.5148413458,    0.003486792062,    0.008575967702,      -3.831875687,    -0.02615037107,      0.2542033167,    0.003486792062,      0.5338741634,       1.770277208,      -2.078304678,      -2.136305122,      -2.021563494,      -1.942573079,      -2.131825804,     0.08491405878,    0.008224102156,      0.1311035708,     0.06658353751,      0.1060476166,       0.117087738,      0.2963619658,   -0.004655974506,    0.001040313267,    0.005437294851,   -0.002990816055,                 0,   2.782891648e-05,   4.563228998e-05,    0.008502506496,                 0,     -0.2330607906,     -0.6837623023,      -2.914734567,  -0.0003180271544,    0.001569570993,   0.0003080256808,    -0.02782955512,  -0.0001984126287,     0.07730970462,   3.644093749e-05,      0.1101110434,     0.06674612772,    0.001040313267,    0.005437294851,   -0.002990816055,                 0,      0.1117125952,      0.1173762025,      0.3047853657,                 0,       1.248881729,       14.23714537,       2.260517878,    -0.06992681194
          0,           0,          87,        1.15032024,       1.078740617,      -6.996046917,      -7.009677292,      -7.804523173,       -7.73932691,      -7.245784358,                         4,      -1.534132159,     0.00086578846,       16.42178929,                 1,               100,       99.99674055,      0.0039269908,      0.2901361089,      0.5145620118,    0.003477341974,    0.008558291292,      -3.830509831,    -0.02630832896,      0.2535353204,    0.003477341974,      0.5335474365,        1.77351938,      -1.591308463,      -1.595820746,      -1.928118798,      -1.944716379,      -1.848729605,     0.08473150436,    0.008241939021,      0.1310445781,     0.06611808737,      0.1057041848,      0.1173458206,      0.2961354335,   -0.004623427061,    0.001064923493,    0.005444160565,   -0.003031742084,                 0,   2.793678712e-05,   4.548357331e-05,    0.008484870932,                 0,     -0.2324878243,     -0.6852967614,      -2.912585204,  -0.0001400414254,    0.001593979242,   0.0003654829898,    -0.02822625808,  -4.153311142e-05,     0.07715155149,     3.6231415e-05,      0.1100679965,       0.066279541,    0.001064923493,    0.005444160565,   -0.003031742084,                 0,      0.1113572656,      0.1176349007,      0.3045552701,                 0,       1.247519273,       14.23764728,       2.259806836,    -0.06992681194
          0,           0,          88,       1.030756398,       1.078201469,      -6.957897768,      -6.965588494,      -8.017920185,      -7.710783355,      -7.215842055,                         3,      -1.330273524,   0.0008646886385,       16.42178945,                 1,               100,       99.99675013,      0.0039269908,      0.2898770911,      0.5143368667,    0.003527299402,    0.008545619119,      -3.829375939,    -0.02612524673,      0.2532926389,    0.003527299402,      0.5333047717,       1.774327405,      -1.553159314,      -1.551731948,       -2.14151581,      -1.916172825,      -1.818787302,     0.08461606365,    0.008254081343,      0.1309747401,     0.06603220596,       0.105492369,      0.1175201657,      0.2959417537,   -0.004617421648,    0.001107952386,    0.005483647785,    -0.00306430077,                 0,    2.82169332e-05,   4.541043543e-05,    0.008471991751,                 0,     -0.2321668238,     -0.6863974417,       -2.91070085,  -0.0001108230501,    0.001660997202,   0.0007918992803,    -0.02853845942,  -3.968379008e-05,     0.07705116751,   3.618246542e-05,      0.1100118391,     0.06619344988,    0.001107952386,    0.005483647785,    -0.00306430077,                 0,      0.1111379131,       0.117809668,      0.3043571905,                 0,       1.246717992,         14.237825,       2.259533047,    -0.06992681194
          0,           0,          89,       1.027057231,         1.0776332,      -7.078329689,      -7.081293027,      -8.050056603,       -7.77010854,      -7.299754079,                         3,      -1.340631597,   0.0008664218851,       16.42178942,                 1,               100,       99.99677421,      0.0039269908,      0.2896760331,      0.5141664277,    0.003554309932,    0.008537744315,      -3.828517518,    -0.02606131591,      0.2531039599,    0.003554309932,      0.5331207227,        1.77497055,      -1.673591236,       -1.66743648,      -2.173652228,      -1.975498009,      -1.902699325,     0.08455482642,    0.008260838805,      0.1309287442,     0.06593162366,       0.105348215,      0.1176158933,      0.2958127077,   -0.004610388249,     0.00113915339,    0.005503221315,   -0.003088064773,                 0,   2.845774381e-05,   4.539989054e-05,    0.008463886681,                 0,     -0.2319488035,      -0.687010977,      -2.909439035,  -0.0001187019916,    0.001709502672,    0.001071943207,    -0.02876311955,  -7.964223414e-05,     0.07700013512,   3.624584695e-05,       0.109974957,     0.06609262197,     0.00113915339,    0.005503221315,   -0.003088064773,                 0,      0.1109898385,      0.1179056338,      0.3042252503,                 0,       1.245916046,       14.23776641,       2.259341213,    -0.06992681194
          0,           0,          90,       1.087474791,       1.077741349,      -7.236780834,      -7.232507313,      -8.076829954,      -7.930687679,      -7.398956688,                         3,      -1.325359749,   0.0008717487233,       16.42178909,              1.05,               100,       99.99680012,      0.0039269908,      0.2895068671,      0.5140843845,    0.003569150749,    0.008528649864,      -3.827890529,    -0.02598571386,       0.252940929,    0.003569150749,       0.533027079,       1.775724319,       -1.83204238,      -1.818650767,       -2.20042558,      -2.136077148,      -2.001901934,     0.08454586656,    0.008261033582,      0.1309071906,      0.0657927764,      0.1053092696,      0.1176182081,      0.2957575859,   -0.004600679103,    0.001148593195,    0.005518777801,   -0.003098220247,                 0,    2.84761475e-05,   4.540032217e-05,    0.008454773394,                 0,     -0.2318792704,     -0.6869886645,      -2.908894109,  -0.0001284854916,    0.001723717536,    0.001262587319,    -0.02886074012,   -0.000111278596,     0.07699391377,   3.627867482e-05,      0.1099573009,     0.06595343565,    0.001148593195,    0.005518777801,   -0.003098220247,                 0,      0.1109503631,      0.1179079566,      0.3041687593,                 0,       1.245587442,       14.23771093,       2.259292134,    -0.06992681194
          0,           0,          91,       1.102126482,       1.078006405,      -7.464497845,      -7.457770984,      -8.188727432,       -8.07373077,      -7.597217059,                         4,      -1.432428699,   0.0009247229101,       16.42178848,            1.1025,               100,       99.99682732,      0.0039269908,      0.2893768501,      0.5141246609,    0.003578810062,    0.008521322964,       -3.82793535,     -0.0259126597,      0.2528084193,    0.003578810062,      0.5330581877,       1.776661335,      -2.059759391,      -2.043914438,      -2.312323058,      -2.279120239,      -2.200162305,     0.08455432108,    0.008263572095,      0.1309020961,     0.06565686085,      0.1053143845,      0.1176542869,      0.2957471644,   -0.004591174961,    0.001149230794,    0.005532210305,   -0.003102631037,                 0,   2.849681846e-05,   4.539217337e-05,    0.008447433972,                 0,     -0.2318950611,     -0.6871243384,      -2.908786744,  -0.0001292068561,    0.001724336666,    0.001388530367,    -0.02890676151,  -0.0001187652229,     0.07700199091,   3.629427594e-05,      0.1099529459,     0.06581718821,    0.001149230794,    0.005532210305,   -0.003102631037,                 0,      0.1109560553,      0.1179441246,      0.3041580078,                 0,       1.245523389,        14.2377032,       2.259300448,    -0.06992681194
          0,           0,          92,       1.227565453,       1.079614567,      -7.690062148,      -7.681900646,      -8.331791896,      -8.217199999,      -7.765283629,                         4,      -1.346995223,   0.0009793014165,       16.42178805,          1.157625,               100,       99.99685588,      0.0039269908,      0.2893256927,      0.5141591401,    0.003586125801,    0.008514573021,      -3.828075982,    -0.02583697642,      0.2527549813,    0.003586125801,      0.5330890144,       1.777094649,      -2.285323694,        -2.2680441,      -2.455387522,      -2.422589468,      -2.368228875,      0.0845572153,    0.008265827589,      0.1308930565,     0.06560959329,      0.1053173682,      0.1176861639,      0.2957434778,   -0.004587869692,    0.001149575814,    0.005535711762,   -0.003099161775,                 0,   2.851274364e-05,    4.53848497e-05,    0.008440675428,                 0,     -0.2319058359,     -0.6872938301,      -2.908741992,  -0.0001343246988,    0.001724590353,    0.001427873873,    -0.02887588614,  -0.0001135545102,     0.07700466994,   3.632064691e-05,      0.1099441854,     0.06576980523,    0.001149575814,    0.005535711762,   -0.003099161775,                 0,      0.1109592335,      0.1179760813,      0.3041536996,                 0,       1.245516043,       14.23767465,       2.259428313,    -0.06992681194
          0,           0,          93,       1.157552075,       1.080443689,      -7.893920742,      -7.888894448,      -8.464187296,      -8.373091405,      -7.920619937,                         5,      -1.383466616,    0.001036121157,        16.4217879,        1.21550625,               100,       99.99688587,      0.0039269908,      0.2893239879,      0.5141640707,    0.003592863147,    0.008512147163,      -3.828112682,    -0.02577690504,      0.2527529367,    0.003592863147,       0.533093814,       1.777122161,      -2.489182288,      -2.475037902,      -2.587782921,      -2.578480875,      -2.523565183,     0.08455689568,    0.008266296303,      0.1308849419,     0.06561585401,      0.1053183213,      0.1176925479,       0.295741509,   -0.004588307484,    0.001151114567,    0.005535115947,   -0.003093367367,                 0,   2.851387767e-05,    4.53791793e-05,    0.008438254106,                 0,     -0.2319074125,     -0.6873380667,      -2.908715493,  -0.0001517100778,    0.001727035661,    0.001429676583,    -0.02882103177,  -0.0001125855129,     0.07700428462,   3.634289596e-05,       0.109936228,     0.06577608124,    0.001151114567,    0.005535115947,   -0.003093367367,                 0,      0.1109601621,      0.1179824824,      0.3041511695,                 0,       1.245532023,       14.23763963,        2.25955335,    -0.06992681194
          0,           0,          94,       1.210871082,       1.081816609,      -8.067941525,      -8.066213891,      -8.590510557,      -8.487556485,      -8.077921325,                         5,      -1.326841209,    0.001095932599,       16.42178798,       1.276281563,               100,       99.99691736,      0.0039269908,       0.289339422,      0.5141642679,    0.003596210956,    0.008509800902,      -3.828113892,    -0.02574037329,      0.2527683194,    0.003596210956,      0.5330950874,       1.777028047,      -2.663203071,      -2.652357345,      -2.714106182,      -2.692945955,      -2.680866571,     0.08455961737,    0.008265763617,      0.1308827413,      0.0656312997,      0.1053245505,      0.1176846983,      0.2957444067,   -0.004589387552,     0.00115055702,    0.005535173169,   -0.003089519233,                 0,   2.849615388e-05,   4.537233613e-05,    0.008435932412,                 0,     -0.2319153947,     -0.6872922678,      -2.908739658,  -0.0001665715975,    0.001726476308,    0.001429979943,    -0.02878455087,   -0.000112278667,     0.07700656515,   3.635906819e-05,      0.1099338306,     0.06579156464,     0.00115055702,    0.005535173169,   -0.003089519233,                 0,      0.1109665659,      0.1179746148,      0.3041539067,                 0,         1.2455656,       14.23760752,       2.259613481,    -0.06992681194
          0,           0,          95,         1.1925102,       1.082969667,       -8.17823401,      -8.150074973,      -8.728466634,      -8.571678804,      -8.190931293,                         5,       -1.39788252,    0.001157604065,       16.42178817,       1.340095641,               100,       99.99695042,      0.0039269908,      0.2893564075,      0.5141665237,    0.003597068913,    0.008508558179,      -3.828137538,    -0.02572788452,      0.2527851062,    0.003597068913,      0.5330985225,       1.776931529,      -2.773495556,      -2.736218427,      -2.852062259,      -2.777068273,      -2.793876539,     0.08456159526,    0.008265547082,      0.1308818172,     0.06564744799,      0.1053286691,      0.1176814301,      0.2957469412,    -0.00459051675,    0.001149627246,    0.005535234899,   -0.003087793232,                 0,   2.848898591e-05,    4.53671749e-05,    0.008434702018,                 0,     -0.2319216098,     -0.6872759268,      -2.908761991,  -0.0001780096202,    0.001725002615,    0.001428691484,    -0.02876844269,  -0.0001131359299,     0.07700825092,   3.637103782e-05,      0.1099327319,     0.06580775236,    0.001149627246,    0.005535234899,   -0.003087793232,                 0,      0.1109708125,      0.1179713394,      0.3041563706,                 0,       1.245585171,       14.23758511,       2.259648801,    -0.06992681194
          0,           0,          96,       1.177469598,       1.083943893,      -8.234341876,      -8.173955353,      -8.851108399,      -8.662218854,      -8.236137051,                         4,      -1.334999175,    0.001222846294,       16.42178834,       1.407100423,               100,       99.99698514,      0.0039269908,      0.2893914038,      0.5141665867,    0.003598574379,    0.008507868576,      -3.828157636,    -0.02571635295,      0.2528200129,    0.003598574379,      0.5331010266,       1.776716861,      -2.829603423,      -2.760098807,      -2.974704024,      -2.867608324,      -2.839082297,     0.08456277332,    0.008265371161,      0.1308813216,     0.06568193775,      0.1053319257,      0.1176787601,      0.2957488294,   -0.004592928509,    0.001149136891,    0.005536306321,   -0.003086868832,                 0,   2.848335525e-05,   4.536504056e-05,     0.00843402018,                 0,     -0.2319265256,     -0.6872589233,      -2.908779171,  -0.0001930164316,    0.001724193405,    0.001437480027,    -0.02875981694,  -0.0001182094472,     0.07700919895,   3.638179201e-05,      0.1099321058,     0.06584232634,    0.001149136891,    0.005536306321,   -0.003086868832,                 0,      0.1109741433,      0.1179686637,      0.3041582196,                 0,        1.24560633,       14.23756512,       2.259671783,    -0.06992681194
          0,           0,          97,       1.077763345,       1.083880826,      -8.320076009,      -8.240819928,      -9.016767915,      -8.768244887,      -8.308211365,                         4,      -1.445680922,     0.00128789796,       16.42178845,       1.477455444,               100,       99.99702159,      0.0039269908,      0.2894076651,      0.5141660189,    0.003598133588,    0.008505976424,      -3.828160845,     -0.0257152037,      0.2528362742,    0.003598133588,      0.5331015945,       1.776615069,      -2.915337555,      -2.826963382,       -3.14036354,      -2.973634356,      -2.911156611,     0.08456323506,    0.008265354803,      0.1308812008,     0.06569787446,      0.1053327998,       0.117678414,      0.2957488479,   -0.004594042912,    0.001148407265,    0.005536806198,   -0.003087079876,                 0,   2.848007813e-05,    4.53608568e-05,    0.008432135489,                 0,     -0.2319282845,     -0.6872560463,      -2.908778888,   -0.000197625668,    0.001723070362,    0.001441709357,     -0.0287621096,  -0.0001178738186,     0.07700959859,   3.638961581e-05,       0.109931984,     0.06585830197,    0.001148407265,    0.005536806198,   -0.003087079876,                 0,      0.1109750475,      0.1179683173,      0.3041582296,                 0,       1.245609865,       14.23755142,       2.259674011,    -0.06992681194
          0,           0,          98,        1.10449209,       1.084089021,      -8.465069417,      -8.357767009,      -9.192136049,      -8.973133773,      -8.434170684,                         3,        -1.3244231,    0.001352764368,       16.42178851,       1.551328216,               100,       99.99705987,      0.0039269908,      0.2893993588,      0.5141656155,      0.0035976176,    0.008504680316,      -3.828171577,    -0.02571795235,      0.2528280162,      0.0035976176,      0.5331006127,       1.776664667,      -3.060330963,      -2.943910463,      -3.315731674,      -3.178523243,       -3.03711593,     0.08456135905,    0.008265712898,      0.1308799759,     0.06569231091,      0.1053286245,       0.117683466,      0.2957471789,   -0.004593653871,    0.001148369249,    0.005536910189,   -0.003087661839,                 0,   2.848793989e-05,   4.535665204e-05,    0.008430835724,                 0,     -0.2319229016,     -0.6872877163,      -2.908762322,  -0.0001986371241,    0.001722889807,    0.001444287676,    -0.02876759433,  -0.0001175355088,      0.0770080184,   3.639442766e-05,      0.1099308786,     0.06585272484,    0.001148369249,    0.005536910189,   -0.003087661839,                 0,      0.1109707515,       0.117973382,      0.3041564792,                 0,       1.245588123,       14.23754581,       2.259682405,    -0.06992681194
          0,           0,          99,       1.194081806,       1.085188949,      -8.641571327,      -8.519678254,      -9.372043361,      -9.134348896,      -8.593721099,                         3,      -1.391352905,    0.001420328724,       16.42178853,       1.628894627,               100,       99.99710006,      0.0039269908,      0.2893896389,      0.5141627604,    0.003598279202,    0.008504527455,      -3.828168084,    -0.02571861001,      0.2528185191,    0.003598279202,      0.5330970865,       1.776714476,      -3.236832874,      -3.105821708,      -3.495638986,      -3.339738366,      -3.196666346,     0.08455876855,    0.008266047764,      0.1308784158,      0.0656864067,      0.1053236454,      0.1176882215,      0.2957441345,   -0.004593241009,    0.001149263686,    0.005537334563,   -0.003088319048,                 0,   2.849712184e-05,   4.535339533e-05,    0.008430676938,                 0,     -0.2319153828,     -0.6873197822,      -2.908732523,   -0.000200396503,    0.001724167041,    0.001451183887,    -0.02877389286,  -0.0001200680716,     0.07700578154,   3.639675274e-05,      0.1099295346,     0.06584680621,    0.001149263686,    0.005537334563,   -0.003088319048,                 0,      0.1109656038,      0.1179781493,      0.3041533335,                 0,       1.245567399,       14.23754434,       2.259686081,    -0.06992681194
          0,           0,         100,       1.087014283,       1.085207022,       -8.83883604,      -8.709079569,      -9.529662097,      -9.383396224,      -8.775960689,                         3,      -1.378385569,     0.00149138768,       16.42178853,       1.710339358,               100,       99.99714225,      0.0039269908,      0.2893862219,      0.5141591003,    0.003598779305,     0.00850428205,      -3.828151374,    -0.02571916638,      0.2528153658,    0.003598779305,       0.533093197,       1.776722807,      -3.434097586,      -3.295223022,      -3.653257722,      -3.588785693,      -3.378905935,     0.08455780678,    0.008266025473,      0.1308781458,     0.06568424386,      0.1053216105,      0.1176878943,      0.2957426854,   -0.004593089768,    0.001149859262,    0.005537473971,   -0.003088553927,                 0,   2.849930219e-05,   4.535167898e-05,    0.008430431069,                 0,     -0.2319117259,     -0.6873181386,      -2.908718649,  -0.0002028608073,    0.001725114896,    0.001454431201,    -0.02877613033,  -0.0001225821561,     0.07700496406,   3.639734427e-05,      0.1099293663,     0.06584463809,    0.001149859262,    0.005537473971,   -0.003088553927,                 0,      0.1109635068,      0.1179778213,       0.304151869,                 0,       1.245557501,       14.23754314,       2.259679671,    -0.06992681194
          0,           0,         101,       1.196238637,       1.086295567,      -9.047499197,      -8.918784294,      -9.671643376,      -9.575971493,      -8.973932646,                         4,      -1.395415601,    0.001565903107,       16.42178854,       1.795856326,               100,       99.99718656,      0.0039269908,      0.2893862887,      0.5141577184,    0.003599040524,    0.008504183777,      -3.828144342,    -0.02571939321,      0.2528155288,    0.003599040524,      0.5330918231,       1.776717621,      -3.642760743,      -3.504927747,      -3.795239001,      -3.781360962,      -3.576877892,     0.08455778566,     0.00826597842,      0.1308782889,     0.06568423573,      0.1053211724,      0.1176872139,      0.2957424213,   -0.004593089199,    0.001150039846,    0.005537792458,   -0.003088791781,                 0,   2.849996267e-05,   4.535011988e-05,    0.008430333694,                 0,     -0.2319108575,     -0.6873123412,      -2.908716166,  -0.0002049769487,    0.001725411272,    0.001457943086,    -0.02877844489,  -0.0001243026862,     0.07700497354,   3.639786338e-05,      0.1099295275,     0.06584462994,    0.001150039846,    0.005537792458,   -0.003088791781,                 0,      0.1109630683,      0.1179771393,      0.3041516155,                 0,       1.245552632,       14.23754188,       2.259675182,    -0.06992681194
          0,           0,         102,       1.182473325,       1.087229331,      -9.227687667,      -9.118871337,      -9.807541303,      -9.708525133,       -9.14912963,                         4,      -1.312850561,    0.001643997185,       16.42178853,       1.885649142,               100,       99.99723309,      0.0039269908,      0.2893879671,      0.5141581174,    0.003599139966,    0.008504020607,       -3.82814689,    -0.02571926809,      0.2528171753,    0.003599139966,      0.5330923382,       1.776708695,      -3.822949213,      -3.705014791,      -3.931136929,      -3.913914603,      -3.752074877,     0.08455806369,    0.008265958102,      0.1308784107,     0.06568553455,      0.1053215184,      0.1176869111,      0.2957428679,   -0.004593180022,    0.001150002472,    0.005537955323,    -0.00308881783,                 0,   2.849929988e-05,   4.535017371e-05,    0.008430171133,                 0,     -0.2319113499,     -0.6873086662,      -2.908720423,  -0.0002064504362,    0.001725359439,    0.001459483475,    -0.02877866641,   -0.000125444587,     0.07700522677,   3.639872214e-05,      0.1099296179,     0.06584593193,    0.001150002472,    0.005537955323,    -0.00308881783,                 0,      0.1109634329,      0.1179768357,      0.3041520696,                 0,       1.245552628,       14.23754024,       2.259676491,    -0.06992681194
          0,           0,         103,       1.360914648,       1.089860921,      -9.367650851,      -9.292267523,      -9.896840689,       -9.79566907,      -9.299323785,                         5,      -1.464511443,    0.001725860901,       16.42178853,       1.979931599,               100,       99.99728194,      0.0039269908,      0.2893896128,      0.5141588051,    0.003599159208,    0.008503885698,      -3.828152393,    -0.02571917434,      0.2528187691,    0.003599159208,       0.533093139,       1.776700968,      -3.962912397,      -3.878410977,      -4.020436314,       -4.00105854,      -3.902269031,     0.08455822569,    0.008265974005,      0.1308783968,     0.06568701624,      0.1053217644,      0.1176871351,      0.2957431892,   -0.004593283632,    0.001149911027,     0.00553803964,   -0.003088791459,                 0,   2.849877448e-05,   4.534993406e-05,     0.00843003699,                 0,     -0.2319117652,     -0.6873098697,      -2.908723384,  -0.0002073743096,    0.001725212169,    0.001460302718,    -0.02877839176,  -0.0001262974673,     0.07700537121,   3.639895905e-05,      0.1099295816,     0.06584741724,    0.001149911027,     0.00553803964,   -0.003088791459,                 0,      0.1109636895,      0.1179770603,      0.3041523891,                 0,        1.24555315,       14.23753995,       2.259679186,    -0.06992681194
          0,           0,         104,         1.1930394,       1.090843573,      -9.476284208,      -9.424195322,      -9.960778126,      -9.871794967,      -9.420070172,                         5,      -1.405521751,    0.001811723979,       16.42178852,       2.078928179,               100,       99.99733323,      0.0039269908,      0.2893908598,      0.5141590084,    0.003599147597,    0.008503743925,      -3.828155775,    -0.02571972315,      0.2528199989,    0.003599147597,      0.5330934288,       1.776694014,      -4.071545754,      -4.010338776,      -4.084373751,      -4.077184436,      -4.023015418,     0.08455818416,    0.008265983931,      0.1308782926,     0.06568839914,      0.1053217157,      0.1176872749,      0.2957433982,   -0.004593380334,    0.001149893091,    0.005538041335,    -0.00308878683,                 0,   2.849889554e-05,   4.535012438e-05,    0.008429894905,                 0,     -0.2319117503,     -0.6873107352,      -2.908725264,   -0.000208025216,    0.001725177622,     0.00146043666,    -0.02877830657,   -0.000127030869,     0.07700533319,   3.639911062e-05,      0.1099294631,     0.06584880352,    0.001149893091,    0.005538041335,    -0.00308878683,                 0,       0.110963638,      0.1179772005,      0.3041525903,                 0,       1.245553186,       14.23753976,       2.259682582,    -0.06992681194
          0,           0,         105,       1.361997487,       1.093401629,      -9.568051487,       -9.51920194,      -10.04698898,      -9.968975337,      -9.515573598,                         5,      -1.397197238,    0.001901830979,       16.42178852,       2.182874588,               100,       99.99738709,      0.0039269908,      0.2893916547,      0.5141590493,    0.003599170938,    0.008503689106,      -3.828157697,    -0.02572024573,       0.252820789,    0.003599170938,       0.533093525,       1.776689275,      -4.163313034,      -4.105345393,      -4.170584606,      -4.174364806,      -4.118518844,      0.0845581073,    0.008265994072,      0.1308781888,     0.06568936459,      0.1053216341,      0.1176874223,      0.2957434407,   -0.004593447844,    0.001149922807,    0.005538079647,   -0.003088831517,                 0,   2.849901628e-05,   4.534983814e-05,    0.008429840251,                 0,     -0.2319116298,     -0.6873121196,       -2.90872557,  -0.0002083778054,     0.00172522428,    0.001460840172,    -0.02877872538,  -0.0001275848048,      0.0770052622,   3.639894009e-05,      0.1099293565,     0.06584977132,    0.001149922807,    0.005538079647,   -0.003088831517,                 0,      0.1109635512,      0.1179773483,      0.3041526255,                 0,       1.245553353,       14.23754013,         2.2596847,    -0.06992681194
          0,           0,         106,       1.196466201,       1.094364849,      -9.654373064,      -9.593928907,      -10.14378841,      -10.07598409,      -9.596050729,                         5,      -1.448402706,     0.00199641975,       16.42178851,       2.292018318,               100,       99.99744364,      0.0039269908,      0.2893922543,      0.5141590412,    0.003599146361,    0.008503609895,      -3.828158352,    -0.02572097513,      0.2528213877,    0.003599146361,      0.5330935588,       1.776685566,       -4.24963461,       -4.18007236,      -4.267384032,      -4.281373557,      -4.198995976,     0.08455809057,    0.008265990989,       0.130878167,     0.06569000576,      0.1053216297,       0.117687378,      0.2957435262,   -0.004593492679,    0.001149942171,    0.005538062482,   -0.003088858292,                 0,   2.849897636e-05,   4.534998035e-05,    0.008429760938,                 0,     -0.2319115978,     -0.6873118885,      -2.908726352,  -0.0002085129952,    0.001725256682,    0.001460655596,    -0.02877896227,  -0.0001279251291,     0.07700524581,   3.639895709e-05,      0.1099293289,     0.06585041406,    0.001149942171,    0.005538062482,   -0.003088858292,                 0,      0.1109635457,      0.1179773038,      0.3041527093,                 0,       1.245553547,       14.23754008,       2.259685729,    -0.06992681194
          0,           0,         107,       1.222791506,       1.095553985,      -9.743227756,      -9.673105523,      -10.24619513,      -10.18410222,      -9.682564709,                         5,      -1.512534695,    0.002095767744,       16.42178851,       2.406619234,               100,       99.99750302,      0.0039269908,      0.2893926628,      0.5141591183,     0.00359910666,    0.008503572803,      -3.828159205,    -0.02572159235,      0.2528217898,     0.00359910666,      0.5330936642,       1.776683325,      -4.338489302,      -4.259248976,      -4.369790756,      -4.389491686,      -4.285509955,     0.08455811229,    0.008265992299,      0.1308781591,     0.06569039911,      0.1053216685,      0.1176873977,      0.2957435723,   -0.004593520185,    0.001149939349,    0.005538069541,    -0.00308890223,                 0,   2.849887936e-05,   4.534983147e-05,    0.008429724092,                 0,     -0.2319116406,     -0.6873122651,       -2.90872676,  -0.0002085396732,    0.001725252189,    0.001460697876,      -0.028779377,  -0.0001281654138,     0.07700526477,   3.639888903e-05,      0.1099293177,     0.06585080837,    0.001149939349,    0.005538069541,    -0.00308890223,                 0,      0.1109635859,      0.1179773236,      0.3041527547,                 0,       1.245553687,       14.23754021,       2.259686218,    -0.06992681194
          0,           0,         108,       1.237939606,       1.096860275,      -9.849342941,      -9.776558192,      -10.35751712,      -10.30188556,       -9.78903052,                         4,      -1.336396948,    0.002200139357,        16.4217885,       2.526950195,               100,       99.99756536,      0.0039269908,      0.2893928306,      0.5141591601,    0.003599051485,    0.008503512625,      -3.828159502,    -0.02572221008,      0.2528219543,    0.003599051485,      0.5330937176,       1.776682439,      -4.444604487,      -4.362701646,      -4.481112749,      -4.507275032,      -4.391975767,     0.08455812952,    0.008265989588,      0.1308781586,     0.06569055285,      0.1053216973,      0.1176873586,      0.2957436352,   -0.004593530936,    0.001149930118,     0.00553805499,   -0.003088933624,                 0,   2.849881881e-05,    4.53500077e-05,    0.008429663798,                 0,     -0.2319116838,     -0.6873119447,       -2.90872734,  -0.0002085338796,    0.001725236255,    0.001460542407,    -0.02877966107,  -0.0001283276696,     0.07700527995,   3.639891472e-05,      0.1099293129,     0.06585096248,    0.001149930118,     0.00553805499,   -0.003088933624,                 0,      0.1109636159,      0.1179772844,      0.3041528174,                 0,       1.245553774,       14.23754014,       2.259686706,    -0.06992681194
          0,           0,         109,       1.287210835,       1.098590735,      -9.967581258,      -9.898334497,      -10.47485843,      -10.42385251,      -9.912674388,                         4,      -1.347722946,    0.002309787429,        16.4217885,       2.653297705,               100,       99.99763083,      0.0039269908,      0.2893928162,      0.5141592041,    0.003599016478,    0.008503483067,      -3.828159823,    -0.02572262313,      0.2528219368,    0.003599016478,      0.5330937605,       1.776682679,      -4.562842804,      -4.484477951,      -4.598454058,      -4.629241981,      -4.515619634,     0.08455812828,    0.008265992146,      0.1308781404,     0.06569055538,      0.1053216981,      0.1176873967,      0.2957436404,   -0.004593531112,    0.001149926131,    0.005538068523,   -0.003088978176,                 0,   2.849881078e-05,   4.534989806e-05,    0.008429634358,                 0,     -0.2319116876,     -0.6873122609,      -2.908727358,  -0.0002085167212,    0.001725228487,    0.001460663725,     -0.0287800814,  -0.0001284339423,     0.07700527866,   3.639880648e-05,      0.1099292943,     0.06585096502,    0.001149926131,    0.005538068523,   -0.003088978176,                 0,      0.1109636166,      0.1179773226,      0.3041528213,                 0,       1.245553801,       14.23754035,       2.259687061,    -0.06992681194
          0,           0,         110,          1.156901,       1.099116052,      -10.08507813,      -10.01724155,      -10.58863454,      -10.54473917,      -10.02982737,                         4,       -1.36874376,    0.002424984651,        16.4217885,        2.78596259,               100,       99.99769956,      0.0039269908,      0.2893927815,      0.5141591987,    0.003598971895,    0.008503440623,      -3.828159765,    -0.02572310921,      0.2528219026,    0.003598971895,      0.5330937527,       1.776682874,      -4.680339676,      -4.603385005,      -4.712230163,      -4.750128642,      -4.632772619,     0.08455811978,    0.008265991186,      0.1308781306,     0.06569053999,      0.1053216874,      0.1176873832,      0.2957436582,   -0.004593530036,    0.001149927535,    0.005538052398,   -0.003089008038,                 0,   2.849882407e-05,   4.534999538e-05,    0.008429591803,                 0,     -0.2319116717,      -0.687312091,      -2.908727508,  -0.0002084945239,     0.00172523004,    0.001460503553,    -0.02878035412,  -0.0001284886861,     0.07700527094,   3.639879092e-05,      0.1099292833,     0.06585094959,    0.001149927535,    0.005538052398,   -0.003089008038,                 0,      0.1109636053,       0.117977309,      0.3041528384,                 0,       1.245553799,       14.23754037,       2.259687366,    -0.06992681194
          0,           0,         111,       1.188677217,       1.099915706,      -10.20188317,        -10.136109,      -10.69880626,      -10.66334317,      -10.14754231,                         4,      -1.390006423,    0.002546004522,        16.4217885,        2.92526072,               100,       99.99777174,      0.0039269908,      0.2893927688,      0.5141592045,    0.003598945703,    0.008503417458,      -3.828159851,    -0.02572342586,      0.2528218895,    0.003598945703,      0.5330937576,       1.776682972,      -4.797144719,      -4.722252458,      -4.822401885,      -4.868732643,      -4.750487552,       0.084558114,    0.008265992268,      0.1308781192,     0.06569054329,      0.1053216792,      0.1176873997,      0.2957436559,   -0.004593530267,    0.001149929993,    0.005538059338,   -0.003089043627,                 0,   2.849883485e-05,   4.534985729e-05,    0.008429568766,                 0,      -0.231911658,     -0.6873122393,      -2.908727465,   -0.000208488714,    0.001725233789,    0.001460568916,    -0.02878068981,  -0.0001285387559,     0.07700526574,   3.639871894e-05,      0.1099292721,      0.0658509529,    0.001149929993,    0.005538059338,   -0.003089043627,                 0,      0.1109635967,      0.1179773256,      0.3041528353,                 0,       1.245553787,        14.2375405,       2.259687545,    -0.06992681194
          0,           0,         112,       1.049366607,       1.099468369,      -10.32691529,      -10.26446151,      -10.81172075,      -10.78425458,      -10.27335435,                         4,      -1.411824178,    0.002673136966,        16.4217885,       3.071523756,               100,       99.99784752,      0.0039269908,      0.2893927896,      0.5141591962,     0.00359891211,    0.008503384365,      -3.828159783,    -0.02572377463,      0.2528219109,     0.00359891211,      0.5330937507,       1.776682815,      -4.922176837,      -4.850604968,      -4.935316379,      -4.989644045,      -4.876299601,     0.08455811253,    0.008265990783,      0.1308781174,     0.06569056892,      0.1053216765,      0.1176873783,      0.2957436734,    -0.00459353206,    0.001149931099,    0.005538046543,   -0.003089065532,                 0,   2.849883747e-05,   4.534990193e-05,    0.008429535626,                 0,     -0.2319116527,     -0.6873120277,       -2.90872762,  -0.0002084827089,    0.001725235461,    0.001460442542,    -0.02878088935,  -0.0001285632797,     0.07700526446,   3.639873165e-05,      0.1099292691,      0.0658509786,    0.001149931099,    0.005538046543,   -0.003089065532,                 0,       0.110963594,      0.1179773041,      0.3041528527,                 0,       1.245553778,       14.23754047,        2.25968771,    -0.06992681194
          0,           0,         113,       1.019705808,       1.098768697,      -10.45044531,      -10.39282806,      -10.92889771,      -10.90865563,       -10.4021064,                         4,      -1.438914981,    0.002806676898,        16.4217885,       3.225099944,               100,       99.99792709,      0.0039269908,      0.2893927939,      0.5141592088,    0.003598888415,    0.008503363902,      -3.828159881,    -0.02572401371,      0.2528219143,    0.003598888415,      0.5330937637,       1.776682832,      -5.045706859,      -4.978971515,       -5.05249334,      -5.114045095,      -5.005051644,     0.08455811277,    0.008265991396,      0.1308781125,     0.06569057726,      0.1053216762,      0.1176873876,      0.2957436777,   -0.004593532643,    0.001149931079,    0.005538049164,   -0.003089091828,                 0,   2.849883673e-05,   4.534979897e-05,    0.008429515267,                 0,     -0.2319116517,     -0.6873121131,      -2.908727645,  -0.0002084711616,    0.001725235313,    0.001460466038,    -0.02878113679,  -0.0001285782723,     0.07700526471,    3.63986952e-05,      0.1099292639,     0.06585098696,    0.001149931079,    0.005538049164,   -0.003089091828,                 0,      0.1109635937,      0.1179773134,      0.3041528566,                 0,       1.245553771,       14.23754054,       2.259687827,    -0.06992681194
          0,           0,         114,       1.135604884,       1.099089012,      -10.57994433,        -10.525528,      -11.05088372,      -11.03768223,      -10.53549343,                         4,      -1.473179503,    0.002946931535,        16.4217885,       3.386354941,               100,       99.99801064,      0.0039269908,      0.2893927919,      0.5141592128,    0.003598857906,    0.008503337234,      -3.828159884,    -0.02572429607,      0.2528219119,    0.003598857906,      0.5330937675,       1.776682859,       -5.17520588,      -5.111671451,      -5.174479345,      -5.243071704,       -5.13843868,     0.08455811287,    0.008265990676,      0.1308781118,     0.06569057653,      0.1053216761,      0.1176873771,      0.2957436923,   -0.004593532592,    0.001149930874,    0.005538035897,   -0.003089108865,                 0,   2.849883704e-05,    4.53498279e-05,    0.008429488569,                 0,     -0.2319116516,     -0.6873120043,      -2.908727774,  -0.0002084540719,    0.001725234895,    0.001460334877,    -0.02878129229,  -0.0001285735567,     0.07700526482,    3.63987075e-05,      0.1099292622,     0.06585098623,    0.001149930874,    0.005538035897,   -0.003089108865,                 0,      0.1109635935,      0.1179773029,      0.3041528711,                 0,       1.245553767,       14.23754051,       2.259687951,    -0.06992681194
          0,           0,         115,       1.117425167,       1.099247082,      -10.70897074,      -10.65722351,       -11.1787426,      -11.17218246,      -10.67279436,                         4,      -1.521623121,    0.003094225237,       16.42178849,       3.555672688,               100,       99.99809837,      0.0039269908,      0.2893927764,      0.5141592268,    0.003598836044,    0.008503320033,      -3.828159983,    -0.02572449876,      0.2528218955,    0.003598836044,      0.5330937804,       1.776683002,      -5.304232288,      -5.243366966,      -5.302338226,       -5.37757193,      -5.275739609,     0.08455811258,    0.008265991293,      0.1308781085,     0.06569056405,      0.1053216755,      0.1176873863,      0.2957436968,   -0.004593531719,    0.001149930872,     0.00553803459,   -0.003089129417,                 0,   2.849883861e-05,   4.534975184e-05,    0.008429471443,                 0,      -0.231911651,     -0.6873120885,      -2.908727805,  -0.0002084389642,    0.001725234863,    0.001460320646,     -0.0287814856,  -0.0001285686697,     0.07700526458,   3.639868352e-05,      0.1099292585,     0.06585097371,    0.001149930872,     0.00553803459,   -0.003089129417,                 0,      0.1109635929,      0.1179773121,      0.3041528753,                 0,       1.245553765,       14.23754056,       2.259688043,    -0.06992681194
          0,           0,         116,       1.022018486,       1.098587008,      -10.84538647,      -10.79560058,       -11.3124368,      -11.31273247,      -10.81736265,                         3,      -1.340418686,    0.003248901434,       16.42178849,       3.733456322,               100,       99.99819048,      0.0039269908,      0.2893927584,      0.5141592332,    0.003598810679,    0.008503298576,      -3.828160014,    -0.02572472977,      0.2528218771,    0.003598810679,      0.5330937855,       1.776683135,      -5.440648019,      -5.381744031,      -5.436032422,      -5.518121938,      -5.420307898,      0.0845581123,    0.008265990888,      0.1308781083,     0.06569054691,      0.1053216749,      0.1176873803,      0.2957437085,    -0.00459353052,    0.001149930972,    0.005538023457,    -0.00308914375,                 0,   2.849884028e-05,   4.534976886e-05,    0.008429449967,                 0,     -0.2319116503,     -0.6873120287,      -2.908727909,  -0.0002084258728,    0.001725235029,    0.001460210663,    -0.02878161722,  -0.0001285582459,     0.07700526434,   3.639869298e-05,      0.1099292576,     0.06585095653,    0.001149930972,    0.005538023457,    -0.00308914375,                 0,      0.1109635923,      0.1179773062,       0.304152887,                 0,       1.245553762,       14.23754054,       2.259688135,    -0.06992681194
          0,           0,         117,        1.18230543,       1.099296487,      -10.98352471,       -10.9387637,      -11.45589444,      -11.46435588,      -10.97254634,                         3,      -1.380331474,    0.003411323631,       16.42178849,       3.920129138,               100,        99.9982872,      0.0039269908,      0.2893927421,      0.5141592448,    0.003598792912,    0.008503284821,        -3.8281601,     -0.0257248907,        0.25282186,    0.003598792912,       0.533093796,       1.776683275,      -5.578786261,      -5.524907154,      -5.579490061,      -5.669745349,      -5.575491585,     0.08455811221,    0.008265991301,      0.1308781067,     0.06569053189,      0.1053216746,      0.1176873864,      0.2957437133,    -0.00459352947,    0.001149931046,    0.005538021519,   -0.003089159653,                 0,   2.849884143e-05,   4.534971361e-05,    0.008429436266,                 0,     -0.2319116499,     -0.6873120868,      -2.908727946,  -0.0002084169222,    0.001725235175,    0.001460190515,    -0.02878176667,  -0.0001285497151,     0.07700526427,   3.639867942e-05,      0.1099292556,     0.06585094147,    0.001149931046,    0.005538021519,   -0.003089159653,                 0,       0.110963592,      0.1179773123,      0.3041528917,                 0,       1.245553759,       14.23754056,       2.259688201,    -0.06992681194
          0,           0,         118,       1.079424315,       1.099129494,       -11.1185778,      -11.08006245,      -11.59877783,      -11.61752993,      -11.12574588,                         3,      -1.441410107,    0.003581875065,       16.42178849,       4.116135595,               100,       99.99838876,      0.0039269908,       0.289392727,      0.5141592512,    0.003598773123,    0.008503268806,      -3.828160135,      -0.025725068,      0.2528218445,    0.003598773123,      0.5330938013,        1.77668339,      -5.713839345,      -5.666205903,      -5.722373455,      -5.822919397,      -5.728691127,     0.08455811228,    0.008265991071,       0.130878107,     0.06569051664,      0.1053216744,       0.117687383,      0.2957437222,   -0.004593528403,    0.001149931074,    0.005538012637,   -0.003089170588,                 0,   2.849884256e-05,   4.534972268e-05,     0.00842942024,                 0,     -0.2319116499,     -0.6873120522,      -2.908728025,  -0.0002084083588,     0.00172523525,    0.001460102761,    -0.02878186704,  -0.0001285389695,     0.07700526435,   3.639868916e-05,      0.1099292553,     0.06585092618,    0.001149931074,    0.005538012637,   -0.003089170588,                 0,      0.1109635919,      0.1179773088,      0.3041529006,                 0,       1.245553757,       14.23754054,       2.259688263,    -0.06992681194
          0,           0,         119,       1.053778723,        1.09875157,      -11.24456363,      -11.21802617,       -11.7363459,      -11.76950443,       -11.2800817,                         3,      -1.403380159,    0.003760959425,       16.42178849,       4.321942375,               100,       99.99847124,      0.0039269908,        0.28939271,      0.5141592614,    0.003598758645,    0.008503257462,      -3.828160209,    -0.02572519808,      0.2528218269,    0.003598758645,      0.5330938103,       1.776683529,      -5.839825177,      -5.804169627,      -5.859941528,      -5.974893899,      -5.883026948,     0.08455811235,    0.008265991381,      0.1308781062,     0.06569050008,      0.1053216743,      0.1176873875,      0.2957437268,   -0.004593527246,    0.001149931071,    0.005538010507,   -0.003089182932,                 0,   2.849884355e-05,   4.534968498e-05,    0.008429408933,                 0,     -0.2319116498,     -0.6873120956,      -2.908728062,  -0.0002084011166,    0.001725235271,    0.001460081248,    -0.02878198284,   -0.000128531757,     0.07700526443,   3.639868244e-05,      0.1099292542,     0.06585090959,    0.001149931071,    0.005538010507,   -0.003089182932,                 0,      0.1109635917,      0.1179773134,      0.3041529051,                 0,       1.245553754,       14.23754056,       2.259688311,    -0.06992681194
          0,           0,         120,       1.130218717,        1.09901163,      -11.36609714,      -11.35697706,      -11.86548819,      -11.91585349,      -11.42967969,                         4,       -1.36800926,    0.003949001393,       16.42178849,       4.538039494,               100,       99.99851959,      0.0039269908,      0.2893927007,      0.5141592667,    0.003598743541,    0.008503245586,      -3.828160241,    -0.02572533339,      0.2528218173,    0.003598743541,      0.5330938149,       1.776683605,      -5.961358684,       -5.94312051,      -5.989083813,       -6.12124296,      -6.032624933,     0.08455811238,    0.008265991283,      0.1308781065,     0.06569049053,      0.1053216741,       0.117687386,      0.2957437331,   -0.004593526578,    0.001149931076,    0.005538003828,   -0.003089191364,                 0,   2.849884449e-05,    4.53496876e-05,    0.008429397054,                 0,     -0.2319116498,     -0.6873120797,      -2.908728117,  -0.0002083941031,    0.001725235309,    0.001460015254,     -0.0287820602,  -0.0001285237575,     0.07700526447,   3.639869078e-05,      0.1099292541,     0.06585090001,    0.001149931076,    0.005538003828,   -0.003089191364,                 0,      0.1109635916,      0.1179773119,      0.3041529114,                 0,       1.245553752,       14.23754054,       2.259688354,    -0.06992681194
          0,           0,         121,       1.270748385,       1.100419308,      -11.46213925,      -11.47535437,       -11.9723122,      -12.03921389,      -11.54909253,                         5,      -1.459415203,    0.004146447744,       16.42178849,       4.764941469,               100,       99.99857037,      0.0039269908,      0.2893926906,      0.5141592741,    0.003598732145,    0.008503236767,      -3.828160295,    -0.02572543694,      0.2528218066,    0.003598732145,      0.5330938216,       1.776683693,      -6.057400795,      -6.061497824,      -6.095907828,      -6.244603361,      -6.152037777,     0.08455811236,    0.008265991524,      0.1308781061,     0.06569048056,      0.1053216739,      0.1176873895,      0.2957437366,    -0.00459352588,    0.001149931093,    0.005538001739,   -0.003089200687,                 0,   2.849884542e-05,    4.53496609e-05,    0.008429388261,                 0,     -0.2319116495,     -0.6873121129,      -2.908728145,  -0.0002083875901,     0.00172523536,    0.001459994337,    -0.02878214741,  -0.0001285192294,     0.07700526447,   3.639868849e-05,      0.1099292534,     0.06585089002,    0.001149931093,    0.005538001739,   -0.003089200687,                 0,      0.1109635914,      0.1179773154,      0.3041529149,                 0,        1.24555375,       14.23754055,       2.259688388,    -0.06992681194
          0,           0,         122,       1.271981178,        1.10181412,      -11.53408733,      -11.56486426,      -12.05282447,      -12.12411983,      -11.61501157,                         5,      -1.479396885,    0.004353767896,       16.42178849,       5.003188542,               100,       99.99862369,      0.0039269908,      0.2893926784,      0.5141592795,    0.003598720137,    0.008503227136,       -3.82816033,     -0.0257255448,      0.2528217941,    0.003598720137,      0.5330938261,       1.776683786,      -6.129348876,      -6.151007715,      -6.176420099,      -6.329509302,       -6.21795682,     0.08455811235,    0.008265991512,      0.1308781064,     0.06569046819,      0.1053216737,      0.1176873892,      0.2957437415,   -0.004593525016,    0.001149931114,      0.0055379969,   -0.003089207878,                 0,   2.849884619e-05,   4.534966014e-05,    0.008429378629,                 0,     -0.2319116493,     -0.6873121096,      -2.908728189,  -0.0002083823052,    0.001725235411,    0.001459946426,    -0.02878221376,  -0.0001285128799,     0.07700526447,   3.639869441e-05,      0.1099292533,     0.06585087762,    0.001149931114,      0.0055379969,   -0.003089207878,                 0,      0.1109635911,      0.1179773151,      0.3041529198,                 0,       1.245553747,       14.23754054,       2.259688421,    -0.06992681194
          0,           0,         123,       1.246193859,       1.102978473,      -11.59672807,      -11.64201111,      -12.12431348,      -12.18942958,      -11.67289385,                         4,      -1.304382093,    0.004571455107,       16.42178849,       5.253347969,               100,       99.99867967,      0.0039269908,       0.289392664,      0.5141592861,    0.003598710561,    0.008503219635,      -3.828160377,    -0.02572563043,      0.2528217793,    0.003598710561,      0.5330938317,       1.776683897,       -6.19198962,      -6.228154565,      -6.247909103,      -6.394819046,      -6.275839095,     0.08455811236,    0.008265991695,      0.1308781061,     0.06569045384,      0.1053216736,      0.1176873919,      0.2957437447,   -0.004593524012,    0.001149931136,    0.005537994961,   -0.003089215536,                 0,   2.849884687e-05,   4.534964137e-05,    0.008429371147,                 0,     -0.2319116492,     -0.6873121347,      -2.908728215,   -0.000208378092,    0.001725235467,    0.001459927024,    -0.02878228553,  -0.0001285073898,     0.07700526449,   3.639869367e-05,      0.1099292529,     0.06585086323,    0.001149931136,    0.005537994961,   -0.003089215536,                 0,       0.110963591,      0.1179773177,      0.3041529229,                 0,       1.245553746,       14.23754054,       2.259688449,    -0.06992681194
          0,           0,         124,        1.23113485,       1.104003724,      -11.66787013,      -11.72572831,      -12.20386204,       -12.2665488,      -11.73975961,                         5,      -1.518278567,    0.004800027427,       16.42178849,       5.516015368,               100,       99.99873845,      0.0039269908,      0.2893926523,      0.5141592907,    0.003598701038,    0.008503212091,      -3.828160406,    -0.02572571585,      0.2528217672,    0.003598701038,      0.5330938355,       1.776683985,      -6.263131672,      -6.311871767,      -6.327457668,      -6.471938266,      -6.342704855,     0.08455811239,    0.008265991705,      0.1308781063,     0.06569044185,      0.1053216735,      0.1176873919,      0.2957437484,   -0.004593523174,    0.001149931148,    0.005537991249,    -0.00308922136,                 0,    2.84988474e-05,   4.534963898e-05,    0.008429363604,                 0,     -0.2319116492,     -0.6873121351,      -2.908728248,  -0.0002083738322,    0.001725235504,    0.001459890256,    -0.02878233939,  -0.0001285022224,     0.07700526453,   3.639869847e-05,      0.1099292528,     0.06585085122,    0.001149931148,    0.005537991249,    -0.00308922136,                 0,      0.1109635909,      0.1179773178,      0.3041529267,                 0,       1.245553744,       14.23754053,       2.259688475,    -0.06992681194
          0,           0,         125,       1.031980028,       1.103432107,      -11.73562008,      -11.79397373,       -12.2751549,      -12.33564307,      -11.78963055,                         4,      -1.329801187,    0.005040028784,       16.42178849,       5.791816136,               100,       99.99880017,      0.0039269908,      0.2893926393,       0.514159296,     0.00359869325,    0.008503205915,      -3.828160442,     -0.0257257852,      0.2528217539,     0.00359869325,      0.5330938399,       1.776684083,      -6.330881628,      -6.380117188,      -6.398750527,       -6.54103254,      -6.392575792,      0.0845581124,    0.008265991839,      0.1308781062,     0.06569042886,      0.1053216734,      0.1176873939,      0.2957437511,   -0.004593522266,    0.001149931154,    0.005537989564,   -0.003089227468,                 0,   2.849884779e-05,   4.534962578e-05,    0.008429357441,                 0,     -0.2319116491,     -0.6873121534,      -2.908728269,  -0.0002083703311,    0.001725235526,    0.001459873407,    -0.02878239664,  -0.0001284974999,     0.07700526454,   3.639869896e-05,      0.1099292525,      0.0658508382,    0.001149931154,    0.005537989564,   -0.003089227468,                 0,      0.1109635908,      0.1179773197,      0.3041529293,                 0,       1.245553743,       14.23754053,       2.259688497,    -0.06992681194
          0,           0,         126,       1.201171074,       1.104201705,       -11.8093864,      -11.87193774,      -12.35546286,      -12.41644818,      -11.85667554,                         4,      -1.340067028,    0.005292030616,       16.42178849,       6.081406943,               100,       99.99882792,      0.0039269908,      0.2893926285,      0.5141592999,    0.003598685668,    0.008503199944,      -3.828160466,    -0.02572585282,      0.2528217429,    0.003598685668,       0.533093843,       1.776684163,      -6.404647951,      -6.458081197,      -6.479058488,      -6.621837645,      -6.459620787,     0.08455811239,    0.008265991868,      0.1308781063,     0.06569041802,      0.1053216733,      0.1176873942,      0.2957437539,   -0.004593521507,    0.001149931163,    0.005537986732,   -0.003089232227,                 0,    2.84988481e-05,    4.53496227e-05,    0.008429351473,                 0,      -0.231911649,     -0.6873121566,      -2.908728294,      -0.000208367,     0.00172523555,    0.001459845279,    -0.02878244076,  -0.0001284928884,     0.07700526454,   3.639870269e-05,      0.1099292524,     0.06585082732,    0.001149931163,    0.005537986732,   -0.003089232227,                 0,      0.1109635908,      0.1179773201,      0.3041529321,                 0,       1.245553742,       14.23754053,       2.259688517,    -0.06992681194
          0,           0,         127,        1.54174178,       1.107619987,      -11.88229613,      -11.94695802,       -12.4371277,      -12.49931222,       -11.9220513,                         4,      -1.350159878,    0.005556632808,       16.42178849,        6.38547729,               100,       99.99883172,      0.0039269908,      0.2893926182,      0.5141593039,    0.003598679515,    0.008503195056,      -3.828160493,    -0.02572590764,      0.2528217323,    0.003598679515,      0.5330938463,        1.77668424,      -6.477557681,      -6.533101473,      -6.560723329,       -6.70470169,      -6.524996543,     0.08455811239,    0.008265991966,      0.1308781062,     0.06569040769,      0.1053216732,      0.1176873956,      0.2957437559,   -0.004593520785,    0.001149931171,    0.005537985306,   -0.003089236962,                 0,   2.849884835e-05,    4.53496131e-05,    0.008429346595,                 0,     -0.2319116489,     -0.6873121699,      -2.908728311,  -0.0002083639643,    0.001725235572,    0.001459831034,    -0.02878248508,    -0.00012848917,     0.07700526455,   3.639870379e-05,      0.1099292521,     0.06585081697,    0.001149931171,    0.005537985306,   -0.003089236962,                 0,      0.1109635907,      0.1179773215,      0.3041529341,                 0,       1.245553741,       14.23754053,       2.259688534,    -0.06992681194
          0,           0,         128,       1.121384112,       1.107726686,      -11.95538952,       -12.0222218,      -12.51824389,      -12.58153433,      -11.98837967,                         4,      -1.367816901,    0.005834465264,       16.42178849,       6.704751154,               100,        99.9988357,      0.0039269908,      0.2893926091,      0.5141593071,    0.003598673577,    0.008503190342,      -3.828160513,    -0.02572596049,       0.252821723,    0.003598673577,      0.5330938488,       1.776684307,      -6.550651064,      -6.608365257,       -6.64183952,      -6.786923795,      -6.591324919,     0.08455811239,       0.008265992,      0.1308781062,     0.06569039846,      0.1053216732,       0.117687396,       0.295743758,   -0.004593520139,    0.001149931177,    0.005537983198,   -0.003089240798,                 0,   2.849884854e-05,   4.534960991e-05,    0.008429341883,                 0,     -0.2319116488,     -0.6873121741,      -2.908728329,  -0.0002083611697,    0.001725235588,     0.00145981008,     -0.0287825207,  -0.0001284854584,     0.07700526455,   3.639870673e-05,       0.109929252,     0.06585080771,    0.001149931177,    0.005537983198,   -0.003089240798,                 0,      0.1109635906,      0.1179773219,      0.3041529363,                 0,        1.24555374,       14.23754052,        2.25968855,    -0.06992681194
          0,           0,         129,       1.215143433,       1.108552968,      -12.02903362,      -12.10002267,      -12.59714342,      -12.66279104,      -12.05755436,                         4,      -1.378524651,    0.006126189434,       16.42178849,       7.039988712,               100,       99.99883989,      0.0039269908,      0.2893926004,      0.5141593102,    0.003598668693,    0.008503186444,      -3.828160533,    -0.02572600389,      0.2528217142,    0.003598668693,      0.5330938513,       1.776684371,      -6.624295168,      -6.686166123,      -6.720739042,      -6.868180509,      -6.660499604,     0.08455811238,    0.008265992071,      0.1308781061,     0.06569038985,      0.1053216731,       0.117687397,      0.2957437596,   -0.004593519538,    0.001149931182,    0.005537982024,   -0.003089244513,                 0,    2.84988487e-05,   4.534960304e-05,    0.008429337993,                 0,     -0.2319116487,     -0.6873121838,      -2.908728342,  -0.0002083586533,    0.001725235601,    0.001459798344,    -0.02878255545,  -0.0001284823805,     0.07700526455,   3.639870801e-05,      0.1099292519,     0.06585079909,    0.001149931182,    0.005537982024,   -0.003089244513,                 0,      0.1109635906,      0.1179773229,      0.3041529378,                 0,        1.24555374,       14.23754052,       2.259688563,    -0.06992681194
          0,           0,         130,       1.161555523,       1.108957568,      -12.10193154,      -12.17701021,      -12.67446654,      -12.74371506,      -12.12566425,                         4,       -1.39224131,     0.00643249981,       16.42178849,       7.391988148,               100,       99.99884428,      0.0039269908,      0.2893925928,      0.5141593128,    0.003598664042,    0.008503182743,      -3.828160549,    -0.02572604518,      0.2528217063,    0.003598664042,      0.5330938533,       1.776684427,      -6.697193085,      -6.763153668,      -6.798062169,      -6.949104525,      -6.728609499,     0.08455811238,    0.008265992105,      0.1308781062,     0.06569038211,      0.1053216731,      0.1176873975,      0.2957437612,   -0.004593518996,    0.001149931187,     0.00553798044,   -0.003089247584,                 0,   2.849884882e-05,   4.534960005e-05,    0.008429334294,                 0,     -0.2319116487,     -0.6873121881,      -2.908728356,  -0.0002083563357,    0.001725235612,    0.001459782578,      -0.028782584,  -0.0001284793761,     0.07700526455,    3.63987103e-05,      0.1099292518,     0.06585079133,    0.001149931187,     0.00553798044,   -0.003089247584,                 0,      0.1109635905,      0.1179773234,      0.3041529394,                 0,       1.245553739,       14.23754052,       2.259688575,    -0.06992681194
          0,           0,         131,       1.096993266,       1.108866929,      -12.17401688,      -12.25332468,      -12.74834418,      -12.82277228,      -12.19239928,                         4,      -1.403899967,    0.006754125769,       16.42178849,       7.761587555,               100,       99.99884889,      0.0039269908,      0.2893925858,      0.5141593152,    0.003598660163,    0.008503179631,      -3.828160564,     -0.0257260796,      0.2528216992,    0.003598660163,      0.5330938553,       1.776684478,      -6.769278426,      -6.839468132,      -6.871939805,      -7.028161745,      -6.795344529,     0.08455811238,    0.008265992158,      0.1308781061,     0.06569037511,       0.105321673,      0.1176873982,      0.2957437624,   -0.004593518507,     0.00114993119,    0.005537979476,   -0.003089250503,                 0,   2.849884892e-05,   4.534959502e-05,    0.008429331188,                 0,     -0.2319116486,     -0.6873121953,      -2.908728366,  -0.0002083542799,     0.00172523562,    0.001459772948,    -0.02878261129,  -0.0001284768753,     0.07700526454,   3.639871157e-05,      0.1099292516,     0.06585078431,     0.00114993119,    0.005537979476,   -0.003089250503,                 0,      0.1109635905,      0.1179773241,      0.3041529407,                 0,       1.245553739,       14.23754051,       2.259688585,    -0.06992681194
          0,           0,         132,       1.229011953,       1.109770275,      -12.24563487,      -12.32847253,      -12.82110931,      -12.90079565,       -12.2580474,                         4,      -1.417221575,     0.00709183305,       16.42178849,       8.149666933,               100,       99.99885373,      0.0039269908,      0.2893925796,      0.5141593172,    0.003598656536,     0.00850317673,      -3.828160576,    -0.02572611179,      0.2528216929,    0.003598656536,      0.5330938568,       1.776684523,       -6.84089642,      -6.914615985,       -6.94470493,      -7.106185115,       -6.86099265,     0.08455811237,    0.008265992188,      0.1308781061,     0.06569036891,       0.105321673,      0.1176873986,      0.2957437637,   -0.004593518073,    0.001149931193,    0.005537978287,   -0.003089252944,                 0,     2.8498849e-05,   4.534959235e-05,    0.008429328289,                 0,     -0.2319116486,     -0.6873121991,      -2.908728376,   -0.000208352427,    0.001725235627,    0.001459761106,      -0.028782634,   -0.000128474518,     0.07700526454,   3.639871334e-05,      0.1099292515,      0.0658507781,    0.001149931193,    0.005537978287,   -0.003089252944,                 0,      0.1109635904,      0.1179773245,      0.3041529419,                 0,       1.245553739,       14.23754051,       2.259688594,    -0.06992681194
          0,           0,         133,       1.203777095,       1.110471819,      -12.31681492,      -12.40341036,       -12.8912648,      -12.97675364,        -12.323039,                         4,      -1.427405932,     0.00744642568,       16.42178849,        8.55715028,               100,       99.99885882,      0.0039269908,       0.289392574,      0.5141593191,    0.003598653487,    0.008503174258,      -3.828160588,     -0.0257261388,      0.2528216872,    0.003598653487,      0.5330938584,       1.776684564,      -6.912076465,      -6.989553816,      -7.014860427,      -7.182143107,      -6.925984248,     0.08455811236,    0.008265992227,      0.1308781061,     0.06569036332,       0.105321673,      0.1176873992,      0.2957437646,   -0.004593517683,    0.001149931196,     0.00553797752,   -0.003089255229,                 0,   2.849884907e-05,   4.534958871e-05,     0.00842932582,                 0,     -0.2319116485,     -0.6873122044,      -2.908728385,  -0.0002083507768,    0.001725235633,    0.001459753443,    -0.02878265535,  -0.0001284725227,     0.07700526454,    3.63987145e-05,      0.1099292514,     0.06585077249,    0.001149931196,     0.00553797752,   -0.003089255229,                 0,      0.1109635904,      0.1179773251,      0.3041529429,                 0,       1.245553738,       14.23754051,       2.259688603,    -0.06992681194
          0,           0,         134,        1.51689374,       1.113482351,      -12.38600496,      -12.47588356,      -12.95915995,      -13.05032095,      -12.38650461,                         4,      -1.439472641,    0.007818747906,       16.42178849,       8.985007793,               100,       99.99886416,      0.0039269908,       0.289392569,      0.5141593207,    0.003598650659,    0.008503171971,      -3.828160598,    -0.02572616386,      0.2528216821,    0.003598650659,      0.5330938596,         1.7766846,      -6.981266506,      -7.062027012,      -7.082755578,      -7.255710422,      -6.989449858,     0.08455811236,    0.008265992252,      0.1308781061,     0.06569035835,       0.105321673,      0.1176873995,      0.2957437656,   -0.004593517335,    0.001149931198,    0.005537976638,   -0.003089257177,                 0,   2.849884912e-05,   4.534958648e-05,    0.008429323536,                 0,     -0.2319116485,     -0.6873122077,      -2.908728393,  -0.0002083492847,    0.001725235638,    0.001459744648,    -0.02878267348,  -0.0001284706601,     0.07700526453,    3.63987159e-05,      0.1099292514,     0.06585076751,    0.001149931198,    0.005537976638,   -0.003089257177,                 0,      0.1109635904,      0.1179773254,      0.3041529438,                 0,       1.245553738,       14.23754051,        2.25968861,    -0.06992681194
          0,           0,         135,        1.10135108,       1.113393151,      -12.45405009,      -12.54725577,      -13.02428547,      -13.12124873,        -12.448959,                         4,      -1.449384428,    0.008209686144,       16.42178849,       9.434258183,               100,       99.99886976,      0.0039269908,      0.2893925646,      0.5141593222,    0.003598648266,     0.00850317001,      -3.828160607,    -0.02572618501,      0.2528216776,    0.003598648266,      0.5330938608,       1.776684632,      -7.049311637,      -7.133399221,      -7.147881097,      -7.326638197,      -7.051904245,     0.08455811236,    0.008265992281,      0.1308781061,     0.06569035389,      0.1053216729,      0.1176873999,      0.2957437664,   -0.004593517023,      0.0011499312,    0.005537976035,   -0.003089258969,                 0,   2.849884916e-05,   4.534958382e-05,    0.008429321577,                 0,     -0.2319116485,     -0.6873122115,      -2.908728399,   -0.000208347952,    0.001725235642,    0.001459738625,    -0.02878269021,  -0.0001284690625,     0.07700526453,   3.639871689e-05,      0.1099292513,     0.06585076304,      0.0011499312,    0.005537976035,   -0.003089258969,                 0,      0.1109635904,      0.1179773258,      0.3041529446,                 0,       1.245553738,       14.23754051,       2.259688616,    -0.06992681194
          0,           0,         136,       1.104429581,       1.113327723,      -12.51928136,       -12.6151713,      -13.08640394,      -13.18910222,      -12.50922703,                         4,      -1.463022423,    0.008620171296,       16.42178849,       9.905971092,               100,       99.99887565,      0.0039269908,      0.2893925607,      0.5141593235,    0.003598646048,    0.008503168224,      -3.828160615,    -0.02572620468,      0.2528216736,    0.003598646048,      0.5330938618,        1.77668466,      -7.114542911,      -7.201314754,      -7.209999563,      -7.394491686,      -7.112172279,     0.08455811235,    0.008265992303,      0.1308781061,        0.06569035,      0.1053216729,      0.1176874002,      0.2957437671,   -0.004593516751,    0.001149931201,    0.005537975354,   -0.003089260507,                 0,   2.849884919e-05,   4.534958191e-05,    0.008429319792,                 0,     -0.2319116485,     -0.6873122144,      -2.908728405,  -0.0002083467794,    0.001725235645,    0.001459731836,    -0.02878270454,  -0.0001284676207,     0.07700526453,   3.639871796e-05,      0.1099292512,     0.06585075914,    0.001149931201,    0.005537975354,   -0.003089260507,                 0,      0.1109635904,      0.1179773261,      0.3041529453,                 0,       1.245553738,        14.2375405,       2.259688622,    -0.06992681194
          0,           0,         137,       1.091358238,       1.113168524,      -12.58507045,      -12.68364129,      -13.14785709,      -13.25601482,      -12.56956071,                         4,      -1.473331809,    0.009051180686,       16.42178849,       10.40126965,               100,       99.99888183,      0.0039269908,      0.2893925573,      0.5141593246,    0.003598644176,    0.008503166674,      -3.828160622,    -0.02572622124,      0.2528216701,    0.003598644176,      0.5330938627,       1.776684686,      -7.180331998,      -7.269784746,      -7.271452712,      -7.461404286,      -7.172505961,     0.08455811235,    0.008265992324,       0.130878106,     0.06569034655,      0.1053216729,      0.1176874005,      0.2957437677,    -0.00459351651,    0.001149931203,    0.005537974878,   -0.003089261905,                 0,   2.849884922e-05,   4.534957992e-05,    0.008429318245,                 0,     -0.2319116484,     -0.6873122172,       -2.90872841,   -0.000208345742,    0.001725235648,    0.001459727076,    -0.02878271758,   -0.000128466381,     0.07700526453,    3.63987188e-05,      0.1099292512,     0.06585075569,    0.001149931203,    0.005537974878,   -0.003089261905,                 0,      0.1109635903,      0.1179773264,      0.3041529459,                 0,       1.245553738,        14.2375405,       2.259688627,    -0.06992681194
          0,           0,         138,       1.027145512,       1.112549654,      -12.64955382,      -12.75036785,      -13.20861126,        -13.321444,      -12.62967774,                         4,      -1.483521459,    0.009503740498,       16.42178849,       10.92133313,               100,       99.99888832,      0.0039269908,      0.2893925542,      0.5141593256,    0.003598642456,    0.008503165274,      -3.828160628,    -0.02572623649,       0.252821667,    0.003598642456,      0.5330938634,       1.776684708,      -7.244815366,      -7.336511306,       -7.33220689,      -7.526833466,      -7.232622988,     0.08455811235,    0.008265992342,       0.130878106,     0.06569034351,      0.1053216729,      0.1176874007,      0.2957437683,   -0.004593516297,    0.001149931204,    0.005537974371,   -0.003089263119,                 0,   2.849884925e-05,   4.534957838e-05,    0.008429316846,                 0,     -0.2319116484,     -0.6873122195,      -2.908728415,  -0.0002083448227,     0.00172523565,    0.001459722014,    -0.02878272889,  -0.0001284652659,     0.07700526452,   3.639871962e-05,      0.1099292511,     0.06585075264,    0.001149931204,    0.005537974371,   -0.003089263119,                 0,      0.1109635903,      0.1179773266,      0.3041529465,                 0,       1.245553738,        14.2375405,       2.259688631,    -0.06992681194
          0,           0,         139,       1.155602207,       1.112857172,      -12.71375822,      -12.81664715,      -13.26846228,      -13.38583947,      -12.68932435,                         4,      -1.491581881,    0.009978928249,       16.42178849,       11.46739979,               100,       99.99889514,      0.0039269908,      0.2893925516,      0.5141593265,    0.003598640989,    0.008503164048,      -3.828160633,    -0.02572624946,      0.2528216643,    0.003598640989,      0.5330938642,       1.776684727,      -7.309019766,      -7.402790601,      -7.392057901,      -7.591228935,      -7.292269594,     0.08455811234,    0.008265992358,       0.130878106,     0.06569034084,      0.1053216729,       0.117687401,      0.2957437688,    -0.00459351611,    0.001149931205,    0.005537973998,   -0.003089264214,                 0,   2.849884927e-05,    4.53495769e-05,    0.008429315622,                 0,     -0.2319116484,     -0.6873122216,      -2.908728419,  -0.0002083440096,    0.001725235653,    0.001459718283,    -0.02878273909,  -0.0001284642985,     0.07700526452,   3.639872031e-05,      0.1099292511,     0.06585074996,    0.001149931205,    0.005537973998,   -0.003089264214,                 0,      0.1109635903,      0.1179773268,       0.304152947,                 0,       1.245553738,        14.2375405,       2.259688635,    -0.06992681194
          0,           0,         140,       1.103130077,       1.112788185,      -12.77661179,      -12.88103026,      -13.32758033,      -13.44882656,      -12.74852705,                         4,      -1.499487429,     0.01015149335,       16.42178849,       12.04076978,               100,       99.99890229,      0.0039269908,      0.2893925492,      0.5141593273,     0.00359863965,    0.008503162949,      -3.828160638,    -0.02572626132,      0.2528216619,     0.00359863965,      0.5330938648,       1.776684744,      -7.371873335,      -7.467173711,      -7.451175951,       -7.65421603,      -7.351472293,     0.08455811234,    0.008265992371,       0.130878106,     0.06569033845,      0.1053216729,      0.1176874012,      0.2957437692,   -0.004593515943,    0.001149931206,    0.005537973617,   -0.003089265173,                 0,   2.849884928e-05,   4.534957568e-05,    0.008429314524,                 0,     -0.2319116484,     -0.6873122235,      -2.908728423,  -0.0002083432854,    0.001725235654,     0.00145971448,    -0.02878274803,  -0.0001284634294,     0.07700526452,   3.639872094e-05,      0.1099292511,     0.06585074756,    0.001149931206,    0.005537973617,   -0.003089265173,                 0,      0.1109635903,       0.117977327,      0.3041529474,                 0,       1.245553738,        14.2375405,       2.259688639,    -0.06992681194
          0,           0,         141,       1.040821399,       1.112281377,      -12.83807847,      -12.94398123,      -13.38486664,      -13.51017682,      -12.80659073,                         3,       -1.30124788,     0.01015149336,       16.42178849,       12.64280826,               100,       99.99890981,      0.0039269908,      0.2893925471,       0.514159328,    0.003598638475,    0.008503161942,      -3.828160643,    -0.02572627172,      0.2528216597,    0.003598638475,      0.5330938654,        1.77668476,      -7.433340015,       -7.53012468,       -7.50846227,      -7.715566291,      -7.409535979,     0.08455811234,    0.008265992384,       0.130878106,     0.06569033639,      0.1053216729,      0.1176874013,      0.2957437696,   -0.004593515799,    0.001149931207,    0.005537973329,   -0.003089266061,                 0,    2.84988493e-05,   4.534957459e-05,    0.008429313518,                 0,     -0.2319116484,     -0.6873122251,      -2.908728427,  -0.0002083426541,    0.001725235656,    0.001459711606,    -0.02878275631,  -0.0001284626669,     0.07700526452,    3.63987215e-05,       0.109929251,      0.0658507455,    0.001149931207,    0.005537973329,   -0.003089266061,                 0,      0.1109635903,      0.1179773272,      0.3041529479,                 0,       1.245553737,        14.2375405,       2.259688642,    -0.06992681194
          0,           0,         142,       1.176178078,       1.112728207,      -12.90424968,      -13.01425694,      -13.44995686,      -13.57911548,      -12.86948387,                         4,      -1.508624511,     0.01015149336,       16.42178849,       13.27494868,               100,        99.9989177,      0.0039269908,      0.2893925453,      0.5141593286,    0.003598637461,    0.008503161122,      -3.828160646,     -0.0257262807,      0.2528216579,    0.003598637461,      0.5330938658,       1.776684773,      -7.499511225,      -7.600400391,      -7.573552483,       -7.78450495,       -7.47242912,     0.08455811233,    0.008265992394,       0.130878106,     0.06569033453,      0.1053216728,      0.1176874015,        0.29574377,   -0.004593515669,    0.001149931208,    0.005537973038,   -0.003089266785,                 0,   2.849884931e-05,   4.534957359e-05,    0.008429312699,                 0,     -0.2319116484,     -0.6873122265,      -2.908728429,  -0.0002083420986,    0.001725235657,    0.001459708697,    -0.02878276304,  -0.0001284620192,     0.07700526452,   3.639872198e-05,       0.109929251,     0.06585074363,    0.001149931208,    0.005537973038,   -0.003089266785,                 0,      0.1109635903,      0.1179773274,      0.3041529482,                 0,       1.245553737,        14.2375405,       2.259688645,    -0.06992681194
          0,           0,         143,       1.148780575,       1.112978571,      -12.96189744,      -13.06811852,      -13.50398737,      -13.63313279,      -12.92265225,                         4,      -1.499602098,     0.01015149336,       16.42178849,       13.93869611,               100,       99.99892598,      0.0039269908,      0.2893925437,      0.5141593292,    0.003598636562,    0.008503160357,       -3.82816065,    -0.02572628866,      0.2528216562,    0.003598636562,      0.5330938662,       1.776684785,      -7.557158986,      -7.654261975,      -7.627582992,      -7.838522259,      -7.525597494,     0.08455811233,    0.008265992404,       0.130878106,     0.06569033295,      0.1053216728,      0.1176874016,      0.2957437703,   -0.004593515558,    0.001149931209,    0.005537972808,   -0.003089267455,                 0,   2.849884932e-05,   4.534957272e-05,    0.008429311935,                 0,     -0.2319116483,     -0.6873122277,      -2.908728432,  -0.0002083416107,    0.001725235659,    0.001459706404,    -0.02878276928,  -0.0001284614428,     0.07700526451,   3.639872244e-05,       0.109929251,     0.06585074204,    0.001149931209,    0.005537972808,   -0.003089267455,                 0,      0.1109635903,      0.1179773275,      0.3041529485,                 0,       1.245553737,        14.2375405,       2.259688647,    -0.06992681194
          0,           0,         144,       1.097976253,       1.112875107,       -13.0208549,      -13.12612274,      -13.55609959,      -13.68720792,      -12.97937113,                         3,      -1.311676753,     0.01015149337,       16.42178849,       14.63563092,               100,       99.99893468,      0.0039269908,      0.2893925423,      0.5141593297,    0.003598635736,    0.008503159654,      -3.828160653,    -0.02572629599,      0.2528216548,    0.003598635736,      0.5330938667,       1.776684795,      -7.616116449,      -7.712266194,       -7.67969522,      -7.892597391,      -7.582316379,     0.08455811233,    0.008265992412,       0.130878106,     0.06569033156,      0.1053216728,      0.1176874017,      0.2957437706,   -0.004593515461,    0.001149931209,    0.005537972597,   -0.003089268071,                 0,   2.849884933e-05,     4.5349572e-05,    0.008429311232,                 0,     -0.2319116483,     -0.6873122289,      -2.908728435,  -0.0002083411806,     0.00172523566,    0.001459704296,    -0.02878277502,  -0.0001284609263,     0.07700526451,   3.639872281e-05,      0.1099292509,     0.06585074065,    0.001149931209,    0.005537972597,   -0.003089268071,                 0,      0.1109635903,      0.1179773276,      0.3041529488,                 0,       1.245553737,        14.2375405,        2.25968865,    -0.06992681194
          0,           0,         145,        1.11875032,       1.112915348,      -13.08527694,      -13.19478936,      -13.61595549,      -13.75278266,      -13.04194812,                         3,      -1.312483852,     0.01015149337,       16.42178849,       15.36741246,               100,       99.99894381,      0.0039269908,       0.289392541,      0.5141593301,    0.003598635037,    0.008503159054,      -3.828160656,    -0.02572630217,      0.2528216536,    0.003598635037,       0.533093867,       1.776684804,       -7.68053849,      -7.780932812,      -7.739551112,      -7.958172126,       -7.64489337,     0.08455811233,    0.008265992419,       0.130878106,     0.06569033031,      0.1053216728,      0.1176874018,      0.2957437708,   -0.004593515374,     0.00114993121,    0.005537972423,   -0.003089268596,                 0,   2.849884934e-05,   4.534957135e-05,    0.008429310633,                 0,     -0.2319116483,     -0.6873122298,      -2.908728437,   -0.000208340798,    0.001725235661,    0.001459702557,    -0.02878277991,  -0.0001284604774,     0.07700526451,   3.639872316e-05,      0.1099292509,      0.0658507394,     0.00114993121,    0.005537972423,   -0.003089268596,                 0,      0.1109635903,      0.1179773277,       0.304152949,                 0,       1.245553737,        14.2375405,       2.259688652,    -0.06992681194
          0,           0,         146,       1.206167203,       1.113549714,      -13.14584731,      -13.25594771,      -13.67665772,      -13.81576463,      -13.10034177,                         4,      -1.507225334,     0.01015149337,       16.42178849,       16.13578309,               100,        99.9989534,      0.0039269908,      0.2893925399,      0.5141593305,     0.00359863442,    0.008503158548,      -3.828160658,    -0.02572630764,      0.2528216524,     0.00359863442,      0.5330938673,       1.776684812,      -7.741108854,      -7.842091167,      -7.800253341,      -8.021154096,      -7.703287019,     0.08455811233,    0.008265992426,       0.130878106,     0.06569032921,      0.1053216728,      0.1176874019,       0.295743771,   -0.004593515297,     0.00114993121,    0.005537972254,   -0.003089269044,                 0,   2.849884934e-05,   4.534957073e-05,    0.008429310128,                 0,     -0.2319116483,     -0.6873122306,      -2.908728438,  -0.0002083404695,    0.001725235661,    0.001459700863,    -0.02878278406,  -0.0001284600987,     0.07700526451,   3.639872345e-05,      0.1099292509,      0.0658507383,     0.00114993121,    0.005537972254,   -0.003089269044,                 0,      0.1109635903,      0.1179773278,      0.3041529492,                 0,       1.245553737,        14.2375405,       2.259688653,    -0.06992681194
          0,           0,         147,       1.180628672,        1.11400295,      -13.20120504,      -13.30581298,      -13.72769301,      -13.86511489,      -13.15266032,                         4,      -1.511083329,     0.01015149337,       16.42178849,       16.94257224,               100,       99.99896347,      0.0039269908,       0.289392539,      0.5141593308,    0.003598633875,    0.008503158074,       -3.82816066,    -0.02572631247,      0.2528216515,    0.003598633875,      0.5330938676,       1.776684819,      -7.796466588,      -7.891956434,      -7.851288637,      -8.070504355,      -7.755605566,     0.08455811233,    0.008265992431,       0.130878106,     0.06569032828,      0.1053216728,       0.117687402,      0.2957437712,   -0.004593515232,    0.001149931211,    0.005537972118,   -0.003089269454,                 0,   2.849884935e-05,   4.534957022e-05,    0.008429309655,                 0,     -0.2319116483,     -0.6873122313,       -2.90872844,  -0.0002083401796,    0.001725235662,    0.001459699504,    -0.02878278788,  -0.0001284597565,     0.07700526451,   3.639872373e-05,      0.1099292509,     0.06585073737,    0.001149931211,    0.005537972118,   -0.003089269454,                 0,      0.1109635903,      0.1179773278,      0.3041529494,                 0,       1.245553737,       14.23754049,       2.259688655,    -0.06992681194
          0,           0,         148,       1.128176145,       1.114098072,      -13.25918243,      -13.36241844,      -13.77732385,      -13.91734291,      -13.20980689,                         3,       -1.32507902,     0.01015149337,       16.42178849,       17.78970085,               100,       99.99897404,      0.0039269908,      0.2893925382,      0.5141593311,    0.003598633375,    0.008503157643,      -3.828160662,    -0.02572631691,      0.2528216507,    0.003598633375,      0.5330938678,       1.776684825,      -7.854443973,      -7.948561895,      -7.900919472,      -8.122732376,      -7.812752132,     0.08455811232,    0.008265992436,       0.130878106,     0.06569032747,      0.1053216728,       0.117687402,      0.2957437714,   -0.004593515176,    0.001149931211,    0.005537971997,   -0.003089269834,                 0,   2.849884935e-05,   4.534956978e-05,    0.008429309224,                 0,     -0.2319116483,      -0.687312232,      -2.908728442,  -0.0002083399267,    0.001725235663,    0.001459698298,    -0.02878279141,  -0.0001284594561,     0.07700526451,   3.639872395e-05,      0.1099292509,     0.06585073656,    0.001149931211,    0.005537971997,   -0.003089269834,                 0,      0.1109635903,      0.1179773279,      0.3041529496,                 0,       1.245553737,       14.23754049,       2.259688656,    -0.06992681194
          0,           0,         149,       1.092097212,         1.1139514,       -13.3236472,      -13.43102614,      -13.83744523,      -13.98340977,      -13.27298083,                         3,      -1.330063521,     0.01015149337,       16.42178849,       18.67918589,               100,       99.99898514,      0.0039269908,      0.2893925375,      0.5141593314,    0.003598632952,    0.008503157272,      -3.828160664,    -0.02572632065,      0.2528216499,    0.003598632952,       0.533093868,        1.77668483,      -7.918908747,      -8.017169596,      -7.961040854,       -8.18879924,      -7.875926075,     0.08455811232,     0.00826599244,       0.130878106,     0.06569032675,      0.1053216728,      0.1176874021,      0.2957437716,   -0.004593515125,    0.001149931211,    0.005537971895,   -0.003089270155,                 0,   2.849884936e-05,   4.534956941e-05,    0.008429308853,                 0,     -0.2319116483,     -0.6873122325,      -2.908728443,   -0.000208339704,    0.001725235663,    0.001459697277,     -0.0287827944,  -0.0001284591961,     0.07700526451,   3.639872417e-05,      0.1099292509,     0.06585073584,    0.001149931211,    0.005537971895,   -0.003089270155,                 0,      0.1109635903,       0.117977328,      0.3041529498,                 0,       1.245553737,       14.23754049,       2.259688658,    -0.06992681194
          0,           0,         150,       1.096786077,       1.113837722,      -13.38624415,      -13.49434492,      -13.90220013,      -14.04895078,       -13.3333461,                         3,      -1.308496149,     0.01015149337,       16.42178849,       19.61314519,               100,       99.99899679,      0.0039269908,      0.2893925368,      0.5141593316,     0.00359863257,    0.008503156945,      -3.828160665,    -0.02572632405,      0.2528216493,     0.00359863257,      0.5330938682,       1.776684835,      -7.981505695,      -8.080488378,      -8.025795755,      -8.254340254,      -7.936291345,     0.08455811232,    0.008265992444,       0.130878106,      0.0656903261,      0.1053216728,      0.1176874021,      0.2957437717,    -0.00459351508,    0.001149931212,    0.005537971801,   -0.003089270443,                 0,   2.849884936e-05,   4.534956905e-05,    0.008429308527,                 0,     -0.2319116483,      -0.687312233,      -2.908728444,  -0.0002083395103,    0.001725235663,    0.001459696337,    -0.02878279708,  -0.0001284589719,     0.07700526451,   3.639872433e-05,      0.1099292508,     0.06585073519,    0.001149931212,    0.005537971801,   -0.003089270443,                 0,      0.1109635903,       0.117977328,      0.3041529499,                 0,       1.245553737,       14.23754049,       2.259688659,    -0.06992681194
          0,           0,         151,       1.206498807,       1.114447335,      -13.44611422,      -13.55324324,      -13.96456139,      -14.10883643,      -13.39145797,                         4,      -1.514573325,     0.01015149337,       16.42178849,       20.59380245,               100,       99.99900903,      0.0039269908,      0.2893925363,      0.5141593318,    0.003598632247,    0.008503156666,      -3.828160666,     -0.0257263269,      0.2528216487,    0.003598632247,      0.5330938684,       1.776684839,       -8.04137577,      -8.139386693,      -8.088157012,      -8.314225895,      -7.994403217,     0.08455811232,    0.008265992447,       0.130878106,     0.06569032555,      0.1053216728,      0.1176874022,      0.2957437719,   -0.004593515041,    0.001149931212,    0.005537971719,   -0.003089270684,                 0,   2.849884936e-05,   4.534956874e-05,    0.008429308248,                 0,     -0.2319116483,     -0.6873122334,      -2.908728445,  -0.0002083393396,    0.001725235664,    0.001459695513,    -0.02878279931,  -0.0001284587753,     0.07700526451,    3.63987245e-05,      0.1099292508,     0.06585073463,    0.001149931212,    0.005537971719,   -0.003089270684,                 0,      0.1109635903,      0.1179773281,      0.3041529501,                 0,       1.245553737,       14.23754049,        2.25968866,    -0.06992681194
          0,           0,         152,       1.532070328,       1.117176897,      -13.49958159,      -13.60080948,      -14.01290591,      -14.15562395,      -13.44424503,                         3,      -1.310284722,     0.01015149337,       16.42178849,       21.62349257,               100,       99.99902188,      0.0039269908,      0.2893925358,       0.514159332,    0.003598631943,      0.0085031564,      -3.828160668,     -0.0257263296,      0.2528216482,    0.003598631943,      0.5330938685,       1.776684843,      -8.094843139,       -8.18695293,      -8.136501533,      -8.361013424,      -8.047190277,     0.08455811232,     0.00826599245,       0.130878106,     0.06569032508,      0.1053216728,      0.1176874022,       0.295743772,   -0.004593515008,    0.001149931212,    0.005537971649,   -0.003089270917,                 0,   2.849884937e-05,   4.534956847e-05,    0.008429307982,                 0,     -0.2319116483,     -0.6873122338,      -2.908728446,  -0.0002083391918,    0.001725235664,    0.001459694814,    -0.02878280148,  -0.0001284586008,     0.07700526451,   3.639872463e-05,      0.1099292508,     0.06585073415,    0.001149931212,    0.005537971649,   -0.003089270917,                 0,      0.1109635902,      0.1179773281,      0.3041529502,                 0,       1.245553737,       14.23754049,        2.25968866,    -0.06992681194
