"Time_Iter","Outer_Iter","Inner_Iter",    "Time(sec)"   ,    "Time(sec)"   ,    "rms[Rho]"    ,    "rms[RhoU]"   ,    "rms[RhoV]"   ,    "rms[RhoW]"   ,    "rms[RhoE]"   ,"Linear_Solver_Iterations",    "LinSolRes"   ,     "Min DT"     ,     "Max DT"     ,     "Min CFL"    ,     "Max CFL"    ,     "Avg CFL"    ,    "RefForce"    ,       "CD"       ,       "CL"       ,       "CSF"      ,       "CMx"      ,       "CMy"      ,       "CMz"      ,       "CFx"      ,       "CFy"      ,       "CFz"      ,      "CEff"      ,   "relrms[Rho]"  ,  "relrms[RhoU]"  ,  "relrms[RhoV]"  ,  "relrms[RhoW]"  ,  "relrms[RhoE]"  ,    "CD(nose)"    ,    "CD(body)"    ,    "CD(fins)"    ,    "CD(base)"    ,    "CL(nose)"    ,    "CL(body)"    ,    "CL(fins)"    ,    "CL(base)"    ,    "CSF(nose)"   ,    "CSF(body)"   ,    "CSF(fins)"   ,    "CSF(base)"   ,    "CMx(nose)"   ,    "CMx(body)"   ,    "CMx(fins)"   ,    "CMx(base)"   ,    "CMy(nose)"   ,    "CMy(body)"   ,    "CMy(fins)"   ,    "CMy(base)"   ,    "CMz(nose)"   ,    "CMz(body)"   ,    "CMz(fins)"   ,    "CMz(base)"   ,    "CFx(nose)"   ,    "CFx(body)"   ,    "CFx(fins)"   ,    "CFx(base)"   ,    "CFy(nose)"   ,    "CFy(body)"   ,    "CFy(fins)"   ,    "CFy(base)"   ,    "CFz(nose)"   ,    "CFz(body)"   ,    "CFz(fins)"   ,    "CFz(base)"   ,   "CEff(nose)"   ,   "CEff(body)"   ,   "CEff(fins)"   ,   "CEff(base)"   
          0,           0,           0,       0.923045293,       0.923045293,      -5.488655561,      -5.775497393,      -6.664352474,      -6.662904065,      -5.437503038,                         2,      -1.586505992,   8.616503435e-05,      0.1793301619,               2.5,              5.25,       5.245845042,      0.0039269908,     0.04822508572,   -0.004685451252,   -0.003567144458,    0.008923892826,     0.04988096241,    -0.04892163734,     0.04822508572,   -0.003567144458,   -0.004685451252,    -0.09715796626,                 0,                 0,                 0,                 0,                 0,      0.1024748014,   0.0001493450659,     0.04923335411,     -0.1036324149,  -0.0001143378747,    -0.00193454714,   -0.002636566237,                 0,   0.0009738777413,   -0.001794754958,   -0.002746267242,                 0,  -3.883787787e-05,   8.257429601e-06,    0.008954473274,                 0,   -0.003386030948,     0.02610252244,      0.0261211881,    0.001043282815,    0.001506846961,    -0.02486005021,    -0.02637621352,   0.0008077794257,      0.1024748014,   0.0001493450659,     0.04923335411,     -0.1036324149,   0.0009738777413,   -0.001794754958,   -0.002746267242,                 0,  -0.0001143378747,    -0.00193454714,   -0.002636566237,                 0,    -0.00111576576,      -12.95353903,     -0.0535524399,                -0
          0,           0,           1,       0.855354821,       0.889200057,      -5.484353521,      -5.423627978,      -6.060716311,      -6.059091522,      -5.412772635,                         2,      -1.864545954,   0.0001071517715,      0.1882970449,               2.5,            5.5125,       5.506406996,      0.0039269908,      0.2518658163,    -0.01186441511,   -0.008689951574,     0.01515861202,     0.09478670118,    -0.09643370616,      0.2518658163,   -0.008689951574,    -0.01186441511,    -0.04710609514,                 0,                 0,                 0,                 0,                 0,      0.1170457845,   0.0002329234232,     0.06256684086,     0.07202026756,   -0.004102167775,   -0.002307292075,   -0.005454955256,                 0,  -0.0008957502077,   -0.002957199287,    -0.00483700208,                 0,  -4.832811467e-05,    1.65939925e-05,     0.01519034614,                 0,    0.006013633507,     0.03328127509,      0.0542193306,    0.001272461977,   -0.002866207344,    -0.04791792697,    -0.04676619886,    0.001116627019,      0.1170457845,   0.0002329234232,     0.06256684086,     0.07202026756,  -0.0008957502077,   -0.002957199287,    -0.00483700208,                 0,   -0.004102167775,   -0.002307292075,   -0.005454955256,                 0,    -0.03504754822,      -9.905796692,    -0.08718604265,                 0
          0,           0,           2,       0.828493501,      0.8689645383,      -5.538567364,      -5.480563886,      -6.077603853,      -6.076556135,       -5.48097497,                         2,      -1.900367047,   0.0001125428422,      0.1977120247,               2.5,          5.788125,       5.780736751,      0.0039269908,      0.2916523484,    -0.01574470774,    -0.01051134439,     0.01547271043,      0.1218436199,       -0.10655244,      0.2916523484,    -0.01051134439,    -0.01574470774,    -0.05398450527,     -0.0542138433,    -0.05693590828,    -0.01688754199,    -0.01746461241,    -0.06820233537,       0.114255051,   0.0002531348571,     0.07148129827,      0.1056628643,   -0.004747359225,   -0.003177333802,   -0.007820014712,                 0,   -0.002697923674,   -0.002899129609,   -0.004914291104,                 0,  -4.305450695e-05,   2.570376544e-05,     0.01549006117,                 0,    0.008204329059,     0.03526446732,     0.07743228809,   0.0009425354307,   -0.006458424123,    -0.05422512437,    -0.04735265142,    0.001483759949,       0.114255051,   0.0002531348571,     0.07148129827,      0.1056628643,   -0.002697923674,   -0.002899129609,   -0.004914291104,                 0,   -0.004747359225,   -0.003177333802,   -0.007820014712,                 0,    -0.04155054139,      -12.55194104,     -0.1093994499,                 0
          0,           0,           3,       0.781683036,      0.8471441627,      -5.519134995,      -5.438332866,      -6.043331736,       -6.03912789,      -5.464404745,                         2,      -1.867519844,   0.0001188934257,      0.2075945559,             2.625,        6.07753125,       6.069394577,      0.0039269908,      0.2884325516,    -0.01760764925,    -0.01074704757,     0.01359731351,      0.1356288423,     -0.1055237365,      0.2884325516,    -0.01074704757,    -0.01760764925,    -0.06104598512,    -0.03478147376,    -0.01470488821,                 0,                 0,    -0.05163211027,      0.1055790258,   0.0002245641482,     0.07704091901,      0.1055880427,   -0.004068097058,   -0.004430369988,   -0.009109182207,                 0,    -0.00340658589,   -0.002697798352,   -0.004642663325,                 0,  -3.474160404e-05,   3.229659455e-05,     0.01359975852,                 0,    0.007217690515,     0.03771768303,     0.09000723547,   0.0006862332926,   -0.007512988154,    -0.05513147594,    -0.04450769044,    0.001628418083,      0.1055790258,   0.0002245641482,     0.07704091901,      0.1055880427,    -0.00340658589,   -0.002697798352,   -0.004642663325,                 0,   -0.004068097058,   -0.004430369988,   -0.009109182207,                 0,    -0.03853129946,      -19.72875022,      -0.118238234,                 0
          0,           0,           4,       0.808566431,      0.8394286164,      -5.521050181,      -5.426709309,      -6.013615573,      -6.009280429,      -5.472419202,                         2,      -1.840135534,   0.0001259050051,      0.2179677194,           2.75625,       6.381407813,       6.372828963,      0.0039269908,      0.2782702378,    -0.01784582543,    -0.01033442151,     0.01162256273,      0.1403762569,     -0.1037328389,      0.2782702378,    -0.01033442151,    -0.01784582543,    -0.06413127602,    -0.03669665972,   -0.003081330926,                 0,                 0,    -0.05964656755,     0.09609612221,   0.0001749896581,     0.08095848276,      0.1010406432,   -0.003074211968,   -0.005138440174,   -0.009633173285,                 0,   -0.003186107105,   -0.002760547154,    -0.00438776725,                 0,  -2.866873487e-05,   3.592392729e-05,     0.01161530754,                 0,    0.005415390869,     0.03920059609,     0.09517991823,   0.0005803516745,   -0.006628103847,    -0.05702829456,    -0.04172249908,      0.0016460586,     0.09609612221,   0.0001749896581,     0.08095848276,      0.1010406432,   -0.003186107105,   -0.002760547154,    -0.00438776725,                 0,   -0.003074211968,   -0.005138440174,   -0.009633173285,                 0,     -0.0319910096,      -29.36425061,     -0.1189890541,                 0
          0,           0,           5,       0.881061401,      0.8463674138,      -5.526238829,      -5.430585061,      -5.997399008,      -5.996501917,      -5.495242828,                         2,      -1.784361021,   0.0001333441682,      0.2288545655,         2.8940625,       6.700478203,       6.691395501,      0.0039269908,      0.2659681774,    -0.01704227646,   -0.009784838389,     0.01003275159,      0.1400478414,     -0.1044338355,      0.2659681774,   -0.009784838389,    -0.01704227646,    -0.06407637419,    -0.04188530815,    -0.00695708321,                 0,                 0,    -0.08247019333,     0.08820969607,   0.0001250093525,     0.08374086144,     0.09389261052,   -0.002211454859,   -0.005096746102,   -0.009734075495,                 0,   -0.002566401382,   -0.002760857678,   -0.004457579329,                 0,  -2.471389235e-05,   3.785346597e-05,     0.01001961202,                 0,     0.00374390102,     0.03933846642,     0.09629436529,   0.0006711087006,   -0.005113319338,    -0.05875460934,    -0.04208940369,    0.001523496912,     0.08820969607,   0.0001250093525,     0.08374086144,     0.09389261052,   -0.002566401382,   -0.002760857678,   -0.004457579329,                 0,   -0.002211454859,   -0.005096746102,   -0.009734075495,                 0,    -0.02507042828,      -40.77091832,     -0.1162404509,                 0
          0,           0,           6,        0.73722445,      0.8307755619,      -5.538072662,       -5.45348593,      -6.009988893,      -6.013260824,      -5.530541501,                         2,      -1.680725753,   0.0001410593377,      0.2402801874,         2.8940625,       7.035502113,       7.025901911,      0.0039269908,      0.2545036436,    -0.01605801244,   -0.009126711129,    0.009013765675,      0.1378904085,     -0.1052579709,      0.2545036436,   -0.009126711129,    -0.01605801244,    -0.06309541273,    -0.05371914127,    -0.02985795206,     -0.0125898853,    -0.01675890661,     -0.1177688658,     0.08329712172,   8.845569352e-05,     0.08544166447,     0.08567640172,   -0.001739018134,   -0.004624397031,    -0.00969459727,                 0,   -0.001861187173,    -0.00251333763,   -0.004752186326,                 0,  -2.235716237e-05,   3.885131987e-05,    0.008997271518,                 0,    0.002852007717,     0.03816921393,     0.09603631338,   0.0008328734539,   -0.003577130832,    -0.05841201114,     -0.0447584254,    0.001489596424,     0.08329712172,   8.845569352e-05,     0.08544166447,     0.08567640172,   -0.001861187173,    -0.00251333763,   -0.004752186326,                 0,   -0.001739018134,   -0.004624397031,    -0.00969459727,                 0,    -0.02087728961,      -52.27924678,     -0.1134645179,                 0
          0,           0,           7,       0.680522131,       0.811993883,       -5.57059675,      -5.504744619,      -6.055260197,      -6.059862793,      -5.582626072,                         2,      -1.562374734,   0.0001488716906,      0.2522746296,       3.038765625,       7.387277219,       7.377183204,      0.0039269908,      0.2423164567,     -0.0147747924,    -0.00834531014,    0.008252655678,      0.1336343485,     -0.1048567529,      0.2423164567,    -0.00834531014,     -0.0147747924,    -0.06097312829,    -0.08624322848,    -0.08111664057,    -0.05786118981,    -0.06336087625,     -0.1698534369,     0.08001895627,   5.847703912e-05,     0.08656991428,     0.07566910908,   -0.001475581619,   -0.003666036737,   -0.009633174044,                 0,    -0.00114417086,   -0.002119556242,   -0.005081583039,                 0,  -2.141207434e-05,   4.029569036e-05,    0.008233772062,                 0,    0.002394701554,     0.03458203007,     0.09556414139,     0.00109347549,   -0.002071814515,    -0.05649866387,    -0.04784107104,    0.001554796481,     0.08001895627,   5.847703912e-05,     0.08656991428,     0.07566910908,    -0.00114417086,   -0.002119556242,   -0.005081583039,                 0,   -0.001475581619,   -0.003666036737,   -0.009633174044,                 0,    -0.01844040072,      -62.69190083,     -0.1112762341,                 0
          0,           0,           8,       0.659880415,      0.7950923866,      -5.572702647,       -5.52388681,      -6.068115858,      -6.073714788,      -5.591994719,                         2,      -1.488756305,   0.0001569071479,      0.2648652994,       3.190703906,        7.75664108,       7.746042364,      0.0039269908,      0.2307102373,    -0.01328015194,    -0.00768056156,    0.007715887864,      0.1272442377,     -0.1037670079,      0.2307102373,    -0.00768056156,    -0.01328015194,    -0.05756204014,    -0.08834912541,      -0.100258832,    -0.07071685044,    -0.07721287114,     -0.1792220838,     0.07822665089,   3.528997734e-05,     0.08724525681,     0.06520303962,   -0.001324031422,   -0.002426291408,    -0.00952982911,                 0,  -0.0005418149244,   -0.001768953449,   -0.005369793187,                 0,  -2.142071882e-05,   4.151989451e-05,    0.007695788688,                 0,    0.002137769659,     0.02906364561,     0.09465594486,    0.001386877571,  -0.0008012545396,    -0.05402707954,    -0.05058436076,     0.00164568696,     0.07822665089,   3.528997734e-05,     0.08724525681,     0.06520303962,  -0.0005418149244,   -0.001768953449,   -0.005369793187,                 0,   -0.001324031422,   -0.002426291408,    -0.00952982911,                 0,     -0.0169255798,      -68.75298853,     -0.1092303405,                 0
          0,           0,           9,       0.693144809,      0.7848976288,      -5.562207022,      -5.526449626,      -6.061581505,      -6.067749276,      -5.581942955,                         2,       -1.44902904,   0.0001651987886,      0.2780822108,       3.350239102,       8.144473134,       8.133344482,      0.0039269908,      0.2212620645,    -0.01176219064,   -0.007379366869,    0.007342977999,      0.1194902057,     -0.1033734255,      0.2212620645,   -0.007379366869,    -0.01176219064,    -0.05315954482,    -0.07785350088,     -0.1028216477,    -0.06418249735,      -0.071247359,     -0.1691703207,     0.07754205953,   1.903524842e-05,      0.0875604482,     0.05614052157,   -0.001230984273,   -0.001124872766,   -0.009406333599,                 0,  -0.0001420790286,   -0.001656117955,   -0.005581169886,                 0,  -2.202466407e-05,   4.240516268e-05,      0.0073225975,                 0,    0.001950186955,     0.02236311148,     0.09350895685,    0.001667950439,      5.989835e-05,    -0.05247034838,    -0.05262333234,    0.001660356858,     0.07754205953,   1.903524842e-05,      0.0875604482,     0.05614052157,  -0.0001420790286,   -0.001656117955,   -0.005581169886,                 0,   -0.001230984273,   -0.001124872766,   -0.009406333599,                 0,    -0.01587505259,       -59.0941994,     -0.1074267411,                 0
          0,           0,          10,       0.679357167,      0.7753030414,      -5.554763188,      -5.531334114,      -6.062038943,      -6.068212401,      -5.574754619,                         2,      -1.423771932,   0.0001737783084,      0.2919572843,       3.517751057,       8.551696791,       8.540011706,      0.0039269908,       0.214276774,    -0.01048246871,   -0.007510688913,    0.007048388845,      0.1120792724,     -0.1044706525,       0.214276774,   -0.007510688913,    -0.01048246871,    -0.04892022834,    -0.07040966649,     -0.1077061362,    -0.06463993567,    -0.07171048378,     -0.1619819843,     0.07752734928,   9.778224235e-06,      0.0876206459,     0.04911900055,   -0.001182295024,   3.547120003e-05,   -0.009335644886,                 0,   3.989612688e-05,   -0.001839105935,   -0.005711479106,                 0,  -2.285887785e-05,   4.297022105e-05,    0.007028277502,                 0,    0.001814864236,     0.01549994742,     0.09283837535,     0.00192608543,   0.0004636653974,    -0.05260652154,    -0.05388759287,     0.00155979653,     0.07752734928,   9.778224235e-06,      0.0876206459,     0.04911900055,   3.989612688e-05,   -0.001839105935,   -0.005711479106,                 0,   -0.001182295024,   3.547120003e-05,   -0.009335644886,                 0,    -0.01525003802,       3.627570731,     -0.1065461775,                 0
          0,           0,          11,       0.716891264,      0.7704353932,      -5.561431547,      -5.551900919,      -6.083059975,      -6.088993579,      -5.582963429,                         2,      -1.394914292,   0.0001826843047,       0.306525527,       3.693638609,        8.97928163,       8.967012291,      0.0039269908,      0.2090752947,   -0.009627893513,   -0.008039933465,    0.006785923458,      0.1064701321,      -0.107415182,      0.2090752947,   -0.008039933465,   -0.009627893513,    -0.04604988614,    -0.07707802608,     -0.1282729413,    -0.08566096735,    -0.09249166168,     -0.1701907942,     0.07781720324,   7.128272062e-06,     0.08754445332,     0.04370650982,   -0.001177139271,   0.0008941535879,   -0.009344907829,                 0,    5.13974305e-05,   -0.002301206012,   -0.005790124883,                 0,  -2.363165628e-05,   4.316631566e-05,    0.006766388799,                 0,    0.001755256637,     0.00965327085,     0.09292136864,    0.002140235925,   0.0004956203819,    -0.05469737961,     -0.0546507009,    0.001437278088,     0.07781720324,   7.128272062e-06,     0.08754445332,     0.04370650982,    5.13974305e-05,   -0.002301206012,   -0.005790124883,                 0,   -0.001177139271,   0.0008941535879,   -0.009344907829,                 0,    -0.01512697993,       125.4376348,     -0.1067447163,                 0
          0,           0,          12,       0.704185084,      0.7653392156,      -5.587411607,      -5.592645607,      -6.123332033,      -6.128312045,      -5.609877616,                         2,      -1.348967065,    0.000191947166,      0.3218256496,        3.87832054,       9.428245712,       9.415362906,      0.0039269908,      0.2048213988,   -0.009279080863,   -0.008790811353,    0.006547293233,      0.1035580115,     -0.1116259744,      0.2048213988,   -0.008790811353,   -0.009279080863,    -0.04530327845,     -0.1030580854,     -0.1690176289,     -0.1259330256,     -0.1318101284,      -0.197104981,     0.07816809169,   9.649816832e-06,     0.08744041384,     0.03920324347,   -0.001215299252,    0.001344657648,   -0.009408439258,                 0,  -2.483152848e-05,   -0.002905631739,   -0.005860348085,                 0,  -2.417228614e-05,   4.301512337e-05,    0.006528450396,                 0,    0.001793431428,    0.005938800836,     0.09351896982,    0.002306809377,   0.0003324986557,    -0.05795110212,    -0.05533266423,    0.001325293275,     0.07816809169,   9.649816832e-06,     0.08744041384,     0.03920324347,  -2.483152848e-05,   -0.002905631739,   -0.005860348085,                 0,   -0.001215299252,    0.001344657648,   -0.009408439258,                 0,    -0.01554725497,       139.3454063,     -0.1075982929,                 0
          0,           0,          13,       0.779357742,      0.7663405389,      -5.632999954,      -5.651115443,      -6.173998614,      -6.177516847,      -5.652914861,                         3,      -1.719906172,   0.0002016160667,      0.3378994091,       4.072236567,       9.899657997,       9.886131051,      0.0039269908,      0.2010770342,   -0.009370493823,   -0.009490591745,    0.006353933459,      0.1033442989,     -0.1156404373,      0.2010770342,   -0.009490591745,   -0.009370493823,      -0.046601512,     -0.1486464327,     -0.2274874646,     -0.1765996064,     -0.1810149303,     -0.2401422262,     0.07845319564,    1.50319454e-05,     0.08738503871,     0.03522376794,     -0.0012690721,    0.001385172488,   -0.009486594211,                 0,  -0.0001139153364,    -0.00344756131,   -0.005929115098,                 0,  -2.439622116e-05,   4.260376137e-05,    0.006335725918,                 0,    0.001881171738,    0.004793328531,     0.09425545895,    0.002414339706,   0.0001404576234,    -0.06100418552,    -0.05600537507,     0.00122866562,     0.07845319564,    1.50319454e-05,     0.08738503871,     0.03522376794,  -0.0001139153364,    -0.00344756131,   -0.005929115098,                 0,     -0.0012690721,    0.001385172488,   -0.009486594211,                 0,    -0.01617616835,       92.14858433,     -0.1085608515,                 0
          0,           0,          14,       0.843156226,      0.7714615847,      -5.696031883,       -5.72280147,      -6.226819205,       -6.22971423,      -5.709191748,                         3,      -1.664361073,    0.000211740462,      0.3547908632,       4.275848395,        10.3946409,        10.3804376,      0.0039269908,      0.1976067293,   -0.009713473194,   -0.009948490396,     0.00620276112,      0.1047701944,     -0.1184126451,      0.1976067293,   -0.009948490396,   -0.009713473194,      -0.049155579,     -0.2116783615,     -0.2991734917,     -0.2294201979,     -0.2332123132,     -0.2964191137,     0.07864594423,   2.003541914e-05,     0.08739857395,     0.03154217573,   -0.001327321198,    0.001164099416,   -0.009550251412,                 0,  -0.0001717693307,   -0.003774412051,   -0.006002309014,                 0,  -2.442592814e-05,   4.216194014e-05,    0.006185025108,                 0,    0.001992810609,    0.005508283819,     0.09485344456,    0.002415655425,    2.03022795e-05,    -0.06287950319,    -0.05672502737,    0.001171583149,     0.07864594423,   2.003541914e-05,     0.08739857395,     0.03154217573,  -0.0001717693307,   -0.003774412051,   -0.006002309014,                 0,   -0.001327321198,    0.001164099416,   -0.009550251412,                 0,     -0.0168771729,       58.10207452,      -0.109272394,                 0
          0,           0,          15,       0.709297487,      0.7675763286,      -5.767597319,      -5.799248645,       -6.27479682,       -6.27849157,      -5.771513456,                         3,      -1.636165869,   0.0002223594036,      0.3725417725,       4.489640815,       10.91437294,       10.89945948,      0.0039269908,      0.1943974338,    -0.01010764198,    -0.01013094396,     0.00610279852,      0.1065810976,     -0.1196633641,      0.1943974338,    -0.01013094396,    -0.01010764198,    -0.05199472948,     -0.2832437978,     -0.3756206673,     -0.2773978123,     -0.2819896534,      -0.358740821,     0.07875542906,   2.258910452e-05,      0.0874531506,     0.02816626507,   -0.001384750329,   0.0008629419538,   -0.009585833609,                 0,  -0.0001942999773,   -0.003854827422,   -0.006081816564,                 0,  -2.437741411e-05,   4.189667163e-05,    0.006085279263,                 0,      0.0021083454,    0.006983867444,     0.09518700019,    0.002301884609,  -1.876336516e-05,     -0.0632785022,     -0.0575063989,    0.001140300384,     0.07875542906,   2.258910452e-05,      0.0874531506,     0.02816626507,  -0.0001942999773,   -0.003854827422,   -0.006081816564,                 0,   -0.001384750329,   0.0008629419538,   -0.009585833609,                 0,    -0.01758291899,       38.20168936,     -0.1096110722,                 0
          0,           0,          16,       0.747383647,      0.7663885238,      -5.834482404,      -5.871447478,      -6.317702707,       -6.32224662,       -5.83232739,                         3,      -1.640804654,   0.0002335018435,      0.3911906343,       4.714122856,       11.46009159,       11.44443246,      0.0039269908,      0.1915804421,    -0.01038147901,    -0.01009948914,    0.006067666758,      0.1076645112,     -0.1196241428,      0.1915804421,    -0.01009948914,    -0.01038147901,    -0.05418861599,     -0.3501288833,     -0.4478195002,      -0.320303699,      -0.325744703,     -0.4195547556,     0.07881162985,   2.237072938e-05,     0.08749791597,     0.02524852553,   -0.001429350082,   0.0006287583873,   -0.009580887311,                 0,  -0.0001950978414,   -0.003743174338,   -0.006161216961,                 0,  -2.432224893e-05,   4.190162909e-05,    0.006050087378,                 0,     0.00219690185,    0.008193140487,     0.09514054911,    0.002133919795,  -1.083562396e-05,    -0.06245055939,    -0.05828410086,    0.001121353093,     0.07881162985,   2.237072938e-05,     0.08749791597,     0.02524852553,  -0.0001950978414,   -0.003743174338,   -0.006161216961,                 0,   -0.001429350082,   0.0006287583873,   -0.009580887311,                 0,    -0.01813628376,       28.10629804,      -0.109498463,                 0
          0,           0,          17,        0.81352776,      0.7690073703,      -5.888380919,      -5.934946067,      -6.361817562,      -6.366635217,      -5.887559136,                         3,      -1.676867359,   0.0002451937269,      0.4107755669,       4.949828999,       12.03309617,       12.01665408,      0.0039269908,      0.1891804515,    -0.01044976401,   -0.009959709745,    0.006109276659,      0.1074050109,     -0.1188632811,      0.1891804515,   -0.009959709745,    -0.01044976401,    -0.05523701802,      -0.404027398,     -0.5113180886,     -0.3644185543,     -0.3701333003,      -0.474786501,     0.07884561528,   2.036399377e-05,      0.0874968494,     0.02281762285,   -0.001452053832,   0.0005278749737,   -0.009525585152,                 0,  -0.0001875163727,   -0.003536997363,   -0.006235196009,                 0,  -2.427676818e-05,   4.213497843e-05,    0.006091418449,                 0,    0.002238389541,    0.008580384347,     0.09461829748,    0.001967939507,    1.08958759e-05,    -0.06098667265,    -0.05900569539,    0.001118191075,     0.07884561528,   2.036399377e-05,      0.0874968494,     0.02281762285,  -0.0001875163727,   -0.003536997363,   -0.006235196009,                 0,   -0.001452053832,   0.0005278749737,   -0.009525585152,                 0,    -0.01841641829,       25.92197678,     -0.1088677503,                 0
          0,           0,          18,       0.785407853,      0.7698705536,      -5.933182423,      -5.988756954,      -6.409153391,      -6.413749885,      -5.936573309,                         3,      -1.737390977,   0.0002574631069,      0.4313388279,       5.197320449,       12.63475098,       12.61748679,      0.0039269908,      0.1871530547,    -0.01033765772,   -0.009811359463,    0.006219440127,      0.1059465826,     -0.1180160147,      0.1871530547,   -0.009811359463,    -0.01033765772,    -0.05523638252,     -0.4488289019,     -0.5651289759,     -0.4117543832,     -0.4172479681,     -0.5238006742,     0.07887972515,   1.785057701e-05,      0.0874460296,      0.0208094494,     -0.0014570308,   0.0005441687444,   -0.009424795665,                 0,  -0.0001792679002,   -0.003327949957,   -0.006304141605,                 0,  -2.423869776e-05,   4.250875752e-05,    0.006201170067,                 0,    0.002244264842,    0.008208883807,     0.09366128012,    0.001832153853,   2.981081418e-05,     -0.0595036922,    -0.05967500282,    0.001132869491,     0.07887972515,   1.785057701e-05,      0.0874460296,      0.0208094494,  -0.0001792679002,   -0.003327949957,   -0.006304141605,                 0,     -0.0014570308,   0.0005441687444,   -0.009424795665,                 0,    -0.01847155017,       30.48465852,     -0.1077784287,                 0
          0,           0,          19,       0.719723642,       0.767363208,      -5.983533113,      -6.040489707,      -6.462317017,      -6.466846512,      -5.987336696,                         3,      -1.808863128,   0.0002703409706,      0.4529275269,       5.457186471,       13.26648853,       13.24836112,      0.0039269908,      0.1854964807,    -0.01013003451,   -0.009722475972,    0.006368617078,      0.1038422086,     -0.1175419613,      0.1854964807,   -0.009722475972,    -0.01013003451,    -0.05461038653,     -0.4991795922,     -0.6168617286,     -0.4649180097,     -0.4703445948,     -0.5745640612,     0.07892091123,   1.570824028e-05,     0.08736078271,     0.01919907852,   -0.001460602944,   0.0006283796635,    -0.00929781123,                 0,  -0.0001755920735,   -0.003179938542,   -0.006366945357,                 0,  -2.423145892e-05,   4.294773802e-05,    0.006349900799,                 0,    0.002250124816,    0.007411911874,     0.09245014813,    0.001730023775,   3.609265141e-05,    -0.05845796506,    -0.06028334138,    0.001163252461,     0.07892091123,   1.570824028e-05,     0.08736078271,     0.01919907852,  -0.0001755920735,   -0.003179938542,   -0.006366945357,                 0,   -0.001460602944,   0.0006283796635,    -0.00929781123,                 0,    -0.01850717283,       40.00318638,     -0.1064300358,                 0
          0,           0,          20,       0.697792696,      0.7640503265,      -6.051611585,      -6.100706633,       -6.52897854,      -6.533361922,      -6.049953822,                         3,      -1.879685903,   0.0002838582947,      0.4755930774,       5.730045795,       13.92981295,       13.91077918,      0.0039269908,      0.1842033102,    -0.00990266916,   -0.009696258788,    0.006528661062,      0.1016308389,     -0.1174620637,      0.1842033102,   -0.009696258788,    -0.00990266916,    -0.05375945279,     -0.5672580642,     -0.6770786553,     -0.5315795323,     -0.5368600046,      -0.637181187,     0.07896357184,   1.421645936e-05,     0.08725997452,     0.01796554741,   -0.001469463269,   0.0007341881645,   -0.009167394055,                 0,  -0.0001750594729,   -0.003107194831,   -0.006414004484,                 0,  -2.424509972e-05,   4.338908801e-05,    0.006509517073,                 0,    0.002269288046,    0.006500754988,     0.09120075743,     0.00166003841,   3.479308323e-05,    -0.05795360949,    -0.06074062498,    0.001197377667,     0.07896357184,   1.421645936e-05,     0.08725997452,     0.01796554741,  -0.0001750594729,   -0.003107194831,   -0.006414004484,                 0,   -0.001469463269,   0.0007341881645,   -0.009167394055,                 0,    -0.01860938195,       51.64353132,     -0.1050584086,                 0
          0,           0,          21,       0.744987423,      0.7631838309,      -6.141035264,      -6.175183826,      -6.617541633,      -6.621544869,      -6.129235192,                         2,      -1.357798823,   0.0002980476511,      0.4993901523,       6.016548084,        14.6263036,       14.60631814,      0.0039269908,      0.1832363747,   -0.009716710383,   -0.009707409593,    0.006665280731,     0.09982274055,     -0.1175718037,      0.1832363747,   -0.009707409593,   -0.009716710383,    -0.05302828328,     -0.6566817427,     -0.7515558479,     -0.6201426256,     -0.6250429517,     -0.7164625573,     0.07900295232,   1.363351908e-05,     0.08716280165,     0.01705698717,   -0.001479549877,   0.0008192605227,   -0.009056421028,                 0,  -0.0001748652655,   -0.003102109136,   -0.006430435191,                 0,  -2.426247176e-05,   4.377879104e-05,    0.006645764411,                 0,    0.002292541273,    0.005785876915,     0.09013293314,    0.001611389223,   3.350508549e-05,    -0.05792882802,    -0.06090447399,    0.001227993243,     0.07900295232,   1.363351908e-05,     0.08716280165,     0.01705698717,  -0.0001748652655,   -0.003102109136,   -0.006430435191,                 0,   -0.001479549877,   0.0008192605227,   -0.009056421028,                 0,    -0.01872777958,       60.09164015,     -0.1039023627,                 0
          0,           0,          22,       0.686128452,       0.759833597,      -6.252775364,      -6.268210041,        -6.7367001,      -6.741254826,        -6.2280927,                         2,      -1.401223061,   0.0003129439685,      0.5243764315,       6.317375488,       15.35761878,       15.33663405,      0.0039269908,      0.1825120476,   -0.009583433754,   -0.009718191772,    0.006761325364,     0.09852901935,     -0.1176493943,      0.1825120476,   -0.009718191772,   -0.009583433754,    -0.05250849947,     -0.7684218424,     -0.8445820625,     -0.7393010924,     -0.7447529091,     -0.8153200654,     0.07903540303,   1.343589226e-05,     0.08707183731,     0.01639137135,   -0.001485149212,   0.0008771889495,   -0.008975473492,                 0,  -0.0001737130906,   -0.003123962053,   -0.006420516628,                 0,  -2.426867137e-05,   4.405888604e-05,    0.006741535149,                 0,    0.002306946596,    0.005295369702,     0.08935014749,    0.001576555561,   3.566940817e-05,    -0.05812137093,    -0.06081556743,    0.001251874695,     0.07903540303,   1.343589226e-05,     0.08707183731,     0.01639137135,  -0.0001737130906,   -0.003123962053,   -0.006420516628,                 0,   -0.001485149212,   0.0008771889495,   -0.008975473492,                 0,    -0.01879093615,       65.28698897,     -0.1030812461,                 0
          0,           0,          23,       0.729703503,      0.7585781764,      -6.383682436,       -6.38062038,       -6.88348835,      -6.887732578,      -6.346307436,                         2,      -1.415363346,   0.0003285857634,      0.5506105728,       6.633244263,       16.12549972,       16.10346575,      0.0039269908,      0.1819801285,   -0.009508685593,   -0.009710926342,    0.006800981593,     0.09780653371,     -0.1175719179,      0.1819801285,   -0.009710926342,   -0.009508685593,    -0.05225123023,     -0.8993289152,     -0.9569924017,     -0.8860893428,     -0.8912306607,     -0.9335348012,     0.07905971102,    1.34384592e-05,     0.08698675466,      0.0159202244,   -0.001487019159,   0.0009073850728,   -0.008929051507,                 0,  -0.0001715003571,   -0.003145010839,   -0.006394415147,                 0,  -2.427077034e-05,   4.420878746e-05,    0.006781043576,                 0,    0.002313069261,    0.005043062747,     0.08889777147,    0.001552630232,   4.126715163e-05,    -0.05831148102,    -0.06056995088,    0.001268246822,     0.07905971102,    1.34384592e-05,     0.08698675466,      0.0159202244,  -0.0001715003571,   -0.003145010839,   -0.006394415147,                 0,   -0.001487019159,   0.0009073850728,   -0.008929051507,                 0,    -0.01880881096,       67.52151117,     -0.1026484037,                 0
          0,           0,          24,       0.714324433,      0.7568080267,      -6.532650259,      -6.513876011,      -7.050051583,      -7.054695643,      -6.484098696,                         2,      -1.385190171,   0.0003450212407,      0.5781540075,       6.964906476,        16.9317747,       16.90863904,      0.0039269908,      0.1816020946,   -0.009481975785,    -0.00969477995,     0.00678541845,     0.09755101003,     -0.1174188524,      0.1816020946,    -0.00969477995,   -0.009481975785,    -0.05221292082,      -1.048296738,      -1.090248033,      -1.052652575,      -1.058193726,      -1.071326061,     0.07907521298,   1.363432355e-05,     0.08690763887,      0.0156056084,   -0.001487403559,   0.0009173918299,   -0.008911964056,                 0,  -0.0001690857224,   -0.003159769456,   -0.006365924772,                 0,  -2.427455001e-05,   4.421943009e-05,     0.00676547357,                 0,    0.002314902337,    0.004970195748,     0.08872784235,    0.001538069595,   4.775245399e-05,    -0.05844544553,    -0.06029903724,    0.001277877874,     0.07907521298,   1.363432355e-05,     0.08690763887,      0.0156056084,  -0.0001690857224,   -0.003159769456,   -0.006365924772,                 0,   -0.001487403559,   0.0009173918299,   -0.008911964056,                 0,    -0.01880998486,       67.28546718,     -0.1025452328,                 0
          0,           0,          25,       0.667349535,      0.7533673155,      -6.695894705,      -6.663663659,      -7.220568639,      -7.227060382,       -6.63556171,                         2,      -1.321143397,   0.0003622828442,       0.607072023,         7.3131518,       17.77836344,       17.75407099,      0.0039269908,      0.1813457321,   -0.009485294098,    -0.00968134552,    0.006729798599,      0.0975861992,      -0.117288495,      0.1813457321,    -0.00968134552,   -0.009485294098,    -0.05230503077,      -1.211541184,      -1.240035681,      -1.223169631,      -1.230558465,      -1.222789075,     0.07908308382,   1.404304475e-05,     0.08683611909,     0.01541248615,   -0.001487631486,   0.0009157414383,    -0.00891340405,                 0,  -0.0001671223875,     -0.0031697731,   -0.006344450033,                 0,  -2.428004556e-05,   4.410675804e-05,    0.006709971887,                 0,    0.002315329869,    0.005002928001,     0.08873768772,    0.001530253608,    5.31306998e-05,    -0.05852996672,    -0.06009323519,    0.001281576191,     0.07908308382,   1.404304475e-05,     0.08683611909,     0.01541248615,  -0.0001671223875,     -0.0031697731,   -0.006344450033,                 0,   -0.001487631486,   0.0009157414383,    -0.00891340405,                 0,     -0.0188109949,       65.20960765,     -0.1026462737,                 0
          0,           0,          26,       0.748891265,      0.7532015358,      -6.861508898,      -6.815989883,      -7.377734638,      -7.388121435,       -6.78475267,                         3,      -1.683968563,   0.0003803997874,       0.637433464,        7.67880939,       18.66728161,       18.64177454,      0.0039269908,      0.1812054035,   -0.009499035238,   -0.009675892266,    0.006653417636,     0.09772620792,     -0.1172380751,      0.1812054035,   -0.009675892266,   -0.009499035238,    -0.05242136855,      -1.377155377,      -1.392361905,      -1.380335631,      -1.391619518,      -1.371980035,     0.07908527407,   1.453472992e-05,      0.0867729374,     0.01533265728,   -0.001488353414,   0.0009114703237,   -0.008922152148,                 0,  -0.0001658639657,   -0.003171635997,   -0.006338392303,                 0,  -2.428484406e-05,   4.390930572e-05,    0.006633793174,                 0,    0.002316306346,    0.005062850305,     0.08882018312,    0.001526868148,    5.65561821e-05,    -0.05854151537,    -0.06003375963,    0.001280643724,     0.07908527407,   1.453472992e-05,      0.0867729374,     0.01533265728,  -0.0001658639657,   -0.003171635997,   -0.006338392303,                 0,   -0.001488353414,   0.0009114703237,   -0.008922152148,                 0,     -0.0188196024,       62.70982185,     -0.1028218292,                 0
          0,           0,          27,       0.806401736,       0.755101543,      -7.016180378,      -6.957799157,        -7.5124639,      -7.527051365,      -6.918147206,                         3,      -1.633094495,   0.0003994189824,        0.66931073,       8.062749859,       19.60064569,       19.57386326,      0.0039269908,      0.1811439048,   -0.009513213249,   -0.009675852114,    0.006581796303,     0.09786824082,     -0.1172295663,      0.1811439048,   -0.009675852114,   -0.009513213249,    -0.05251743501,      -1.531826857,      -1.534171179,      -1.515064892,      -1.530549448,      -1.505374572,     0.07908424472,   1.518769194e-05,     0.08672415544,     0.01532031696,   -0.001489707582,    0.000906644379,   -0.008930150046,                 0,  -0.0001651166887,   -0.003173724182,   -0.006337011243,                 0,  -2.428793626e-05,   4.371532876e-05,     0.00656236891,                 0,    0.002318701651,    0.005127272099,     0.08889665232,    0.001525614747,   5.850744319e-05,    -0.05854658206,     -0.0600195576,    0.001278065916,     0.07908424472,   1.518769194e-05,     0.08672415544,     0.01532031696,  -0.0001651166887,   -0.003173724182,   -0.006337011243,                 0,   -0.001489707582,    0.000906644379,   -0.008930150046,                 0,    -0.01883697046,       59.69599481,     -0.1029718883,                 0
          0,           0,          28,       0.766750856,      0.7555032434,      -7.155425892,      -7.082854291,      -7.639574143,      -7.660382675,      -7.032683295,                         3,      -1.603151909,   0.0004193882904,      0.7027802582,       8.465887352,       20.58067798,       20.55255643,      0.0039269908,      0.1811160551,   -0.009523558627,   -0.009678372611,    0.006526407225,     0.09796987618,      -0.117239954,      0.1811160551,   -0.009678372611,   -0.009523558627,    -0.05258263062,      -1.671072371,      -1.659226313,      -1.642175135,      -1.663880758,       -1.61991066,     0.07908176121,   1.586757503e-05,     0.08668966532,     0.01532876104,   -0.001491338421,   0.0009036604889,   -0.008935880695,                 0,  -0.0001646852952,   -0.003177140017,   -0.006336547298,                 0,  -2.428928834e-05,   4.356141732e-05,    0.006507135096,                 0,    0.002321925141,     0.00517179692,     0.08895189182,    0.001524262301,   5.956985632e-05,    -0.05856114131,    -0.06001455609,    0.001276173567,     0.07908176121,   1.586757503e-05,     0.08668966532,     0.01532876104,  -0.0001646852952,   -0.003177140017,   -0.006336547298,                 0,   -0.001491338421,   0.0009036604889,   -0.008935880695,                 0,    -0.01885818422,       56.95013176,     -0.1030789617,                 0
          0,           0,          29,       0.707700342,      0.7539098134,      -7.285832874,      -7.186170706,      -7.768870078,      -7.793223471,      -7.126243983,                         3,      -1.591225352,   0.0004403565189,      0.7379219556,        8.88918172,       21.60971188,       21.58018425,      0.0039269908,      0.1810948889,   -0.009530447835,   -0.009681059403,    0.006489349065,     0.09803520491,     -0.1172540451,      0.1810948889,   -0.009681059403,   -0.009530447835,    -0.05262681843,      -1.801479353,      -1.762542728,       -1.77147107,      -1.796721554,      -1.713471348,     0.07907906812,   1.645728941e-05,     0.08666744246,     0.01533192099,   -0.001492891104,   0.0009026631309,   -0.008940219862,                 0,  -0.0001644453822,   -0.003179576404,   -0.006337037616,                 0,  -2.428946783e-05,   4.345614927e-05,    0.006470182383,                 0,    0.002325156402,    0.005193910194,     0.08899424416,    0.001521894156,   6.012170778e-05,    -0.05857043788,    -0.06001909997,    0.001275371055,     0.07907906812,   1.645728941e-05,     0.08666744246,     0.01533192099,  -0.0001644453822,   -0.003179576404,   -0.006337037616,                 0,   -0.001492891104,   0.0009026631309,   -0.008940219862,                 0,    -0.01887846101,       54.84883375,     -0.1031554596,                 0
          0,           0,          30,        0.69537972,      0.7520217458,      -7.420822844,      -7.272352983,      -7.905060971,      -7.929868217,      -7.204837881,                         3,      -1.579215804,   0.0004623736109,      0.7748198583,       9.333640806,       22.69019747,       22.65919346,      0.0039269908,      0.1810689944,   -0.009535066223,   -0.009685255677,    0.006467263306,     0.09807588168,     -0.1172879011,      0.1810689944,   -0.009685255677,   -0.009535066223,    -0.05265985077,      -1.936469323,      -1.848725005,      -1.907661964,        -1.9333663,      -1.792065247,     0.07907679774,   1.691890515e-05,     0.08665394856,     0.01532132915,   -0.001494173692,   0.0009027037211,   -0.008943596251,                 0,  -0.0001643088312,   -0.003180877111,   -0.006340069736,                 0,  -2.428913458e-05,   4.339396153e-05,    0.006448158479,                 0,    0.002327857019,    0.005201674667,     0.08902752883,    0.001518821167,   6.041019142e-05,      -0.058574819,    -0.06004841475,    0.001274922414,     0.07907679774,   1.691890515e-05,     0.08665394856,     0.01532132915,  -0.0001643088312,   -0.003180877111,   -0.006340069736,                 0,   -0.001494173692,   0.0009027037211,   -0.008943596251,                 0,    -0.01889522255,        53.3547362,     -0.1032104872,                 0
          0,           0,          31,       0.741226785,      0.7516844033,      -7.566221539,      -7.347077504,      -8.051064789,      -8.074642489,      -7.274884746,                         3,      -1.565025496,    0.000485491874,      0.8135619907,       9.800322846,       23.82470734,       23.79215313,      0.0039269908,      0.1810361999,   -0.009538640792,   -0.009691960106,    0.006455776741,     0.09810491532,     -0.1173502581,      0.1810361999,   -0.009691960106,   -0.009538640792,    -0.05268913509,      -2.081868017,      -1.923449526,      -2.053665782,      -2.078140572,      -1.862112111,     0.07907513905,   1.725772706e-05,     0.08664615756,     0.01529764556,   -0.001495138845,   0.0009027214417,   -0.008946223389,                 0,  -0.0001642113207,   -0.003181958549,   -0.006345790237,                 0,  -2.428870141e-05,   4.336322975e-05,    0.006436702213,                 0,    0.002329854579,    0.005205458917,     0.08905350283,    0.001516098989,   6.060344513e-05,    -0.05858170193,    -0.06010382646,    0.001274666821,     0.07907513905,   1.725772706e-05,     0.08664615756,     0.01529764556,  -0.0001642113207,   -0.003181958549,   -0.006345790237,                 0,   -0.001495138845,   0.0009027214417,   -0.008946223389,                 0,    -0.01890782441,       52.30824655,      -0.103250088,                 0
          0,           0,          32,       0.769414955,      0.7522216928,       -7.71585538,      -7.422575589,      -8.205216906,       -8.22391147,      -7.348609525,                         3,      -1.560647292,   0.0005097662689,      0.8542406602,       10.29033899,       25.01594271,       24.98176079,      0.0039269908,      0.1809974577,   -0.009541565733,   -0.009700193187,    0.006450528258,     0.09812713136,     -0.1174299356,      0.1809974577,   -0.009700193187,   -0.009541565733,    -0.05271657324,      -2.231501858,      -1.998947611,      -2.207817899,      -2.227409553,       -1.93583689,     0.07907398311,   1.749967799e-05,     0.08664179183,     0.01526418307,   -0.001495858229,   0.0009024730789,   -0.008948180583,                 0,  -0.0001641158091,   -0.003183208978,   -0.006352868399,                 0,  -2.428838416e-05,   4.335092897e-05,    0.006431465713,                 0,    0.002331298997,    0.005209088715,     0.08907281938,     0.00151392427,   6.079526288e-05,    -0.05859291165,    -0.06017247455,     0.00127465535,     0.07907398311,   1.749967799e-05,     0.08664179183,     0.01526418307,  -0.0001641158091,   -0.003183208978,   -0.006352868399,                 0,   -0.001495858229,   0.0009024730789,   -0.008948180583,                 0,    -0.01891719843,       51.57083916,       -0.10327788,                 0
          0,           0,          33,       0.751243902,      0.7521929342,       -7.83781936,      -7.503596767,      -8.337644665,      -8.347094628,      -7.430200149,                         3,      -1.575141608,   0.0005352545498,      0.8969528293,       10.80485594,       26.26673985,       26.23084883,      0.0039269908,       0.180954109,   -0.009543715579,   -0.009708204085,    0.006448755753,     0.09814197989,      -0.117508918,       0.180954109,   -0.009708204085,   -0.009543715579,    -0.05274108242,      -2.353465839,      -2.079968789,      -2.340245657,      -2.350592711,      -2.017427515,     0.07907314759,   1.766672305e-05,     0.08663941051,     0.01522388422,   -0.001496419139,   0.0009020616569,   -0.008949358098,                 0,  -0.0001640108561,   -0.003184552772,   -0.006359640457,                 0,   -2.42882335e-05,   4.334839415e-05,    0.006429695592,                 0,    0.002332400591,    0.005213217083,     0.08908439858,    0.001511963641,   6.101664914e-05,    -0.05860635917,    -0.06023833988,    0.001274764372,     0.07907314759,   1.766672305e-05,     0.08663941051,     0.01522388422,  -0.0001640108561,   -0.003184552772,   -0.006359640457,                 0,   -0.001496419139,   0.0009020616569,   -0.008949358098,                 0,    -0.01892449187,       51.05993083,     -0.1032943097,                 0
          0,           0,          34,       0.818754334,      0.7540946885,      -7.903034197,       -7.59169351,      -8.406149288,      -8.412053926,      -7.520470176,                         3,      -1.596722934,   0.0005620173379,      0.9418002993,       11.34509873,       27.58007684,       27.54239127,      0.0039269908,      0.1809088288,   -0.009545243714,   -0.009714541838,    0.006448700293,      0.0981514594,     -0.1175722677,      0.1809088288,   -0.009714541838,   -0.009545243714,    -0.05276273014,      -2.418680676,      -2.168065532,       -2.40875028,      -2.415552009,      -2.107697541,     0.07907249836,   1.777643354e-05,     0.08663812363,     0.01518043037,   -0.001496870932,   0.0009015360175,     -0.0089499088,                 0,  -0.0001639020319,   -0.003185747579,   -0.006364892227,                 0,  -2.428820359e-05,   4.335039542e-05,    0.006429638101,                 0,     0.00233328386,     0.00521841524,      0.0890897567,    0.001510003597,   6.125673207e-05,    -0.05861888129,    -0.06028963365,    0.001274990491,     0.07907249836,   1.777643354e-05,     0.08663812363,     0.01518043037,  -0.0001639020319,   -0.003185747579,   -0.006364892227,                 0,   -0.001496870932,   0.0009015360175,     -0.0089499088,                 0,     -0.0189303609,       50.71523574,     -0.1033022003,                 0
          0,           0,          35,       0.745726692,      0.7538622441,      -7.933597123,      -7.686228466,      -8.430220714,       -8.44177886,      -7.618088405,                         3,      -1.609189509,   0.0005901182892,      0.9888900036,       11.91235367,       28.95908068,       28.91951084,      0.0039269908,      0.1808644953,   -0.009546310209,   -0.009718830643,    0.006449328819,     0.09815731589,     -0.1176157407,      0.1808644953,   -0.009718830643,   -0.009546310209,    -0.05278155999,      -2.449243602,      -2.262600488,      -2.432821707,      -2.445276943,      -2.205315771,     0.07907196453,   1.784458062e-05,     0.08663739193,     0.01513729426,   -0.001497235241,   0.0009010064062,   -0.008950081373,                 0,  -0.0001638002259,   -0.003186647373,   -0.006368383043,                 0,  -2.428823014e-05,   4.335392749e-05,    0.006430263121,                 0,    0.002333999025,    0.005223892023,     0.08909136139,    0.001508063449,   6.148865282e-05,    -0.05862861815,     -0.0603239261,    0.001275314879,     0.07907196453,   1.784458062e-05,     0.08663739193,     0.01513729426,  -0.0001638002259,   -0.003186647373,   -0.006368383043,                 0,   -0.001497235241,   0.0009010064062,   -0.008950081373,                 0,    -0.01893509603,       50.49187905,     -0.1033050646,                 0
          0,           0,          36,       0.795639383,       0.754991356,      -7.965758871,      -7.784260842,      -8.456242217,      -8.475094924,      -7.719584855,                         3,      -1.622278627,   0.0006196242695,       1.038334185,       12.50797136,       30.40703471,       30.36548638,      0.0039269908,      0.1808245242,    -0.00954714269,   -0.009721356353,    0.006450074105,     0.09816177836,     -0.1176417878,      0.1808245242,   -0.009721356353,    -0.00954714269,    -0.05279783112,       -2.48140535,      -2.360632864,      -2.458843209,      -2.478593007,       -2.30681222,     0.07907152726,   1.788382634e-05,     0.08663694199,     0.01509817111,   -0.001497517491,   0.0009004743864,   -0.008950099585,                 0,  -0.0001637140448,   -0.003187257064,   -0.006370385244,                 0,   -2.42882476e-05,   4.335753992e-05,    0.006431004812,                 0,    0.002334554922,    0.005229509229,      0.0890914275,    0.001506286709,    6.16891411e-05,    -0.05863541797,    -0.06034374679,    0.001275687847,     0.07907152726,   1.788382634e-05,     0.08663694199,     0.01509817111,  -0.0001637140448,   -0.003187257064,   -0.006370385244,                 0,   -0.001497517491,   0.0009004743864,   -0.008950099585,                 0,    -0.01893877029,       50.35132691,     -0.1033058114,                 0
          0,           0,          37,       0.873551058,      0.7581113482,      -8.020614993,       -7.89036461,      -8.508138894,      -8.532588852,      -7.829273712,                         3,      -1.643414441,   0.0006506055133,       1.090250646,       13.13336992,       31.92738645,        31.8837607,      0.0039269908,      0.1807911118,    -0.00954794038,   -0.009722628849,    0.006450696093,     0.09816667006,     -0.1176552572,      0.1807911118,   -0.009722628849,    -0.00954794038,    -0.05281200103,      -2.536261472,      -2.466736632,      -2.510739887,      -2.536086935,      -2.416501077,      0.0790711806,   1.790474631e-05,     0.08663663066,     0.01506539575,   -0.001497727256,   0.0008998860213,   -0.008950099145,                 0,  -0.0001636464607,   -0.003187585346,   -0.006371397043,                 0,  -2.428823337e-05,   4.336001845e-05,    0.006431624308,                 0,    0.002334968179,    0.005235629884,     0.08909130676,    0.001504765233,   6.184772989e-05,    -0.05863929294,    -0.06035387255,     0.00127606058,      0.0790711806,   1.790474631e-05,     0.08663663066,     0.01506539575,  -0.0001636464607,   -0.003187585346,   -0.006371397043,                 0,   -0.001497727256,   0.0008998860213,   -0.008950099145,                 0,    -0.01894150617,        50.2596354,     -0.1033061775,                 0
          0,           0,          38,       0.713497298,      0.7569673982,       -8.10063879,      -8.005680532,      -8.588624763,      -8.616467511,      -7.948227034,                         3,      -1.675637194,   0.0006831357829,       1.144763034,       13.79003842,       33.52375577,       33.47794873,      0.0039269908,       0.180764932,   -0.009548792045,   -0.009723151683,    0.006451140766,     0.09817272466,      -0.117661062,       0.180764932,   -0.009723151683,   -0.009548792045,    -0.05282436112,      -2.616285269,      -2.582052554,      -2.591225756,      -2.619965594,      -2.535454399,     0.07907091875,   1.791485689e-05,      0.0866363994,     0.01503969897,   -0.001497877302,   0.0008992236946,   -0.008950138437,                 0,  -0.0001635954581,   -0.003187730118,   -0.006371826107,                 0,  -2.428819025e-05,   4.336112433e-05,    0.006432067832,                 0,    0.002335263892,    0.005242359886,     0.08909159004,    0.001503510849,   6.196742681e-05,    -0.05864119838,    -0.06035824264,    0.001276411566,     0.07907091875,   1.791485689e-05,      0.0866363994,     0.01503969897,  -0.0001635954581,   -0.003187730118,   -0.006371826107,                 0,   -0.001497877302,   0.0008992236946,   -0.008950138437,                 0,    -0.01894346652,       50.19429963,     -0.1033069068,                 0
          0,           0,          39,       0.671933498,      0.7548415506,      -8.204366094,      -8.132032054,      -8.695854106,      -8.724876193,      -8.078259169,                         3,      -1.717817594,   0.0007172925333,       1.202001137,       14.47954034,       35.19994356,       35.15184617,      0.0039269908,      0.1807456193,   -0.009549659405,   -0.009723289022,    0.006451401153,     0.09817947033,     -0.1176628171,      0.1807456193,   -0.009723289022,   -0.009549659405,     -0.0528348042,      -2.720012573,      -2.708404076,      -2.698455099,      -2.728374276,      -2.665486534,     0.07907073185,   1.791914517e-05,     0.08663622307,     0.01502074521,   -0.001497980321,   0.0008985317677,   -0.008950210852,                 0,  -0.0001635580845,   -0.003187776624,   -0.006371954314,                 0,   -2.42881335e-05,   4.336109736e-05,    0.006432328189,                 0,    0.002335467939,    0.005249285528,      0.0890922209,    0.001502495962,   6.205523385e-05,    -0.05864199823,    -0.06035960874,     0.00127673465,     0.07907073185,   1.791914517e-05,     0.08663622307,     0.01502074521,  -0.0001635580845,   -0.003187776624,   -0.006371954314,                 0,   -0.001497980321,   0.0008985317677,   -0.008950210852,                 0,    -0.01894481417,       50.14367367,     -0.1033079529,                 0
          0,           0,          40,       0.739419116,      0.7544653937,      -8.329690221,      -8.271536875,      -8.827150425,      -8.855514353,      -8.221546888,                         3,      -1.768152415,   0.0007531570975,       1.262101222,       15.20351736,       36.95994074,       36.90943848,      0.0039269908,      0.1807320252,   -0.009550473412,   -0.009723271394,    0.006451518365,     0.09818615206,     -0.1176628258,      0.1807320252,   -0.009723271394,   -0.009550473412,    -0.05284328222,      -2.845336699,      -2.847908897,      -2.829751417,      -2.859012436,      -2.808774253,     0.07907060438,   1.792060688e-05,     0.08663608565,     0.01500741454,   -0.001498047658,    0.000897867713,   -0.008950293467,                 0,  -0.0001635322868,   -0.003187784335,   -0.006371954772,                 0,  -2.428807924e-05,   4.336027877e-05,    0.006432446166,                 0,    0.002335602546,    0.005255889024,      0.0890929748,    0.001501685695,   6.211633586e-05,    -0.05864231009,    -0.06035967771,    0.001277045695,     0.07907060438,   1.792060688e-05,     0.08663608565,     0.01500741454,  -0.0001635322868,   -0.003187784335,   -0.006371954772,                 0,   -0.001498047658,    0.000897867713,   -0.008950293467,                 0,    -0.01894569632,       50.10252827,     -0.1033090704,                 0
          0,           0,          41,       0.778562113,      0.7550391251,      -8.472787036,      -8.423687167,      -8.978538478,       -9.00467821,      -8.377734412,                         3,      -1.826708278,   0.0007908148748,        1.32520636,       15.96369322,       38.80793778,        38.7549104,      0.0039269908,      0.1807230361,   -0.009551206526,   -0.009723214272,    0.006451542597,     0.09819241741,     -0.1176622987,      0.1807230361,   -0.009723214272,   -0.009551206526,    -0.05284996718,      -2.988433515,      -3.000059189,      -2.981139471,      -3.008176293,      -2.964961777,     0.07907052285,   1.792086906e-05,     0.08663598219,     0.01499861018,   -0.001498088596,   0.0008972665582,   -0.008950384488,                 0,  -0.0001635148838,   -0.003187788656,   -0.006371910732,                 0,  -2.428803425e-05,   4.335903867e-05,    0.006432471593,                 0,     0.00233568533,    0.005261859283,     0.08909383272,    0.001501040078,   6.215791753e-05,    -0.05864250799,    -0.06035927926,    0.001277330658,     0.07907052285,   1.792086906e-05,     0.08663598219,     0.01499861018,  -0.0001635148838,   -0.003187788656,   -0.006371910732,                 0,   -0.001498088596,   0.0008972665582,   -0.008950384488,                 0,    -0.01894623359,       50.06825032,     -0.1033102443,                 0
          0,           0,          42,       0.704792508,      0.7538705991,       -8.63177649,      -8.590131897,      -9.148849365,      -9.171269508,      -8.548873773,                         3,      -1.889507446,   0.0008303555331,       1.391466776,       16.76187789,       40.74833466,       40.69265592,      0.0039269908,      0.1807174519,   -0.009551844595,   -0.009723163744,    0.006451513591,     0.09819804115,     -0.1176617522,      0.1807174519,   -0.009723163744,   -0.009551844595,    -0.05285513099,      -3.147422969,      -3.166503919,      -3.151450358,      -3.174767591,      -3.136101138,     0.07907047501,   1.792074122e-05,     0.08663590788,     0.01499314832,   -0.001498111068,   0.0008967445815,   -0.008950478108,                 0,  -0.0001635036399,   -0.003187797252,   -0.006371862853,                 0,  -2.428800108e-05,   4.335761799e-05,    0.006432443975,                 0,    0.002335731429,    0.005267048048,     0.08909473283,    0.001500528843,   6.218506338e-05,    -0.05864268942,    -0.06035882562,    0.001277577821,     0.07907047501,   1.792074122e-05,     0.08663590788,     0.01499314832,  -0.0001635036399,   -0.003187797252,   -0.006371862853,                 0,   -0.001498111068,   0.0008967445815,   -0.008950478108,                 0,    -0.01894652926,       50.03948054,     -0.1033114136,                 0
          0,           0,          43,       0.725983136,      0.7532367932,      -8.801177465,      -8.767644796,      -9.334160682,      -9.351392299,      -8.732334082,                         3,      -1.956037761,   0.0008718732233,       1.461040212,       17.59997178,        42.7857514,       42.72728872,      0.0039269908,      0.1807142421,   -0.009552390951,   -0.009723135775,    0.006451458653,     0.09820297952,     -0.1176613836,      0.1807142421,   -0.009723135775,   -0.009552390951,    -0.05285909311,      -3.316823943,      -3.344016818,      -3.336761674,      -3.354890382,      -3.319561447,     0.07907045036,   1.792057079e-05,     0.08663585714,     0.01499001403,   -0.001498121408,   0.0008962994557,   -0.008950568999,                 0,  -0.0001634968731,   -0.003187812411,   -0.006371826492,                 0,  -2.428797769e-05,   4.335615976e-05,    0.006432390471,                 0,    0.002335753193,    0.005271477011,     0.08909561737,     0.00150013195,   6.220163371e-05,    -0.05864289461,    -0.06035847682,    0.001277786192,     0.07907045036,   1.792057079e-05,     0.08663585714,     0.01499001403,  -0.0001634968731,   -0.003187812411,   -0.006371826492,                 0,   -0.001498121408,   0.0008962994557,   -0.008950568999,                 0,    -0.01894666592,        50.0151176,     -0.1033125232,                 0
          0,           0,          44,       0.691673006,       0.751868709,      -8.974653929,      -8.951861762,      -9.530557928,      -9.541403396,      -8.924788097,                         2,      -1.314285054,    0.000915466801,       1.534092306,       18.47997037,       44.92503897,       44.86365315,      0.0039269908,      0.1807126095,   -0.009552857166,   -0.009723124384,    0.006451396985,     0.09820729722,     -0.1176611705,      0.1807126095,   -0.009723124384,   -0.009552857166,    -0.05286215053,      -3.490300408,      -3.528233784,       -3.53315892,      -3.544901479,      -3.512015462,     0.07907044037,   1.792048154e-05,     0.08663582464,     0.01498842399,   -0.001498124292,   0.0008959207657,    -0.00895065364,                 0,  -0.0001634934102,   -0.003187825013,   -0.006371805961,                 0,  -2.428796176e-05,   4.335465282e-05,    0.006432330294,                 0,    0.002335759933,    0.005275251177,     0.08909644827,    0.001499837844,    6.22104601e-05,    -0.05864304563,    -0.06035828051,    0.001277945159,     0.07907044037,   1.792048154e-05,     0.08663582464,     0.01498842399,  -0.0001634934102,   -0.003187825013,   -0.006371805961,                 0,   -0.001498124292,   0.0008959207657,    -0.00895065364,                 0,     -0.0189467048,       49.99423501,     -0.1033135389,                 0
          0,           0,          45,        0.65365075,       0.749733536,      -9.150766419,      -9.140548599,      -9.737244466,      -9.745659032,      -9.123428386,                         2,      -1.349258492,   0.0009612400619,       1.610796994,       19.40396889,       47.17129092,       47.10683581,      0.0039269908,      0.1807120167,   -0.009553249782,   -0.009723125866,    0.006451333837,     0.09821097018,      -0.117661075,      0.1807120167,   -0.009723125866,   -0.009553249782,    -0.05286449655,      -3.666412898,       -3.71692062,      -3.739845459,      -3.749157115,      -3.710655751,     0.07907043957,    1.79204569e-05,     0.08663580487,     0.01498785177,   -0.001498123188,   0.0008956042726,   -0.008950730867,                 0,  -0.0001634921815,   -0.003187840061,   -0.006371793624,                 0,  -2.428795203e-05,   4.335336862e-05,     0.00643226842,                 0,    0.002335758621,    0.005278400051,     0.08909720975,    0.001499601755,   6.221380893e-05,    -0.05864320207,    -0.06035816321,    0.001278076505,     0.07907043957,    1.79204569e-05,     0.08663580487,     0.01498785177,  -0.0001634921815,   -0.003187840061,   -0.006371793624,                 0,   -0.001498123188,   0.0008956042726,   -0.008950730867,                 0,    -0.01894669102,       49.97664277,     -0.1033144539,                 0
          0,           0,          46,       0.732546847,      0.7493678617,      -9.310014525,      -9.313554629,      -9.942396154,      -9.943659645,      -9.312546788,                         2,      -1.412570438,    0.001009301991,       1.691336889,       20.37416733,       49.52985546,        49.4621776,      0.0039269908,      0.1807120452,   -0.009553579221,   -0.009723136966,    0.006451277407,     0.09821410462,     -0.1176610732,      0.1807120452,   -0.009723136966,   -0.009553579221,    -0.05286631121,      -3.825661004,      -3.889926651,      -3.944997146,      -3.947157728,      -3.899774153,     0.07907044412,   1.792051071e-05,     0.08663579343,     0.01498788717,   -0.001498119887,   0.0008953390257,    -0.00895079836,                 0,  -0.0001634921408,   -0.003187854251,   -0.006371790574,                 0,  -2.428794719e-05,   4.335224699e-05,    0.006432213107,                 0,    0.002335752743,    0.005281040442,     0.08909787733,    0.001499434108,   6.221418186e-05,    -0.05864333705,    -0.06035813648,    0.001278186117,     0.07907044412,   1.792051071e-05,     0.08663579343,     0.01498788717,  -0.0001634921408,   -0.003187854251,   -0.006371790574,                 0,   -0.001498119887,   0.0008953390257,    -0.00895079836,                 0,    -0.01894664819,       49.96169138,     -0.1033152466,                 0
          0,           0,          47,       0.685982994,      0.7480473437,      -9.456828463,      -9.479703312,      -10.14949923,      -10.13547694,       -9.50790181,                         2,      -1.479297715,    0.001059767022,       1.775903766,        21.3928757,       52.00634823,       51.93528648,      0.0039269908,       0.180712403,   -0.009553845548,    -0.00972314628,    0.006451234359,     0.09821668418,     -0.1176610617,       0.180712403,    -0.00972314628,   -0.009553845548,     -0.0528676803,      -3.972474941,      -4.056075334,      -4.152100219,      -4.138975019,      -4.095129176,     0.07907045078,   1.792060681e-05,     0.08663578717,     0.01498824442,   -0.001498115641,   0.0008951210477,   -0.008950850955,                 0,  -0.0001634926666,   -0.003187865665,   -0.006371787948,                 0,  -2.428794512e-05,   4.335127046e-05,    0.006432171033,                 0,    0.002335744769,    0.005283213156,     0.08909839846,     0.00149932779,   6.221314379e-05,    -0.05864343852,    -0.06035811294,    0.001278276575,     0.07907045078,   1.792060681e-05,     0.08663578717,     0.01498824442,  -0.0001634926666,   -0.003187865665,   -0.006371787948,                 0,   -0.001498115641,   0.0008951210477,   -0.008950850955,                 0,    -0.01894659289,       49.94925993,     -0.1033158611,                 0
          0,           0,          48,       0.674468074,      0.7465457259,      -9.585680445,      -9.627301354,      -10.35466121,      -10.31725177,       -9.70087149,                         2,      -1.521030123,    0.001112755309,       1.864698978,       22.46251948,       54.60666565,        54.5320508,      0.0039269908,      0.1807128758,   -0.009554056652,   -0.009723161415,    0.006451200233,     0.09821876278,     -0.1176611204,      0.1807128758,   -0.009723161415,   -0.009554056652,    -0.05286871016,      -4.101326924,      -4.203673375,      -4.357262199,      -4.320749855,      -4.288098856,     0.07907045774,   1.792068737e-05,     0.08663578357,     0.01498871379,   -0.001498111335,   0.0008949485651,   -0.008950893882,                 0,  -0.0001634934825,   -0.003187878184,   -0.006371789749,                 0,  -2.428794429e-05,   4.335045982e-05,    0.006432137718,                 0,     0.00233573653,    0.005284933021,     0.08909882438,     0.00149926885,   6.221137515e-05,    -0.05864355134,     -0.0603581323,    0.001278351853,     0.07907045774,   1.792068737e-05,     0.08663578357,     0.01498871379,  -0.0001634934825,   -0.003187878184,   -0.006371789749,                 0,   -0.001498111335,   0.0008949485651,   -0.008950893882,                 0,    -0.01894653677,       49.93941062,     -0.1033163609,                 0
          0,           0,          49,       0.708825284,      0.7457913171,      -9.693404836,      -9.745902106,      -10.54759652,      -10.47953569,      -9.878587701,                         2,      -1.498420085,    0.001168393012,       1.957933942,       23.58564546,       57.33699893,       57.25865335,      0.0039269908,       0.180713407,    -0.00955422319,   -0.009723173785,    0.006451174409,     0.09822042195,     -0.1176611677,       0.180713407,   -0.009723173785,    -0.00955422319,    -0.05286947631,      -4.209051315,      -4.322274128,      -4.550197507,      -4.483033778,      -4.465815066,     0.07907046423,   1.792074275e-05,     0.08663578105,     0.01498924095,   -0.001498107477,   0.0008948108069,    -0.00895092652,                 0,  -0.0001634944589,   -0.003187886544,   -0.006371792782,                 0,  -2.428794436e-05,   4.334981236e-05,    0.006432112541,                 0,    0.002335729098,    0.005286306991,     0.08909914868,    0.001499237181,   6.220920157e-05,    -0.05864362453,    -0.06035816312,    0.001278410766,     0.07907046423,   1.792074275e-05,     0.08663578105,     0.01498924095,  -0.0001634944589,   -0.003187886544,   -0.006371792782,                 0,   -0.001498107477,   0.0008948108069,    -0.00895092652,                 0,    -0.01894648642,       49.93156921,     -0.1033167406,                 0
          0,           0,          50,       0.699315552,      0.7448800276,      -9.781100296,      -9.835952139,      -10.71447463,      -10.61428584,      -10.03364776,                         2,      -1.429261432,    0.001226812598,       2.055830649,       24.76492773,       60.20384888,       60.12158601,      0.0039269908,      0.1807139602,   -0.009554354478,   -0.009723184375,    0.006451155215,     0.09822174434,     -0.1176612081,      0.1807139602,   -0.009723184375,   -0.009554354478,    -0.05287004097,      -4.296746775,      -4.412324161,      -4.717075626,       -4.61778392,      -4.620875122,     0.07907047027,   1.792077188e-05,     0.08663577911,     0.01498978999,   -0.001498104064,   0.0008946999984,   -0.008950950412,                 0,  -0.0001634955383,   -0.003187892452,   -0.006371796385,                 0,  -2.428794519e-05,   4.334929868e-05,    0.006432093861,                 0,    0.002335722495,     0.00528741211,     0.08909938643,    0.001499223306,   6.220678015e-05,    -0.05864367438,    -0.06035819878,    0.001278458308,     0.07907047027,   1.792077188e-05,     0.08663577911,     0.01498978999,  -0.0001634955383,   -0.003187892452,   -0.006371796385,                 0,   -0.001498104064,   0.0008946999984,   -0.008950950412,                 0,    -0.01894644181,        49.9253048,     -0.1033170187,                 0
          0,           0,          51,       0.685097498,      0.7437303635,      -9.851948717,      -9.904372203,      -10.84507281,      -10.72051201,      -10.16374292,                         2,      -1.356110903,     0.00128815316,       2.158622187,       26.00317412,       63.21404132,       63.12766531,      0.0039269908,      0.1807145104,   -0.009554453083,   -0.009723195169,    0.006451140728,     0.09822275947,     -0.1176612551,      0.1807145104,   -0.009723195169,   -0.009554453083,    -0.05287042564,      -4.367595196,      -4.480744225,      -4.847673803,      -4.724010096,      -4.750970281,     0.07907047576,   1.792077618e-05,     0.08663577765,      0.0149903362,    -0.00149810107,   0.0008946162774,   -0.008950968291,                 0,  -0.0001634966153,   -0.003187897815,   -0.006371800739,                 0,  -2.428794655e-05,   4.334890181e-05,    0.006432079773,                 0,    0.002335716674,    0.005288247168,     0.08909956486,    0.001499230764,   6.220432268e-05,    -0.05864371927,    -0.06035824161,    0.001278501469,     0.07907047576,   1.792077618e-05,     0.08663577765,      0.0149903362,  -0.0001634966153,   -0.003187897815,   -0.006371800739,                 0,    -0.00149810107,   0.0008946162774,   -0.008950968291,                 0,    -0.01894640263,        49.9206211,     -0.1033172268,                 0
          0,           0,          52,       0.808921198,      0.7449603793,      -9.908656103,      -9.957721471,      -10.94152091,      -10.80381226,      -10.27223462,                         3,      -1.860834156,    0.001352560751,       2.266553301,       27.30333282,       66.37474338,       66.28404858,      0.0039269908,      0.1807151126,   -0.009554534682,   -0.009723203878,    0.006451127822,     0.09822363265,     -0.1176612768,      0.1807151126,   -0.009723203878,   -0.009554534682,    -0.05287070099,      -4.424302582,      -4.534093492,      -4.944121898,      -4.807310348,      -4.859461982,     0.07907048058,   1.792078046e-05,     0.08663577696,     0.01499093428,   -0.001498098473,   0.0008945482546,   -0.008950984463,                 0,  -0.0001634976063,   -0.003187899389,   -0.006371806882,                 0,  -2.428794826e-05,   4.334861316e-05,    0.006432067157,                 0,    0.002335711597,    0.005288925786,     0.08909972662,    0.001499268649,   6.220205833e-05,    -0.05864372672,    -0.06035830224,    0.001278550144,     0.07907048058,   1.792078046e-05,     0.08663577696,     0.01499093428,  -0.0001634976063,   -0.003187899389,   -0.006371806882,                 0,   -0.001498098473,   0.0008945482546,   -0.008950984463,                 0,    -0.01894636863,       49.91681341,     -0.1033174143,                 0
          0,           0,          53,       0.830199758,      0.7465388863,      -9.954094567,      -10.00036417,       -11.0067846,      -10.86468864,      -10.36086159,                         3,      -1.820290923,    0.001420188724,       2.379880968,       28.66849946,       69.69348055,       69.59825101,      0.0039269908,      0.1807155778,   -0.009554588626,    -0.00972321349,    0.006451120051,     0.09822424632,     -0.1176613119,      0.1807155778,    -0.00972321349,   -0.009554588626,    -0.05287086338,      -4.469741046,      -4.576736195,       -5.00938559,       -4.86818672,      -4.948088954,     0.07907048431,    1.79207593e-05,     0.08663577628,     0.01499139646,   -0.001498096458,   0.0008945019473,   -0.008950994115,                 0,  -0.0001634984715,   -0.003187902415,   -0.006371812604,                 0,  -2.428794991e-05,   4.334836299e-05,    0.006432059638,                 0,    0.002335707611,    0.005289387171,      0.0890998233,    0.001499328238,   6.220001268e-05,    -0.05864375013,    -0.06035835808,    0.001278596289,     0.07907048431,    1.79207593e-05,     0.08663577628,     0.01499139646,  -0.0001634984715,   -0.003187902415,   -0.006371812604,                 0,   -0.001498096458,   0.0008945019473,   -0.008950994115,                 0,    -0.01894634225,       49.91428835,     -0.1033175265,                 0
          0,           0,          54,       0.833390705,      0.7481180103,      -9.988375857,      -10.03286744,      -11.06301574,      -10.91942364,      -10.42957472,                         3,      -1.795369806,    0.001491198097,       2.498875018,       30.10192444,       73.17815458,       73.07816356,      0.0039269908,      0.1807160247,   -0.009554633103,   -0.009723216947,    0.006451114633,     0.09822475693,     -0.1176613054,      0.1807160247,   -0.009723216947,   -0.009554633103,    -0.05287097877,      -4.504022336,      -4.609239464,      -5.065616735,      -4.922921723,      -5.016802085,      0.0790704869,   1.792072733e-05,     0.08663577518,     0.01499184186,   -0.001498095056,   0.0008944634773,   -0.008951001524,                 0,  -0.0001634990371,    -0.00318789891,      -0.006371819,                 0,  -2.428795084e-05,    4.33481601e-05,    0.006432054424,                 0,    0.002335704832,     0.00528977047,     0.08909989765,    0.001499383976,   6.219867413e-05,    -0.05864371099,    -0.06035842047,    0.001278627375,      0.0790704869,   1.792072733e-05,     0.08663577518,     0.01499184186,  -0.0001634990371,    -0.00318789891,      -0.006371819,                 0,   -0.001498095056,   0.0008944634773,   -0.008951001524,                 0,     -0.0189463239,       49.91223073,     -0.1033176134,                 0
          0,           0,          55,       0.835546076,      0.7496792257,      -10.01694952,      -10.06076474,      -11.11067416,      -10.96681872,       -10.4888104,                         3,      -1.785351164,    0.001565757938,       2.623818769,       31.60702066,       76.83706231,       76.73207174,      0.0039269908,      0.1807164555,   -0.009554667627,   -0.009723215659,    0.006451111393,      0.0982251661,      -0.117661261,      0.1807164555,   -0.009723215659,   -0.009554667627,    -0.05287104376,      -4.532596003,      -4.637136759,      -5.113275151,      -4.970316807,      -5.076037762,     0.07907048909,   1.792069474e-05,     0.08663577368,     0.01499227206,   -0.001498094004,   0.0008944324567,   -0.008951006079,                 0,  -0.0001634995674,   -0.003187891624,   -0.006371824467,                 0,  -2.428795191e-05,   4.334800523e-05,     0.00643205134,                 0,    0.002335702775,     0.00529007993,     0.08909994364,    0.001499439748,   6.219746303e-05,    -0.05864363557,    -0.06035847362,    0.001278650753,     0.07907048909,   1.792069474e-05,     0.08663577368,     0.01499227206,  -0.0001634995674,   -0.003187891624,   -0.006371824467,                 0,   -0.001498094004,   0.0008944324567,   -0.008951006079,                 0,    -0.01894631008,       49.91059051,     -0.1033176677,                 0
          0,           0,          56,       0.772160058,      0.7500736263,      -10.04179461,      -10.08538834,      -11.15032453,      -11.00589717,      -10.53980346,                         3,      -1.778057666,    0.001644045769,       2.755009708,       33.18737169,       80.67891543,       80.56867532,      0.0039269908,      0.1807168775,   -0.009554696822,   -0.009723212806,    0.006451108463,     0.09822552053,      -0.117661206,      0.1807168775,   -0.009723212806,   -0.009554696822,    -0.05287108185,      -4.557441092,       -4.66176036,      -5.152925527,      -5.009395255,      -5.127030826,     0.07907049124,   1.792067004e-05,     0.08663577209,     0.01499269347,   -0.001498093082,   0.0008944065754,   -0.008951010315,                 0,  -0.0001635001427,   -0.003187881783,    -0.00637183088,                 0,  -2.428795333e-05,    4.33478721e-05,    0.006432048544,                 0,    0.002335700982,    0.005290338324,     0.08909998639,    0.001499494838,   6.219615827e-05,    -0.05864353454,    -0.06035853618,    0.001278668537,     0.07907049124,   1.792067004e-05,     0.08663577209,     0.01499269347,  -0.0001635001427,   -0.003187881783,    -0.00637183088,                 0,   -0.001498093082,   0.0008944065754,   -0.008951010315,                 0,     -0.0189462979,       49.90921508,     -0.1033177185,                 0
          0,           0,          57,       0.733661802,      0.7497906638,      -10.06334648,      -10.10695446,      -11.18833213,      -11.03874443,       -10.5835091,                         3,      -1.763623548,    0.001726247992,       2.892760193,       34.84674028,        84.7128612,       84.59710909,      0.0039269908,      0.1807172882,   -0.009554721008,     -0.0097232088,    0.006451105645,     0.09822582542,     -0.1176611421,      0.1807172882,     -0.0097232088,   -0.009554721008,    -0.05287109552,      -4.578992963,      -4.683326485,      -5.190933127,      -5.042242516,      -5.170736465,     0.07907049335,   1.792065005e-05,      0.0866357705,     0.01499310372,   -0.001498092226,   0.0008943852831,   -0.008951014065,                 0,  -0.0001635007206,   -0.003187870496,   -0.006371837583,                 0,  -2.428795485e-05,   4.334775654e-05,    0.006432045844,                 0,    0.002335699317,    0.005290551163,     0.08910002429,    0.001499550648,   6.219484869e-05,    -0.05864341883,     -0.0603586017,    0.001278683565,     0.07907049335,   1.792065005e-05,      0.0866357705,     0.01499310372,  -0.0001635007206,   -0.003187870496,   -0.006371837583,                 0,   -0.001498092226,   0.0008943852831,   -0.008951014065,                 0,    -0.01894628657,        49.9080826,     -0.1033177637,                 0
          0,           0,          58,        0.84075809,      0.7513324846,      -10.08233609,        -10.125829,      -11.22363922,      -11.06734409,      -10.61885047,                         3,      -1.745395756,    0.001812560325,       3.037398202,       36.58907729,       88.94850426,       88.82696454,      0.0039269908,      0.1807176838,   -0.009554740456,   -0.009723203777,    0.006451103654,     0.09822608332,     -0.1176610697,      0.1807176838,   -0.009723203777,   -0.009554740456,    -0.05287108741,       -4.59798257,      -4.702201018,      -5.226240215,      -5.070842169,      -5.206077838,     0.07907049538,   1.792063251e-05,     0.08663576888,     0.01499349889,   -0.001498091432,   0.0008943679654,    -0.00895101699,                 0,  -0.0001635012799,   -0.003187858537,   -0.006371843959,                 0,  -2.428795636e-05,   4.334765808e-05,    0.006432043952,                 0,    0.002335697773,    0.005290724398,     0.08910005391,    0.001499607239,   6.219358131e-05,    -0.05864329658,      -0.060358664,    0.001278697332,     0.07907049538,   1.792063251e-05,     0.08663576888,     0.01499349889,  -0.0001635012799,   -0.003187858537,   -0.006371843959,                 0,   -0.001498091432,   0.0008943679654,    -0.00895101699,                 0,    -0.01894627603,       49.90716509,     -0.1033177994,                 0
          0,           0,          59,       0.750826602,      0.7513240532,      -10.09976064,      -10.14307486,      -11.25398384,      -11.09192207,      -10.64692945,                         3,      -1.728844859,    0.001903188274,       3.189268112,       38.41853116,       93.39592947,       93.26831277,      0.0039269908,      0.1807180639,   -0.009554758861,   -0.009723199116,    0.006451100428,     0.09822632907,     -0.1176610019,      0.1807180639,   -0.009723199116,   -0.009554758861,    -0.05287107804,      -4.615407121,      -4.719446885,      -5.256584836,      -5.095420155,      -5.234156811,     0.07907049726,   1.792061736e-05,     0.08663576725,     0.01499387879,   -0.001498090712,   0.0008943526926,   -0.008951020842,                 0,  -0.0001635018107,   -0.003187845896,   -0.006371851409,                 0,  -2.428795782e-05,   4.334757181e-05,    0.006432040814,                 0,    0.002335696375,     0.00529087669,     0.08910009239,    0.001499663612,   6.219237851e-05,    -0.05864316785,    -0.06035873674,     0.00127871029,     0.07907049726,   1.792061736e-05,     0.08663576725,     0.01499387879,  -0.0001635018107,   -0.003187845896,   -0.006371851409,                 0,   -0.001498090712,   0.0008943526926,   -0.008951020842,                 0,    -0.01894626648,       49.90635504,     -0.1033178458,                 0
          0,           0,          60,       0.722851779,      0.7508572946,      -10.11620339,      -10.15937413,       -11.2788934,      -11.11291123,      -10.67007606,                         3,      -1.714713681,     0.00199834762,       3.348731517,       40.33945771,       98.06572594,       97.93172841,      0.0039269908,      0.1807184289,   -0.009554770358,   -0.009723192851,    0.006451099772,     0.09822650626,     -0.1176609189,      0.1807184289,   -0.009723192851,   -0.009554770358,    -0.05287103487,       -4.63184987,      -4.735746147,      -5.281494397,      -5.116409311,      -5.257303424,     0.07907049903,   1.792060145e-05,     0.08663576558,     0.01499424372,   -0.001498090072,   0.0008943420755,   -0.008951022361,                 0,  -0.0001635023175,   -0.003187833817,   -0.006371856716,                 0,  -2.428795926e-05,   4.334750061e-05,    0.006432040231,                 0,    0.002335695136,    0.005290983265,     0.08910010791,     0.00149971995,   6.219123329e-05,    -0.05864304485,    -0.06035878847,     0.00127872315,     0.07907049903,   1.792060145e-05,     0.08663576558,     0.01499424372,  -0.0001635023175,   -0.003187833817,   -0.006371856716,                 0,   -0.001498090072,   0.0008943420755,   -0.008951022361,                 0,    -0.01894625797,       49.90580691,     -0.1033178653,                 0
          0,           0,          61,       0.769444092,      0.7511570817,      -10.13213328,      -10.17508228,      -11.29836325,      -11.13117878,      -10.68945107,                         3,      -1.703018937,    0.002098264931,       3.516168092,        42.3564306,               100,       99.90977319,      0.0039269908,      0.1807187822,    -0.00955478066,   -0.009723186855,    0.006451098394,     0.09822666898,     -0.1176608401,      0.1807187822,   -0.009723186855,    -0.00955478066,    -0.05287098853,       -4.64777976,      -4.751454303,      -5.300964238,      -5.134676868,      -5.276678437,     0.07907050067,   1.792058834e-05,     0.08663576394,       0.014994597,   -0.001498089506,   0.0008943333154,    -0.00895102447,                 0,  -0.0001635028021,   -0.003187821403,    -0.00637186265,                 0,   -2.42879607e-05,   4.334743506e-05,     0.00643203892,                 0,     0.00233569404,    0.005291071413,     0.08910012929,    0.001499774238,   6.219013699e-05,    -0.05864291868,     -0.0603588465,    0.001278734902,     0.07907050067,   1.792058834e-05,     0.08663576394,       0.014994597,  -0.0001635028021,   -0.003187821403,    -0.00637186265,                 0,   -0.001498089506,   0.0008943333154,    -0.00895102447,                 0,    -0.01894625041,       49.90535458,     -0.1033178916,                 0
          0,           0,          62,       0.721733511,      0.7506900409,      -10.14740188,      -10.19029694,      -11.31702305,      -11.14760078,      -10.70785933,                         3,      -1.698910613,     0.00213965159,       3.585521912,       44.47425213,               100,       99.95488708,      0.0039269908,      0.1807191235,   -0.009554789286,   -0.009723180062,    0.006451097696,      0.0982268125,     -0.1176607545,      0.1807191235,   -0.009723180062,   -0.009554789286,     -0.0528709364,      -4.663048361,      -4.766668963,      -5.319624044,      -5.151098864,      -5.295086697,     0.07907050221,   1.792057722e-05,     0.08663576228,     0.01499493845,   -0.001498088997,    0.000894325776,   -0.008951026065,                 0,  -0.0001635032677,   -0.003187808795,   -0.006371867999,                 0,  -2.428796212e-05,   4.334737551e-05,    0.006432038282,                 0,    0.002335693058,    0.005291147423,     0.08910014555,    0.001499826469,   6.218908787e-05,     -0.0586427907,    -0.06035889875,    0.001278745834,     0.07907050221,   1.792057722e-05,     0.08663576228,     0.01499493845,  -0.0001635032677,   -0.003187808795,   -0.006371867999,                 0,   -0.001498088997,    0.000894325776,   -0.008951026065,                 0,    -0.01894624361,       49.90496484,      -0.103317912,                 0
          0,           0,          63,       0.711559381,      0.7500786243,      -10.16198106,      -10.20474788,      -11.33504262,      -11.16352559,      -10.72530638,                         3,      -1.699215159,    0.002139651525,       3.585521911,       46.69796474,               100,       99.97207225,      0.0039269908,      0.1807194513,   -0.009554795469,   -0.009723173596,    0.006451096936,     0.09822693002,     -0.1176606725,      0.1807194513,   -0.009723173596,   -0.009554795469,    -0.05287087472,      -4.677627542,      -4.781119902,      -5.337643608,      -5.167023671,      -5.312533749,     0.07907050369,   1.792056551e-05,     0.08663576062,      0.0149952664,   -0.001498088529,   0.0008943203377,   -0.008951027277,                 0,  -0.0001635037225,   -0.003187797035,   -0.006371872838,                 0,  -2.428796354e-05,   4.334732768e-05,    0.006432037571,                 0,    0.002335692155,     0.00529120248,     0.08910015796,    0.001499877423,   6.218806509e-05,    -0.05864267128,    -0.06035894594,    0.001278756651,     0.07907050369,   1.792056551e-05,     0.08663576062,      0.0149952664,  -0.0001635037225,   -0.003187797035,   -0.006371872838,                 0,   -0.001498088529,   0.0008943203377,   -0.008951027277,                 0,    -0.01894623733,       49.90469397,      -0.103317928,                 0
          0,           0,          64,       0.731954959,      0.7497997987,      -10.17600851,      -10.21863281,      -11.35276816,      -11.17895574,      -10.74197433,                         3,      -1.699593084,    0.002139651462,       3.585521911,       49.03286297,               100,       99.98059405,      0.0039269908,      0.1807197667,    -0.00955479968,   -0.009723166635,    0.006451097183,     0.09822702567,     -0.1176605862,      0.1807197667,   -0.009723166635,    -0.00955479968,    -0.05287080574,      -4.691654986,      -4.795004833,       -5.35536915,      -5.182453819,      -5.329201697,      0.0790705051,   1.792055415e-05,     0.08663575899,     0.01499558209,   -0.001498088097,   0.0008943161951,   -0.008951027778,                 0,   -0.000163504162,   -0.003187785655,   -0.006371876818,                 0,  -2.428796494e-05,   4.334728632e-05,    0.006432037862,                 0,    0.002335691323,    0.005291244638,     0.08910016327,     0.00149992644,   6.218707667e-05,    -0.05864255571,    -0.06035898461,    0.001278767021,      0.0790705051,   1.792055415e-05,     0.08663575899,     0.01499558209,   -0.000163504162,   -0.003187785655,   -0.006371876818,                 0,   -0.001498088097,   0.0008943161951,   -0.008951027778,                 0,    -0.01894623153,       49.90449446,     -0.1033179357,                 0
          0,           0,          65,       0.696272407,      0.7489887776,      -10.18963026,      -10.23211189,      -11.36977465,      -11.19373631,      -10.75772343,                         3,      -1.699318828,    0.002139651401,       3.585521911,       51.48450612,               100,       99.98408996,      0.0039269908,        0.18072007,   -0.009554802422,   -0.009723159982,    0.006451097146,     0.09822710526,      -0.117660503,        0.18072007,   -0.009723159982,   -0.009554802422,     -0.0528707322,      -4.705276734,       -4.80848391,       -5.37237564,      -5.197234394,      -5.344950796,     0.07907050646,   1.792054182e-05,     0.08663575737,     0.01499588559,   -0.001498087695,   0.0008943133983,   -0.008951028125,                 0,  -0.0001635045887,   -0.003187774903,    -0.00637188049,                 0,  -2.428796631e-05,   4.334725228e-05,     0.00643203786,                 0,    0.002335690552,    0.005291273421,     0.08910016704,    0.001499974251,   6.218611931e-05,    -0.05864244647,    -0.06035902025,    0.001278777619,     0.07907050646,   1.792054182e-05,     0.08663575737,     0.01499588559,  -0.0001635045887,   -0.003187774903,    -0.00637188049,                 0,   -0.001498087695,   0.0008943133983,   -0.008951028125,                 0,    -0.01894622612,        49.9043727,     -0.1033179416,                 0
          0,           0,          66,       0.750799788,      0.7490158076,      -10.20305253,      -10.24524546,      -11.38441397,      -11.20785702,       -10.7716073,                         3,      -1.700152335,    0.002139651342,        3.58552191,       54.05873143,               100,       99.98585353,      0.0039269908,      0.1807203654,   -0.009554805146,   -0.009723152884,    0.006451097667,     0.09822718141,     -0.1176604167,      0.1807203654,   -0.009723152884,   -0.009554805146,    -0.05287066083,      -4.718699009,      -4.821617487,      -5.387014958,      -5.211355103,       -5.35883466,     0.07907050776,   1.792053182e-05,     0.08663575583,     0.01499618132,    -0.00149808732,   0.0008943105653,   -0.008951028391,                 0,  -0.0001635050021,   -0.003187763996,   -0.006371883886,                 0,  -2.428796766e-05,    4.33472177e-05,    0.006432038417,                 0,    0.002335689832,    0.005291302509,     0.08910016997,    0.001500019098,   6.218519086e-05,    -0.05864233578,    -0.06035905316,    0.001278787047,     0.07907050776,   1.792053182e-05,     0.08663575583,     0.01499618132,  -0.0001635050021,   -0.003187763996,   -0.006371883886,                 0,    -0.00149808732,   0.0008943105653,   -0.008951028391,                 0,    -0.01894622107,       49.90424248,     -0.1033179466,                 0
          0,           0,          67,       0.739314065,      0.7488731349,      -10.21602108,      -10.25806265,      -11.39973221,        -11.221212,       -10.7855785,                         3,      -1.700070548,    0.002139651285,        3.58552191,         56.761668,               100,       99.98706151,      0.0039269908,      0.1807206528,   -0.009554808797,   -0.009723146398,    0.006451096893,      0.0982272644,     -0.1176603372,      0.1807206528,   -0.009723146398,   -0.009554808797,    -0.05287059696,      -4.731667564,      -4.834434676,      -5.402333198,      -5.224710081,      -5.372805867,     0.07907050903,   1.792052324e-05,     0.08663575434,     0.01499646893,   -0.001498086963,   0.0008943076967,   -0.008951029531,                 0,  -0.0001635054066,   -0.003187753028,   -0.006371887964,                 0,  -2.428796899e-05,   4.334718394e-05,    0.006432037678,                 0,    0.002335689147,    0.005291331975,     0.08910018159,    0.001500061681,   6.218428564e-05,    -0.05864222453,     -0.0603590929,    0.001278795909,     0.07907050903,   1.792052324e-05,     0.08663575434,     0.01499646893,  -0.0001635054066,   -0.003187753028,   -0.006371887964,                 0,   -0.001498086963,   0.0008943076967,   -0.008951029531,                 0,    -0.01894621625,       49.90410631,     -0.1033179615,                 0
          0,           0,          68,       0.704377989,      0.7482282777,      -10.22852301,      -10.27034038,       -11.4144966,      -11.23437566,      -10.79889592,                         3,      -1.700099664,     0.00213965123,       3.585521909,        59.5997514,               100,       99.98812246,      0.0039269908,      0.1807209321,   -0.009554811153,   -0.009723138979,    0.006451097598,     0.09822733255,     -0.1176602491,      0.1807209321,   -0.009723138979,   -0.009554811153,     -0.0528705283,      -4.744169494,      -4.846712403,      -5.417097596,      -5.237873742,      -5.386123286,     0.07907051028,   1.792051552e-05,      0.0866357529,     0.01499674835,   -0.001498086613,   0.0008943050778,   -0.008951029618,                 0,   -0.000163505809,   -0.003187742346,   -0.006371890824,                 0,   -2.42879703e-05,   4.334715253e-05,    0.006432038416,                 0,    0.002335688478,    0.005291358933,     0.08910018273,     0.00150010241,   6.218338619e-05,    -0.05864211617,    -0.06035912054,    0.001278804257,     0.07907051028,   1.792051552e-05,      0.0866357529,     0.01499674835,   -0.000163505809,   -0.003187742346,   -0.006371890824,                 0,   -0.001498086613,   0.0008943050778,   -0.008951029618,                 0,    -0.01894621152,       49.90398166,     -0.1033179642,                 0
          0,           0,          69,       0.710672372,      0.7476917648,      -10.24070599,      -10.28227735,      -11.42861773,      -11.24713661,      -10.81155902,                         3,       -1.69985552,    0.002139651176,       3.585521909,       62.57973897,               100,       99.98916643,      0.0039269908,      0.1807212033,   -0.009554814577,   -0.009723132808,    0.006451096541,     0.09822740988,     -0.1176601735,      0.1807212033,   -0.009723132808,   -0.009554814577,    -0.05287046788,      -4.756352468,      -4.858649369,      -5.431218718,      -5.250634689,      -5.398786387,     0.07907051152,   1.792050901e-05,      0.0866357515,     0.01499701982,   -0.001498086271,    0.000894302637,   -0.008951030943,                 0,  -0.0001635062046,   -0.003187731847,   -0.006371894756,                 0,  -2.428797161e-05,   4.334712166e-05,    0.006432037391,                 0,    0.002335687824,    0.005291384124,     0.08910019618,    0.001500141752,   6.218250169e-05,    -0.05864200963,    -0.06035915889,    0.001278812492,     0.07907051152,   1.792050901e-05,      0.0866357515,     0.01499701982,  -0.0001635062046,   -0.003187731847,   -0.006371894756,                 0,   -0.001498086271,    0.000894302637,   -0.008951030943,                 0,     -0.0189462069,       49.90386358,     -0.1033179812,                 0
          0,           0,          70,       0.730928037,       0.747455656,      -10.25259634,      -10.29393789,      -11.44201148,      -11.25946621,      -10.82359413,                         3,      -1.699948779,    0.002139651124,       3.585521909,       65.70872592,               100,        99.9902626,      0.0039269908,      0.1807214666,   -0.009554815071,   -0.009723125275,    0.006451097974,     0.09822745712,     -0.1176600844,      0.1807214666,   -0.009723125275,   -0.009554815071,    -0.05287039359,      -4.768242814,      -4.870309914,      -5.444612468,      -5.262964296,      -5.410821491,     0.07907051273,   1.792050141e-05,     0.08663575012,     0.01499728325,    -0.00149808594,   0.0008943011615,   -0.008951030292,                 0,  -0.0001635065944,   -0.003187722094,   -0.006371896587,                 0,  -2.428797289e-05,   4.334709617e-05,    0.006432038851,                 0,    0.002335687191,    0.005291399724,     0.08910018997,    0.001500180236,   6.218163123e-05,    -0.05864191054,    -0.06035917634,    0.001278820828,     0.07907051273,   1.792050141e-05,     0.08663575012,     0.01499728325,  -0.0001635065944,   -0.003187722094,   -0.006371896587,                 0,    -0.00149808594,   0.0008943011615,   -0.008951030292,                 0,    -0.01894620242,        49.9038024,     -0.1033179753,                 0
          0,           0,          71,        0.71915079,      0.7470625328,      -10.26439215,      -10.30539799,      -11.45310718,      -11.27125888,      -10.83422112,                         3,      -1.700239189,    0.002139651073,       3.585521908,       68.99416221,               100,       99.99141357,      0.0039269908,      0.1807217241,   -0.009554817805,   -0.009723119677,     0.00645109673,     0.09822752493,      -0.117660015,      0.1807217241,   -0.009723119677,   -0.009554817805,    -0.05287033338,      -4.780038633,      -4.881770015,      -5.455708175,      -5.274756964,      -5.421448484,     0.07907051391,   1.792049526e-05,     0.08663574879,     0.01499754095,   -0.001498085626,   0.0008942995002,   -0.008951031679,                 0,  -0.0001635069745,   -0.003187712404,   -0.006371900298,                 0,  -2.428797417e-05,   4.334706937e-05,    0.006432037635,                 0,    0.002335686591,    0.005291417114,     0.08910020401,    0.001500217216,   6.218078025e-05,    -0.05864181214,    -0.06035921251,    0.001278828859,     0.07907051391,   1.792049526e-05,     0.08663574879,     0.01499754095,  -0.0001635069745,   -0.003187712404,   -0.006371900298,                 0,   -0.001498085626,   0.0008942995002,   -0.008951031679,                 0,    -0.01894619817,       49.90372683,     -0.1033179929,                 0
          0,           0,          72,       0.739643414,      0.7469609011,      -10.27581588,      -10.31664309,      -11.46510381,       -11.2824089,      -10.84521277,                         3,      -1.700868738,    0.002139651024,       3.585521908,       72.44387032,               100,        99.9926221,      0.0039269908,       0.180721976,   -0.009554818988,   -0.009723112292,    0.006451098018,     0.09822757546,     -0.1176599286,       0.180721976,   -0.009723112292,   -0.009554818988,    -0.05287026626,       -4.79146236,      -4.893015109,      -5.467704806,      -5.285906986,      -5.432440139,     0.07907051505,   1.792048992e-05,      0.0866357475,     0.01499779291,   -0.001498085324,   0.0008942976934,   -0.008951031358,                 0,  -0.0001635073452,   -0.003187702768,   -0.006371902179,                 0,  -2.428797541e-05,   4.334704289e-05,     0.00643203895,                 0,    0.002335686014,    0.005291435971,     0.08910020105,    0.001500252422,   6.217995198e-05,    -0.05864171433,    -0.06035923051,    0.001278836276,     0.07907051505,   1.792048992e-05,      0.0866357475,     0.01499779291,  -0.0001635073452,   -0.003187702768,   -0.006371902179,                 0,   -0.001498085324,   0.0008942976934,   -0.008951031358,                 0,    -0.01894619408,       49.90364088,     -0.1033179907,                 0
          0,           0,          73,       0.774831847,      0.7473375355,      -10.28689247,      -10.32748664,      -11.47674949,       -11.2934706,      -10.85594152,                         3,      -1.700217561,    0.002139650976,       3.585521907,       76.06606384,               100,       99.99389105,      0.0039269908,      0.1807222207,   -0.009554821974,   -0.009723107013,    0.006451096401,     0.09822764319,      -0.117659863,      0.1807222207,   -0.009723107013,   -0.009554821974,     -0.0528702112,      -4.802538945,       -4.90385866,      -5.479350484,      -5.296968686,       -5.44316888,     0.07907051617,    1.79204849e-05,     0.08663574624,     0.01499803777,   -0.001498085028,    0.000894295987,   -0.008951032933,                 0,  -0.0001635077105,    -0.00318769347,   -0.006371905833,                 0,  -2.428797664e-05,   4.334701809e-05,     0.00643203736,                 0,    0.002335685448,    0.005291453796,     0.08910021696,    0.001500286984,   6.217913624e-05,    -0.05864161992,    -0.06035926617,    0.001278843991,     0.07907051617,    1.79204849e-05,     0.08663574624,     0.01499803777,  -0.0001635077105,    -0.00318769347,   -0.006371905833,                 0,   -0.001498085028,    0.000894295987,   -0.008951032933,                 0,    -0.01894619007,       49.90355963,     -0.1033180104,                 0
          0,           0,          74,       0.748769026,       0.747356622,      -10.29773828,      -10.33808155,      -11.48806831,      -11.30430313,      -10.86627949,                         3,      -1.701156342,     0.00213965093,       3.585521907,       79.86936703,               100,       99.99522345,      0.0039269908,      0.1807224599,    -0.00955482265,   -0.009723099527,    0.006451098178,     0.09822768633,     -0.1176597761,      0.1807224599,   -0.009723099527,    -0.00955482265,    -0.05287014495,       -4.81338476,      -4.914453574,      -5.490669301,      -5.307801211,       -5.45350686,     0.07907051726,   1.792048054e-05,       0.086635745,     0.01499827716,   -0.001498084739,   0.0008942943379,   -0.008951032249,                 0,  -0.0001635080664,   -0.003187684324,   -0.006371907137,                 0,  -2.428797784e-05,   4.334699364e-05,    0.006432039162,                 0,    0.002335684896,     0.00529147105,     0.08910021038,    0.001500320004,   6.217834121e-05,    -0.05864152707,    -0.06035927845,    0.001278851052,     0.07907051726,   1.792048054e-05,       0.086635745,     0.01499827716,  -0.0001635080664,   -0.003187684324,   -0.006371907137,                 0,   -0.001498084739,   0.0008942943379,   -0.008951032249,                 0,    -0.01894618615,       49.90347976,      -0.103318004,                 0
          0,           0,          75,       0.763558281,      0.7475698017,      -10.30837941,      -10.34849419,      -11.49906317,      -11.31491216,      -10.87636134,                         3,      -1.700379244,    0.002139650884,       3.585521907,       83.86283538,               100,       99.99662246,      0.0039269908,      0.1807226919,   -0.009554824665,   -0.009723094686,    0.006451096502,     0.09822774292,     -0.1176597149,      0.1807226919,   -0.009723094686,   -0.009554824665,    -0.05287008822,      -4.824025885,      -4.924866212,      -5.501664164,       -5.31841024,      -5.463588702,     0.07907051833,   1.792047506e-05,     0.08663574379,      0.0149985093,   -0.001498084457,   0.0008942934292,   -0.008951033637,                 0,  -0.0001635084152,   -0.003187675858,   -0.006371910413,                 0,  -2.428797901e-05,   4.334697361e-05,    0.006432037508,                 0,    0.002335684359,    0.005291480933,     0.08910022442,    0.001500353202,   6.217756307e-05,    -0.05864144101,     -0.0603593104,    0.001278858958,     0.07907051833,   1.792047506e-05,     0.08663574379,      0.0149985093,  -0.0001635084152,   -0.003187675858,   -0.006371910413,                 0,   -0.001498084457,   0.0008942934292,   -0.008951033637,                 0,    -0.01894618233,       49.90344433,     -0.1033180215,                 0
          0,           0,          76,       0.855264939,      0.7489684399,      -10.31894929,      -10.35871248,      -11.50815461,      -11.32520639,      -10.88506978,                         3,      -1.702419895,     0.00213965084,       3.585521907,       88.05597715,               100,       99.99809143,      0.0039269908,      0.1807229207,   -0.009554824286,   -0.009723087133,    0.006451099003,      0.0982277735,      -0.117659628,      0.1807229207,   -0.009723087133,   -0.009554824286,     -0.0528700192,      -4.834595769,      -4.935084497,      -5.510755604,      -5.328704469,      -5.472297148,     0.07907051937,   1.792047055e-05,     0.08663574262,     0.01499873821,   -0.001498084188,   0.0008942922947,   -0.008951032393,                 0,  -0.0001635087549,     -0.0031876674,   -0.006371910978,                 0,  -2.428798016e-05,   4.334695234e-05,    0.006432040031,                 0,    0.002335683845,    0.005291493012,     0.08910021223,    0.001500384405,   6.217680341e-05,    -0.05864135511,    -0.06035931535,    0.001278865687,     0.07907051937,   1.792047055e-05,     0.08663574262,     0.01499873821,  -0.0001635087549,     -0.0031876674,   -0.006371910978,                 0,   -0.001498084188,   0.0008942922947,   -0.008951032393,                 0,    -0.01894617868,       49.90339356,     -0.1033180085,                 0
          0,           0,          77,       0.750088374,       0.748982798,      -10.32918435,      -10.36874654,      -11.51853255,      -11.33504529,      -10.89428433,                         3,      -1.701773902,    0.002139650797,       3.585521906,       92.45877601,               100,       99.99936686,      0.0039269908,      0.1807231438,   -0.009554827741,   -0.009723083146,    0.006451096178,     0.09822784181,     -0.1176595762,      0.1807231438,   -0.009723083146,   -0.009554827741,    -0.05286997305,      -4.844830832,      -4.945118563,      -5.521133539,      -5.338543373,      -5.481511698,     0.07907052038,    1.79204667e-05,     0.08663574148,     0.01499896145,   -0.001498083927,   0.0008942909463,    -0.00895103476,                 0,  -0.0001635090867,   -0.003187659008,   -0.006371915051,                 0,  -2.428798129e-05,   4.334693099e-05,    0.006432037228,                 0,    0.002335683346,    0.005291507225,     0.08910023601,    0.001500415234,   6.217606285e-05,    -0.05864126989,    -0.06035935525,      0.0012788729,     0.07907052038,    1.79204667e-05,     0.08663574148,     0.01499896145,  -0.0001635090867,   -0.003187659008,   -0.006371915051,                 0,   -0.001498083927,   0.0008942909463,    -0.00895103476,                 0,    -0.01894617513,       49.90332904,     -0.1033180372,                 0
          0,           0,          78,       0.804992517,      0.7496917818,      -10.33905392,      -10.37832744,       -11.5288334,      -11.34496281,        -10.902955,                         3,      -1.703460693,    0.002139650755,       3.585521906,       97.08171481,               100,       99.99994969,      0.0039269908,      0.1807233627,   -0.009554826834,   -0.009723075048,    0.006451099588,     0.09822786507,     -0.1176594845,      0.1807233627,   -0.009723075048,   -0.009554826834,    -0.05286990399,      -4.854700402,      -4.954699462,      -5.531434391,      -5.348460894,      -5.490182365,     0.07907052138,   1.792046299e-05,     0.08663574035,      0.0149991805,   -0.001498083668,   0.0008942896653,   -0.008951032831,                 0,  -0.0001635094143,   -0.003187650849,   -0.006371914785,                 0,   -2.42879824e-05,   4.334691115e-05,    0.006432040659,                 0,    0.002335682851,    0.005291520745,       0.089100217,    0.001500444465,   6.217533203e-05,    -0.05864118702,    -0.06035935197,    0.001278879127,     0.07907052138,   1.792046299e-05,     0.08663574035,      0.0149991805,  -0.0001635094143,   -0.003187650849,   -0.006371914785,                 0,   -0.001498083668,   0.0008942896653,   -0.008951032831,                 0,    -0.01894617162,        49.9032679,     -0.1033180163,                 0
          0,           0,          79,       0.783787072,      0.7501179729,      -10.34872309,      -10.38767024,      -11.53894989,      -11.35470795,        -10.911138,                         3,      -1.702400193,    0.002139650713,       3.585521906,               100,               100,               100,      0.0039269908,      0.1807235756,   -0.009554830877,   -0.009723071964,    0.006451095766,     0.09822793776,      -0.117659442,      0.1807235756,   -0.009723071964,   -0.009554830877,    -0.05286986408,      -4.864369565,      -4.964042265,      -5.541550887,      -5.358206033,      -5.498365369,     0.07907052236,   1.792045979e-05,     0.08663573926,      0.0149993935,   -0.001498083413,   0.0008942883825,   -0.008951035847,                 0,   -0.000163509734,   -0.003187642864,   -0.006371919367,                 0,  -2.428798348e-05,   4.334689126e-05,    0.006432036858,                 0,    0.002335682365,    0.005291534273,     0.08910024722,    0.001500473898,   6.217461861e-05,    -0.05864110591,    -0.06035939698,    0.001278886225,     0.07907052236,   1.792045979e-05,     0.08663573926,      0.0149993935,   -0.000163509734,   -0.003187642864,   -0.006371919367,                 0,   -0.001498083413,   0.0008942883825,   -0.008951035847,                 0,    -0.01894616816,       49.90320522,     -0.1033180524,                 0
          0,           0,          80,       0.787986476,      0.7505854853,      -10.35811943,       -10.3967034,      -11.54883415,      -11.36432775,      -10.91838266,                         3,      -1.704910818,    0.002139650673,       3.585521905,               100,               100,               100,      0.0039269908,      0.1807237846,    -0.00955482803,   -0.009723063156,     0.00645110076,      0.0982279404,     -0.1176593437,      0.1807237846,   -0.009723063156,    -0.00955482803,    -0.05286978718,      -4.873765904,      -4.973075421,      -5.551435143,      -5.367825832,       -5.50561002,     0.07907052332,   1.792045551e-05,     0.08663573818,     0.01499960265,   -0.001498083163,    0.000894287766,   -0.008951032633,                 0,  -0.0001635100479,     -0.0031876354,   -0.006371917708,                 0,  -2.428798454e-05,   4.334687549e-05,    0.006432041869,                 0,    0.002335681887,    0.005291541178,     0.08910021542,    0.001500501918,   6.217391891e-05,    -0.05864103003,    -0.06035937986,    0.001278892314,     0.07907052332,   1.792045551e-05,     0.08663573818,     0.01499960265,  -0.0001635100479,     -0.0031876354,   -0.006371917708,                 0,   -0.001498083163,    0.000894287766,   -0.008951032633,                 0,    -0.01894616477,       49.90318274,     -0.1033180166,                 0
          0,           0,          81,       0.725025177,      0.7502737742,      -10.36743958,      -10.40549019,      -11.55681334,      -11.37360591,      -10.92386866,                         3,      -1.704096449,    0.002139650634,       3.585521905,               100,               100,               100,      0.0039269908,      0.1807239888,   -0.009554832403,   -0.009723061253,    0.006451095768,     0.09822801516,     -0.1176593131,      0.1807239888,   -0.009723061253,   -0.009554832403,    -0.05286975165,      -4.883086062,      -4.981862215,      -5.559414334,      -5.377103998,      -5.511096027,     0.07907052426,   1.792045205e-05,     0.08663573713,     0.01499980691,   -0.001498082923,   0.0008942868962,   -0.008951036376,                 0,  -0.0001635103541,   -0.003187627999,     -0.0063719229,                 0,  -2.428798558e-05,   4.334685821e-05,    0.006432036896,                 0,    0.002335681429,    0.005291550545,     0.08910025288,    0.001500530312,   6.217323482e-05,    -0.05864095479,    -0.06035943098,     0.00127889942,     0.07907052426,   1.792045205e-05,     0.08663573713,     0.01499980691,  -0.0001635103541,   -0.003187627999,     -0.0063719229,                 0,   -0.001498082923,   0.0008942868962,   -0.008951036376,                 0,     -0.0189461615,       49.90314383,      -0.103318061,                 0
          0,           0,          82,       0.749532955,      0.7502648487,      -10.37626598,      -10.41382721,      -11.56612991,      -11.38252312,      -10.92858937,                         3,      -1.708170355,    0.002139650596,       3.585521905,               100,               100,               100,      0.0039269908,      0.1807241912,   -0.009554829378,   -0.009723051703,    0.006451101939,     0.09822801362,     -0.1176592086,      0.1807241912,   -0.009723051703,   -0.009554829378,    -0.05286967568,      -4.891912459,      -4.990199232,      -5.568730905,      -5.386021201,      -5.515816736,     0.07907052517,   1.792044906e-05,     0.08663573611,      0.0150000095,   -0.001498082688,   0.0008942858511,   -0.008951032541,                 0,  -0.0001635106539,   -0.003187620539,    -0.00637192051,                 0,  -2.428798661e-05,   4.334684111e-05,    0.006432043084,                 0,    0.002335680981,    0.005291561674,     0.08910021485,    0.001500556107,   6.217256625e-05,    -0.05864087903,    -0.06035940659,    0.001278904497,     0.07907052517,   1.792044906e-05,     0.08663573611,      0.0150000095,  -0.0001635106539,   -0.003187620539,    -0.00637192051,                 0,   -0.001498082688,   0.0008942858511,   -0.008951032541,                 0,    -0.01894615832,       49.90309385,      -0.103318018,                 0
          0,           0,          83,       0.724535365,      0.7499585453,      -10.38464708,      -10.42153453,      -11.57532301,      -11.39146939,      -10.93184287,                         3,      -1.705926889,    0.002139650558,       3.585521905,               100,               100,               100,      0.0039269908,      0.1807243869,   -0.009554835119,   -0.009723051121,    0.006451095108,     0.09822810083,     -0.1176591913,      0.1807243869,   -0.009723051121,   -0.009554835119,     -0.0528696502,      -4.900293561,      -4.997906549,         -5.577924,      -5.394967474,      -5.519070232,     0.07907052607,   1.792044628e-05,     0.08663573511,      0.0150002053,   -0.001498082455,   0.0008942848132,   -0.008951037478,                 0,  -0.0001635109504,   -0.003187613378,   -0.006371926792,                 0,  -2.428798761e-05,   4.334682485e-05,     0.00643203627,                 0,    0.002335680536,    0.005291572698,      0.0891002642,    0.001500583398,   6.217190543e-05,    -0.05864080624,     -0.0603594686,    0.001278911585,     0.07907052607,   1.792044628e-05,     0.08663573511,      0.0150002053,  -0.0001635109504,   -0.003187613378,   -0.006371926792,                 0,   -0.001498082455,   0.0008942848132,   -0.008951037478,                 0,    -0.01894615515,       49.90304366,     -0.1033180762,                 0
          0,           0,          84,       0.759843557,      0.7500748396,        -10.392522,      -10.42850369,      -11.58432121,      -11.40032282,      -10.93246432,                         3,      -1.711909682,    0.002139650521,       3.585521904,               100,               100,               100,      0.0039269908,      0.1807245817,   -0.009554830532,   -0.009723040275,    0.006451103475,      0.0982280821,     -0.1176590747,      0.1807245817,   -0.009723040275,   -0.009554830532,    -0.05286956784,      -4.908168476,      -5.004875716,      -5.586922206,      -5.403820908,      -5.519691685,     0.07907052696,   1.792044376e-05,     0.08663573412,     0.01500040017,   -0.001498082225,   0.0008942838154,   -0.008951032123,                 0,  -0.0001635112401,   -0.003187606224,   -0.006371922811,                 0,   -2.42879886e-05,   4.334680899e-05,    0.006432044654,                 0,    0.002335680096,    0.005291583326,     0.08910021103,    0.001500607642,   6.217125905e-05,    -0.05864073359,    -0.06035942838,    0.001278916019,     0.07907052696,   1.792044376e-05,     0.08663573412,     0.01500040017,  -0.0001635112401,   -0.003187606224,   -0.006371922811,                 0,   -0.001498082225,   0.0008942838154,   -0.008951032123,                 0,    -0.01894615203,         49.902995,     -0.1033180155,                 0
          0,           0,          85,       0.749900478,      0.7500728121,      -10.39988392,      -10.43472463,      -11.59297016,      -11.40895739,      -10.93039401,                         3,      -1.709080846,    0.002139650485,       3.585521904,               100,               100,               100,      0.0039269908,      0.1807247693,   -0.009554837772,   -0.009723041573,    0.006451094176,     0.09822818346,     -0.1176590762,      0.1807247693,   -0.009723041573,   -0.009554837772,    -0.05286955302,      -4.915530398,      -5.011096653,      -5.595571155,      -5.412455478,      -5.517621377,     0.07907052783,   1.792044131e-05,     0.08663573316,     0.01500058785,   -0.001498081999,   0.0008942829275,     -0.0089510387,                 0,  -0.0001635115245,   -0.003187599407,   -0.006371930641,                 0,  -2.428798956e-05,   4.334679376e-05,    0.006432035372,                 0,    0.002335679665,    0.005291592841,     0.08910027672,    0.001500634234,   6.217062517e-05,    -0.05864066426,    -0.06035950584,     0.00127892331,     0.07907052783,   1.792044131e-05,     0.08663573316,     0.01500058785,  -0.0001635115245,   -0.003187599407,   -0.006371930641,                 0,   -0.001498081999,   0.0008942829275,     -0.0089510387,                 0,    -0.01894614897,       49.90295229,     -0.1033180926,                 0
          0,           0,          86,       0.738062034,      0.7499347572,      -10.40641431,      -10.43967929,      -11.60092817,      -11.41741151,      -10.92389423,                         3,      -1.717973637,     0.00213965045,       3.585521904,               100,               100,               100,      0.0039269908,      0.1807249576,   -0.009554830992,   -0.009723028884,    0.006451105562,     0.09822814117,      -0.117658942,      0.1807249576,   -0.009723028884,   -0.009554830992,    -0.05286946042,      -4.922060785,      -5.016051315,      -5.603529167,      -5.420909591,      -5.511121593,     0.07907052868,   1.792043894e-05,     0.08663573221,     0.01500077627,   -0.001498081778,   0.0008942820482,   -0.008951031263,                 0,  -0.0001635118038,   -0.003187592565,   -0.006371924515,                 0,  -2.428799051e-05,   4.334677922e-05,    0.006432046774,                 0,    0.002335679243,    0.005291602256,     0.08910020278,    0.001500656885,   6.217000221e-05,    -0.05864059477,    -0.06035944427,     0.00127892699,     0.07907052868,   1.792043894e-05,     0.08663573221,     0.01500077627,  -0.0001635118038,   -0.003187592565,   -0.006371924515,                 0,   -0.001498081778,   0.0008942820482,   -0.008951031263,                 0,    -0.01894614596,       49.90290982,     -0.1033180079,                 0
          0,           0,          87,       0.715418624,      0.7495425284,      -10.41198771,      -10.44322077,      -11.60872205,      -11.42547875,      -10.91320277,                         3,      -1.714869168,    0.002139650416,       3.585521904,               100,               100,               100,      0.0039269908,       0.180725138,    -0.00955484064,   -0.009723032776,    0.006451092719,     0.09822826585,     -0.1176589693,       0.180725138,   -0.009723032776,    -0.00955484064,    -0.05286946104,      -4.927634189,      -5.019592791,      -5.611323044,      -5.428976835,      -5.500430132,     0.07907052952,   1.792043692e-05,     0.08663573129,     0.01500095673,    -0.00149808156,    0.000894281176,   -0.008951040256,                 0,  -0.0001635120781,   -0.003187586022,   -0.006371934676,                 0,  -2.428799144e-05,   4.334676465e-05,    0.006432033945,                 0,    0.002335678827,    0.005291611592,     0.08910029254,    0.001500682887,   6.216939083e-05,     -0.0586405282,    -0.06035954499,    0.001278934547,     0.07907052952,   1.792043692e-05,     0.08663573129,     0.01500095673,  -0.0001635120781,   -0.003187586022,   -0.006371934676,                 0,    -0.00149808156,    0.000894281176,   -0.008951040256,                 0,    -0.01894614301,       49.90286676,     -0.1033181128,                 0
          0,           0,          88,       0.732505931,       0.749351106,      -10.41609094,      -10.44457419,      -11.61600472,      -11.43342555,      -10.89652667,                         3,      -1.728535935,    0.002139650382,       3.585521903,               100,               100,               100,      0.0039269908,      0.1807253207,   -0.009554830942,   -0.009723017457,    0.006451108213,     0.09822819266,       -0.11765881,      0.1807253207,   -0.009723017457,   -0.009554830942,    -0.05286935393,      -4.931737419,      -5.020946217,      -5.618605711,      -5.436923635,      -5.483754036,     0.07907053034,   1.792043461e-05,     0.08663573038,     0.01500113951,   -0.001498081345,   0.0008942803634,    -0.00895102996,                 0,   -0.000163512349,   -0.003187579459,   -0.006371925649,                 0,  -2.428799236e-05,   4.334675194e-05,    0.006432049454,                 0,    0.002335678418,    0.005291620303,     0.08910019011,    0.001500703829,   6.216878707e-05,    -0.05864046156,    -0.06035945452,    0.001278937243,     0.07907053034,   1.792043461e-05,     0.08663573038,     0.01500113951,   -0.000163512349,   -0.003187579459,   -0.006371925649,                 0,   -0.001498081345,   0.0008942803634,    -0.00895102996,                 0,     -0.0189461401,       49.90282784,      -0.103317995,                 0
          0,           0,          89,       0.729161274,      0.7491267745,      -10.41854497,      -10.44344314,      -11.62253285,      -11.44093398,       -10.8740539,                         3,      -1.726147196,    0.002139650349,       3.585521903,               100,               100,               100,      0.0039269908,      0.1807254941,    -0.00955484388,   -0.009723024819,    0.006451090592,     0.09822834971,     -0.1176588715,      0.1807254941,   -0.009723024819,    -0.00955484388,    -0.05286937477,      -4.934191452,      -5.019815166,      -5.625133842,      -5.444432063,      -5.461281262,     0.07907053115,   1.792043297e-05,     0.08663572949,     0.01500131304,   -0.001498081137,   0.0008942794542,   -0.008951042197,                 0,  -0.0001635126134,   -0.003187573227,   -0.006371938978,                 0,  -2.428799326e-05,   4.334673779e-05,    0.006432031848,                 0,     0.00233567802,    0.005291630003,     0.08910031218,     0.00150072951,   6.216819722e-05,    -0.05864039814,    -0.06035958683,    0.001278945242,     0.07907053115,   1.792043297e-05,     0.08663572949,     0.01500131304,  -0.0001635126134,   -0.003187573227,   -0.006371938978,                 0,   -0.001498081137,   0.0008942794542,   -0.008951042197,                 0,    -0.01894613727,       49.90278169,     -0.1033181373,                 0
          0,           0,          90,        0.73278754,      0.7489472225,      -10.41852123,      -10.43892039,      -11.62863839,      -11.44996249,      -10.84475329,                         3,      -1.748767688,    0.002139650317,       3.585521903,               100,               100,               100,      0.0039269908,      0.1807256725,   -0.009554829177,   -0.009723006083,    0.006451111978,     0.09822822716,     -0.1176586783,      0.1807256725,   -0.009723006083,   -0.009554829177,    -0.05286924124,      -4.934167705,       -5.01529241,      -5.631239381,      -5.453460577,      -5.431980654,     0.07907053193,     1.7920429e-05,     0.08663572861,      0.0150014915,    -0.00149808095,   0.0008942795923,   -0.008951027819,                 0,  -0.0001635128732,   -0.003187567328,   -0.006371925882,                 0,  -2.428799417e-05,   4.334672907e-05,    0.006432053243,                 0,    0.002335677664,    0.005291629273,     0.08910016908,    0.001500751136,   6.216761814e-05,    -0.05864033816,    -0.06035945584,     0.00127894811,     0.07907053193,     1.7920429e-05,     0.08663572861,      0.0150014915,  -0.0001635128732,   -0.003187567328,   -0.006371925882,                 0,    -0.00149808095,   0.0008942795923,   -0.008951027819,                 0,    -0.01894613472,       49.90280044,     -0.1033179724,                 0
          0,           0,          91,       0.775548999,      0.7492363722,      -10.41558308,      -10.43019594,      -11.63299085,      -11.45656719,      -10.80894131,                         3,       -1.74377038,    0.002139650285,       3.585521903,               100,               100,               100,      0.0039269908,      0.1807258353,   -0.009554846482,   -0.009723019437,    0.006451086543,     0.09822843171,     -0.1176587968,      0.1807258353,   -0.009723019437,   -0.009554846482,    -0.05286928938,      -4.931229558,      -5.006567967,      -5.635591844,      -5.460065277,      -5.396168671,     0.07907053264,    1.79204235e-05,     0.08663572773,     0.01500165446,   -0.001498080818,   0.0008942798596,   -0.008951045523,                 0,  -0.0001635131225,   -0.003187561698,   -0.006371944617,                 0,  -2.428799515e-05,   4.334671839e-05,     0.00643202782,                 0,    0.002335677413,    0.005291627132,     0.08910034552,     0.00150078165,   6.216705711e-05,    -0.05864028088,    -0.06035964194,    0.001278958931,     0.07907053264,    1.79204235e-05,     0.08663572773,     0.01500165446,  -0.0001635131225,   -0.003187561698,   -0.006371944617,                 0,   -0.001498080818,   0.0008942798596,   -0.008951045523,                 0,    -0.01894613288,       49.90283068,     -0.1033181778,                 0
          0,           0,          92,       0.749066502,      0.7492345456,      -10.40827323,      -10.41609001,      -11.63764411,      -11.46058747,      -10.76726407,                         3,      -1.770519856,    0.002139650255,       3.585521903,               100,               100,               100,      0.0039269908,      0.1807260003,   -0.009554826198,    -0.00972299454,    0.006451117014,     0.09822825458,      -0.117658542,      0.1807260003,    -0.00972299454,   -0.009554826198,    -0.05286912885,      -4.923919705,      -4.992462028,      -5.640245098,       -5.46408555,      -5.354491439,     0.07907053322,   1.792041761e-05,     0.08663572674,     0.01500181994,   -0.001498080738,   0.0008942798289,   -0.008951025289,                 0,   -0.000163513349,   -0.003187555601,    -0.00637192559,                 0,  -2.428799611e-05,   4.334670839e-05,    0.006432058301,                 0,    0.002335677257,    0.005291627947,     0.08910014421,     0.00150080517,   6.216654486e-05,     -0.0586402192,    -0.06035945203,    0.001278962639,     0.07907053322,   1.792041761e-05,     0.08663572674,     0.01500181994,   -0.000163513349,   -0.003187555601,    -0.00637192559,                 0,   -0.001498080738,   0.0008942798289,   -0.008951025289,                 0,    -0.01894613173,       49.90284537,     -0.1033179454,                 0
          0,           0,          93,       0.722612775,      0.7489513353,      -10.39706671,      -10.39729395,       -11.6387098,      -11.46351391,      -10.72233937,                         3,      -1.767679447,    0.002139650225,       3.585521902,               100,               100,               100,      0.0039269908,      0.1807261542,   -0.009554852451,   -0.009723016121,    0.006451079306,     0.09822854641,     -0.1176587433,      0.1807261542,   -0.009723016121,   -0.009554852451,     -0.0528692291,      -4.912713185,      -4.973665974,      -5.641310797,      -5.467011993,      -5.309566735,     0.07907053373,    1.79204125e-05,     0.08663572568,     0.01500197436,   -0.001498080676,   0.0008942796676,   -0.008951051442,                 0,  -0.0001635135509,   -0.003187549887,   -0.006371952683,                 0,  -2.428799697e-05,   4.334669849e-05,    0.006432020605,                 0,    0.002335677137,    0.005291630085,     0.08910040452,    0.001500834669,   6.216608866e-05,    -0.05864016135,    -0.06035972114,    0.001278973057,     0.07907053373,    1.79204125e-05,     0.08663572568,     0.01500197436,  -0.0001635135509,   -0.003187549887,   -0.006371952683,                 0,   -0.001498080676,   0.0008942796676,   -0.008951051442,                 0,    -0.01894613082,       49.90285058,     -0.1033182486,                 0
          0,           0,          94,       0.680475813,      0.7482305403,      -10.38217122,      -10.37444027,      -11.63744001,      -11.46669197,      -10.67584445,                         2,      -1.325869528,    0.002139650195,       3.585521902,               100,               100,               100,      0.0039269908,      0.1807262803,   -0.009554817861,   -0.009722980761,    0.006451126331,     0.09822821946,     -0.1176583883,      0.1807262803,   -0.009722980761,   -0.009554817861,    -0.05286900083,      -4.897817698,      -4.950812287,      -5.640040998,      -5.470190058,      -5.263071811,     0.07907053416,   1.792040338e-05,     0.08663572447,     0.01500210122,   -0.001498080649,   0.0008942810892,   -0.008951018302,                 0,  -0.0001635137202,   -0.003187545948,   -0.006371921093,                 0,  -2.428799774e-05,   4.334668686e-05,    0.006432067642,                 0,    0.002335677084,    0.005291616429,     0.08910007498,    0.001500850966,   6.216570608e-05,     -0.0586401216,    -0.06035940638,    0.001278973945,     0.07907053416,   1.792040338e-05,     0.08663572447,     0.01500210122,  -0.0001635137202,   -0.003187545948,   -0.006371921093,                 0,   -0.001498080649,   0.0008942810892,   -0.008951018302,                 0,    -0.01894613037,       49.90295533,     -0.1033178675,                 0
          0,           0,          95,       0.795229469,      0.7487201125,       -10.3638312,      -10.34809473,      -11.63910751,      -11.47689233,      -10.63020689,                         2,      -1.347245213,    0.002139650165,       3.585521902,               100,               100,               100,      0.0039269908,      0.1807264434,    -0.00955486195,   -0.009723015465,    0.006451069108,     0.09822867721,     -0.1176587296,      0.1807264434,   -0.009723015465,    -0.00955486195,    -0.05286919705,      -4.879477682,      -4.924466753,      -5.641708498,      -5.480390413,      -5.217434251,     0.07907053467,   1.792039949e-05,     0.08663572332,     0.01500226506,   -0.001498080601,   0.0008942789988,   -0.008951060348,                 0,  -0.0001635139187,   -0.003187538311,   -0.006371963236,                 0,  -2.428799848e-05,   4.334667919e-05,    0.006432010427,                 0,    0.002335677008,    0.005291637883,     0.08910049313,    0.001500869191,   6.216528132e-05,    -0.05864004496,    -0.06035982494,    0.001278974968,     0.07907053467,   1.792039949e-05,     0.08663572332,     0.01500226506,  -0.0001635139187,   -0.003187538311,   -0.006371963236,                 0,   -0.001498080601,   0.0008942789988,   -0.008951060348,                 0,    -0.01894612965,       49.90284949,     -0.1033183542,                 0
          0,           0,          96,       0.786917591,       0.749113901,      -10.34269734,      -10.31947135,      -11.62998613,      -11.47729158,      -10.58489966,                         2,      -1.379253297,    0.002139650134,       3.585521902,               100,               100,               100,      0.0039269908,      0.1807265994,   -0.009554812675,   -0.009722961381,    0.006451138917,     0.09822821301,     -0.1176581829,      0.1807265994,   -0.009722961381,   -0.009554812675,    -0.05286887877,      -4.858343817,       -4.89584337,      -5.632587124,      -5.480789662,      -5.172127023,     0.07907053536,   1.792039993e-05,     0.08663572232,     0.01500242133,   -0.001498080483,   0.0008942781737,   -0.008951010365,                 0,  -0.0001635141769,   -0.003187531992,   -0.006371915212,                 0,  -2.428799945e-05,   4.334667084e-05,    0.006432080246,                 0,     0.00233567679,     0.00529164668,     0.08909999658,    0.001500892963,    6.21647086e-05,    -0.05863998101,    -0.06035934729,     0.00127898074,     0.07907053536,   1.792039993e-05,     0.08663572232,     0.01500242133,  -0.0001635141769,   -0.003187531992,   -0.006371915212,                 0,   -0.001498080483,   0.0008942781737,   -0.008951010365,                 0,    -0.01894612799,       49.90280223,     -0.1033177785,                 0
          0,           0,          97,       0.667333291,      0.7482794049,      -10.31982345,      -10.28995786,      -11.62180145,      -11.47644535,      -10.54293437,                         2,      -1.399451038,    0.002139650106,       3.585521901,               100,               100,               100,      0.0039269908,      0.1807267537,   -0.009554873857,   -0.009723018457,    0.006451053524,     0.09822884578,      -0.117658741,      0.1807267537,   -0.009723018457,   -0.009554873857,    -0.05286917216,      -4.835469932,       -4.86632988,      -5.624402439,       -5.47994343,      -5.130161736,     0.07907053602,   1.792039756e-05,     0.08663572138,     0.01500257591,   -0.001498080351,   0.0008942786028,   -0.008951072109,                 0,  -0.0001635144097,   -0.003187527099,   -0.006371976948,                 0,  -2.428800038e-05,   4.334666192e-05,    0.006431994863,                 0,    0.002335676535,    0.005291642965,     0.08910061007,    0.001500916208,   6.216418267e-05,     -0.0586399309,     -0.0603599602,    0.001278985919,     0.07907053602,   1.792039756e-05,     0.08663572138,     0.01500257591,  -0.0001635144097,   -0.003187527099,   -0.006371976948,                 0,   -0.001498080351,   0.0008942786028,   -0.008951072109,                 0,    -0.01894612616,       49.90283277,     -0.1033184923,                 0
          0,           0,          98,       0.734588628,      0.7481411143,      -10.29555216,      -10.25998403,       -11.6118803,      -11.47689469,      -10.50310472,                         2,      -1.422260643,    0.002139650078,       3.585521901,               100,               100,               100,      0.0039269908,      0.1807268964,    -0.00955480115,   -0.009722943246,    0.006451154959,     0.09822815245,     -0.1176579814,      0.1807268964,   -0.009722943246,    -0.00955480115,    -0.05286872813,       -4.81119864,      -4.836356047,      -5.614481296,      -5.480392774,      -5.090332087,     0.07907053656,   1.792039382e-05,     0.08663572044,     0.01500271898,   -0.001498080257,    0.000894278868,   -0.008950999762,                 0,  -0.0001635146001,    -0.00318752214,   -0.006371906506,                 0,  -2.428800117e-05,    4.33466572e-05,    0.006432096303,                 0,    0.002335676352,    0.005291640721,     0.08909989162,    0.001500943755,   6.216375023e-05,    -0.05863988052,    -0.06035926018,    0.001278995563,     0.07907053656,   1.792039382e-05,     0.08663572044,     0.01500271898,  -0.0001635146001,    -0.00318752214,   -0.006371906506,                 0,   -0.001498080257,    0.000894278868,   -0.008950999762,                 0,    -0.01894612484,       49.90285799,     -0.1033176583,                 0
          0,           0,          99,       0.666558469,      0.7473252878,      -10.27099364,      -10.23061138,       -11.5945096,       -11.4748619,      -10.46599027,                         2,       -1.44553251,    0.002139650051,       3.585521901,               100,               100,               100,      0.0039269908,      0.1807270452,   -0.009554882316,   -0.009723021892,     0.00645103924,     0.09822898057,     -0.1176587561,      0.1807270452,   -0.009723021892,   -0.009554882316,    -0.05286913371,      -4.786640117,      -4.806983402,      -5.597110593,      -5.478359986,      -5.053217638,     0.07907053698,   1.792038635e-05,     0.08663571946,     0.01500286832,   -0.001498080196,   0.0008942803513,   -0.008951082472,                 0,  -0.0001635147618,   -0.003187517861,   -0.006371989269,                 0,  -2.428800184e-05,   4.334665593e-05,    0.006431980586,                 0,    0.002335676233,    0.005291626424,     0.08910071293,    0.001500964984,   6.216338589e-05,     -0.0586398373,    -0.06036008149,    0.001278999258,     0.07907053698,   1.792038635e-05,     0.08663571946,     0.01500286832,  -0.0001635147618,   -0.003187517861,   -0.006371989269,                 0,   -0.001498080196,   0.0008942803513,   -0.008951082472,                 0,    -0.01894612397,       49.90296157,     -0.1033186142,                 0
          0,           0,         100,        0.66106856,      0.7464712608,      -10.24543614,      -10.20108979,      -11.57607154,      -11.47158903,      -10.43045859,                         2,      -1.474950897,    0.002139650023,       3.585521901,               100,               100,               100,      0.0039269908,      0.1807271821,   -0.009554786376,   -0.009722924875,    0.006451171854,      0.0982280572,     -0.1176577797,      0.1807271821,   -0.009722924875,   -0.009554786376,    -0.05286856281,      -4.761082617,      -4.777461809,      -5.578672532,      -5.475087111,       -5.01768596,     0.07907053737,    1.79203793e-05,      0.0866357185,     0.01500300582,   -0.001498080152,   0.0008942818113,   -0.008950988035,                 0,  -0.0001635149229,   -0.003187513218,   -0.006371896735,                 0,  -2.428800249e-05,   4.334665831e-05,    0.006432113198,                 0,     0.00233567615,    0.005291612335,     0.08909977542,    0.001500993293,   6.216302326e-05,     -0.0586397905,    -0.06035916238,    0.001279010118,     0.07907053737,    1.79203793e-05,      0.0866357185,     0.01500300582,  -0.0001635149229,   -0.003187513218,   -0.006371896735,                 0,   -0.001498080152,   0.0008942818113,   -0.008950988035,                 0,    -0.01894612332,       49.90306268,     -0.1033175253,                 0
          0,           0,         101,       0.691508501,      0.7459324102,      -10.21934827,       -10.1716734,      -11.55813665,      -11.46773234,      -10.39668592,                         2,      -1.501603372,    0.002139649997,       3.585521901,               100,               100,               100,      0.0039269908,      0.1807273284,    -0.00955488911,    -0.00972302543,    0.006451024996,     0.09822909747,     -0.1176587731,      0.1807273284,    -0.00972302543,    -0.00955488911,    -0.05286908845,      -4.734994751,      -4.748045425,      -5.560737644,      -5.471230426,      -4.983913284,     0.07907053775,   1.792037125e-05,     0.08663571755,     0.01500315273,   -0.001498080113,   0.0008942835547,   -0.008951092551,                 0,  -0.0001635150792,   -0.003187509166,   -0.006372001185,                 0,  -2.428800314e-05,   4.334665987e-05,     0.00643196634,                 0,    0.002335676077,    0.005291595379,     0.08910081306,    0.001501012957,   6.216267173e-05,    -0.05863974953,    -0.06036019887,     0.00127901259,     0.07907053775,   1.792037125e-05,     0.08663571755,     0.01500315273,  -0.0001635150792,   -0.003187509166,   -0.006372001185,                 0,   -0.001498080113,   0.0008942835547,   -0.008951092551,                 0,    -0.01894612274,       49.90318238,     -0.1033187328,                 0
          0,           0,         102,       0.649856554,      0.7449996349,      -10.19226876,      -10.14193299,      -11.54134713,      -11.46464137,      -10.36346647,                         2,      -1.532030231,     0.00213964997,         3.5855219,               100,               100,               100,      0.0039269908,      0.1807274602,   -0.009554770583,   -0.009722906267,    0.006451189315,     0.09822795053,     -0.1176575762,      0.1807274602,   -0.009722906267,   -0.009554770583,    -0.05286839406,      -4.707915236,      -4.718305013,      -5.543948123,      -5.468139452,      -4.950693838,     0.07907053812,   1.792036351e-05,     0.08663571662,     0.01500328511,   -0.001498080074,    0.000894285156,   -0.008950975665,                 0,  -0.0001635152299,    -0.00318750475,   -0.006371886286,                 0,  -2.428800377e-05,   4.334666467e-05,    0.006432130654,                 0,    0.002335676004,     0.00529157983,     0.08909965278,    0.001501041921,   6.216233314e-05,    -0.05863970494,    -0.06035905786,    0.001279024281,     0.07907053812,   1.792036351e-05,     0.08663571662,     0.01500328511,  -0.0001635152299,    -0.00318750475,   -0.006371886286,                 0,   -0.001498080074,    0.000894285156,   -0.008950975665,                 0,    -0.01894612216,       49.90329327,     -0.1033173847,                 0
          0,           0,         103,       0.648732624,      0.7440739906,      -10.16480615,      -10.11222345,      -11.52378884,      -11.46052621,       -10.3313456,                         2,      -1.558186543,    0.002139649944,         3.5855219,               100,               100,               100,      0.0039269908,      0.1807276038,   -0.009554895095,   -0.009723028967,    0.006451011211,     0.09822920588,     -0.1176587903,      0.1807276038,   -0.009723028967,   -0.009554895095,    -0.05286904099,      -4.680452633,      -4.688595472,      -5.526389831,      -5.464024298,       -4.91857296,     0.07907053848,   1.792035457e-05,      0.0866357157,     0.01500342931,   -0.001498080035,   0.0008942871453,   -0.008951102205,                 0,  -0.0001635153766,   -0.003187501012,   -0.006372012579,                 0,  -2.428800438e-05,   4.334666844e-05,    0.006431952547,                 0,     0.00233567593,    0.005291560412,       0.089100909,    0.001501060536,   6.216200405e-05,    -0.05863966711,    -0.06036031115,    0.001279025961,     0.07907053848,   1.792035457e-05,      0.0866357157,     0.01500342931,  -0.0001635153766,   -0.003187501012,   -0.006372012579,                 0,   -0.001498080035,   0.0008942871453,   -0.008951102205,                 0,    -0.01894612157,       49.90342919,     -0.1033188464,                 0
          0,           0,         104,       0.671046532,       0.743378491,       -10.1366136,      -10.08228842,      -11.50582549,       -11.4559825,      -10.29941244,                         2,      -1.586817487,    0.002139649919,         3.5855219,               100,               100,               100,      0.0039269908,      0.1807277312,   -0.009554753784,   -0.009722887459,    0.006451207355,     0.09822783265,     -0.1176573713,      0.1807277312,   -0.009722887459,   -0.009554753784,    -0.05286822182,      -4.652260078,       -4.65866044,      -5.508426487,      -5.459480585,      -4.886639809,     0.07907053883,   1.792034667e-05,     0.08663571479,     0.01500355728,   -0.001498079997,   0.0008942888941,   -0.008950962681,                 0,  -0.0001635155208,   -0.003187496772,   -0.006371875166,                 0,  -2.428800498e-05,   4.334667502e-05,    0.006432148685,                 0,    0.002335675859,    0.005291543383,     0.08909952396,     0.00150108945,   6.216167999e-05,    -0.05863962433,    -0.06035894663,    0.001279037946,     0.07907053883,   1.792034667e-05,     0.08663571479,     0.01500355728,  -0.0001635155208,   -0.003187496772,   -0.006371875166,                 0,   -0.001498079997,   0.0008942888941,   -0.008950962681,                 0,    -0.01894612101,       49.90354877,      -0.103317237,                 0
          0,           0,         105,       0.664272225,      0.7426322054,      -10.10793854,      -10.05213851,      -11.48607095,      -11.44949961,      -10.26799654,                         2,      -1.610843252,    0.002139649894,         3.5855219,               100,               100,               100,      0.0039269908,      0.1807278723,   -0.009554901565,   -0.009723033437,    0.006450996469,     0.09822931761,     -0.1176588176,      0.1807278723,   -0.009723033437,   -0.009554901565,    -0.05286899825,      -4.623585015,      -4.628510529,      -5.488671947,      -5.452997694,      -4.855223905,     0.07907053918,    1.79203378e-05,     0.08663571389,     0.01500369888,   -0.001498079961,   0.0008942909282,   -0.008951112532,                 0,  -0.0001635156613,   -0.003187493223,   -0.006372024553,                 0,  -2.428800557e-05,   4.334667916e-05,    0.006431937796,                 0,    0.002335675792,    0.005291523503,     0.08910101163,    0.001501106687,   6.216136487e-05,    -0.05863958842,    -0.06036042922,    0.001279038703,     0.07907053918,    1.79203378e-05,     0.08663571389,     0.01500369888,  -0.0001635156613,   -0.003187493223,   -0.006372024553,                 0,   -0.001498079961,   0.0008942909282,   -0.008951112532,                 0,    -0.01894612047,       49.90368699,     -0.1033189678,                 0
          0,           0,         106,       0.653099318,      0.7417954495,      -10.07848573,       -10.0216293,       -11.4652806,      -11.44223601,      -10.23634074,                         2,      -1.637895616,    0.002139649869,         3.5855219,               100,               100,               100,      0.0039269908,      0.1807279949,    -0.00955473575,   -0.009722867629,    0.006451227017,     0.09822770131,     -0.1176571567,      0.1807279949,   -0.009722867629,    -0.00955473575,     -0.0528680449,      -4.594132204,      -4.598001318,      -5.467881591,      -5.445734092,       -4.82356811,     0.07907053952,   1.792033023e-05,     0.08663571301,     0.01500382203,   -0.001498079925,   0.0008942926422,   -0.008950948467,                 0,  -0.0001635157996,   -0.003187489061,   -0.006371862769,                 0,  -2.428800615e-05,   4.334668631e-05,    0.006432168337,                 0,    0.002335675725,    0.005291506805,     0.08909938293,    0.001501135852,   6.216105431e-05,    -0.05863954643,    -0.06035882276,    0.001279051399,     0.07907053952,   1.792033023e-05,     0.08663571301,     0.01500382203,  -0.0001635157996,   -0.003187489061,   -0.006371862769,                 0,   -0.001498079925,   0.0008942926422,   -0.008950948467,                 0,    -0.01894611994,        49.9038037,     -0.1033170751,                 0
          0,           0,         107,       0.683276517,      0.7412536075,      -10.04863147,      -9.990878225,      -11.44276206,      -11.43270728,       -10.2050761,                         2,      -1.659994942,    0.002139649844,         3.5855219,               100,               100,               100,      0.0039269908,       0.180728134,   -0.009554909516,   -0.009723039511,    0.006450979699,     0.09822944247,     -0.1176588615,       0.180728134,   -0.009723039511,   -0.009554909516,    -0.05286896571,      -4.564277947,      -4.567250247,      -5.445363048,      -5.436205362,      -4.792303465,     0.07907053985,   1.792032156e-05,     0.08663571214,     0.01500396165,    -0.00149807989,   0.0008942946763,   -0.008951124303,                 0,   -0.000163515935,   -0.003187485681,   -0.006372037895,                 0,  -2.428800671e-05,   4.334669047e-05,    0.006431921015,                 0,    0.002335675659,     0.00529148691,     0.08910112857,     0.00150115133,   6.216075057e-05,    -0.05863951224,     -0.0603605609,    0.001279050883,     0.07907053985,   1.792032156e-05,     0.08663571214,     0.01500396165,   -0.000163515935,   -0.003187485681,   -0.006372037895,                 0,    -0.00149807989,   0.0008942946763,   -0.008951124303,                 0,    -0.01894611941,       49.90394136,     -0.1033191057,                 0
          0,           0,         108,       0.642873783,      0.7403510403,      -10.01823677,      -9.959934091,      -11.41934701,      -11.42229093,      -10.17358318,                         2,       -1.68471815,     0.00213964982,       3.585521899,               100,               100,               100,      0.0039269908,      0.1807282515,   -0.009554716011,   -0.009722846238,    0.006451249083,     0.09822755178,     -0.1176569271,      0.1807282515,   -0.009722846238,   -0.009554716011,    -0.05286786062,      -4.533883253,      -4.536306113,      -5.421948004,      -5.425789012,      -4.760810544,     0.07907054018,    1.79203144e-05,     0.08663571128,     0.01500407972,   -0.001498079853,   0.0008942963522,    -0.00895093251,                 0,  -0.0001635160695,   -0.003187481586,   -0.006371848582,                 0,  -2.428800728e-05,   4.334669813e-05,    0.006432190392,                 0,    0.002335675591,     0.00529147058,     0.08909922459,    0.001501181016,   6.216044877e-05,    -0.05863947093,    -0.06035868114,    0.001279064548,     0.07907054018,    1.79203144e-05,     0.08663571128,     0.01500407972,  -0.0001635160695,   -0.003187481586,   -0.006371848582,                 0,   -0.001498079853,   0.0008942963522,    -0.00895093251,                 0,    -0.01894611887,       49.90405481,      -0.103316893,                 0
          0,           0,         109,       0.668521277,      0.7396980425,      -9.987598734,      -9.928817296,      -11.39451119,      -11.40943715,      -10.14251572,                         2,      -1.703990045,    0.002139649797,       3.585521899,               100,               100,               100,      0.0039269908,      0.1807283891,    -0.00955491939,   -0.009723047633,    0.006450960268,     0.09822958495,     -0.1176589264,      0.1807283891,   -0.009723047633,    -0.00955491939,    -0.05286894571,      -4.503245212,      -4.505189318,      -5.397112186,      -5.412935229,      -4.729743088,     0.07907054051,   1.792030593e-05,     0.08663571044,     0.01500421782,   -0.001498079817,     0.00089429839,   -0.008951137963,                 0,  -0.0001635162015,   -0.003187478379,   -0.006372053053,                 0,  -2.428800782e-05,   4.334670222e-05,    0.006431901574,                 0,    0.002335675524,    0.005291450638,     0.08910126426,    0.001501194523,   6.216015302e-05,    -0.05863943846,    -0.06036071062,    0.001279062521,     0.07907054051,   1.792030593e-05,     0.08663571044,     0.01500421782,  -0.0001635162015,   -0.003187478379,   -0.006372053053,                 0,   -0.001498079817,     0.00089429839,   -0.008951137963,                 0,    -0.01894611834,       49.90419211,     -0.1033192654,                 0
          0,           0,         110,       0.696148961,      0.7393057084,      -9.956624972,        -9.8976641,      -11.36893059,      -11.39567493,      -10.11124356,                         2,      -1.725832394,    0.002139649773,       3.585521899,               100,               100,               100,      0.0039269908,      0.1807285014,   -0.009554694221,    -0.00972282294,    0.006451274036,     0.09822738068,     -0.1176566789,      0.1807285014,    -0.00972282294,   -0.009554694221,    -0.05286766696,      -4.472271451,      -4.474036121,      -5.371531581,      -5.399173015,      -4.698470927,     0.07907054084,   1.792029919e-05,      0.0866357096,     0.01500433066,   -0.001498079781,    0.000894300024,   -0.008950914464,                 0,  -0.0001635163327,   -0.003187474337,    -0.00637183227,                 0,  -2.428800837e-05,   4.334671038e-05,    0.006432215334,                 0,    0.002335675457,    0.005291434716,     0.08909904551,    0.001501224998,   6.215985851e-05,    -0.05863939769,    -0.06035851845,    0.001279077399,     0.07907054084,   1.792029919e-05,      0.0866357096,     0.01500433066,  -0.0001635163327,   -0.003187474337,    -0.00637183227,                 0,   -0.001498079781,    0.000894300024,   -0.008950914464,                 0,     -0.0189461178,       49.90430207,     -0.1033166867,                 0
          0,           0,         111,       0.694206194,      0.7389030342,      -9.925522173,      -9.866382502,      -11.34226114,      -11.37943344,      -10.08043838,                         2,      -1.741928832,    0.002139649751,       3.585521899,               100,               100,               100,      0.0039269908,       0.180728638,   -0.009554931537,   -0.009723058144,    0.006450937694,     0.09822974858,     -0.1176590157,       0.180728638,   -0.009723058144,   -0.009554931537,    -0.05286894011,      -4.441168651,      -4.442754524,      -5.344862134,      -5.382931519,      -4.667665745,     0.07907054116,   1.792029089e-05,     0.08663570878,     0.01500446774,   -0.001498079745,   0.0008943020689,   -0.008951153861,                 0,  -0.0001635164614,   -0.003187471303,    -0.00637207038,                 0,  -2.428800891e-05,   4.334671433e-05,    0.006431878988,                 0,     0.00233567539,    0.005291414695,     0.08910142217,    0.001501236321,    6.21595702e-05,    -0.05863936696,     -0.0603608819,    0.001279073625,     0.07907054116,   1.792029089e-05,     0.08663570878,     0.01500446774,  -0.0001635164614,   -0.003187471303,    -0.00637207038,                 0,   -0.001498079745,   0.0008943020689,   -0.008951153861,                 0,    -0.01894611727,       49.90443929,     -0.1033194509,                 0
          0,           0,         112,       0.702077339,      0.7385771431,      -9.894243569,      -9.835194428,      -11.31501387,      -11.36239452,      -10.04943498,                         2,      -1.760661162,    0.002139649728,       3.585521899,               100,               100,               100,      0.0039269908,      0.1807287449,   -0.009554670057,   -0.009722797404,    0.006451302331,     0.09822718488,     -0.1176564088,      0.1807287449,   -0.009722797404,   -0.009554670057,    -0.05286746203,      -4.409890048,       -4.41156645,      -5.317614862,      -5.365892599,      -4.636662341,     0.07907054147,   1.792028457e-05,     0.08663570796,     0.01500457515,   -0.001498079709,   0.0008943036567,   -0.008950894004,                 0,  -0.0001635165896,   -0.003187467299,   -0.006371813516,                 0,  -2.428800944e-05,     4.3346723e-05,    0.006432243618,                 0,    0.002335675322,    0.005291399226,     0.08909884246,    0.001501267876,    6.21592824e-05,    -0.05863932658,    -0.06035833153,    0.001279089984,     0.07907054147,   1.792028457e-05,     0.08663570796,     0.01500457515,  -0.0001635165896,   -0.003187467299,   -0.006371813516,                 0,   -0.001498079709,   0.0008943036567,   -0.008950894004,                 0,    -0.01894611673,        49.9045455,     -0.1033164525,                 0
          0,           0,         113,       0.711915038,      0.7383432649,      -9.862911283,      -9.803895783,      -11.28701006,      -11.34298487,      -10.01893991,                         2,      -1.773580412,    0.002139649706,       3.585521898,               100,               100,               100,      0.0039269908,       0.180728881,   -0.009554946293,   -0.009723071373,    0.006450911511,     0.09822993674,     -0.1176591325,       0.180728881,   -0.009723071373,   -0.009554946293,    -0.05286895066,      -4.378557762,      -4.380267805,      -5.289611053,      -5.346482949,      -4.606167272,     0.07907054179,   1.792027641e-05,     0.08663570716,     0.01500471177,   -0.001498079673,   0.0008943057124,   -0.008951172332,                 0,  -0.0001635167152,   -0.003187464443,   -0.006372090215,                 0,  -2.428800996e-05,   4.334672677e-05,    0.006431852794,                 0,    0.002335675255,     0.00529137909,     0.08910160562,     0.00150127677,     6.2159001e-05,    -0.05863929762,     -0.0603610781,    0.001279084197,     0.07907054179,   1.792027641e-05,     0.08663570716,     0.01500471177,  -0.0001635167152,   -0.003187464443,   -0.006372090215,                 0,   -0.001498079673,   0.0008943057124,   -0.008951172332,                 0,    -0.01894611621,       49.90468295,     -0.1033196661,                 0
          0,           0,         114,       0.696354127,       0.737978142,      -9.831527029,      -9.772799475,      -11.25856642,      -11.32299013,      -9.988237063,                         2,       -1.78922622,    0.002139649683,       3.585521898,               100,               100,               100,      0.0039269908,       0.180728984,   -0.009554644817,   -0.009722769491,    0.006451333803,     0.09822697676,      -0.117656116,       0.180728984,   -0.009722769491,   -0.009554644817,    -0.05286725242,      -4.347173508,      -4.349171497,      -5.261167409,      -5.326488217,      -4.575464428,      0.0790705421,   1.792027583e-05,     0.08663570637,     0.01500481525,   -0.001498079637,   0.0008943063917,   -0.008950871571,                 0,  -0.0001635168407,   -0.003187459883,   -0.006371792767,                 0,  -2.428801049e-05,    4.33467296e-05,    0.006432275084,                 0,    0.002335675188,    0.005291372673,     0.08909861983,    0.001501309071,   6.215871943e-05,    -0.05863925172,    -0.06035812484,    0.001279101826,      0.0790705421,   1.792027583e-05,     0.08663570637,     0.01500481525,  -0.0001635168407,   -0.003187459883,   -0.006371792767,                 0,   -0.001498079637,   0.0008943063917,   -0.008950871571,                 0,    -0.01894611568,       49.90472245,     -0.1033161954,                 0
          0,           0,         115,       0.725703351,      0.7378723248,       -9.80142701,      -9.742326047,      -11.22983882,      -11.31249544,      -9.958190059,                         2,      -1.804885012,    0.002139649662,       3.585521898,               100,               100,               100,      0.0039269908,      0.1807291189,    -0.00955496574,   -0.009723089151,    0.006450879986,     0.09823016834,     -0.1176592963,      0.1807291189,   -0.009723089151,    -0.00955496574,    -0.05286898867,      -4.317073489,      -4.318698068,      -5.232439814,      -5.315993527,      -4.545417424,      0.0790705424,   1.792028426e-05,     0.08663570561,     0.01500495061,   -0.001498079607,   0.0008943091514,   -0.008951195285,                 0,  -0.0001635169613,   -0.003187457715,   -0.006372114474,                 0,    -2.4288011e-05,   4.334673197e-05,    0.006431821265,                 0,     0.00233567513,    0.005291345599,     0.08910183363,    0.001501313985,   6.215844728e-05,    -0.05863922953,     -0.0603613183,    0.001279093043,      0.0790705424,   1.792028426e-05,     0.08663570561,     0.01500495061,  -0.0001635169613,   -0.003187457715,   -0.006372114474,                 0,   -0.001498079607,   0.0008943091514,   -0.008951195285,                 0,    -0.01894611522,       49.90485298,     -0.1033199328,                 0
          0,           0,         116,       0.706216221,      0.7376017599,       -9.77245802,      -9.712951164,      -11.20111461,      -11.30013226,      -9.927988512,                         2,      -1.834495216,     0.00213964964,       3.585521898,               100,               100,               100,      0.0039269908,      0.1807291693,   -0.009554591262,   -0.009722743773,    0.006451375482,     0.09822648975,     -0.1176558402,      0.1807291693,   -0.009722743773,   -0.009554591262,    -0.05286690187,      -4.288104498,      -4.289323186,      -5.203715605,       -5.30363034,      -4.515215878,     0.07907054264,   1.792026759e-05,     0.08663570504,     0.01500500139,   -0.001498079611,   0.0008943269825,   -0.008950838633,                 0,  -0.0001635170579,   -0.003187465227,   -0.006371761488,                 0,  -2.428801152e-05,   4.334683248e-05,    0.006432316661,                 0,    0.002335675132,    0.005291168293,     0.08909829278,    0.001501353539,   6.215821775e-05,    -0.05863930383,    -0.06035781351,    0.001279118932,     0.07907054264,   1.792026759e-05,     0.08663570504,     0.01500500139,  -0.0001635170579,   -0.003187465227,   -0.006371761488,                 0,   -0.001498079611,   0.0008943269825,   -0.008950838633,                 0,    -0.01894611521,       49.90589444,     -0.1033158168,                 0
          0,           0,         117,       0.706346519,      0.7373368849,      -9.740933154,      -9.681861432,       -11.1740528,       -11.2794219,      -9.898247162,                         2,      -1.854234931,    0.002139649622,       3.585521898,               100,               100,               100,      0.0039269908,      0.1807292243,   -0.009554951644,   -0.009723119664,    0.006450852032,     0.09823007021,     -0.1176595779,      0.1807292243,   -0.009723119664,   -0.009554951644,    -0.05286887984,      -4.256579633,      -4.258233454,      -5.176653792,      -5.282919987,      -4.485474527,     0.07907054259,    1.79202441e-05,     0.08663570478,     0.01500505671,   -0.001498079693,   0.0008943389589,    -0.00895121091,                 0,  -0.0001635170698,   -0.003187471484,    -0.00637213111,                 0,  -2.428801176e-05,   4.334688137e-05,    0.006431793162,                 0,    0.002335675277,    0.005291048526,     0.08910198862,    0.001501357795,   6.215816507e-05,    -0.05863936633,    -0.06036148263,     0.00127911286,     0.07907054259,    1.79202441e-05,     0.08663570478,     0.01500505671,  -0.0001635170698,   -0.003187471484,    -0.00637213111,                 0,   -0.001498079693,   0.0008943389589,    -0.00895121091,                 0,    -0.01894611626,       49.90662815,     -0.1033201142,                 0
          0,           0,         118,       0.693259937,      0.7369664904,      -9.709366516,      -9.651016123,      -11.14572952,      -11.25674518,      -9.868275985,                         2,      -1.866586948,    0.002139649613,       3.585521898,               100,               100,               100,      0.0039269908,       0.180729214,   -0.009554540446,   -0.009722720441,    0.006451418843,     0.09822601346,      -0.117655593,       0.180729214,   -0.009722720441,   -0.009554540446,    -0.05286660763,      -4.225012995,      -4.227388145,      -5.148330512,      -5.260243262,       -4.45550335,     0.07907054213,   1.792023634e-05,     0.08663570431,     0.01500504735,   -0.001498079816,   0.0008943447377,   -0.008950805368,                 0,  -0.0001635169943,   -0.003187473976,    -0.00637172947,                 0,  -2.428801172e-05,   4.334691579e-05,    0.006432359939,                 0,    0.002335675482,    0.005290990829,     0.08909796245,    0.001501384701,   6.215829861e-05,    -0.05863939142,    -0.06035749503,    0.001279135177,     0.07907054213,   1.792023634e-05,     0.08663570431,     0.01500504735,  -0.0001635169943,   -0.003187473976,    -0.00637172947,                 0,   -0.001498079816,   0.0008943447377,   -0.008950805368,                 0,    -0.01894611793,       49.90697226,     -0.1033154337,                 0
          0,           0,         119,       0.726822562,      0.7368819577,      -9.677760057,      -9.619931609,      -11.11696827,      -11.23024177,      -9.838921324,                         2,      -1.877064483,    0.002139649611,       3.585521897,               100,               100,               100,      0.0039269908,      0.1807292476,   -0.009554969041,   -0.009723150378,     0.00645081348,     0.09823025227,     -0.1176598793,      0.1807292476,   -0.009723150378,   -0.009554969041,    -0.05286896929,      -4.193406536,      -4.196303631,      -5.119569266,      -5.233739857,      -4.426148689,     0.07907054165,   1.792022763e-05,     0.08663570423,     0.01500508146,    -0.00149807991,   0.0008943478632,   -0.008951236994,                 0,  -0.0001635168768,   -0.003187475705,   -0.006372157796,                 0,  -2.428801129e-05,   4.334693785e-05,    0.006431754554,                 0,     0.00233567564,    0.005290959399,      0.0891022475,    0.001501369728,   6.215854738e-05,    -0.05863940929,    -0.06036174713,     0.00127911854,     0.07907054165,   1.792022763e-05,     0.08663570423,     0.01500508146,  -0.0001635168768,   -0.003187475705,   -0.006372157796,                 0,    -0.00149807991,   0.0008943478632,   -0.008951236994,                 0,    -0.01894611923,       49.90717091,     -0.1033204159,                 0
          0,           0,         120,       0.713431388,      0.7366881513,      -9.646443228,      -9.589386525,       -11.0874514,      -11.20296875,      -9.809299237,                         2,      -1.879480674,    0.002139649607,       3.585521897,               100,               100,               100,      0.0039269908,      0.1807292256,   -0.009554501162,   -0.009722686621,    0.006451466627,     0.09822563037,     -0.1176552555,      0.1807292256,   -0.009722686621,   -0.009554501162,    -0.05286638688,      -4.162089707,      -4.165758546,      -5.090052395,      -5.206466833,      -4.396526602,     0.07907054126,   1.792022431e-05,     0.08663570422,     0.01500505992,    -0.00149807994,   0.0008943490694,   -0.008950770291,                 0,  -0.0001635167456,   -0.003187474649,   -0.006371695227,                 0,  -2.428801073e-05,   4.334696202e-05,    0.006432407675,                 0,    0.002335675687,    0.005290947041,     0.08909761412,    0.001501393527,   6.215883152e-05,    -0.05863939996,    -0.06035715471,    0.001279140292,     0.07907054126,   1.792022431e-05,     0.08663570422,     0.01500505992,  -0.0001635167456,   -0.003187474649,   -0.006371695227,                 0,    -0.00149807994,   0.0008943490694,   -0.008950770291,                 0,    -0.01894611971,       49.90724747,      -0.103315029,                 0
          0,           0,         121,       0.631235164,      0.7358237826,      -9.615135434,      -9.558606779,      -11.05776745,      -11.17422201,      -9.780335215,                         2,      -1.880884611,     0.00213964961,       3.585521897,               100,               100,               100,      0.0039269908,      0.1807292624,    -0.00955499848,   -0.009723181752,     0.00645076778,     0.09823054678,     -0.1176601949,      0.1807292624,   -0.009723181752,    -0.00955499848,    -0.05286912786,      -4.130781913,      -4.134978801,      -5.060368438,      -5.177720095,      -4.367562581,     0.07907054096,   1.792021886e-05,     0.08663570427,     0.01500509693,   -0.001498079928,   0.0008943504297,   -0.008951268982,                 0,  -0.0001635166214,   -0.003187475219,   -0.006372189911,                 0,  -2.428801017e-05,    4.33469711e-05,    0.006431708819,                 0,    0.002335675661,    0.005290933119,     0.08910256503,    0.001501372972,   6.215910685e-05,    -0.05863940659,    -0.06036206572,    0.001279118275,     0.07907054096,   1.792021886e-05,     0.08663570427,     0.01500509693,  -0.0001635166214,   -0.003187475219,   -0.006372189911,                 0,   -0.001498079928,   0.0008943504297,   -0.008951268982,                 0,    -0.01894611962,       49.90733854,     -0.1033207851,                 0
          0,           0,         122,       0.658666411,      0.7351964869,      -9.584178236,      -9.528454758,      -11.02715855,      -11.14474191,      -9.751038451,                         2,      -1.881162023,    0.002139649608,       3.585521897,               100,               100,               100,      0.0039269908,      0.1807292319,   -0.009554461317,    -0.00972264788,    0.006451519265,     0.09822523985,     -0.1176548711,      0.1807292319,    -0.00972264788,   -0.009554461317,    -0.05286616457,      -4.099824714,       -4.10482678,      -5.029759547,      -5.148239994,      -4.338265816,     0.07907054079,   1.792021854e-05,      0.0866357043,     0.01500506663,   -0.001498079895,   0.0008943505725,   -0.008950731995,                 0,   -0.000163516536,   -0.003187473902,   -0.006371657442,                 0,  -2.428800976e-05,   4.334698524e-05,     0.00643246029,                 0,    0.002335675601,    0.005290931351,     0.08909723382,    0.001501399076,   6.215929769e-05,    -0.05863939398,     -0.0603567794,    0.001279142974,     0.07907054079,   1.792021854e-05,      0.0866357043,     0.01500506663,   -0.000163516536,   -0.003187473902,   -0.006371657442,                 0,   -0.001498079895,   0.0008943505725,   -0.008950731995,                 0,    -0.01894611925,       49.90734742,     -0.1033145868,                 0
          0,           0,         123,       0.687385787,      0.7348109167,      -9.553222426,      -9.498025491,      -10.99688774,       -11.1140811,      -9.722514949,                         2,      -1.881207246,    0.002139649611,       3.585521897,               100,               100,               100,      0.0039269908,      0.1807292712,   -0.009555035409,   -0.009723218974,    0.006450714296,     0.09823091367,     -0.1176605676,      0.1807292712,   -0.009723218974,   -0.009555035409,    -0.05286932962,      -4.068868904,      -4.074397512,       -4.99948873,      -5.117579185,      -4.309742314,     0.07907054072,   1.792021476e-05,     0.08663570433,     0.01500510589,   -0.001498079859,   0.0008943513647,   -0.008951306915,                 0,  -0.0001635164867,   -0.003187474882,   -0.006372227606,                 0,  -2.428800951e-05,   4.334698579e-05,     0.00643165532,                 0,    0.002335675535,     0.00529092319,     0.08910294157,    0.001501373381,   6.215940904e-05,    -0.05863940384,    -0.06036243987,    0.001279116729,     0.07907054072,   1.792021476e-05,     0.08663570433,     0.01500510589,  -0.0001635164867,   -0.003187474882,   -0.006372227606,                 0,   -0.001498079859,   0.0008943513647,   -0.008951306915,                 0,    -0.01894611881,       49.90740217,     -0.1033212229,                 0
          0,           0,         124,         0.7330676,      0.7347969702,      -9.522650105,      -9.468292711,      -10.96607928,      -11.08367717,      -9.693585168,                         2,      -1.881378952,    0.002139649608,       3.585521897,               100,               100,               100,      0.0039269908,      0.1807292325,   -0.009554418472,   -0.009722605605,     0.00645157772,      0.0982248184,     -0.1176544494,      0.1807292325,   -0.009722605605,   -0.009554418472,    -0.05286592732,      -4.038296583,      -4.044664732,      -4.968680269,      -5.087175257,      -4.280812533,     0.07907054071,   1.792021565e-05,     0.08663570433,     0.01500506729,   -0.001498079825,   0.0008943510966,   -0.008950689743,                 0,  -0.0001635164617,   -0.003187473622,   -0.006371615522,                 0,  -2.428800939e-05,   4.334699501e-05,    0.006432518734,                 0,     0.00233567547,    0.005290925672,     0.08909681426,    0.001501402994,     6.2159464e-05,    -0.05863939134,    -0.06035636314,    0.001279145653,     0.07907054071,   1.792021565e-05,     0.08663570433,     0.01500506729,  -0.0001635164617,   -0.003187473622,   -0.006371615522,                 0,   -0.001498079825,   0.0008943510966,   -0.008950689743,                 0,    -0.01894611838,        49.9073847,     -0.1033140991,                 0
          0,           0,         125,       0.669005836,      0.7342748183,      -9.492063229,      -9.438229398,      -10.93601698,      -11.05271425,      -9.665553035,                         2,      -1.881220547,    0.002139649611,       3.585521897,               100,               100,               100,      0.0039269908,      0.1807292769,   -0.009555078898,   -0.009723262524,     0.00645065268,     0.09823134429,     -0.1176610024,      0.1807292769,   -0.009723262524,   -0.009555078898,    -0.05286956858,      -4.007709707,       -4.01460142,      -4.938617968,      -5.056212335,        -4.2527804,      0.0790705407,   1.792021232e-05,     0.08663570433,     0.01500511163,   -0.001498079797,   0.0008943517874,   -0.008951350888,                 0,  -0.0001635164421,   -0.003187474865,   -0.006372271217,                 0,  -2.428800929e-05,    4.33469913e-05,    0.006431593698,                 0,    0.002335675417,    0.005290918676,     0.08910337811,    0.001501372087,   6.215950775e-05,     -0.0586394037,    -0.06036287282,    0.001279114648,      0.0790705407,   1.792021232e-05,     0.08663570433,     0.01500511163,  -0.0001635164421,   -0.003187474865,   -0.006372271217,                 0,   -0.001498079797,   0.0008943517874,   -0.008951350888,                 0,    -0.01894611804,       49.90743254,     -0.1033217304,                 0
          0,           0,         126,       0.701732601,      0.7340185804,      -9.461894997,      -9.408939295,      -10.90547429,      -11.02251253,      -9.637021623,                         2,      -1.881443665,    0.002139649608,       3.585521896,               100,               100,               100,      0.0039269908,      0.1807292304,   -0.009554370893,   -0.009722558483,    0.006451643343,     0.09822434948,      -0.117653979,      0.1807292304,   -0.009722558483,   -0.009554370893,    -0.05286566467,      -3.977541476,      -3.985311317,      -4.908075282,      -5.026010609,      -4.224248988,      0.0790705407,   1.792021434e-05,     0.08663570431,     0.01500506522,   -0.001498079775,    0.000894351341,   -0.008950642459,                 0,  -0.0001635164298,   -0.003187473461,   -0.006371568592,                 0,  -2.428800923e-05,   4.334699903e-05,    0.006432584354,                 0,    0.002335675373,    0.005290923038,     0.08909634476,    0.001501406311,   6.215953382e-05,    -0.05863938979,    -0.06035589718,    0.001279148434,      0.0790705407,   1.792021434e-05,     0.08663570431,     0.01500506522,  -0.0001635164298,   -0.003187473461,   -0.006371568592,                 0,   -0.001498079775,    0.000894351341,   -0.008950642459,                 0,    -0.01894611775,         49.907402,     -0.1033135533,                 0
          0,           0,         127,       0.703547153,      0.7337805224,      -9.431688197,      -9.379252938,      -10.87582078,      -10.99179683,      -9.609515244,                         2,      -1.881199778,    0.002139649611,       3.585521896,               100,               100,               100,      0.0039269908,      0.1807292818,   -0.009555128856,   -0.009723312348,    0.006450582588,     0.09823183806,        -0.1176615,      0.1807292818,   -0.009723312348,   -0.009555128856,    -0.05286984356,      -3.947334676,       -3.95562496,      -4.878421768,      -4.995294914,      -4.196742609,     0.07907054069,   1.792021133e-05,     0.08663570431,     0.01500511662,   -0.001498079759,   0.0008943520234,   -0.008951401121,                 0,  -0.0001635164185,     -0.0031874749,    -0.00637232103,                 0,  -2.428800916e-05,   4.334699322e-05,    0.006431523604,                 0,    0.002335675342,    0.005290916184,     0.08910387682,    0.001501369716,   6.215955962e-05,     -0.0586394041,    -0.06036336738,    0.001279111898,     0.07907054069,   1.792021133e-05,     0.08663570431,     0.01500511662,  -0.0001635164185,     -0.0031874749,    -0.00637232103,                 0,   -0.001498079759,   0.0008943520234,   -0.008951401121,                 0,    -0.01894611755,       49.90744845,     -0.1033223103,                 0
          0,           0,         128,       0.721914667,       0.733688539,      -9.401938431,      -9.350424861,      -10.84561989,      -10.96199999,      -9.581397544,                         2,      -1.881470377,    0.002139649608,       3.585521896,               100,               100,               100,      0.0039269908,       0.180729227,   -0.009554317594,   -0.009722505529,    0.006451717245,     0.09822382361,     -0.1176534504,       0.180729227,   -0.009722505529,   -0.009554317594,    -0.05286537077,       -3.91758491,      -3.926796883,      -4.848220885,      -4.965498074,      -4.168624909,     0.07907054069,   1.792021415e-05,     0.08663570429,      0.0150050618,   -0.001498079746,   0.0008943514401,   -0.008950589288,                 0,   -0.000163516414,   -0.003187473317,   -0.006371515799,                 0,  -2.428800914e-05,   4.334700094e-05,    0.006432658254,                 0,    0.002335675316,    0.005290921945,     0.08909581681,    0.001501409542,   6.215956867e-05,    -0.05863938838,      -0.060355373,    0.001279151395,     0.07907054069,   1.792021415e-05,     0.08663570429,      0.0150050618,   -0.000163516414,   -0.003187473317,   -0.006371515799,                 0,   -0.001498079746,   0.0008943514401,   -0.008950589288,                 0,    -0.01894611739,       49.90740804,     -0.1033129396,                 0
          0,           0,         129,       0.747092026,      0.7337916427,      -9.372122758,      -9.321126729,      -10.81641953,      -10.93161417,      -9.554449865,                         2,      -1.881177102,    0.002139649611,       3.585521896,               100,               100,               100,      0.0039269908,       0.180729287,   -0.009555185659,   -0.009723368895,    0.006450503269,     0.09823239893,     -0.1176620649,       0.180729287,   -0.009723368895,   -0.009555185659,    -0.05287015636,      -3.887769237,       -3.89749875,       -4.81902052,      -4.935112255,       -4.14167723,     0.07907054069,     1.7920211e-05,     0.08663570429,     0.01500512177,   -0.001498079738,   0.0008943521597,   -0.008951458081,                 0,  -0.0001635164079,   -0.003187474972,   -0.006372377515,                 0,   -2.42880091e-05,   4.334699371e-05,    0.006431444284,                 0,    0.002335675301,    0.005290914748,     0.08910444234,     0.00150136654,   6.215958301e-05,    -0.05863940482,    -0.06036392819,    0.001279108523,     0.07907054069,     1.7920211e-05,     0.08663570429,     0.01500512177,  -0.0001635164079,   -0.003187474972,   -0.006372377515,                 0,   -0.001498079738,   0.0008943521597,   -0.008951458081,                 0,    -0.01894611729,       49.90745698,     -0.1033229678,                 0
          0,           0,         130,       0.689934437,      0.7334568549,      -9.342807068,      -9.292781675,      -10.78657698,       -10.9022627,      -9.526760329,                         2,      -1.881489311,    0.002139649607,       3.585521896,               100,               100,               100,      0.0039269908,      0.1807292227,   -0.009554257736,   -0.009722446001,    0.006451800359,     0.09822323275,     -0.1176528561,      0.1807292227,   -0.009722446001,   -0.009554257736,    -0.05286504084,      -3.858453546,      -3.869153697,      -4.789177972,      -4.905760785,      -4.113987694,     0.07907054069,   1.792021434e-05,     0.08663570428,     0.01500505747,   -0.001498079731,   0.0008943514631,   -0.008950529469,                 0,   -0.000163516407,   -0.003187473183,   -0.006371456411,                 0,   -2.42880091e-05,   4.334700202e-05,    0.006432741366,                 0,    0.002335675286,    0.005290921658,     0.08909522284,    0.001501412968,   6.215958384e-05,    -0.05863938705,    -0.06035478335,    0.001279154689,     0.07907054069,   1.792021434e-05,     0.08663570428,     0.01500505747,   -0.000163516407,   -0.003187473183,   -0.006371456411,                 0,   -0.001498079731,   0.0008943514631,   -0.008950529469,                 0,     -0.0189461172,       49.90740882,     -0.1033122492,                 0
          0,           0,         131,       0.649550608,      0.7328212015,      -9.313395132,      -9.263884731,      -10.75785358,      -10.87222563,      -9.500407805,                         2,      -1.881152988,    0.002139649611,       3.585521896,               100,               100,               100,      0.0039269908,      0.1807292927,    -0.00955524985,    -0.00972343277,    0.006450413832,     0.09823303239,     -0.1176627031,      0.1807292927,    -0.00972343277,    -0.00955524985,    -0.05287050985,      -3.829041611,      -3.840256753,      -4.760454574,      -4.875723709,       -4.08763517,     0.07907054069,   1.792021079e-05,     0.08663570429,     0.01500512751,   -0.001498079727,   0.0008943522514,   -0.008951522375,                 0,  -0.0001635164029,   -0.003187475071,   -0.006372441296,                 0,  -2.428800907e-05,   4.334699359e-05,    0.006431354847,                 0,    0.002335675279,    0.005290913793,     0.08910508066,     0.00150136265,   6.215959417e-05,     -0.0586394058,    -0.06036456143,    0.001279104524,     0.07907054069,   1.792021079e-05,     0.08663570429,     0.01500512751,  -0.0001635164029,   -0.003187475071,   -0.006372441296,                 0,   -0.001498079727,   0.0008943522514,   -0.008951522375,                 0,    -0.01894611715,       49.90746269,     -0.1033237099,                 0
          0,           0,         132,       0.701342656,      0.7325845207,       -9.28453157,      -9.236046503,      -10.72837982,      -10.84334097,       -9.47316258,                         2,      -1.881506206,    0.002139649607,       3.585521896,               100,               100,               100,      0.0039269908,      0.1807292176,   -0.009554190563,   -0.009722379179,     0.00645189362,     0.09822256959,     -0.1176521889,      0.1807292176,   -0.009722379179,   -0.009554190563,    -0.05286467065,      -3.800178049,      -3.812418525,      -4.730980808,      -4.846839051,      -4.060389945,     0.07907054069,    1.79202146e-05,     0.08663570428,     0.01500505237,   -0.001498079723,   0.0008943514486,   -0.008950462289,                 0,  -0.0001635164038,   -0.003187473046,    -0.00637138973,                 0,  -2.428800908e-05,   4.334700279e-05,    0.006432834626,                 0,     0.00233567527,    0.005290921773,     0.08909455579,     0.00150141676,   6.215959084e-05,    -0.05863938569,    -0.06035412125,    0.001279158418,     0.07907054069,    1.79202146e-05,     0.08663570428,     0.01500505237,  -0.0001635164038,   -0.003187473046,    -0.00637138973,                 0,   -0.001498079723,   0.0008943514486,   -0.008950462289,                 0,    -0.01894611709,       49.90740728,     -0.1033114738,                 0
          0,           0,         133,       0.780428473,      0.7329415651,      -9.255538269,      -9.207566108,      -10.70015736,      -10.81366396,      -9.447446647,                         2,      -1.881126077,    0.002139649612,       3.585521896,               100,               100,               100,      0.0039269908,      0.1807292993,   -0.009555322092,   -0.009723504654,    0.006450313317,     0.09823374506,     -0.1176634215,      0.1807292993,   -0.009723504654,   -0.009555322092,    -0.05287090764,      -3.771184748,       -3.78393813,      -4.702758352,      -4.817162046,      -4.034674012,     0.07907054069,   1.792021057e-05,     0.08663570429,     0.01500513412,   -0.001498079721,   0.0008943523252,   -0.008951594696,                 0,  -0.0001635164004,    -0.00318747519,   -0.006372513063,                 0,  -2.428800905e-05,   4.334699319e-05,    0.006431254333,                 0,    0.002335675268,    0.005290913039,     0.08910579871,     0.00150135804,   6.215959956e-05,    -0.05863940698,    -0.06036527396,    0.001279099843,     0.07907054069,   1.792021057e-05,     0.08663570429,     0.01500513412,  -0.0001635164004,    -0.00318747519,   -0.006372513063,                 0,   -0.001498079721,   0.0008943523252,   -0.008951594696,                 0,    -0.01894611707,       49.90746743,     -0.1033245447,                 0
          0,           0,         134,       0.747482345,      0.7330492746,      -9.227147767,      -9.180261743,      -10.67106361,      -10.78526732,      -9.420664151,                         2,      -1.881521986,    0.002139649607,       3.585521896,               100,               100,               100,      0.0039269908,      0.1807292117,   -0.009554115355,   -0.009722304356,    0.006451997965,      0.0982218271,     -0.1176514418,      0.1807292117,   -0.009722304356,   -0.009554115355,    -0.05286425622,      -3.742794245,      -3.756633765,        -4.6736646,      -4.788765403,      -4.007891516,     0.07907054069,    1.79202149e-05,     0.08663570428,     0.01500504653,   -0.001498079718,   0.0008943514132,    -0.00895038705,                 0,  -0.0001635164024,   -0.003187472901,   -0.006371315053,                 0,  -2.428800907e-05,   4.334700348e-05,    0.006432938971,                 0,    0.002335675262,    0.005290922111,      0.0890938087,    0.001501421025,   6.215959369e-05,    -0.05863938425,    -0.06035337976,    0.001279162656,     0.07907054069,    1.79202149e-05,     0.08663570428,     0.01500504653,  -0.0001635164024,   -0.003187472901,   -0.006371315053,                 0,   -0.001498079718,   0.0008943514132,    -0.00895038705,                 0,    -0.01894611704,       49.90740448,     -0.1033106053,                 0
          0,           0,         135,       0.710396889,       0.732882713,       -9.19859074,      -9.152216144,      -10.64336892,      -10.75596213,      -9.395632076,                         2,      -1.881095577,    0.002139649612,       3.585521896,               100,               100,               100,      0.0039269908,       0.180729307,   -0.009555403114,   -0.009723585274,    0.006450200712,     0.09823454411,     -0.1176642274,       0.180729307,   -0.009723585274,   -0.009555403114,     -0.0528713537,      -3.714237219,      -3.728588165,      -4.645969916,      -4.759460213,      -3.982859441,     0.07907054069,   1.792021032e-05,     0.08663570429,     0.01500514182,   -0.001498079718,   0.0008943523922,   -0.008951675789,                 0,  -0.0001635163992,   -0.003187475328,   -0.006372593547,                 0,  -2.428800904e-05,   4.334699265e-05,    0.006431141728,                 0,    0.002335675261,    0.005290912363,     0.08910660384,    0.001501352647,   6.215960224e-05,    -0.05863940834,    -0.06036607305,    0.001279094392,     0.07907054069,   1.792021032e-05,     0.08663570429,     0.01500514182,  -0.0001635163992,   -0.003187475328,   -0.006372593547,                 0,   -0.001498079718,   0.0008943523922,   -0.008951675789,                 0,    -0.01894611703,       49.90747186,     -0.1033254807,                 0
          0,           0,         136,       0.738563251,      0.7329241767,      -9.170697426,      -9.125476256,      -10.61466876,      -10.72807737,      -9.369333436,                         2,      -1.881536976,    0.002139649607,       3.585521896,               100,               100,               100,      0.0039269908,      0.1807292051,   -0.009554031412,   -0.009722220833,    0.006452114319,      0.0982209984,     -0.1176506076,      0.1807292051,   -0.009722220833,   -0.009554031412,    -0.05286379369,      -3.686343905,      -3.701848278,      -4.617269747,      -4.731575449,      -3.956560802,     0.07907054069,   1.792021523e-05,     0.08663570428,     0.01500503991,   -0.001498079715,   0.0008943513642,    -0.00895030306,                 0,  -0.0001635164019,   -0.003187472744,   -0.006371231687,                 0,  -2.428800906e-05,   4.334700417e-05,    0.006433055324,                 0,    0.002335675256,    0.005290922591,     0.08909297471,    0.001501425842,   6.215959463e-05,     -0.0586393827,    -0.06035255197,    0.001279167468,     0.07907054069,   1.792021523e-05,     0.08663570428,     0.01500503991,  -0.0001635164019,   -0.003187472744,   -0.006371231687,                 0,   -0.001498079715,   0.0008943513642,    -0.00895030306,                 0,      -0.018946117,       49.90740081,     -0.1033096358,                 0
          0,           0,         137,       0.737940523,      0.7329605271,      -9.142597479,      -9.097887085,      -10.58753212,      -10.69915799,      -9.345039155,                         2,      -1.881061219,    0.002139649612,       3.585521896,               100,               100,               100,      0.0039269908,       0.180729316,   -0.009555493672,   -0.009723675385,    0.006450074984,     0.09823543697,     -0.1176651284,       0.180729316,   -0.009723675385,   -0.009555493672,    -0.05287185215,      -3.658243958,      -3.674259107,      -4.590133117,      -4.702656068,       -3.93226652,     0.07907054069,   1.792021005e-05,     0.08663570429,     0.01500515077,   -0.001498079716,   0.0008943524579,   -0.008951766415,                 0,  -0.0001635163986,   -0.003187475482,   -0.006372683505,                 0,  -2.428800904e-05,   4.334699201e-05,    0.006431016001,                 0,    0.002335675257,    0.005290911705,     0.08910750363,    0.001501346376,   6.215960369e-05,    -0.05863940987,    -0.06036696619,    0.001279088063,     0.07907054069,   1.792021005e-05,     0.08663570429,     0.01500515077,  -0.0001635163986,   -0.003187475482,   -0.006372683505,                 0,   -0.001498079716,   0.0008943524579,   -0.008951766415,                 0,      -0.018946117,       49.90747627,     -0.1033265267,                 0
          0,           0,         138,       0.721553559,      0.7328784626,      -9.115229144,      -9.071746322,      -10.55924203,       -10.6718121,      -9.319248769,                         2,      -1.881551218,    0.002139649607,       3.585521896,               100,               100,               100,      0.0039269908,      0.1807291976,   -0.009553938049,   -0.009722127928,    0.006452243578,     0.09822007677,     -0.1176496796,      0.1807291976,   -0.009722127928,   -0.009553938049,    -0.05286327928,      -3.630875623,      -3.648118344,      -4.561843019,      -4.675310184,      -3.906476134,      0.0790705407,   1.792021561e-05,     0.08663570428,     0.01500503245,   -0.001498079714,    0.000894351305,   -0.008950209641,                 0,  -0.0001635164019,   -0.003187472573,   -0.006371138953,                 0,  -2.428800906e-05,   4.334700488e-05,    0.006433184582,                 0,    0.002335675253,    0.005290923176,     0.08909204706,     0.00150143128,   6.215959459e-05,      -0.058639381,    -0.06035163114,    0.001279172916,      0.0790705407,   1.792021561e-05,     0.08663570428,     0.01500503245,  -0.0001635164019,   -0.003187472573,   -0.006371138953,                 0,   -0.001498079714,    0.000894351305,   -0.008950209641,                 0,    -0.01894611698,       49.90739646,     -0.1033085575,                 0
          0,           0,         139,       0.723302762,      0.7328100647,      -9.087610804,      -9.044639245,      -10.53269771,      -10.64329559,      -9.295753859,                         2,      -1.881022954,    0.002139649612,       3.585521896,               100,               100,               100,      0.0039269908,      0.1807293267,   -0.009555596443,   -0.009723777661,    0.006449932391,     0.09823644986,     -0.1176661514,      0.1807293267,   -0.009723777661,   -0.009555596443,    -0.05287241765,      -3.603257283,      -3.621011267,      -4.535298706,      -4.646793677,      -3.882981224,     0.07907054069,   1.792020976e-05,     0.08663570429,     0.01500516151,   -0.001498079714,   0.0008943525244,   -0.008951869253,                 0,  -0.0001635163983,   -0.003187475651,   -0.006372785612,                 0,  -2.428800903e-05,    4.33469913e-05,    0.006430873408,                 0,    0.002335675254,    0.005290911042,     0.08910852468,    0.001501338884,   6.215960452e-05,    -0.05863941155,    -0.06036797996,    0.001279080497,     0.07907054069,   1.792020976e-05,     0.08663570429,     0.01500516151,  -0.0001635163983,   -0.003187475651,   -0.006372785612,                 0,   -0.001498079714,   0.0008943525244,   -0.008951869253,                 0,    -0.01894611698,       49.90748079,     -0.1033277137,                 0
          0,           0,         140,        0.71399308,      0.7326766109,      -9.060875756,      -9.019141338,      -10.50497615,      -10.61656098,      -9.270450757,                         2,      -1.881491799,    0.002139649606,       3.585521896,               100,               100,               100,      0.0039269908,        0.18072919,   -0.009553835033,   -0.009722025396,    0.006452386085,     0.09821905946,     -0.1176486559,        0.18072919,   -0.009722025396,   -0.009553835033,     -0.0528627115,      -3.576522235,       -3.59551336,      -4.507577142,      -4.620059061,      -3.857678123,      0.0790705407,   1.792021604e-05,     0.08663570428,     0.01500502485,   -0.001498079712,   0.0008943512349,   -0.008950106556,                 0,  -0.0001635164021,   -0.003187472383,   -0.006371036611,                 0,  -2.428800906e-05,   4.334700566e-05,    0.006433327088,                 0,    0.002335675249,    0.005290923872,     0.08909102346,    0.001501436876,   6.215959397e-05,    -0.05863937911,    -0.06035061493,    0.001279178524,      0.0790705407,   1.792021604e-05,     0.08663570428,     0.01500502485,  -0.0001635164021,   -0.003187472383,   -0.006371036611,                 0,   -0.001498079712,   0.0008943512349,   -0.008950106556,                 0,    -0.01894611696,       49.90739134,     -0.1033073677,                 0
          0,           0,         141,       0.713028895,      0.7325382467,      -9.033689236,      -8.992481064,      -10.47883218,      -10.58849824,      -9.247709013,                         2,      -1.881039648,    0.002139649613,       3.585521896,               100,               100,               100,      0.0039269908,      0.1807293387,   -0.009555711683,   -0.009723892363,    0.006449772592,     0.09823758582,     -0.1176672986,      0.1807293387,   -0.009723892363,   -0.009555711683,    -0.05287305178,      -3.549335715,      -3.568853086,      -4.481433171,      -4.591996319,      -3.834936378,     0.07907054069,   1.792020944e-05,     0.08663570429,     0.01500517351,   -0.001498079713,   0.0008943525952,   -0.008951984566,                 0,  -0.0001635163981,   -0.003187475844,    -0.00637290012,                 0,  -2.428800903e-05,   4.334699048e-05,    0.006430713611,                 0,    0.002335675251,    0.005290910338,     0.08910966963,    0.001501330594,   6.215960501e-05,    -0.05863941346,    -0.06036911692,    0.001279072128,     0.07907054069,   1.792020944e-05,     0.08663570429,     0.01500517351,  -0.0001635163981,   -0.003187475844,    -0.00637290012,                 0,   -0.001498079713,   0.0008943525952,   -0.008951984566,                 0,    -0.01894611697,       49.90748563,     -0.1033290447,                 0
          0,           0,         142,       0.665401488,      0.7320687589,      -9.007604578,      -8.967682185,      -10.45173782,      -10.56237145,       -9.22296066,                         2,      -1.881521998,    0.002139649606,       3.585521896,               100,               100,               100,      0.0039269908,      0.1807291777,   -0.009553721268,    -0.00972191215,    0.006452543415,      0.0982179392,     -0.1176475226,      0.1807291777,    -0.00972191215,   -0.009553721268,    -0.05286208564,      -3.523251057,      -3.544054207,      -4.454338812,      -4.565869536,      -3.810188025,      0.0790705407,   1.792021654e-05,     0.08663570428,     0.01500501249,    -0.00149807971,   0.0008943511577,   -0.008949992716,                 0,  -0.0001635164026,   -0.003187472179,   -0.006370923568,                 0,  -2.428800906e-05,   4.334700647e-05,    0.006433484418,                 0,    0.002335675246,    0.005290924637,     0.08908989337,    0.001501445946,   6.215959284e-05,    -0.05863937709,    -0.06034949277,    0.001279187711,      0.0790705407,   1.792021654e-05,     0.08663570428,     0.01500501249,  -0.0001635164026,   -0.003187472179,   -0.006370923568,                 0,    -0.00149807971,   0.0008943511577,   -0.008949992716,                 0,    -0.01894611693,       49.90738565,     -0.1033060537,                 0
          0,           0,         143,       0.772620614,       0.732350369,      -8.984143298,      -8.944278003,       -10.4277429,      -10.53647758,      -9.203330825,                         2,      -1.881815008,    0.002139649613,       3.585521896,               100,               100,               100,      0.0039269908,      0.1807293505,   -0.009555833276,   -0.009724013222,    0.006449604441,     0.09823878499,     -0.1176685065,      0.1807293505,   -0.009724013222,   -0.009555833276,    -0.05287372112,      -3.499789776,      -3.520650025,      -4.430343897,      -4.539975659,       -3.79055819,      0.0790705407,    1.79202092e-05,      0.0866357043,      0.0150051853,   -0.001498079711,   0.0008943526511,   -0.008952106217,                 0,  -0.0001635163981,   -0.003187476026,   -0.006373020797,                 0,  -2.428800903e-05,   4.334698976e-05,     0.00643054546,                 0,    0.002335675247,    0.005290909783,     0.08911087732,    0.001501322639,   6.215960505e-05,    -0.05863941526,    -0.06037031491,    0.001279064076,      0.0790705407,    1.79202092e-05,      0.0866357043,      0.0150051853,  -0.0001635163981,   -0.003187476026,   -0.006373020797,                 0,   -0.001498079711,   0.0008943526511,   -0.008952106217,                 0,    -0.01894611694,       49.90748943,     -0.1033304489,                 0
          0,           0,         144,        0.69846022,      0.7321166438,      -8.961160496,        -8.9219884,      -10.40548018,      -10.51194187,      -9.180142736,                         2,      -1.881315674,    0.002139649606,       3.585521896,               100,               100,               100,      0.0039269908,       0.180729162,   -0.009553609594,   -0.009721801369,    0.006452696829,     0.09821684235,      -0.117646411,       0.180729162,   -0.009721801369,   -0.009553609594,    -0.05286147232,      -3.476806975,      -3.498360422,      -4.408081177,      -4.515439955,      -3.767370101,      0.0790705407,   1.792021698e-05,     0.08663570428,      0.0150049968,   -0.001498079707,   0.0008943511255,   -0.008949881012,                 0,  -0.0001635164033,   -0.003187472054,   -0.006370812912,                 0,  -2.428800906e-05,   4.334700679e-05,    0.006433637831,                 0,    0.002335675241,    0.005290924956,      0.0890887845,    0.001501457652,   6.215959113e-05,    -0.05863937585,    -0.06034839432,    0.001279199597,      0.0790705407,   1.792021698e-05,     0.08663570428,      0.0150049968,  -0.0001635164033,   -0.003187472054,   -0.006370812912,                 0,   -0.001498079707,   0.0008943511255,   -0.008949881012,                 0,     -0.0189461169,       49.90738263,     -0.1033047643,                 0
          0,           0,         145,       0.646459783,       0.731529953,      -8.939266041,      -8.899814008,      -10.38371096,      -10.48807644,      -9.161385539,                         2,      -1.881378266,    0.002139649613,       3.585521896,               100,               100,               100,      0.0039269908,      0.1807293625,   -0.009555952525,   -0.009724131567,    0.006449440355,      0.0982399608,       -0.11766969,      0.1807293625,   -0.009724131567,   -0.009555952525,    -0.05287437742,      -3.454912519,      -3.476186029,      -4.386311949,       -4.49157452,      -3.748612904,      0.0790705407,   1.792020912e-05,      0.0866357043,     0.01500519731,   -0.001498079708,   0.0008943526772,   -0.008952225494,                 0,  -0.0001635163987,   -0.003187476121,   -0.006373139048,                 0,  -2.428800902e-05,   4.334698943e-05,    0.006430381375,                 0,    0.002335675242,    0.005290909526,     0.08911206169,    0.001501314338,   6.215960396e-05,    -0.05863941618,    -0.06037148907,    0.001279055667,      0.0790705407,   1.792020912e-05,      0.0866357043,     0.01500519731,  -0.0001635163987,   -0.003187476121,   -0.006373139048,                 0,   -0.001498079708,   0.0008943526772,   -0.008952225494,                 0,     -0.0189461169,       49.90749111,     -0.1033318257,                 0
          0,           0,         146,       0.694334947,      0.7312769257,      -8.917295296,      -8.878519046,      -10.36233792,      -10.46543119,      -9.138639577,                         2,      -1.880977245,    0.002139649605,       3.585521896,               100,               100,               100,      0.0039269908,      0.1807291449,   -0.009553498949,   -0.009721691732,    0.006452847842,      0.0982157559,     -0.1176453098,      0.1807291449,   -0.009721691732,   -0.009553498949,    -0.05286086511,      -3.432941775,      -3.454891068,      -4.364938916,      -4.468929272,      -3.725866942,     0.07907054071,   1.792021729e-05,     0.08663570428,     0.01500497967,   -0.001498079705,   0.0008943511105,   -0.008949770354,                 0,   -0.000163516404,   -0.003187471964,   -0.006370703364,                 0,  -2.428800906e-05,   4.334700708e-05,    0.006433788844,                 0,    0.002335675236,    0.005290925103,     0.08908768562,    0.001501469943,   6.215958937e-05,    -0.05863937495,    -0.06034730649,    0.001279212079,     0.07907054071,   1.792021729e-05,     0.08663570428,     0.01500497967,   -0.000163516404,   -0.003187471964,   -0.006370703364,                 0,   -0.001498079705,   0.0008943511105,   -0.008949770354,                 0,    -0.01894611687,       49.90738092,      -0.103303487,                 0
          0,           0,         147,        0.73855766,      0.7313261199,      -8.896009206,      -8.856957669,      -10.34145772,      -10.44268766,      -9.120718558,                         2,      -1.881057374,    0.002139649614,       3.585521896,               100,               100,               100,      0.0039269908,       0.180729374,    -0.00955606518,   -0.009724243211,     0.00644928716,     0.09824107154,     -0.1176708078,       0.180729374,   -0.009724243211,    -0.00955606518,    -0.05287499739,      -3.411655684,      -3.433329691,      -4.344058709,      -4.446185746,      -3.707945924,      0.0790705407,   1.792020889e-05,      0.0866357043,     0.01500520879,   -0.001498079707,   0.0008943526874,    -0.00895233816,                 0,  -0.0001635163987,   -0.003187476193,    -0.00637325062,                 0,  -2.428800902e-05,   4.334698931e-05,     0.00643022818,                 0,     0.00233567524,    0.005290909424,     0.08911318108,    0.001501305789,   6.215960388e-05,    -0.05863941689,    -0.06037259756,    0.001279047006,      0.0790705407,   1.792020889e-05,      0.0866357043,     0.01500520879,  -0.0001635163987,   -0.003187476193,    -0.00637325062,                 0,   -0.001498079707,   0.0008943526874,    -0.00895233816,                 0,    -0.01894611689,       49.90749232,     -0.1033331261,                 0
          0,           0,         148,       0.751509389,      0.7314615781,      -8.875606277,      -8.837458548,      -10.32041394,      -10.42071637,      -9.100423973,                         2,      -1.881009091,    0.002139649605,       3.585521896,               100,               100,               100,      0.0039269908,      0.1807291279,   -0.009553383345,   -0.009721577291,    0.006453004345,     0.09821461879,     -0.1176441606,      0.1807291279,   -0.009721577291,   -0.009553383345,    -0.05286023041,      -3.391252756,       -3.41383057,      -4.323014928,      -4.424214451,      -3.687651338,     0.07907054071,   1.792021744e-05,     0.08663570428,     0.01500496274,   -0.001498079706,   0.0008943511247,   -0.008949654764,                 0,   -0.000163516404,   -0.003187471911,   -0.006370588976,                 0,  -2.428800906e-05,   4.334700712e-05,    0.006433945347,                 0,    0.002335675237,     0.00529092496,     0.08908653689,    0.001501481703,   6.215958911e-05,    -0.05863937444,    -0.06034616973,    0.001279224009,     0.07907054071,   1.792021744e-05,     0.08663570428,     0.01500496274,   -0.000163516404,   -0.003187471911,   -0.006370588976,                 0,   -0.001498079706,   0.0008943511247,   -0.008949654764,                 0,    -0.01894611688,       49.90738131,     -0.1033021528,                 0
          0,           0,         149,       0.713560554,      0.7313422379,      -8.855439475,      -8.817233717,       -10.3003453,      -10.39763527,      -9.085024212,                         2,      -1.881166864,    0.002139649614,       3.585521896,               100,               100,               100,      0.0039269908,      0.1807293858,   -0.009556178743,   -0.009724355544,    0.006449134871,     0.09824219137,     -0.1176719338,      0.1807293858,   -0.009724355544,   -0.009556178743,    -0.05287562231,      -3.371085954,      -3.393605739,      -4.302946295,      -4.401133354,      -3.672251577,      0.0790705407,   1.792020861e-05,      0.0866357043,     0.01500522055,   -0.001498079709,   0.0008943526569,   -0.008952451691,                 0,  -0.0001635163981,   -0.003187476205,   -0.006373362941,                 0,  -2.428800902e-05,   4.334698953e-05,     0.00643007589,                 0,    0.002335675244,     0.00529090973,     0.08911430972,    0.001501296676,   6.215960524e-05,      -0.058639417,    -0.06037371416,     0.00127903777,      0.0790705407,   1.792020861e-05,      0.0866357043,     0.01500522055,  -0.0001635163981,   -0.003187476205,   -0.006373362941,                 0,   -0.001498079709,   0.0008943526569,   -0.008952451691,                 0,    -0.01894611692,       49.90749139,     -0.1033344366,                 0
