x,y,z,phi_deg,Cp
1.500000013038516045e-03,4.166666864572725066e-05,1.555021202269320506e-04,1.500000038145012304e+01,5.600236058235168457e-01
1.500000013038516045e-03,1.555021202269322132e-04,-4.166666864572706770e-05,1.050000003814500502e+02,4.092881679534912109e-01
1.500000013038516045e-03,1.138354515812050439e-04,-1.138354515812050168e-04,1.350000000000000000e+02,4.564061760902404785e-01
1.500000013038516045e-03,-4.166666864572703382e-05,1.555021202269320235e-04,-1.500000038145005021e+01,7.322242856025695801e-01
1.500000013038516045e-03,-1.138354515812048541e-04,1.138354515812048812e-04,-4.499999999999999289e+01,8.014630675315856934e-01
1.500000013038516045e-03,-1.555021202269319693e-04,-4.166666864572758270e-05,-1.050000003814502350e+02,4.627878069877624512e-01
1.500000013038516045e-03,-1.555021202269319964e-04,4.166666864572670178e-05,-7.499999961855006347e+01,6.022356152534484863e-01
1.500000013038516045e-03,4.166666864572760303e-05,-1.555021202269321319e-04,1.649999996185497935e+02,5.285156369209289551e-01
1.500000013038516045e-03,-1.138354515812048541e-04,-1.138354515812050168e-04,-1.350000000000000568e+02,3.944256305694580078e-01
1.500000013038516045e-03,-4.166666864572668146e-05,-1.555021202269321590e-04,-1.649999996185500777e+02,4.659394323825836182e-01
1.500000013038516045e-03,1.138354515812050439e-04,1.138354515812048812e-04,4.500000000000004263e+01,4.739577174186706543e-01
1.500000013038516045e-03,1.555021202269321861e-04,4.166666864572721678e-05,7.499999961854990715e+01,3.940270245075225830e-01
1.532263782185812936e-03,2.413237768147761804e-04,-6.412148407738020920e-05,1.048800854481484208e+02,2.550321817398071289e-01
1.533073567164441094e-03,7.498190097976477309e-05,2.378649417854225004e-04,1.749635702709441887e+01,4.105501174926757812e-01
1.533101041180392251e-03,-7.500639427841329664e-05,2.378599747316911817e-04,-1.750206658836327733e+01,5.697746872901916504e-01
1.533690568370123849e-03,-1.768578610305364114e-04,-1.766048614323759982e-04,-1.349589891499263956e+02,3.070194125175476074e-01
1.534176097872356429e-03,-2.419203374302014709e-04,-6.307033133149806314e-05,-1.046121541322245179e+02,3.037841320037841797e-01
1.534649520181119442e-03,2.415740794579808730e-04,6.472958193626269705e-05,7.499999946155848818e+01,3.111566007137298584e-01
1.535918680019676685e-03,1.769940718077123165e-04,1.769940718077123165e-04,4.500000000000000000e+01,3.073372244834899902e-01
1.536284845011929526e-03,6.480012477065164500e-05,-2.418373527082924861e-04,1.649999996877067474e+02,3.748285174369812012e-01
1.536284845011929526e-03,-1.770372279376412341e-04,1.770372279376412612e-04,-4.500000000000000000e+01,6.331272125244140625e-01
1.536284845011929526e-03,1.770372279376412341e-04,-1.770372279376412612e-04,1.350000000000000000e+02,3.003715574741363525e-01
1.539044237385193362e-03,-2.427254366921260953e-04,6.319444461648005863e-05,-7.540680774737434433e+01,4.356760084629058838e-01
1.542803909008701787e-03,-6.396378254673097154e-05,-2.431786512412751895e-04,-1.652631800036001835e+02,3.818977177143096924e-01
1.566913289328416333e-03,2.552269531103472096e-04,6.080978588823319976e-07,8.986348865395012808e+01,2.277414798736572266e-01
1.567866653203964450e-03,-2.216094095880786488e-04,-1.258397411826687735e-04,-1.195898494666432299e+02,2.372397929430007935e-01
1.568548614159226418e-03,2.211922158797582352e-04,-1.273232604338166705e-04,1.199257076314900416e+02,1.727634072303771973e-01
1.568992234145601735e-03,1.381405212062721270e-04,2.176902247204755563e-04,3.239814310531961183e+01,2.287046015262603760e-01
1.569385873153805733e-03,-1.382081706348496359e-04,2.177284137966732365e-04,-3.240628742332466317e+01,3.862138688564300537e-01
1.570568187162280083e-03,2.213993623930340373e-04,1.278882021627699426e-04,5.998773089066776265e+01,2.183019667863845825e-01
1.572569676985343225e-03,1.280019011270875913e-04,-2.217057917732745409e-04,1.499999995026700503e+02,2.022641003131866455e-01
1.573220322219034181e-03,-2.569748709599177223e-04,1.241132849823691375e-07,-8.997232738426332332e+01,1.922085583209991455e-01
1.575329069358607278e-03,-2.225938757571081501e-04,1.263962209729167232e-04,-6.041064573006634220e+01,2.882021069526672363e-01
1.576494464340309591e-03,-1.269861919960628134e-04,-2.226147238009919813e-04,-1.502982531722404644e+02,2.779617011547088623e-01
1.578284931990007415e-03,3.331523233403765796e-05,2.565647203785678112e-04,7.398527060457101179e+00,2.305885702371597290e-01
1.578312406005959005e-03,-3.333972563268612730e-05,2.565597533248364925e-04,-7.404047865790196248e+00,2.176124751567840576e-01
1.579088740982115269e-03,8.363422239202947333e-07,-2.573451007871578318e-04,1.798137959074753383e+02,3.174346089363098145e-01
1.635719866802295194e-03,2.666871975331256968e-04,1.801976850401849743e-06,8.961286444171815901e+01,1.612274348735809326e-01
1.635983198260267503e-03,2.313033279885227662e-04,-1.322823736700229347e-04,1.197652392738592226e+02,7.600927352905273438e-02
1.638809607053796523e-03,-2.331325134340052894e-04,-1.294561006943695247e-04,-1.190429661717441974e+02,1.447759717702865601e-01
1.640331000089645603e-03,1.369987561095816484e-04,2.316909085493535074e-04,3.059581057698466111e+01,5.485012754797935486e-02
1.640724639097849600e-03,-1.370664055381591302e-04,2.317290976255511334e-04,-3.060406637832952370e+01,1.739831268787384033e-02
1.642214173140625014e-03,2.328299645644923413e-04,1.319199072895571589e-04,6.046439797030183882e+01,1.630473285913467407e-01
1.642231984684864752e-03,-1.351460571944092801e-04,-2.304949448443949223e-04,-1.496156329669292688e+02,2.575540244579315186e-01
1.648012626295288332e-03,-2.324013087976103118e-04,1.336179824041513196e-04,-6.010346427092769517e+01,4.169084876775741577e-02
1.649491372518241405e-03,-2.689566172193735838e-04,1.194408469018525698e-05,-8.745722450426978867e+01,4.994357749819755554e-02
1.649623697934051499e-03,7.384013588307428090e-05,2.594008498514692169e-04,1.588934725259644765e+01,4.767394810914993286e-02
1.649651171950002439e-03,-7.386462918172277735e-05,2.593958827977379525e-04,-1.589464060956362701e+01,1.193746551871299744e-02
1.664775540120899677e-03,1.776007047737949274e-05,-2.701479825191199780e-04,1.762386730806012451e+02,1.779584288597106934e-01
1.665217297462125764e-03,1.387301987657944271e-04,-2.332698544099306428e-04,1.492592130501163297e+02,6.856831908226013184e-02
1.668504943760733099e-03,2.628951333463191986e-04,-6.788671832206696921e-05,1.044790418743620108e+02,9.176401793956756592e-02
1.670371042564511299e-03,-1.965408300748094916e-04,-1.881014419874797445e-04,-1.337430821206875464e+02,1.941479295492172241e-01
1.675102083633343234e-03,2.644649260522177183e-04,6.995516605456943116e-05,7.518369532685565559e+01,1.893879324197769165e-01
1.678903431942065485e-03,1.872829088824801418e-04,1.950264607633774570e-04,4.383965129072427658e+01,7.822812348604202271e-02
1.680307167892654665e-03,-1.857028958814529172e-04,1.982596731977537274e-04,-4.312691630870810400e+01,1.780043542385101318e-02
1.681390102021396160e-03,-2.654251875355839729e-04,-5.486671943799593910e-05,-1.016792594768737956e+02,6.905532628297805786e-02
1.687998844621082292e-03,-2.645146159920841455e-04,8.223617745291753023e-05,-7.272981044236439629e+01,4.689979553222656250e-02
1.696367049589753151e-03,1.978766376851126552e-04,-1.935604038105036002e-04,1.343682458836425724e+02,6.992164254188537598e-02
1.698561323185761914e-03,-9.093946452291372373e-05,-2.642452842943991405e-04,-1.610092049755232040e+02,2.142287790775299072e-01
1.711080006013314002e-03,-4.052490354903658229e-05,2.761263361511131489e-04,-8.349248882185904108e+00,-3.052036976441740990e-03
1.711080006013314002e-03,4.052490354903667716e-05,2.761263361511131489e-04,8.349248882185923648e+00,1.970835216343402863e-02
1.714619264627496474e-03,9.245215066281769990e-05,-2.662042970769107342e-04,1.608480013328183134e+02,1.016565412282943726e-01
1.718510601979990945e-03,-2.418920242538055349e-05,-2.803324993389347828e-04,-1.750683035025168408e+02,2.009140700101852417e-01
1.737652036050955310e-03,-2.026849300212537068e-04,-1.977779077909266046e-04,-1.342979683323875406e+02,1.530795395374298096e-01
1.741412212140858173e-03,2.687004259011397940e-04,-8.759365679604040600e-05,1.080554514742128163e+02,9.000562876462936401e-02
1.743852471311887033e-03,-1.903330436713683018e-04,2.084960918485497525e-04,-4.239249877652255094e+01,3.368987701833248138e-03
1.753270781288544409e-03,2.798953112990906203e-04,5.825496297499436349e-05,7.824280801644917460e+01,1.324206292629241943e-01
1.755123841576278210e-03,-2.782168739940971136e-04,-5.402503908650639608e-05,-1.009891164979465827e+02,6.483545154333114624e-02
1.756728976033627987e-03,-1.378088600176852468e-04,-2.490146289346739650e-04,-1.510391246076205505e+02,1.697958707809448242e-01
1.761247908386091247e-03,-2.728890006740888321e-04,9.641630822443404659e-05,-7.054082230139636067e+01,4.479720070958137512e-02
1.765253255143761852e-03,2.263018104713410139e-04,-1.725203813596939138e-04,1.273199567386229916e+02,6.994190812110900879e-02
1.767125756790240533e-03,2.075510201393626901e-04,1.940037376092126062e-04,4.693225907622685611e+01,9.100393205881118774e-02
1.779824340095122800e-03,-2.520682998389626723e-04,-1.382908861463268417e-04,-1.187502588135872514e+02,9.948769956827163696e-02
1.784806993479529872e-03,-2.454058412695303559e-04,1.580345318264638203e-04,-5.721959192245729042e+01,2.515680715441703796e-02
1.786318956874310970e-03,-8.281075133709234269e-05,2.796251501422375441e-04,-1.649661078346874277e+01,-1.607999391853809357e-02
1.786795832837621226e-03,2.879228753348191941e-04,-2.960516470314664117e-05,9.587070647211801599e+01,1.025017350912094116e-01
1.791619230061769485e-03,-1.506426754834440667e-04,2.539750372913355267e-04,-3.067386198806399378e+01,-2.140818908810615540e-02
1.796474175838132627e-03,-2.901226883598914110e-04,2.696589581319132312e-05,-8.468981297514940820e+01,4.362110421061515808e-02
1.798412025285264001e-03,1.391264837972508800e-05,-2.952297218143939972e-04,1.773019425874507533e+02,1.407610476016998291e-01
1.801039751929541573e-03,8.512343144199499578e-05,-2.824428180853525978e-04,1.632280921860405272e+02,1.111489385366439819e-01
1.803287343742946856e-03,8.352959654682007252e-05,2.824008697643876076e-04,1.647736249764107797e+01,2.940332330763339996e-02
1.808605195644001021e-03,2.685284610682477915e-04,1.191969810558172473e-04,6.606406478757664047e+01,1.188558265566825867e-01
1.832898473367094994e-03,1.669563280302099884e-04,2.454484589785958511e-04,3.422390212627767170e+01,5.299771204590797424e-02
1.833379850722849369e-03,-1.328276618248007131e-04,-2.661857482356330120e-04,-1.534806360179662761e+02,1.279162764549255371e-01
1.844373997300863483e-03,2.186918961039434057e-04,-2.035891617803523848e-04,1.329517095195315903e+02,6.128849834203720093e-02
1.844451335879663482e-03,-2.409119091074293220e-04,1.805822442596157482e-04,-5.314558339652499086e+01,7.009950932115316391e-03
1.852608363454540715e-03,-1.876000557482863647e-04,2.392417130370935166e-04,-3.810157065221272887e+01,-1.115249749273061752e-02
1.853993550563851848e-03,-2.582252733797456008e-04,-1.520625082775950432e-04,-1.204927840749317767e+02,1.010534167289733887e-01
1.855113621180256352e-03,-4.785641552492356210e-05,-2.963136260708173477e-04,-1.708256117222131820e+02,1.121961623430252075e-01
1.861908279048900099e-03,1.428696838653801811e-04,-2.640011613645280582e-04,1.515790480924998178e+02,7.310812175273895264e-02
1.863289779673020117e-03,-4.228584778805567909e-05,3.015072822260360104e-04,-7.983556274629067140e+00,-1.646259683184325695e-03
1.875488747221728094e-03,-3.039658671089758837e-04,1.164863291099513740e-05,-8.780537507005089992e+01,3.800972923636436462e-02
1.875745443006356485e-03,2.994388147878150326e-04,-5.756007885793225332e-05,1.008810415664168261e+02,8.456876873970031738e-02
1.880258166541656003e-03,4.300469299778347668e-05,3.042830018481860739e-04,8.044404694987882465e+00,2.107666805386543274e-02
1.888472121208906174e-03,-2.038607053691521558e-04,-2.287206492231537989e-04,-1.382891035960399506e+02,1.127656623721122742e-01
1.908307623428603158e-03,-2.982170262839645147e-04,-8.311392411997076124e-05,-1.055733032603042432e+02,6.078979372978210449e-02
1.909482564466695063e-03,2.726064509867380243e-04,-1.466173513714845163e-04,1.182729292095512079e+02,6.341925263404846191e-02
1.912230315307776205e-03,2.932490218275537455e-04,1.040470669977366924e-04,7.046491338576579722e+01,9.591881185770034790e-02
1.917984957496325030e-03,-2.714283764362335205e-04,1.612047538704549363e-04,-5.929338664362953182e+01,2.731287293136119843e-02
1.930018964534004674e-03,2.099218836519867182e-04,2.330455414873237592e-04,4.201177458797009479e+01,5.968585982918739319e-02
1.932156466258068807e-03,-1.679639632736022454e-04,2.682638926974808538e-04,-3.205128694228432806e+01,-6.048558745533227921e-03
1.940942679842313058e-03,-3.031043549223492724e-04,8.627131986334765613e-05,-7.411227939663979214e+01,3.876892104744911194e-02
1.945845511121054418e-03,3.161318115113924128e-04,1.515013476212819982e-05,8.725628635349845297e+01,9.155064076185226440e-02
1.948138155664006941e-03,-9.048167945972329738e-05,3.048793490355213845e-04,-1.652976403784254700e+01,-1.870518084615468979e-03
1.955573097802698612e-03,-4.334907619825875669e-05,-3.139807862074425185e-04,-1.721392764332373133e+02,9.632703661918640137e-02
1.964519343649347768e-03,1.392620943079236895e-04,-2.853737047795826829e-04,1.539876684582030464e+02,7.466152310371398926e-02
1.967871367620925398e-03,2.752371365204453468e-04,1.664509060598599324e-04,5.883635863375189956e+01,7.475505769252777100e-02
1.970012982686360822e-03,8.923537097871307624e-05,3.094518033321946859e-04,1.608576144452049306e+01,3.677280992269515991e-02
1.980911823920905590e-03,-2.075552280681828838e-04,-2.459818400287380183e-04,-1.398429050176819715e+02,8.049236983060836792e-02
1.985069907580812483e-03,-2.240265069607024482e-04,2.279572217958047986e-04,-4.450173495465232065e+01,1.831171847879886627e-02
1.990162651054561138e-03,1.727258301495264155e-04,2.751667537571241820e-04,3.211703869211316942e+01,5.178761109709739685e-02
2.001058543100953102e-03,-3.076960662535081488e-04,-1.052547795552527532e-04,-1.088844763459687925e+02,6.680563837289810181e-02
2.007820100213090868e-03,2.796902457096924746e-04,-1.677334366831928492e-04,1.209515976671333419e+02,5.567531660199165344e-02
2.008443387846152277e-03,5.028363617990786605e-05,-3.218660519147912842e-04,1.711207196117522926e+02,8.904812484979629517e-02
2.026279030057291479e-03,-1.320148451971666357e-04,-3.011140991778423750e-04,-1.563263294733928888e+02,7.977385818958282471e-02
2.034641996336480126e-03,-4.819583167166753698e-05,3.283376572653651237e-04,-8.350663416502946745e+00,1.307656150311231613e-02
2.038865039745966883e-03,-3.248648135922849178e-04,6.600195956707466394e-05,-7.851567219180415691e+01,3.754974529147148132e-02
2.039184172948201642e-03,-2.713988360483199358e-04,-1.914645545184612545e-04,-1.252019362498004256e+02,7.479596883058547974e-02
2.039548436490198121e-03,4.623067798092966732e-05,3.301343919398884159e-04,7.971629683074807460e+00,2.899696119129657745e-02
2.045322597647706957e-03,2.221681012694413373e-04,-2.460777905071154237e-04,1.379231127071930132e+02,5.509796366095542908e-02
2.052985131740570068e-03,3.344029537402093410e-04,-3.466994409488191202e-06,9.059400501134702210e+01,7.589063793420791626e-02
2.055653138086199760e-03,2.818823365184168202e-04,1.815534075528072995e-04,5.721542143601843122e+01,6.481858342885971069e-02
2.064666710793972015e-03,2.197930686331043821e-04,2.552620571805164218e-04,4.073005410117295355e+01,5.210814997553825378e-02
2.066162026797731862e-03,-3.352053657484551632e-04,-3.076158282055986538e-05,-9.524331103669483412e+01,4.280639439821243286e-02
2.081222599372267723e-03,3.247937517395864111e-04,-9.729329334125699758e-05,1.066758015777986088e+02,6.116482615470886230e-02
2.084177685901522636e-03,-2.451953720689440948e-04,2.281381991148616058e-04,-4.706383270311734890e+01,3.949152678251266479e-02
2.115015095720688791e-03,-3.143577002144108397e-04,1.411163708932387513e-04,-6.582450626863945331e+01,4.727350175380706787e-02
2.118859517698486791e-03,3.141062043141573668e-04,1.462654278536016923e-04,6.503067787185864290e+01,5.973976850509643555e-02
2.126894580821196527e-03,3.438077595395346844e-04,6.177261032765576899e-05,7.981423336589828921e+01,6.802321225404739380e-02
2.131033300732573018e-03,-1.010271419848625678e-04,3.325974006050576586e-04,-1.689626621950135998e+01,1.665365509688854218e-02
2.131305402144789696e-03,5.105754947483850926e-05,-3.424426055668542963e-04,1.715197777757010158e+02,8.532971143722534180e-02
2.131875449170669064e-03,9.612141972562920867e-05,3.349907541026672089e-04,1.601017213969572950e+01,4.586593806743621826e-02
2.132773399353027344e-03,-1.338235609485612652e-04,-3.196604763312886339e-04,-1.572837271849413412e+02,6.601723283529281616e-02
2.136844055106242642e-03,1.861933512069905978e-04,2.944034689183657729e-04,3.231101175106115875e+01,5.396232381463050842e-02
2.144412758449713678e-03,-2.775441389530897141e-04,-2.125617805480336240e-04,-1.274472968722835589e+02,6.326255202293395996e-02
2.150808305790026694e-03,2.235126254769663197e-04,-2.680424270996203387e-04,1.401762759591424583e+02,5.379335582256317139e-02
2.155514822031061144e-03,-1.996782909069831353e-04,2.863888366846367717e-04,-3.488528475023233710e+01,2.951670438051223755e-02
2.169377015282710538e-03,-3.501762694213539362e-04,-5.120482577088601662e-05,-9.831916545038001232e+01,4.315063729882240295e-02
2.184929481397072763e-03,-4.438387865472273618e-05,-3.531037170129518437e-04,-1.728356980889416548e+02,7.885198295116424561e-02
2.188505837693810463e-03,3.380126339228203261e-04,-1.149269404171112394e-04,1.087784350934579152e+02,7.724541425704956055e-02
2.192634778718153925e-03,-2.155092467243472916e-04,-2.856254432117566466e-04,-1.429648266790720470e+02,5.520232394337654114e-02
2.192867066090305357e-03,1.413805318103792947e-04,-3.279148950241506100e-04,1.566767065561006120e+02,6.963849067687988281e-02
2.207116223871707916e-03,-3.394829012298335993e-04,1.191537303384393454e-04,-7.065964314223201370e+01,4.225426167249679565e-02
2.209502117087443814e-03,-3.288122728311767542e-04,-1.467952485351513010e-04,-1.140579386586044564e+02,5.561646446585655212e-02
2.218494269375999913e-03,4.989074174469963622e-05,3.592175586769978386e-04,7.907071027457495127e+00,3.790978342294692993e-02
2.220589046676953345e-03,2.942536521004512906e-04,-2.073317203515520060e-04,1.251686021899703718e+02,7.045128941535949707e-02
2.222558561091621861e-03,-5.283131031319492917e-05,3.586209398539116347e-04,-8.380419498177207771e+00,2.461790107190608978e-02
2.225073830535014615e-03,3.029073996003717184e-04,2.025035622258050108e-04,5.623596964221835748e+01,4.453312233090400696e-02
2.228369160244862528e-03,3.624975603694717270e-04,5.628003358045437232e-05,8.117492663459589153e+01,5.226853489875793457e-02
2.234044795234998212e-03,2.370838143785173875e-04,2.769329536628599149e-04,4.056701262469548652e+01,5.146611481904983521e-02
2.234181156381964684e-03,-3.649609182806064504e-04,2.359607606194912371e-05,-8.630076415383688015e+01,3.287474811077117920e-02
2.261108175540964098e-03,-2.520479514108350241e-04,2.676106184177721179e-04,-4.328462617784123267e+01,5.246118456125259399e-02
2.261742949485778809e-03,3.663116367533802986e-04,-2.659321823254383988e-05,9.415223178531310566e+01,7.621654868125915527e-02
2.281872167562444716e-03,-3.226902335882187432e-04,1.873973402931976002e-04,-5.985478798505364750e+01,5.741676688194274902e-02
2.289896753306190462e-03,3.398452148151894772e-04,1.503210466277475339e-04,6.613913473237820995e+01,4.352710768580436707e-02
2.295406923318902941e-03,-4.694658006580235154e-05,-3.713392070494592732e-04,-1.727946042535028823e+02,6.203750893473625183e-02
2.303097474699218779e-03,1.415766382706351849e-04,-3.478022699709981680e-04,1.578506928949881001e+02,7.848954945802688599e-02
2.304365392774343491e-03,-2.225475182058289647e-04,-3.037290443899109960e-04,-1.437691225541977076e+02,4.740371927618980408e-02
2.319387237851818547e-03,1.072002924047410895e-04,3.632272807105134112e-04,1.644305986311203327e+01,5.113696306943893433e-02
2.323222812265157700e-03,-3.431491883626828772e-04,-1.614277086143071633e-04,-1.151937056239673041e+02,5.307567864656448364e-02
2.325617397824923487e-03,-1.102945486006016171e-04,3.629572844753662926e-04,-1.690284610591358927e+01,2.575018070638179779e-02
2.329969157775243268e-03,2.043214335571974516e-04,3.215299608806769234e-04,3.243458037152786488e+01,5.659690499305725098e-02
2.338268949339787454e-03,2.991038830562805497e-04,-2.335361884130786043e-04,1.279822273720747319e+02,7.841259986162185669e-02
2.339685490975777597e-03,-2.108600407761211106e-04,3.181555269596477711e-04,-3.353473532001446245e+01,4.073041304945945740e-02
2.345403966804345593e-03,-3.827449982054531574e-04,3.006509844756995864e-05,-8.550856751463372518e+01,3.483734279870986938e-02
2.352013252675533295e-03,4.869095452401477054e-05,-3.805654705502092838e-04,1.727089774483715985e+02,7.736628502607345581e-02
2.354981455331047521e-03,-1.434245338411225808e-04,-3.559995675459504128e-04,-1.580565595393959768e+02,4.140415042638778687e-02
2.369864067683617563e-03,-2.989193259660775101e-04,-2.452978418053438628e-04,-1.293728341637017820e+02,5.292316153645515442e-02
2.371874948342641339e-03,-3.591813244080792051e-04,1.376877892956448188e-04,-6.902628197232910168e+01,4.851249977946281433e-02
2.376755854735772104e-03,3.840078425128012896e-04,-4.097407266575223118e-05,9.609048082310289374e+01,8.439863473176956177e-02
2.378718617061773791e-03,2.285589628930514419e-04,-3.141342701079944950e-04,1.439609761689307845e+02,7.060571014881134033e-02
2.394320520882805333e-03,-3.822972648777067661e-04,-5.936826346442104064e-05,-9.882715156984437499e+01,4.257244616746902466e-02
2.412645223860939488e-03,3.540798691877474749e-04,1.700807260931469500e-04,6.434290038032460757e+01,4.170524701476097107e-02
2.419388154521584511e-03,5.730955066004153457e-05,3.904255766731997692e-04,8.350662641638619377e+00,4.075533151626586914e-02
2.421198645606637001e-03,3.605590706380705219e-04,-1.555122629118462494e-04,1.133309567166559333e+02,9.338881075382232666e-02
2.421554022779067502e-03,-5.746323828740659308e-05,3.907521992611388004e-04,-8.365840134507436687e+00,2.866043522953987122e-02
2.435085363686084747e-03,2.508858985189969522e-04,3.114119657160093748e-04,3.885630426115547209e+01,5.010996386408805847e-02
2.444948457802335710e-03,-2.669955283636227250e-04,2.963647615009298289e-04,-4.201574429330963767e+01,5.376547574996948242e-02
2.456373923147718401e-03,-3.446745298181971276e-04,1.961103019615014484e-04,-6.036131745707059792e+01,5.659198015928268433e-02
2.466130536049604416e-03,3.944284205014507157e-04,6.165885861264541745e-05,8.111516941176175521e+01,5.862876400351524353e-02
2.469497344767054067e-03,4.661695493268781766e-05,-4.005238976484785658e-04,1.733612174568019952e+02,6.449956446886062622e-02
2.472238304714362116e-03,-1.484737719389765394e-04,-3.750128865552445614e-04,-1.584005723674280546e+02,3.809201344847679138e-02
2.481652346129219026e-03,3.235253291980674231e-04,2.478148089721798897e-04,5.254850945714754573e+01,4.085819050669670105e-02
2.487402719755967603e-03,-3.138401710505908096e-04,-2.579925591514135581e-04,-1.294219411375139259e+02,4.981999099254608154e-02
2.503774051244060488e-03,2.275701262988150120e-04,-3.399363971160103697e-04,1.461997040011951867e+02,8.781847357749938965e-02
2.508256273965041132e-03,-3.997658301765720772e-04,-6.848836346762257545e-05,-9.972160238476597272e+01,4.347709938883781433e-02
2.529174011821548433e-03,1.166345221766581499e-04,3.962002714009334463e-04,1.640351883764016705e+01,4.925728589296340942e-02
2.530147864793737874e-03,-5.406981775498329013e-05,-4.103109531570225954e-04,-1.724929509486231041e+02,4.585865512490272522e-02
2.531573564435044780e-03,-1.199568796437233280e-04,3.951246229310830796e-04,-1.688789755289505479e+01,2.447126060724258423e-02
2.534289301062623949e-03,2.130897288831571919e-04,3.588839802735795939e-04,3.070000177820107368e+01,5.315197259187698364e-02
2.539160894230008125e-03,-2.425176013881961685e-04,-3.354370807452748942e-04,-1.441334530508962644e+02,4.098841175436973572e-02
2.540899906307458878e-03,-2.289236775444199461e-04,3.455389426865925753e-04,-3.352494894727657027e+01,3.459607064723968506e-02
2.545637000973026247e-03,1.385138020850718021e-04,-3.935628240772833246e-04,1.606105625982409038e+02,8.283559232950210571e-02
2.547079930081963539e-03,3.690371619692693335e-04,-1.863682312735666922e-04,1.167943279209047773e+02,7.678253948688507080e-02
2.554697217419743538e-03,-3.755385987460613251e-04,-1.832425259635784003e-04,-1.160098731425090648e+02,5.087715759873390198e-02
2.562428902213772283e-03,-3.888135834131389856e-04,1.458071953190180343e-04,-6.944368327717539557e+01,3.971723094582557678e-02
2.584901405498385429e-03,-4.214445167842010296e-04,2.222598413936793804e-05,-8.698115315268954362e+01,3.163198009133338928e-02
2.589205667997400255e-03,3.065931377932429314e-04,-2.901942837828149217e-04,1.334259910441535624e+02,7.901909202337265015e-02
2.597912757967909322e-03,4.188124245653550011e-04,3.949198101812119454e-05,8.461321378296584328e+01,7.183501869440078735e-02
2.632212126627564430e-03,3.545174646812180859e-04,2.488790681430449450e-04,5.493029964866871495e+01,3.318968787789344788e-02
2.634419361129403114e-03,4.168699379079043865e-04,-9.399691862199691041e-05,1.027066994877626058e+02,8.099862188100814819e-02
2.638006505245964022e-03,5.932497151661671701e-05,4.271448027187337839e-04,7.907071172805735237e+00,3.577907010912895203e-02
2.638240189601977811e-03,-6.249364135631661971e-05,4.257425316609442776e-04,-8.350663579208772447e+00,2.308794297277927399e-02
2.652438900743921742e-03,-2.886527266430979335e-04,3.226566671704252922e-04,-4.181621676651788988e+01,4.397936165332794189e-02
2.655922978495558247e-03,-4.929376154905186459e-05,-4.318695670614639557e-04,-1.734884174032158057e+02,4.321501031517982483e-02
2.658487375204761968e-03,2.838934548587228042e-04,3.248994277479747570e-04,4.114659464601696470e+01,3.989469632506370544e-02
2.661219177146752820e-03,-3.769670826538155657e-04,-2.157316412194631994e-04,-1.197817481227156691e+02,5.464473739266395569e-02
2.662542431304852457e-03,-3.708636310572425163e-04,2.231793793422791046e-04,-5.896119167435093544e+01,4.627402126789093018e-02
2.669376786798238754e-03,-2.478701790096238256e-04,-3.581435885280371254e-04,-1.453129995954424771e+02,4.375577345490455627e-02
2.672518758724133463e-03,1.416549445517982227e-04,-4.149622497304032427e-04,1.611517236124894339e+02,8.173432946205139160e-02
2.694987226277589798e-03,4.094560087348024231e-04,1.489781076694877417e-04,7.000638742602619402e+01,4.724299907684326172e-02
2.705242096756895528e-03,-4.404066130518913811e-04,-2.950271543037766308e-05,-9.383250209604258885e+01,2.352171018719673157e-02
2.717404703920086369e-03,3.077066115414103234e-04,-3.193727849672237671e-04,1.360658066659697454e+02,7.307741045951843262e-02
2.722154216219981656e-03,5.453415360534563661e-05,-4.434819372060397899e-04,1.729896375485488420e+02,6.075465679168701172e-02
2.724140572051207514e-03,-3.206212325797726530e-04,-3.131881821900606155e-04,-1.343280899854330812e+02,5.635493248701095581e-02
2.728229310984413118e-03,-1.490502933544727844e-04,-4.192780082424482071e-04,-1.604300687176146312e+02,3.821573406457901001e-02
2.735118924950560079e-03,-4.201564103520165068e-04,-1.527061782932529756e-04,-1.099737150208150496e+02,3.913440555334091187e-02
2.757980953902006149e-03,1.346178226716196176e-04,4.283312785749633926e-04,1.744711791546535196e+01,3.805726021528244019e-02
2.758854844917853818e-03,2.318247425137087974e-04,-3.905143239535391331e-04,1.493049570650519797e+02,8.077552914619445801e-02
2.761643379926681519e-03,-1.295221979186559627e-04,4.316606985715528149e-04,-1.670216533993601260e+01,1.639442890882492065e-02
2.765063351641098947e-03,4.304989803737650496e-04,-1.277647106689983048e-04,1.065299851271696809e+02,6.780306249856948853e-02
2.766515749196211786e-03,-2.467144853047406041e-04,3.781605143255243879e-04,-3.312070199760770350e+01,2.716103941202163696e-02
2.773346534619729013e-03,2.627310993072266561e-04,3.634021947315583265e-04,3.586602971482542301e+01,3.827819973230361938e-02
2.781352493911981583e-03,-4.163113674925019705e-04,1.798417773291778880e-04,-6.663620451942162504e+01,3.630777448415756226e-02
2.801579656079411507e-03,-4.532234161160886288e-04,5.074089373617123022e-05,-8.361201783234584184e+01,2.164071425795555115e-02
2.805922956516345487e-03,3.837796781832973343e-04,-2.493145245049769860e-04,1.230089339726829678e+02,5.764529481530189514e-02
2.830055697510640116e-03,4.425211712562789339e-04,1.156985469303132565e-04,7.534782490380796105e+01,5.982378125190734863e-02
2.850707853212952614e-03,-3.312700913132479155e-04,-3.330018953420221806e-04,-1.351493738091954810e+02,5.942365899682044983e-02
2.857129244754712076e-03,-4.001225461252033710e-04,-2.323058506590314209e-04,-1.201388828249807545e+02,4.917379096150398254e-02
2.859098914389809117e-03,-1.488787990335064539e-04,-4.424739648432781660e-04,-1.614035060596594917e+02,3.905985504388809204e-02
2.863625219712655039e-03,4.655066295526922291e-04,-2.755537176805469856e-05,9.338763454752910320e+01,7.122024148702621460e-02
2.871643208588163347e-03,8.376463423095022187e-05,-4.633642383851110935e-04,1.697530257204336976e+02,7.608348876237869263e-02
2.876891832177838268e-03,7.529285115500298868e-05,4.606727161444724148e-04,9.282411717109408045e+00,3.111291117966175079e-02
2.880320573846499414e-03,-6.702855656233918031e-05,4.654044071988513434e-04,-8.195508244983287227e+00,2.214121073484420776e-02
2.887558424845337868e-03,-3.078244917560368776e-04,3.575950007264813149e-04,-4.072248756558940386e+01,4.193621128797531128e-02
2.892291639000177383e-03,-3.952104695296536612e-04,2.587535515582809484e-04,-5.678629175571279575e+01,4.878828674554824829e-02
2.894298794368903131e-03,2.005342054568852168e-04,-4.280440334696322680e-04,1.548973954296464228e+02,8.040354400873184204e-02
2.906961676975091443e-03,3.378633409738540649e-04,3.316102277797957623e-04,4.553514670805190434e+01,2.377142570912837982e-02
2.926813671365380287e-03,-2.583475434221327305e-04,-4.011532582808286494e-04,-1.472179756193045534e+02,4.766862094402313232e-02
2.929133983949820490e-03,3.873010282404721325e-04,-2.802186985112106168e-04,1.258863602050784891e+02,5.044572800397872925e-02
2.933305998643239050e-03,-4.783131977698455435e-04,2.325507618176431363e-06,-8.972143624192968048e+01,1.486628968268632889e-02
2.935832288737098231e-03,4.255846336794396061e-04,2.152761832500497681e-04,6.316805466015949833e+01,3.570079430937767029e-02
2.936281574269135938e-03,-1.989178660248096242e-05,-4.749478248413652182e-04,-1.776017371458482899e+02,5.938796699047088623e-02
2.976059680804610252e-03,2.799374245417614597e-04,-3.878066684895505869e-04,1.441764450486564897e+02,6.550586223602294922e-02
2.985969341049591556e-03,-4.328778304625302553e-04,-2.192614750432161355e-04,-1.168631465713372677e+02,3.492559865117073059e-02
3.007715800777077675e-03,1.496038942908248215e-04,4.658719505338619876e-04,1.780320809877491683e+01,3.154502063989639282e-02
3.008289107431968198e-03,4.804780764970928431e-04,-8.642732670220235080e-05,1.001971903029928086e+02,5.344415083527565002e-02
3.011144542445739255e-03,-1.413395996981610403e-04,4.706036415882409161e-04,-1.671694734664159654e+01,2.144283615052700043e-02
3.013510024175047874e-03,-2.649432475057741368e-04,4.162944193618993145e-04,-3.247399558786718643e+01,3.047122620046138763e-02
3.014275571331381798e-03,-4.811082908418029547e-04,-1.216375045866395082e-04,-1.041886269065967099e+02,1.400754600763320923e-02
3.019244953369100599e-03,-4.415450578865905964e-04,2.210922490727777463e-04,-6.340176841254756823e+01,4.060046002268791199e-02
3.022420064856608853e-03,2.840611074740688187e-04,4.017385460125904011e-04,3.526334924293459494e+01,2.398259565234184265e-02
3.032938266793886676e-03,4.489917773753404617e-04,-2.175408396093795607e-04,1.158506350541309615e+02,4.282740503549575806e-02
3.040032150844733209e-03,-4.877357375031958204e-04,9.376508872567984642e-05,-7.911789929117220765e+01,2.134552039206027985e-02
3.084410447627305984e-03,-2.810877728431175333e-04,-4.173318156972527504e-04,-1.460383361970399392e+02,4.768038913607597351e-02
3.085613173122207613e-03,4.717173675696054733e-04,1.737716956995427880e-04,6.977716330613269236e+01,4.797017946839332581e-02
3.104508000736435399e-03,-2.139528927121620738e-05,-5.029525006345162428e-04,-1.775641414672249994e+02,7.487120479345321655e-02
3.111930020774404497e-03,3.004395985044538975e-04,-3.997102127565692591e-04,1.430698824963054960e+02,6.193724274635314941e-02
3.124500469615061789e-03,5.036253520908454693e-04,1.532210444565863772e-05,8.825739270908185574e+01,5.431707575917243958e-02
3.137125478436549215e-03,-7.431104313582173799e-05,5.062494989639769721e-04,-8.350662801113738709e+00,3.788296505808830261e-02
3.137125478436549215e-03,7.431104313582190062e-05,5.062494989639769721e-04,8.350662801113756473e+00,3.901344910264015198e-02
3.137144725769758224e-03,-3.867656050715595484e-04,-3.361360771426310503e-04,-1.309937440523988528e+02,4.518723860383033752e-02
3.146337112411856651e-03,-3.286746602195004803e-04,3.980268083978444338e-04,-3.954853516007430869e+01,3.467386960983276367e-02
3.147338827451070294e-03,-4.178904928267002106e-04,3.016660872769231236e-04,-5.417529870683729598e+01,3.795102611184120178e-02
3.147540769229332895e-03,-5.121165498470265937e-04,3.210599000643316769e-05,-8.641266550507583588e+01,2.004417404532432556e-02
3.148778962592284174e-03,-5.057993015119184328e-04,-1.062924978517306709e-04,-1.018678773010334169e+02,1.936487667262554169e-02
3.152581397444009781e-03,4.230696649756282568e-04,-2.927021268988028169e-04,1.246775487376796434e+02,3.803128376603126526e-02
3.171348323424657330e-03,3.452037538712223732e-04,3.852737330210705960e-04,4.186021521635387188e+01,1.327131129801273346e-02
3.184922117119034276e-03,-1.731225311232265085e-04,-4.866571980528533459e-04,-1.604175869879198331e+02,5.455486476421356201e-02
3.191361048569282041e-03,2.275371662108227611e-04,-4.661298298742622137e-04,1.539810911694540323e+02,7.965135574340820312e-02
3.201061549286047907e-03,8.876191835346010372e-05,-5.175511663158733917e-04,1.702682421643588953e+02,9.438315778970718384e-02
3.205670819928248868e-03,4.451387212611734867e-04,2.736409272377690041e-04,5.841963529698004010e+01,2.532952651381492615e-02
3.248065244406461716e-03,-5.059584606594096350e-04,-1.692770165391266617e-04,-1.084985420111196532e+02,2.304461225867271423e-02
3.264737237865726442e-03,-4.351552245983232874e-04,-3.014966253734504545e-04,-1.247160930518519990e+02,2.794891782104969025e-02
3.277989647661646352e-03,-5.334007437340915203e-04,6.787758563101914345e-05,-8.274783935798181744e+01,3.130885586142539978e-02
3.279480462272962079e-03,1.512353968185683453e-04,5.137373130613317454e-04,1.640351863862123238e+01,4.294567182660102844e-02
3.292207606136798859e-03,-1.561247918289154497e-04,5.138401077905049288e-04,-1.690084019119522907e+01,3.087647631764411926e-02
3.298574903359015927e-03,-4.853653663303703612e-04,2.101105225544112334e-04,-6.659262557295603813e+01,2.996077015995979309e-02
3.298999043181539016e-03,2.876708943707247937e-04,4.568949516396969557e-04,3.219540123415404764e+01,2.476595900952816010e-02
3.299053758382797241e-03,-2.868847611049811226e-04,4.599266394507139921e-04,-3.195434747457628077e+01,1.863899081945419312e-02
3.300884040072560310e-03,4.409911246815075838e-04,-3.098344847482319402e-04,1.250913659087229775e+02,4.257452487945556641e-02
3.305119850362340465e-03,5.347472227488955223e-04,-2.815230012250444203e-05,9.301361125503881055e+01,4.836390540003776550e-02
3.341255011036992073e-03,3.332513394222285080e-04,-4.264259769115597010e-04,1.419924205597469893e+02,6.370754539966583252e-02
3.351523540914058685e-03,-5.398273545627793038e-04,-7.176171978547547803e-05,-9.757219408727681298e+01,2.617036178708076477e-02
3.354438968623678179e-03,1.029282417827440956e-04,-5.400528510411580765e-04,1.692094538914852251e+02,8.122774213552474976e-02
3.364187432453036308e-03,-1.695933278824668920e-04,-5.187595282526066267e-04,-1.618963500473385011e+02,7.442654669284820557e-02
3.375088873629768834e-03,4.894412510717909264e-04,2.546437802569319624e-04,6.251319167474003535e+01,2.687742188572883606e-02
3.385728147501747103e-03,5.099505166678379702e-04,-1.977858482860028744e-04,1.111989333623808278e+02,4.660729691386222839e-02
3.411347900206844301e-03,-4.160594447360684836e-04,-3.685285385775690639e-04,-1.315332172503846380e+02,2.612423337996006012e-02
3.420599270612001419e-03,7.692435368274658019e-05,5.538618812958400178e-04,7.907070589748710354e+00,4.864604398608207703e-02
3.421914996579289436e-03,2.659761715525140726e-04,-4.813543443257609642e-04,1.510768057691774402e+02,7.040837407112121582e-02
3.433326414475838632e-03,-8.181374869309356263e-05,5.539646760250132012e-04,-8.401150108323367505e+00,3.770732879638671875e-02
3.435650607571005821e-03,5.471417680382728577e-04,1.113001441505427207e-04,7.850172018931388607e+01,4.356490448117256165e-02
3.437150735408067703e-03,-3.699762601172571842e-06,-5.575565155595541000e-04,-1.796198095348351274e+02,8.158746361732482910e-02
3.438833014418682041e-03,3.451476319848249537e-04,4.465378394039968830e-04,3.770192538183000153e+01,1.792302541434764862e-02
3.444130377223094883e-03,-4.825464760263761246e-04,2.658716912264936214e-04,-6.114627566507280676e+01,3.035377897322177887e-02
3.445610947286089406e-03,-3.732817034081866705e-04,4.193270870018750429e-04,-4.167522701816818653e+01,2.230915427207946777e-02
3.465583237508933039e-03,-2.941085501030708533e-04,-4.805857897736132687e-04,-1.485342310363831757e+02,5.294826254248619080e-02
3.480600348363319888e-03,4.469830212959399187e-04,3.559194738045334816e-04,5.147071821691291404e+01,7.976273074746131897e-03
3.498530791451533780e-03,-5.557253607548773289e-04,-1.178018695403200704e-04,-1.019683115527690518e+02,2.289435826241970062e-02
3.541683157285054669e-03,-5.027606869892526937e-04,-2.823490794980899042e-04,-1.193184519653901674e+02,1.794392429292201996e-02
3.574876968438426943e-03,2.970752248074859381e-04,5.095626111142337322e-04,3.024220404279832763e+01,3.199711814522743225e-02
3.576161805540323257e-03,1.652874440575640130e-04,5.600442915844421315e-04,1.644305909184248904e+01,4.454042017459869385e-02
3.585930370415250316e-03,5.341829091776162386e-04,-2.273093414260074767e-04,1.130510707181734489e+02,6.542119383811950684e-02
3.588888949404160471e-03,-1.701768390679110361e-04,5.601470863136153149e-04,-1.689917051055794772e+01,2.383337542414665222e-02
3.590098038936655016e-03,3.265005895324672443e-04,-4.820589092560112476e-04,1.458900444646281755e+02,5.382496491074562073e-02
3.594327329968413295e-03,-3.308848245069384575e-04,4.794229656302680933e-04,-3.461239319596380426e+01,2.067268639802932739e-02
3.606955443198482485e-03,-5.579208858155956232e-04,1.779535741661675274e-04,-7.230947854508733030e+01,4.530356824398040771e-02
3.609732259064912796e-03,2.552606504953774990e-05,-5.862486820357541966e-04,1.775068385821515449e+02,6.822185218334197998e-02
3.616890404373407364e-03,5.815404389674465584e-04,9.292294513822221846e-05,8.092158989734336672e+01,4.913730919361114502e-02
3.636184458931287274e-03,-5.919062532484531403e-04,5.768136664604373151e-08,-8.999441651640481155e+01,4.051265865564346313e-02
3.645796484003464670e-03,4.823932637615750414e-04,3.560180193744599819e-04,5.357176777818632729e+01,1.469015516340732574e-02
3.677574219182133675e-03,4.591967250841358936e-04,-3.820726318129649126e-04,1.297620014832540960e+02,6.188832223415374756e-02
3.682976743827263803e-03,-2.785771163568521178e-04,-5.317430380576600992e-04,-1.523502158094597121e+02,6.479243189096450806e-02
3.686561870078245654e-03,5.933782861878473831e-04,-7.605299227482951953e-05,9.730375062084338822e+01,7.275021076202392578e-02
3.695203534637887983e-03,1.926784874134076229e-04,-5.694495824476083481e-04,1.613062798550782304e+02,5.127871036529541016e-02
3.703767744203408704e-03,-4.965148691553622484e-04,-3.421855023285995108e-04,-1.245736299144625576e+02,1.670099981129169464e-02
3.707658111428221645e-03,3.919966111425310373e-04,4.604012162114182747e-04,4.041186757897416015e+01,2.495824359357357025e-02
3.721524806072314725e-03,5.592501644665996956e-04,2.363651268145380011e-04,6.708881994820109185e+01,3.916370868682861328e-02
3.730348932246367426e-03,-8.836309037481733790e-05,6.019801561099787915e-04,-8.350662227189282305e+00,3.021138720214366913e-02
3.730348932246367426e-03,8.836309037481755474e-05,6.019801561099787915e-04,8.350662227189301845e+00,3.997971862554550171e-02
3.745278188337882938e-03,-4.198677003538856542e-04,4.400680772960186547e-04,-4.365433726847371787e+01,2.783304639160633087e-02
3.754162462428212166e-03,-1.248360664855378550e-04,-5.986089430128534996e-04,-1.682201650688374741e+02,7.290510088205337524e-02
3.759386871630947084e-03,-5.376389890443533659e-04,2.920540816072995645e-04,-6.148848439917601638e+01,4.441930353641510010e-02
3.790825993443529100e-03,-3.942821931559592485e-04,-4.795222096921255553e-04,-1.405716006648866880e+02,3.672548383474349976e-02
3.811884361008802905e-03,-6.179076929887136185e-04,-6.462388652532052814e-05,-9.597057443811324617e+01,3.870544210076332092e-02
3.836315280447403879e-03,-5.754809826612472534e-04,-2.423198602627962828e-04,-1.128346755992321135e+02,1.984421908855438232e-02
3.869843514015277805e-03,4.830503312405198812e-04,-4.035075738405188286e-04,1.298730996101448625e+02,7.334394752979278564e-02
3.878216957673430443e-03,3.516794143555064815e-04,5.197866315332552159e-04,3.408166029374045536e+01,4.211142286658287048e-02
3.880107076838612556e-03,6.226726497213045395e-04,-9.916154522215950219e-05,9.904845588775889098e+01,7.085818797349929810e-02
3.884347155690193176e-03,2.163899165073720208e-04,-5.945385782979428768e-04,1.600003769053673182e+02,4.113213717937469482e-02
3.899622941389679909e-03,1.798336743377149647e-04,6.108838909616073334e-04,1.640351880537784623e+01,4.458959773182868958e-02
3.899983208005627575e-03,-1.847192955513794494e-04,6.087218062020838261e-04,-1.688065018088004265e+01,2.360440790653228760e-02
3.900176767880718202e-03,5.994089297018945217e-04,2.131618991067322773e-04,7.042358813855685185e+01,4.592165723443031311e-02
3.909474083532890262e-03,-3.555159200914204121e-04,5.275338480714708567e-04,-3.397684122534936080e+01,2.438675612211227417e-02
3.929409896954894066e-03,-5.974697608811160290e-04,2.298962742012614915e-04,-6.895411776138887205e+01,6.240757927298545837e-02
3.932043056314190807e-03,-9.907152707455678419e-05,-6.331250964043041432e-04,-1.711064674409456643e+02,5.448917672038078308e-02
3.952678370599945964e-03,-6.437530973926186562e-04,5.111419886816291646e-05,-8.546022126775859817e+01,6.148462742567062378e-02
3.962405414010087938e-03,-4.254150553606450558e-04,-4.884666122961789370e-04,-1.389467608459955557e+02,3.437267243862152100e-02
3.971510954822103472e-03,3.740656247828155756e-04,-5.285828471338998007e-04,1.447138569927198546e+02,5.513401702046394348e-02
3.971744872008761348e-03,5.873308788674573826e-04,-2.718528364008913618e-04,1.148376003876895197e+02,7.498480379581451416e-02
3.976756474003195763e-03,7.500203355448323219e-05,-6.458538312775393688e-04,1.733759977263945871e+02,3.965935483574867249e-02
3.980959067121148109e-03,-5.500343395397067070e-04,-3.345599398016929626e-04,-1.213101762407800663e+02,1.938533037900924683e-02
3.989087572942177744e-03,6.509935677361985409e-04,4.661116448308652549e-05,8.590460887208421070e+01,5.400323867797851562e-02
4.050147176409761400e-03,4.474158243586620056e-04,4.799966700375080109e-04,4.298797453901196519e+01,4.089506343007087708e-02
4.054625285789370537e-03,5.748637486249208450e-04,3.332554624648764729e-04,5.989861222454582190e+01,3.488322719931602478e-02
4.067426935459176988e-03,9.147058396289755905e-05,6.585958957051237786e-04,7.907071530023708661e+00,3.623992577195167542e-02
4.067787202075123787e-03,-9.635620517656196243e-05,6.564338109456002712e-04,-8.350662691699115570e+00,2.502306923270225525e-02
4.084790591150522232e-03,-4.478464834392070770e-04,4.927562840748578310e-04,-4.226644498692546392e+01,2.920579537749290466e-02
4.087631280223528833e-03,-2.160382282454520464e-04,-6.368964483651022839e-04,-1.612628255209260715e+02,6.087384372949600220e-02
4.090617721279462757e-03,-5.720290355384349823e-04,3.431327058933675289e-04,-5.904248306496047860e+01,5.064035952091217041e-02
4.101409732053677530e-03,-3.630468854680657387e-04,-5.650585420274486506e-04,-1.472794868186571762e+02,5.274743959307670593e-02
4.113393990943829508e-03,-6.691816379316151142e-04,-3.793793439399451017e-05,-9.324479792942705103e+01,5.183616653084754944e-02
4.117243768026431980e-03,-6.178895904061695301e-04,-2.459160993263746482e-04,-1.117022387785424939e+02,2.859809435904026031e-02
4.151077785839637699e-03,8.329484505035605847e-05,-6.742927362211048603e-04,1.729579725445306622e+02,3.315778821706771851e-02
4.161496646702289581e-03,3.959185075170049703e-04,-5.519267773100484682e-04,1.443466570166099245e+02,5.555886775255203247e-02
4.176866728812456131e-03,6.149965144383411336e-04,-2.933602081611752510e-04,1.155016635005826373e+02,7.550388574600219727e-02
4.199071321636438370e-03,6.857166105570893216e-04,5.099103873362762683e-05,8.574721690292210496e+01,3.823864087462425232e-02
4.219144427527984562e-03,-9.965753755144154936e-05,-6.781602278351783752e-04,-1.716400606356616265e+02,4.435437917709350586e-02
4.248654159406820355e-03,2.465356107374343502e-04,-6.463214134176572525e-04,1.591209336981269473e+02,3.505542129278182983e-02
4.252938553690910339e-03,6.463857328829666340e-04,2.406780380018365699e-04,6.957747242163522117e+01,3.630090877413749695e-02
4.257046151906251907e-03,1.943389846322438031e-04,6.678213248960673809e-04,1.622523151315400369e+01,4.419466853141784668e-02
4.261172376573085785e-03,3.784384850102165973e-04,5.803193586568038392e-04,3.310921798230719304e+01,5.132798105478286743e-02
4.263577672342459650e-03,-2.024259689884880817e-04,6.653072778135538101e-04,-1.692287411087751536e+01,2.005647495388984680e-02
4.264951062699159565e-03,5.325688495455931353e-04,-4.483588757769515478e-04,1.300933433889343291e+02,7.428788393735885620e-02
4.271020802358786554e-03,-6.092580733820796013e-04,-3.346880888178324067e-04,-1.187816270699697014e+02,2.397837303578853607e-02
4.271090185890595407e-03,-3.831196227110922879e-04,5.828177090734243393e-04,-3.331922113218077186e+01,2.345685288310050964e-02
4.273740419497093143e-03,-4.790346526230375153e-04,-4.999238590244203806e-04,-1.362224029396541596e+02,3.314037621021270752e-02
4.275709545860688181e-03,-7.003155963805814945e-04,1.866131424321794375e-05,-8.847360020294989624e+01,6.254622340202331543e-02
4.276201749841372461e-03,-6.494463304989039898e-04,2.209498791974814349e-04,-7.121104431052033590e+01,6.042746454477310181e-02
4.295212682336568832e-03,6.850613281130790710e-04,-1.162890427319022697e-04,9.963411356147003062e+01,5.561267584562301636e-02
4.394304472953081131e-03,-6.882252831322451794e-04,-1.692787955107633024e-04,-1.038184064931744786e+02,4.018445685505867004e-02
4.409175366163253784e-03,-1.043515051909101732e-04,-7.095172768458724022e-04,-1.716332658027496052e+02,5.093013867735862732e-02
4.425070714205503464e-03,6.209213364248474800e-04,3.476963975117542392e-04,6.075254705757900098e+01,3.817375004291534424e-02
4.437782646467288913e-03,4.804220128183563370e-04,5.405965105940898621e-04,4.162713148595767620e+01,4.718898609280586243e-02
4.439895972609519958e-03,2.545197227542909664e-04,-6.773810406836371350e-04,1.594067499212801238e+02,3.375646844506263733e-02
4.440389728794495554e-03,1.028684006693463660e-04,7.176871683138112950e-04,8.156831289503646332e+00,3.728330135345458984e-02
4.446560982614755630e-03,-1.060697638119259160e-04,7.173352059908211231e-04,-8.411171256096451998e+00,2.436196245253086090e-02
4.459870979189872742e-03,-4.652186083452155554e-04,-5.543578493719299996e-04,-1.399965344738891986e+02,3.743953257799148560e-02
4.461499396711587906e-03,5.507053865585476160e-04,-4.774035769514739513e-04,1.309218433209622106e+02,7.347969710826873779e-02
4.466980385283629389e-03,-6.421504270595809185e-04,3.129794313281308860e-04,-6.401573388486313831e+01,3.985265269875526428e-02
4.467695951461791992e-03,-5.000062713709970677e-04,5.252236830225834882e-04,-4.359098929267527467e+01,2.431660704314708710e-02
4.499644661943118067e-03,7.162144174799323082e-04,-1.337347566732205179e-04,1.005767236923424832e+02,5.656956136226654053e-02
4.521378315985202789e-03,-2.837021844849611503e-04,-6.775908598986765110e-04,-1.572813068169809299e+02,5.126538872718811035e-02
4.532350537677606525e-03,8.658498942774410501e-05,-7.367094124977787697e-04,1.732968145838726173e+02,3.843459486961364746e-02
4.549286793917417526e-03,4.220391565468162298e-04,-6.120311057505507541e-04,1.454109635273021581e+02,5.345172807574272156e-02
4.557469394057989120e-03,-7.018025886888306069e-04,-2.178648513411947656e-04,-1.072462288323360440e+02,3.329940885305404663e-02
4.575593397021293640e-03,6.911854337279995644e-04,2.596128930842193645e-04,6.941355684192667752e+01,3.161733224987983704e-02
4.577847042431434574e-03,6.642861408181488514e-04,-3.398506232770159841e-04,1.170944105894966043e+02,7.565258443355560303e-02
4.609165868411461801e-03,7.523147893759111202e-04,3.325828341379143073e-05,8.746872003215472091e+01,3.493288531899452209e-02
4.620316283156475010e-03,-6.090193346608430147e-04,-4.377081349957734346e-04,-1.257051708411893856e+02,2.139248140156269073e-02
4.634939755002657862e-03,4.050899685050050056e-04,6.386859070820114469e-04,3.238513286567916794e+01,4.841182753443717957e-02
4.641673061996698380e-03,2.116358567339678967e-04,7.282745985624691212e-04,1.620381072815310119e+01,4.563945159316062927e-02
4.648272879421710968e-03,-2.206467130842307300e-04,7.253517008696993553e-04,-1.691937962954464680e+01,2.278551645576953888e-02
4.661895334720611572e-03,-4.338895669206976891e-04,6.157297466415911913e-04,-3.517140887632707091e+01,1.933978311717510223e-02
4.676821331183115930e-03,-7.299882515023152756e-04,2.018661628729508659e-04,-7.454209837093326030e+01,4.339271783828735352e-02
4.705532298733791294e-03,-7.618856228267153466e-04,-4.318469412586029731e-05,-9.324413001859578287e+01,4.153254255652427673e-02
4.747792612761259079e-03,1.195148215629160133e-04,-7.678962623079618180e-04,1.711535017632912741e+02,4.080568999052047729e-02
4.749353354175886097e-03,4.407918022479861975e-04,-6.396137371969720089e-04,1.454272096803541388e+02,6.714192032814025879e-02
4.756565826634566278e-03,-2.630314993439242786e-04,-7.274931607147058213e-04,-1.601221010342725037e+02,5.124604329466819763e-02
4.771556860456864328e-03,6.871273120244344437e-04,-3.658699909768377560e-04,1.180336574270273928e+02,6.743199378252029419e-02
4.789758628855149240e-03,6.667472771368920803e-04,4.037423786940053105e-04,5.880340314419927950e+01,3.533122316002845764e-02
4.816338109473387689e-03,7.889835202756027019e-04,3.635685364618900330e-07,8.997359774863066662e+01,3.328704088926315308e-02
4.823974799364805222e-03,-6.035695259924978018e-04,-4.993712936993688345e-04,-1.296031084211208508e+02,1.933803968131542206e-02
4.836393054574728012e-03,5.211511355203887188e-04,5.899152796094616616e-04,4.145846885752253286e+01,4.311048239469528198e-02
4.836568298439185114e-03,1.087674560646217340e-04,7.831349115197857582e-04,7.907070709579610224e+00,3.824048861861228943e-02
4.836996862043937626e-03,-1.145769492723046378e-04,7.805639761500060558e-04,-8.350662781239005739e+00,2.830789238214492798e-02
4.855275774995485363e-03,5.922992034660031760e-04,-5.310055760977168155e-04,1.318767274561298564e+02,7.894929498434066772e-02
4.855404607951641083e-03,3.062022005906329101e-04,-7.361505219402413296e-04,1.574151057278320422e+02,4.981775581836700439e-02
4.859804951896270694e-03,-5.075098791470130511e-05,-7.906064274720847607e-04,-1.763270812097690055e+02,5.328189209103584290e-02
4.862925658623377771e-03,-5.492850711258749890e-04,5.656687717419117689e-04,-4.415812717488097405e+01,2.214044146239757538e-02
4.878567221264044733e-03,-7.032396000189086163e-04,3.640494396677240729e-04,-6.263053472371465347e+01,3.065732866525650024e-02
4.898717006047567310e-03,-4.390981145358334708e-04,-6.659233088915547097e-04,-1.465998443616057330e+02,3.536574542522430420e-02
4.900526721030473709e-03,7.757243195859094822e-04,-1.926488392503718510e-04,1.039470723073308136e+02,4.670312628149986267e-02
4.935473824540774317e-03,7.533296205413837505e-04,2.359120782481720347e-04,7.261157430840070504e+01,2.938014827668666840e-02
4.941707011312246323e-03,-7.917337352409958839e-04,-1.304509981612985152e-04,-9.935634664869124322e+01,2.300542406737804413e-02
4.997302622844776096e-03,-7.262008924347659313e-04,-3.667943140802283901e-04,-1.167977274402991981e+02,1.271784864366054535e-02
5.056955075512330026e-03,-2.395182673353701288e-04,7.893056026659905910e-04,-1.688065208213356883e+01,3.538952767848968506e-02
5.062038855006298008e-03,2.310843265149743449e-04,7.941056198130052018e-04,1.622496868026179939e+01,3.885926306247711182e-02
5.063312438627084675e-03,5.655561593205978834e-04,-5.998289367804925370e-04,1.366845244360683296e+02,6.633398681879043579e-02
5.068390009303887396e-03,3.813016082858666778e-04,-7.370993650207916534e-04,1.526474679411371369e+02,5.650701746344566345e-02
5.068596918135881424e-03,4.500138941997041666e-04,6.904746793831388878e-04,3.309412465312553309e+01,4.095688462257385254e-02
5.069261416792869568e-03,-4.609835353524734938e-04,6.840323524860044682e-04,-3.397684418828442432e+01,3.266780823469161987e-02
5.095976870507001877e-03,-1.137091749114917761e-05,-8.311202400363981724e-04,-1.792161604246279580e+02,4.006920754909515381e-02
5.096483509987592697e-03,7.911773282103241574e-04,-2.498535870169386604e-04,1.075261027535939178e+02,3.918844461441040039e-02
5.105102589974801035e-03,-7.792993953141073024e-04,2.835316117852926254e-04,-7.000715285911516617e+01,4.089380055665969849e-02
5.139531412472328128e-03,-8.358961592117944992e-04,3.408203095508119374e-05,-8.766516992177949419e+01,3.510206937789916992e-02
5.140214537580807715e-03,-4.195245079851399046e-04,-7.253779913298785686e-04,-1.499569312687433182e+02,4.043629765510559082e-02
5.175550313045581760e-03,6.758372765034437180e-04,-4.918980994261801243e-04,1.260484428321959172e+02,4.730200394988059998e-02
5.175569560378789902e-03,7.960268606742222381e-04,2.266277138005534653e-04,7.410842225341984602e+01,2.683845721185207367e-02
5.196949932724237442e-03,2.339942996817019898e-04,-8.093589179528256619e-04,1.638748541044643048e+02,3.428226709365844727e-02
5.234235276778539600e-03,-2.040778223696785849e-04,-8.274616557173432004e-04,-1.661455665826809138e+02,4.310391098260879517e-02
5.244978703558444977e-03,-7.295986676278214383e-04,-4.461414937395603007e-04,-1.214453233892965471e+02,2.221631631255149841e-02
5.252390634268522263e-03,8.471337690328557563e-04,-6.612554367772345489e-05,9.446334189465240172e+01,2.323066815733909607e-02
5.274539968619744272e-03,-1.249413180630652470e-04,8.511719061061739922e-04,-8.350663769342300924e+00,3.526854515075683594e-02
5.278258584439754486e-03,5.711127790467192007e-04,6.433482437084119248e-04,4.159608931576756419e+01,4.158338531851768494e-02
5.280052311718463898e-03,1.223168704503527736e-04,8.534009878834090089e-04,8.156579544670391257e+00,2.880568616092205048e-02
5.300277999291817636e-03,-5.810865259263664484e-04,6.394387843708197999e-04,-4.226282258194837027e+01,4.312843829393386841e-02
5.313148411611716242e-03,-5.873936946348597967e-04,-6.381731557970246041e-04,-1.373726046514787242e+02,3.390705958008766174e-02
5.319680863370498600e-03,7.458567464103301728e-04,4.261990785986806136e-04,6.025539530821387046e+01,3.505980968475341797e-02
5.320477609833082142e-03,-7.454478569949666298e-04,4.405573757442956531e-04,-5.941704407516046160e+01,4.283754155039787292e-02
5.380403405676285715e-03,-8.748553615684310234e-04,-6.035179831087591974e-05,-9.394629078284334867e+01,2.329571172595024109e-02
5.419493963321050586e-03,6.767389713786542416e-04,-5.621058905186753201e-04,1.297133477911073101e+02,3.486466035246849060e-02
5.430255085229873657e-03,-8.340907127906879151e-04,-3.042320070865874308e-04,-1.100392847040605062e+02,2.069753408432006836e-02
5.441720287005106897e-03,2.872916447813622653e-04,-8.363167677695553231e-04,1.610413717792906141e+02,4.538743942975997925e-02
5.476507203032573642e-03,8.792035514488816261e-04,-1.232508026684324127e-04,9.797998389891654369e+01,2.631079964339733124e-02
5.499510249743859262e-03,-1.748590220813639462e-04,-8.795532824782034123e-04,-1.687559532931760202e+02,4.239717870950698853e-02
5.511046076814333887e-03,4.815183638129383326e-04,7.595686474815011024e-04,3.237210610828286406e+01,3.569497168064117432e-02
5.519397867222627582e-03,2.516520229013016188e-04,8.659904512266318726e-04,1.620357154557587265e+01,2.501489222049713135e-02
5.521343555301427841e-03,-2.589544261960933244e-04,8.630175919582446778e-04,-1.670223774532165706e+01,4.042081534862518311e-02
5.534775244692961664e-03,-4.936343660422911608e-04,7.565577204028766083e-04,-3.312340985499066193e+01,5.100242793560028076e-02
5.557531646142403574e-03,5.168496863916517388e-04,-7.430926198139786720e-04,1.451798917889572635e+02,4.762259125709533691e-02
5.564543729027112903e-03,8.241488055015604424e-04,-3.771866371001427734e-04,1.145920597088357340e+02,2.983123064041137695e-02
5.565154366195201874e-03,-8.325355981166163719e-04,3.610378237984453458e-04,-6.655552611541327224e+01,4.475447162985801697e-02
5.568864910552899332e-03,8.288763929158450257e-04,3.636651235865429044e-04,6.631079095925473155e+01,3.227604180574417114e-02
5.581004234651724787e-03,-5.952231682992230582e-04,-6.920481100678443909e-04,-1.393015281871160198e+02,3.303807601332664490e-02
5.590651339540879221e-03,-9.053463387923935688e-04,1.095782305734852588e-04,-8.309879712169933441e+01,3.100437298417091370e-02
5.606022197753190994e-03,7.114522789682572990e-05,-9.101697166139881539e-04,1.755304496441384572e+02,5.046764761209487915e-02
5.648870176325242014e-03,9.111162895957629609e-04,1.069684997977067846e-04,8.330391192884721363e+01,2.713481895625591278e-02
5.673345333586135922e-03,-3.981351813611884731e-04,-8.313445723615586758e-04,-1.544100004825938868e+02,3.886058554053306580e-02
5.704491244008143454e-03,-8.574344683438540589e-04,-3.726103896042332595e-04,-1.134880441290806772e+02,3.236565738916397095e-02
5.712202594925960483e-03,5.948363104835152626e-04,7.198598856727282929e-04,3.956768341360091767e+01,4.122582450509071350e-02
5.728599149733781815e-03,7.674503722228109837e-04,5.411055268875013518e-04,5.481351960931821310e+01,4.433046653866767883e-02
5.751152522861958417e-03,1.293351524509491163e-04,9.312239708378911018e-04,7.907071544853465639e+00,1.367835979908704758e-02
5.758610554039478302e-03,-1.340131081330277793e-04,9.304801933467389237e-04,-8.195708749704611051e+00,2.262142300605773926e-02
5.780710993955532999e-03,-6.157370128979285919e-04,7.164964529996117317e-04,-4.067484175760188947e+01,4.852893576025962830e-02
5.787070685376724186e-03,-7.607718968453507351e-04,-5.683948305280258620e-04,-1.267644789870554263e+02,3.301545605063438416e-02
5.790890504916509571e-03,-7.902769139036537301e-04,5.198579650217045618e-04,-5.666238225826607788e+01,4.257187619805335999e-02
5.812929322322210254e-03,-9.495551542689402175e-04,2.581502606820623756e-05,-8.844271520582834967e+01,1.546494476497173309e-02
5.841854804505905094e-03,5.554160452447832715e-04,-7.738043786957859993e-04,1.443302282614407943e+02,4.800290614366531372e-02
5.842142893622319193e-03,8.587194218610725259e-04,-4.125691242127989549e-04,1.156618150635714528e+02,2.564954198896884918e-02
5.876917547235886545e-03,-9.424079325981439244e-04,-2.124933853338006884e-04,-1.027065138753943643e+02,1.942440681159496307e-02
5.880784553786119404e-03,1.053652764918903690e-04,-9.530305008714398110e-04,1.736911068654528663e+02,5.640503391623497009e-02
5.898168931404749842e-03,9.565887545856337475e-04,7.224100772873495789e-05,8.568125491606323862e+01,2.772722579538822174e-02
5.955188690374294339e-03,-3.883476213862498963e-04,-8.871659326056638992e-04,-1.563591028258430811e+02,4.438740760087966919e-02
5.981416286279757528e-03,7.498759465912978577e-04,-6.282001365131388831e-04,1.299542129674256614e+02,3.106328845024108887e-02
5.982106085866689682e-03,5.135373794473707676e-04,8.366763358935713768e-04,3.154087839954990713e+01,3.883332014083862305e-02
5.997440777719020844e-03,8.344631642103196275e-04,5.252950456148635077e-04,5.780956130224790712e+01,4.673492535948753357e-02
6.000805801401535092e-03,3.600780522295584101e-04,-9.098893109088143074e-04,1.584093969628847844e+02,5.170514062047004700e-02
6.003405122707287760e-03,9.592466327982644963e-04,-1.933607818500604481e-04,1.013967130254858944e+02,2.272151783108711243e-02
6.012704223394393921e-03,2.779025623264413892e-04,9.416186173136035240e-04,1.644306000281013880e+01,2.196593955159187317e-02
6.020162254571915540e-03,-2.825805180085201335e-04,9.408748398224512375e-04,-1.671701234223266397e+01,3.013334423303604126e-02
6.028831005096435547e-03,-5.296244829272230828e-04,8.333509710306923318e-04,-3.243742477632179089e+01,4.545924440026283264e-02
6.056115962564945221e-03,-1.308514135113606760e-04,-9.782354269797601844e-04,-1.723811867145809060e+02,5.386139079928398132e-02
6.064613504956166239e-03,-7.899959261218707490e-04,-6.065994481711338687e-04,-1.275189054692021671e+02,2.848121523857116699e-02
6.069347883264223156e-03,-9.904290588262181210e-04,1.448779330530669540e-04,-8.167791241326136742e+01,1.721144095063209534e-02
6.072806039204200687e-03,-9.039615591367087220e-04,3.874612787816052455e-04,-6.679877595517891109e+01,3.056827560067176819e-02
6.087005293617646189e-03,9.413616498932242393e-04,3.131271502449332607e-04,7.160121610176011586e+01,3.527290746569633484e-02
6.140390411019325256e-03,-6.146596376008044409e-04,-7.860740879550576210e-04,-1.419768675922169905e+02,3.403065726161003113e-02
6.155278533697128296e-03,6.810813598955670631e-04,7.271926151588559151e-04,4.312462858556921930e+01,4.998781159520149231e-02
6.175247176239888162e-03,-9.864854315916697907e-04,-2.448491177347023040e-04,-1.039393244962441258e+02,2.150950022041797638e-02
6.271943449974060059e-03,1.485674098754924085e-04,1.012126604715982928e-03,8.350662038147742550e+00,1.364063657820224762e-02
6.271943449974060926e-03,-1.485674098754920832e-04,1.012126604715983145e-03,-8.350662038147723010e+00,1.286497898399829865e-02
6.280363692591587992e-03,-9.307359966138999390e-04,-4.431707396482428276e-04,-1.154614944771327174e+02,2.991650812327861786e-02
6.283751688897609711e-03,7.925307727418841016e-04,-6.556752778124064207e-04,1.296015795829113983e+02,4.109178483486175537e-02
6.296569481492042542e-03,-6.827766580196719098e-04,7.680990772011380124e-04,-4.163445284147042713e+01,4.609055817127227783e-02
6.301651243120432767e-03,-1.033444229202965968e-03,-3.526643437605037832e-05,-9.195446835449610035e+01,1.121199224144220352e-02
6.309835240244866285e-03,4.017585015390068293e-04,-9.484153900605937207e-04,1.570419852644309344e+02,3.581364452838897705e-02
6.315515376627445221e-03,1.005881039115289919e-03,-2.238232809759210795e-04,1.025447738716859618e+02,1.963072642683982849e-02
6.330365004638830242e-03,-8.825738332234323025e-04,5.188478729299580419e-04,-5.954956341072950465e+01,3.715664893388748169e-02
6.375743697086970301e-03,9.978554832438626433e-04,2.943293936065553016e-04,7.356594665890902718e+01,2.830342203378677368e-02
6.401663956542810383e-03,-1.083132107548105130e-04,-1.038875333809604175e-03,-1.740478430585768308e+02,5.107649043202400208e-02
6.425706980129082709e-03,7.281765962640444076e-04,7.424283927927415299e-04,4.444475760947526055e+01,5.268596485257148743e-02
6.446384048710266171e-03,-6.049435372309138739e-04,-8.563379718301198339e-04,-1.447614382898967733e+02,3.534782677888870239e-02
6.453219645967085867e-03,6.397513207048177719e-04,-8.398055991468330586e-04,1.427003930124334659e+02,4.213991016149520874e-02
6.456588550160329704e-03,9.480086543286840844e-04,-4.705067646379271782e-04,1.163956930961835212e+02,3.258724883198738098e-02
6.499017588794231415e-03,1.059716994253297575e-03,2.298075196449644864e-05,8.875769308147503978e+01,1.766694709658622742e-02
6.535361986607313156e-03,1.695839285578889242e-04,-1.052196486853063107e-03,1.708442968536232058e+02,3.772863745689392090e-02
6.556607627620300235e-03,9.380522339294353759e-04,5.217330666103711092e-04,6.091772861860679456e+01,4.246359691023826599e-02
6.557154624412457437e-03,-3.105738918141771627e-04,1.023461537746091611e-03,-1.688065069524483519e+01,2.475701086223125458e-02
6.571505994846424045e-03,-9.632826161881287170e-04,-4.859150794800371474e-04,-1.167680522438165553e+02,2.637909911572933197e-02
6.573111905405919046e-03,-5.977391750396540129e-04,8.869578790230054927e-04,-3.397684128501396117e+01,4.265668988227844238e-02
6.574582463751236887e-03,3.113022442751874888e-04,1.026328420266509056e-03,1.687341120826830121e+01,2.470194362103939056e-02
6.605303380638360977e-03,-1.074242910059789889e-03,6.993459828663620083e-05,-8.627522704130463183e+01,1.283668540418148041e-02
6.606730322043100415e-03,-3.560933182598091662e-04,-1.018069723310569994e-03,-1.607215405153909842e+02,4.291967675089836121e-02
6.630558986216783524e-03,-1.009840013769765623e-03,3.814655598641063499e-04,-6.930601679998659392e+01,2.542450837790966034e-02
6.633636386444171848e-03,5.940322977645943201e-04,9.064925446485480034e-04,3.323716738982506769e+01,4.558240249752998352e-02
6.661749444901943207e-03,-8.128264453262090683e-04,-7.196076718779902386e-04,-1.315189570603224922e+02,2.626097574830055237e-02
6.776335028310617389e-03,9.772765139738719391e-04,-5.272237952643384898e-04,1.183460947788749280e+02,4.347338527441024780e-02
6.787986339380343466e-03,6.687789767359695291e-04,-8.877065265551209450e-04,1.430064173280848365e+02,4.045841470360755920e-02
6.800085306167602539e-03,-1.070522703230381012e-03,-3.299933741800487584e-04,-1.071321464787928477e+02,1.813034527003765106e-02
6.814642809331417084e-03,-1.110880441653231852e-03,-5.608592376423382399e-05,-9.289028445957858082e+01,1.130566745996475220e-02
6.818739231675863266e-03,1.112942894299825177e-03,-1.150509948881030307e-05,9.059227671690888428e+01,1.599035784602165222e-02
6.839288398623466492e-03,-1.620064819386847813e-04,1.103681162931025028e-03,-8.350662982164330117e+00,1.961808092892169952e-02
6.839399846891561566e-03,9.564858434411387372e-04,5.780789360869675875e-04,5.885216065562626397e+01,4.017501324415206909e-02
6.851226246605317087e-03,2.101368178652289465e-04,-1.098288766418894277e-03,1.691684407827147822e+02,2.781213819980621338e-02
6.856716237962245941e-03,1.627348343996953784e-04,1.106548045451442473e-03,8.366250059230305069e+00,1.878735609352588654e-02
6.872626176724831552e-03,-7.535039233819892371e-04,8.290882299964625907e-04,-4.226564199747569717e+01,4.579340294003486633e-02
6.896277734388908329e-03,-9.658075869083404541e-04,5.728471151087433100e-04,-5.932665146150053204e+01,3.749513253569602966e-02
6.915366742759943876e-03,7.607776302999506033e-04,8.302114826316635537e-04,4.250108668254504352e+01,4.809078201651573181e-02
6.938264860461156730e-03,8.508262884182236051e-04,-7.602932358471056187e-04,1.317837814766853342e+02,5.029642581939697266e-02
6.954983497659364758e-03,1.088374798807005160e-03,-3.150261630556390751e-04,1.061428961565705293e+02,2.884027361869812012e-02
6.960466193656126947e-03,4.713390468774985003e-04,-1.042408597034712777e-03,1.556692567513079268e+02,2.421564981341362000e-02
6.978257559239864349e-03,1.069514992802093499e-03,3.161894116298450959e-04,7.353031158058018946e+01,2.433824911713600159e-02
7.002168800681829453e-03,-2.997213280953777695e-04,-1.101807865779846907e-03,-1.647822406367920109e+02,4.234359413385391235e-02
7.024224692334731998e-03,-8.092576948304970336e-04,-8.116022412044306958e-04,-1.350828773143342687e+02,2.500871382653713226e-02
7.112966695179542484e-03,-1.138833128303908036e-05,-1.168705755844712257e-03,-1.794417049255621066e+02,4.058390483260154724e-02
7.121655313918989066e-03,-1.109228779872258649e-03,-3.870120272040367126e-04,-1.092339766343085188e+02,1.850302517414093018e-02
7.139525065819422693e-03,-1.167701596083740466e-03,1.069169084075838598e-04,-8.476847998522033834e+01,8.080014027655124664e-03
7.159304649879534750e-03,-3.357819999412943197e-04,1.119037469228108652e-03,-1.670256797132504900e+01,2.696191146969795227e-02
7.167323492467404279e-03,6.547087784080455339e-04,9.624076386292776918e-04,3.422675677765408153e+01,3.915105015039443970e-02
7.167726910362641306e-03,3.393960359971971404e-04,1.118908325831095450e-03,1.687401086152674878e+01,3.072808310389518738e-02
7.176685146987439069e-03,-6.401141581591218710e-04,9.809481950166325497e-04,-3.312631046922245304e+01,3.523755818605422974e-02
7.195904385298490524e-03,-1.087031637628873334e-03,4.243189857030907905e-04,-6.867698683485544109e+01,2.168165706098079681e-02
7.204297774781783133e-03,-5.450027965707704425e-04,-1.032070683625837312e-03,-1.521629300247509775e+02,3.351948410272598267e-02
7.255205729355415287e-03,4.416356581108024084e-04,-1.106007102256020055e-03,1.582328601439766942e+02,1.961909234523773193e-02
7.255551250030597629e-03,-9.984199423342943192e-04,-6.349283018304656672e-04,-1.224536316374853442e+02,2.549951709806919098e-02
7.278157863765954971e-03,8.461380881878237652e-04,-8.467527416845161987e-04,1.350208029065161668e+02,4.391692206263542175e-02
7.283828842143217144e-03,1.130181869181493990e-03,-3.666084533809528816e-04,1.079720287578144280e+02,3.326702490448951721e-02
7.291940196106831522e-03,1.133180320418129437e-03,2.505236783084304744e-04,7.753356378262191129e+01,2.795704454183578491e-02
7.323710403094690208e-03,-1.183665706776082516e-03,-1.231008112275351629e-04,-9.593739587771530353e+01,8.855869062244892120e-03
7.349670709421237888e-03,1.396477309754118323e-04,-1.191008758420745604e-03,1.733125107138631051e+02,2.419686503708362579e-02
7.422618878384431781e-03,6.343873877388735974e-04,-1.037764537613838911e-03,1.485624778634470999e+02,2.948235161602497101e-02
7.445073376099268017e-03,1.014395384117960930e-03,-6.652655914270628763e-04,1.232578537819957489e+02,4.152063280344009399e-02
7.457953877747059736e-03,1.766612015975020330e-04,1.203517507140835271e-03,8.350663114768217099e+00,3.588792681694030762e-02
7.461267213026681958e-03,1.218415292290349729e-03,-1.287531231355387717e-04,9.603220770996556155e+01,2.403590455651283264e-02
7.466959456602731762e-03,-1.737755180026091860e-04,1.206513533058265700e-03,-8.196011198198286607e+00,3.129103034734725952e-02
7.477920968085527420e-03,7.841402742390830589e-04,9.377901442348957062e-04,3.990093506822165637e+01,3.590080142021179199e-02
7.483275296787422065e-03,-1.036602926130095973e-03,6.227024035373081041e-04,-5.900615180769564461e+01,3.148641809821128845e-02
7.487707616140445652e-03,-8.019891101866960526e-04,9.230904979631304741e-04,-4.098439752169957018e+01,3.674404695630073547e-02
7.534047588706016541e-03,1.133893170238783107e-03,4.517443473256814706e-04,6.827760569786133260e+01,4.142393544316291809e-02
7.606929323325553952e-03,1.003951125312596560e-03,7.449251327974101269e-04,5.342482797714316689e+01,4.247066378593444824e-02
7.619676645845174789e-03,-4.906349495286121964e-04,-1.134641332707057469e-03,-1.566156621942423044e+02,4.119974374771118164e-02
7.657226795951525659e-03,-1.016180263832211494e-03,-7.284159364644438028e-04,-1.256336217049295527e+02,2.637679688632488251e-02
7.658173174907764377e-03,1.550263599104558247e-04,-1.240226129690806143e-03,1.728750703632386490e+02,3.027938306331634521e-02
7.676766719669104490e-03,-1.234121814680596337e-03,-1.706426846794784069e-04,-9.787240125785915268e+01,1.095624826848506927e-02
7.723727418730656595e-03,5.046965864797432495e-04,-1.151197221285353177e-03,1.563268653132647898e+02,2.333255857229232788e-02
7.796377254029115619e-03,3.595350620647272378e-04,1.221318418780962698e-03,1.640351872520271570e+01,3.860296681523323059e-02
7.806103366116682978e-03,-3.664170508272944797e-04,1.219991866188744776e-03,-1.671731683679640312e+01,2.699480205774307251e-02
7.809365012993415775e-03,1.276635254422823443e-03,-9.580225984488306625e-05,9.429159078242578573e+01,3.700120002031326294e-02
7.809471028546492548e-03,-6.902984847935538220e-04,1.074658105305085652e-03,-3.271435366925970101e+01,2.417217195034027100e-02
7.816747762262821198e-03,6.517013922954599785e-04,1.112091743076841109e-03,3.037090213593820920e+01,3.019287437200546265e-02
7.827896159142255783e-03,-1.138420533000802362e-04,-1.261931029148399830e-03,-1.748451536275524916e+02,4.027757048606872559e-02
7.838113699108362198e-03,1.055881148204207420e-03,-7.211826450657099485e-04,1.243336614796787956e+02,3.330042958259582520e-02
7.841279109319051685e-03,-7.726501692862560713e-04,-1.007660524919629097e-03,-1.425198658931153659e+02,3.356625139713287354e-02
7.851259006808202628e-03,-1.185183607352276788e-03,4.468033439479768276e-04,-6.934401742107002065e+01,1.794334687292575836e-02
7.876387176414331379e-03,-1.177445209274689212e-03,-5.280415352899581194e-04,-1.141545068878574938e+02,2.148068323731422424e-02
7.883331583191951694e-03,1.272559592810770020e-03,2.266156492017519790e-04,7.990269427691471549e+01,4.224171862006187439e-02
7.946988102048635483e-03,-1.296760397963225842e-03,5.327710338557763083e-05,-8.764733918209915942e+01,8.772525005042552948e-03
7.972306727121274833e-03,7.579330510149400162e-04,-1.016102478994677536e-03,1.432799378543307398e+02,2.954692393541336060e-02
8.024966965119045142e-03,1.229887595400214195e-03,-3.895746437289441264e-04,1.075759261999558163e+02,3.801211342215538025e-02
8.104062949617702599e-03,1.083557338764270291e-03,7.761710439808666706e-04,5.438531354263544415e+01,3.670854866504669189e-02
8.131861686706542969e-03,1.828738604672255300e-04,1.316707348451018333e-03,7.907070484096415441e+00,4.402531310915946960e-02
8.132582219938436566e-03,-1.926415328246849413e-04,1.312384769941369765e-03,-8.350662651037596973e+00,3.701404482126235962e-02
8.156641076008478222e-03,-8.888789258586863315e-04,9.900520866115887237e-04,-4.191782062311209955e+01,3.608381375670433044e-02
8.199596156676610889e-03,8.699591465604803418e-04,1.007331535220146179e-03,4.081479074350668412e+01,2.968124300241470337e-02
8.202861373623212757e-03,-1.149150232474009268e-03,6.625854196803023779e-04,-6.003279739763192424e+01,3.511261567473411560e-02
8.217612281441688538e-03,1.245370173516372912e-03,4.679415578721090609e-04,6.940654350917805004e+01,4.559155926108360291e-02
8.262855932116508484e-03,-6.179283809615304527e-05,-1.340038919200499997e-03,-1.773598061152706862e+02,2.971096709370613098e-02
8.284915859500566540e-03,-7.733148425662269556e-04,-1.100903784390538931e-03,-1.449144004760700568e+02,3.832113742828369141e-02
8.302061197658380451e-03,-1.224855659529566765e-03,-5.979036019804577756e-04,-1.160189508497640958e+02,3.390097245573997498e-02
8.331146401663621845e-03,-1.366406407517691598e-03,-6.636692463265113308e-05,-9.278069446223480554e+01,1.629016175866127014e-02
8.366616442799568176e-03,7.394838806552190853e-04,-1.111862443697949395e-03,1.463726868886806187e+02,3.048430755734443665e-02
8.461525974174341144e-03,1.282910350710153580e-03,-4.529807823322092855e-04,1.094475361628846031e+02,3.195278346538543701e-02
8.486599040528139057e-03,-1.351178274489939213e-03,-3.601487793882067728e-04,-1.049248678694834922e+02,3.089417517185211182e-02
8.498273169000944080e-03,-4.392504076046559441e-04,-1.305992482230067253e-03,-1.614104288817023019e+02,3.538802266120910645e-02
8.501692364613216285e-03,4.149699816480280595e-04,1.320364729811748013e-03,1.744711770799889905e+01,4.576829075813293457e-02
8.502404205501079559e-03,-4.027089647327858932e-04,1.327082320737342112e-03,-1.688065128239751900e+01,3.560918197035789490e-02
8.519997820258140564e-03,3.464748709423778319e-04,-1.331883560245235906e-03,1.654183236831241572e+02,3.107166104018688202e-02
8.523095399141311646e-03,-7.750649238005280495e-04,1.150083398291220412e-03,-3.397684279905499238e+01,3.750158101320266724e-02
8.526537567377090454e-03,-1.064255387367059932e-03,-8.915212626258532929e-04,-1.299527351755740199e+02,4.355197027325630188e-02
8.549056326349576893e-03,8.098889375105501305e-04,1.120215592284997449e-03,3.586602447931242921e+01,3.983430936932563782e-02
8.613928842047851447e-03,-1.312646626805265889e-03,4.918961494695396315e-04,-6.945720938263519884e+01,3.707242012023925781e-02
8.645861720045408191e-03,1.350860538271566377e-03,3.627943418299158234e-04,7.496706637736065204e+01,5.765878036618232727e-02
8.646484774847825946e-03,-1.418326011237998948e-03,1.564700457189853173e-04,-8.370457391067316166e+01,2.742078900337219238e-02
8.668982423841953278e-03,1.090454733154426091e-03,-8.803487483722469663e-04,1.289147216079323925e+02,2.817848324775695801e-02
8.754614119728406849e-03,1.409512052002052755e-03,-1.111345094007750036e-04,9.450822133911668743e+01,5.344042181968688965e-02
8.868236094713211060e-03,-2.100674319081005995e-04,1.431099915256103024e-03,-8.350663158609176406e+00,5.274248123168945312e-02
8.868244787057241382e-03,2.320961211808028276e-04,1.420059745820860140e-03,9.282412013770809267e+00,5.589032173156738281e-02
8.911463121573131446e-03,-9.770388908994695996e-04,1.075046001157412782e-03,-4.226564428595872158e+01,4.582522436976432800e-02
8.937387106319269123e-03,-1.430854666978120804e-03,-3.465915942797437310e-04,-1.036163190367344811e+02,3.406648337841033936e-02
8.956076266864936714e-03,-1.254349287288884394e-03,7.443254192670186722e-04,-5.931529034227077801e+01,4.636726155877113342e-02
8.958392776548862457e-03,-4.602716289809904993e-04,-1.379856451724966512e-03,-1.615531128747925891e+02,3.429111465811729431e-02
8.960936218500137329e-03,1.041490021937837348e-03,1.022214477416127920e-03,4.553514213618124984e+01,4.371999949216842651e-02
8.983627272148927631e-03,3.643018984197017866e-04,-1.407070628677805409e-03,1.654844025054410963e+02,4.282204061746597290e-02
9.008759322265785102e-03,-1.117474806960672140e-03,-9.533863243026039457e-04,-1.304695294091216908e+02,5.112515017390251160e-02
9.025966127713521900e-03,-1.480547788863380895e-03,-1.901766033067053916e-05,-9.073592474323723422e+01,3.263490647077560425e-02
9.047284411887328986e-03,1.311356318183243275e-03,6.642235239269211888e-04,6.313703678368551664e+01,5.501875653862953186e-02
9.093170364697773095e-03,1.091117136335621350e-03,-9.892344435987374639e-04,1.321962488682359549e+02,2.993226982653141022e-02
9.186604991555213928e-03,-6.498703199516364572e-05,-1.489089957127968759e-03,-1.775010768293990111e+02,4.036443680524826050e-02
9.227257221937179565e-03,-8.475554835361739361e-04,-1.236632815562188625e-03,-1.455742898057369814e+02,4.479740560054779053e-02
9.235071018338203430e-03,-1.357751471611360781e-03,-6.462114785487453866e-04,-1.154517570005558582e+02,4.464646056294441223e-02
9.254433835546176795e-03,7.579733113137384617e-04,-1.295935207357009396e-03,1.496772669956245636e+02,4.398847371339797974e-02
9.268346863488357429e-03,1.480424039376278863e-03,-2.516872433867927122e-04,9.964861543711482739e+01,6.529879570007324219e-02
9.271520189940929413e-03,4.611657544349632119e-04,1.436086798397203431e-03,1.780320902713509668e+01,5.759759992361068726e-02
9.283182832101982002e-03,-4.353947588242589885e-04,1.451011009824772820e-03,-1.670255729558938995e+01,5.337262898683547974e-02
9.305718665321668567e-03,-8.300102587478856968e-04,1.271956018172204494e-03,-3.312631077119823431e+01,4.456297680735588074e-02
9.316847659647464752e-03,8.756406993294756341e-04,1.238390667519221775e-03,3.526334900315514176e+01,5.136125907301902771e-02
9.366105621059736194e-03,-1.401045592501759529e-03,6.089700715771565473e-04,-6.650763182975390464e+01,4.486524686217308044e-02
9.399446658790111542e-03,1.354484741265575163e-03,-7.024192115447174239e-04,1.174107020876251681e+02,4.556494578719139099e-02
9.403439549108346882e-03,-1.521564709643522971e-03,1.810530957300216231e-04,-8.321420226306499046e+01,4.078452289104461670e-02
9.479076601564884186e-03,1.447955689703424916e-03,5.379363089256610202e-04,6.961924626799016380e+01,6.262601166963577271e-02
9.591386653482913971e-03,1.558371897165974126e-03,9.595439284263804105e-05,8.647654734736383375e+01,7.712440937757492065e-02
9.653593413531780243e-03,-8.046861330512911081e-05,-1.566266252969702229e-03,-1.770589535174707692e+02,4.586525261402130127e-02
9.670435761411983605e-03,2.290696332541607367e-04,1.560553753127654538e-03,8.350663496736498104e+00,5.831878632307052612e-02
9.682107095917066517e-03,-2.253273269161579283e-04,1.564437795119981043e-03,-8.195995765918747011e+00,5.724165588617324829e-02
9.716710386176904621e-03,7.468778640031814575e-04,-1.390395065148671613e-03,1.517566627894017586e+02,4.933379217982292175e-02
9.719256932536762122e-03,-1.036116232474645123e-03,1.203719060868024826e-03,-4.072063553105078881e+01,3.613587096333503723e-02
9.729938271145027046e-03,-8.914669548782210278e-04,-1.308089743057886832e-03,-1.457254564225713978e+02,4.735155403614044189e-02
9.735030742983024482e-03,-1.329841169839104161e-03,8.714536961633712053e-04,-5.676290999050827679e+01,3.589610010385513306e-02
9.745247351626556281e-03,-1.591721161579092488e-03,4.420390663047628419e-05,-8.840923991734756271e+01,3.115568310022354126e-02
9.768135535220306281e-03,1.060906196168313496e-03,1.189207677574207530e-03,4.173652870764803424e+01,4.730986058712005615e-02
9.770253052314123096e-03,-1.454500171045462363e-03,-6.477170002957184387e-04,-1.140043328579306774e+02,4.648305103182792664e-02
9.844016283750534058e-03,1.363354890296856635e-03,8.467442724698532892e-04,5.815665929415106916e+01,4.727585241198539734e-02
9.858156243960063819e-03,1.374562969431281090e-03,-8.225241423739741969e-04,1.208958620619120978e+02,5.192870274186134338e-02
9.912892244756221771e-03,3.377248697991793716e-04,-1.578706782311201096e-03,1.679250036968252573e+02,5.366817489266395569e-02
9.928062247733276252e-03,-5.196646816330030560e-04,-1.528489675062398405e-03,-1.612226995466051278e+02,4.234607517719268799e-02
9.941159437100093726e-03,-1.607102303144832380e-03,-3.276118950452656638e-04,-1.015220191691099814e+02,3.334364295005798340e-02
1.001415650049845493e-02,1.100099917190770380e-03,-1.203799232219656453e-03,1.375771638401804466e+02,4.164134711027145386e-02
1.004396813611189640e-02,1.637152008091409929e-03,-3.667927618759368855e-05,9.128345821698333395e+01,7.642831653356552124e-02
1.004662240544955051e-02,-1.258134977736820922e-03,-1.026348773545275204e-03,-1.292065336540781004e+02,5.551588535308837891e-02
1.010925602167844772e-02,4.661949933506549489e-04,1.583635535401602514e-03,1.640351958703975654e+01,5.738616734743118286e-02
1.012186147272586823e-02,-4.751180337431528712e-04,1.581914645309249632e-03,-1.671730696944977623e+01,5.300598591566085815e-02
1.013647547612587727e-02,-8.912914393780132496e-04,1.400250902709861741e-03,-3.247767727935494264e+01,4.070985689759254456e-02
1.015923234323660648e-02,-1.662015526865919359e-03,2.290997848225136959e-04,-8.215154935621774257e+01,3.528036922216415405e-02
1.016162832578023333e-02,8.835566113702952862e-04,1.409985590726137161e-03,3.207299836256529346e+01,5.261358246207237244e-02
1.017963793128728867e-02,1.579282378467420809e-03,-5.044258432462811470e-04,1.077135824517626475e+02,7.096645981073379517e-02
1.018634966264168537e-02,-1.520654652267694473e-03,6.284325985082734895e-04,-6.754642902139660521e+01,3.594006597995758057e-02
1.032332424074411392e-02,1.504897683237989888e-03,7.590090681333094835e-04,6.323548409612757126e+01,4.659517854452133179e-02
1.035514442871014393e-02,-1.677396668431659684e-03,-1.427160168532281572e-04,-9.486311908027711581e+01,3.746832907199859619e-02
1.037292089313268661e-02,3.212807593323911410e-04,-1.660337400001784310e-03,1.690484276214945965e+02,4.516129195690155029e-02
1.041096604118744474e-02,1.668278593569993973e-03,3.175674355588853901e-04,7.922232784646728021e+01,6.124924495816230774e-02
1.042149495333433151e-02,-5.359792994568124413e-04,-1.609695958904922225e-03,-1.615838262346572378e+02,4.851439222693443298e-02
1.049166824668645859e-02,1.091492711566388607e-03,-1.316747046075761318e-03,1.403436047766956847e+02,5.207665264606475830e-02
1.054319087415933609e-02,-1.303366676438599825e-03,-1.100168078361700051e-03,-1.301676158671811265e+02,5.160479247570037842e-02
1.054426562041044235e-02,2.371253600964946459e-04,1.707322662696242549e-03,7.907070927995911269e+00,6.012118607759475708e-02
1.054519973695278168e-02,-2.497907068269944551e-04,1.701717730611562729e-03,-8.350662833181390354e+00,5.681813880801200867e-02
1.058664328108231342e-02,-1.148783427197486162e-03,1.290546419719855063e-03,-4.167396543728135327e+01,3.535857051610946655e-02
1.060705476750930208e-02,-1.132273415957266995e-04,-1.729103154502809048e-03,-1.762534336306069918e+02,4.352668300271034241e-02
1.060919929295778275e-02,1.080657045046488516e-03,1.363296216974655643e-03,3.840314322535535041e+01,4.622556641697883606e-02
1.062074365715185917e-02,-1.484421702722708456e-03,8.509934802229206490e-04,-6.017509300158840091e+01,3.082854673266410828e-02
1.065207707385222233e-02,1.620995501677195087e-03,-6.264768987117956805e-04,1.111303527047669490e+02,5.937081575393676758e-02
1.065425078074137485e-02,7.218265479120116162e-04,-1.584973496695359476e-03,1.555145935696626793e+02,5.126221850514411926e-02
1.069501445939143557e-02,1.399549422785639763e-03,1.054783099486182206e-03,5.299616275464778425e+01,4.024117067456245422e-02
1.071993944545586962e-02,-9.530132714038094246e-04,-1.463115331716835499e-03,-1.469214301874274895e+02,4.960877448320388794e-02
1.078389460841814793e-02,-1.727812962296108477e-03,-2.845960358778635299e-04,-9.935346602328922927e+01,5.132815241813659668e-02
1.080810713271300114e-02,1.407668887016673811e-03,-1.057523011695593596e-03,1.269160127579700656e+02,5.076836794614791870e-02
1.090192981064319611e-02,-1.592547826779385335e-03,-7.909857279931505883e-04,-1.164126448449035678e+02,5.476125702261924744e-02
1.090248332669337648e-02,1.769253246796627984e-03,1.905480385175906664e-04,8.385295582092463462e+01,6.912042945623397827e-02
1.100792456418275833e-02,1.779839784527818217e-03,-2.857497286944029051e-04,9.912088900464215158e+01,7.270385324954986572e-02
1.102473338445027727e-02,-5.221768903235592986e-04,1.720775462066133962e-03,-1.688065161735892872e+01,4.713365063071250916e-02
1.105156292517979998e-02,-1.004996205059190736e-03,1.491267893773814187e-03,-3.397684312826830677e+01,3.797021135687828064e-02
1.105363325526317018e-02,5.071983517458042955e-04,1.732942997477948666e-03,1.631371609053479332e+01,6.095828115940093994e-02
1.106619462370872498e-02,9.333684186761578285e-04,1.562566496431827545e-03,3.085115441864519070e+01,5.183525010943412781e-02
1.110622690369685549e-02,6.795594041856618990e-05,-1.796071184799075127e-03,1.778331971220810885e+02,4.771160706877708435e-02
1.112970057874917984e-02,-1.698960782960057259e-03,6.181310163810850274e-04,-7.000715140163042349e+01,3.591904789209365845e-02
1.113323060174783129e-02,6.194518549212565386e-04,-1.706034798795978084e-03,1.600443188004946080e+02,5.104547366499900818e-02
1.117678359150886536e-02,1.548334839753806591e-03,9.857936335417130137e-04,5.751591295813458515e+01,3.588147833943367004e-02
1.121517363935709000e-02,-1.824092042321960204e-03,7.410458056256177752e-05,-8.767361181289405181e+01,4.418133944272994995e-02
1.123634260147809982e-02,-9.202122261437277722e-04,-1.581084836895267024e-03,-1.498000304042665221e+02,4.813708364963531494e-02
1.129661065836747545e-02,1.754657753432790294e-03,5.630002051475458931e-04,7.221062091058564647e+01,5.010666698217391968e-02
1.133289095014333725e-02,1.424825750291347504e-03,-1.176887366455048323e-03,1.295562594085919557e+02,5.766792222857475281e-02
1.141331500063339985e-02,-1.582080420727531187e-03,-9.801223835286996221e-04,-1.217788314984989171e+02,4.834276810288429260e-02
1.143707024554411686e-02,-3.219949721824376691e-04,-1.794633494379620046e-03,-1.698281615484573024e+02,5.122762173414230347e-02
1.144024698684613026e-02,1.262390093567470565e-03,1.343300488467017882e-03,4.322145610832535567e+01,4.203051701188087463e-02
1.149543188512325287e-02,1.006274881850307331e-03,-1.557172702935834870e-03,1.471286799789693873e+02,5.875946208834648132e-02
1.149909322460492510e-02,-2.723861834965643014e-04,1.855650994305809483e-03,-8.350663269011516121e+00,5.223549157381057739e-02
1.150183379650115967e-02,1.838002276296416991e-03,-4.175204157945699990e-04,1.027981189744520236e+02,5.802544951438903809e-02
1.152892721196015560e-02,2.700729916493100832e-04,1.862213597632944801e-03,8.251954793065580773e+00,6.275707483291625977e-02
1.154715940356254578e-02,-1.266002441601207004e-03,1.392956318644186006e-03,-4.226644818065839360e+01,3.653507307171821594e-02
1.157097922017177004e-02,-1.260098225126663916e-03,-1.407274239075680718e-03,-1.381581725799481433e+02,4.371460899710655212e-02
1.159119668106238163e-02,-1.624328743976851449e-03,9.593723807483912598e-04,-5.943275509656226063e+01,3.901393339037895203e-02
1.167077012360095978e-02,1.696314856720467336e-03,-8.776119405714175557e-04,1.173554102855460997e+02,5.159196630120277405e-02
1.175238595654567141e-02,-1.910945555816094153e-03,-1.325042200429986643e-04,-9.396651816816815028e+01,5.309562012553215027e-02
1.175359760721524441e-02,1.864747144281864166e-03,4.567298771386655849e-04,7.623755952168583860e+01,5.663365498185157776e-02
1.183249211559693134e-02,-1.804199069738388062e-03,-6.803414920189728701e-04,-1.106608483079383234e+02,5.382394045591354370e-02
1.185337950785954851e-02,1.937505129414299979e-03,-4.749297659145668149e-05,9.140417811602793563e+01,6.096900999546051025e-02
1.189348691453536409e-02,1.363510809217890248e-03,1.345416608576973424e-03,4.538269977486422135e+01,4.666792601346969604e-02
1.196269939343134678e-02,-1.942798262462020191e-04,-1.908632305761178479e-03,-1.741878766829315168e+02,6.133984774351119995e-02
1.204013886551062382e-02,9.618588082958012819e-04,-1.692227747601767526e-03,1.503861881467670401e+02,6.599760800600051880e-02
1.205072769274314302e-02,5.520382546819747578e-04,1.889660061957935781e-03,1.628499876543441260e+01,5.236613750457763672e-02
1.205295013884703434e-02,-5.722334220384556235e-04,1.880804658867418766e-03,-1.692234416093429417e+01,4.077764600515365601e-02
1.206773767868677717e-02,-1.166457620759805188e-03,-1.588952223149438844e-03,-1.437174249933694341e+02,3.757724165916442871e-02
1.207418677707513231e-02,-1.083030365407467105e-03,1.647617551498115063e-03,-3.331816544133671698e+01,3.424067050218582153e-02
1.208701046804586988e-02,1.759544946253299713e-03,8.816394256427885186e-04,6.338633484722677736e+01,4.704587534070014954e-02
1.208977432300647158e-02,-1.816096094747384534e-03,7.584022629695634770e-04,-6.733457041405075927e+01,4.352544248104095459e-02
1.216549053788185293e-02,-1.977581647224724293e-03,2.105520979966967756e-04,-8.392264270267881443e+01,4.934483766555786133e-02
1.218509022146463394e-02,1.079329037262747541e-03,1.666159912322958455e-03,3.293493977564595099e+01,4.721440747380256653e-02
1.222953945398330688e-02,4.146883923870821613e-04,-1.939796609804034233e-03,1.679329864781122978e+02,7.358118146657943726e-02
1.223065486798683744e-02,1.742295455187559128e-03,-9.920966112986207008e-04,1.196580201520319804e+02,4.892883449792861938e-02
1.225873020788033861e-02,-6.988564758406331503e-04,-1.876761632350584016e-03,-1.595759979231520163e+02,5.211194232106208801e-02
1.238978064308563984e-02,-1.786472974345088005e-03,-9.337797237094492804e-04,-1.175958242453745441e+02,4.736882448196411133e-02
1.239667305101950848e-02,2.028241171501576900e-03,-5.608005388542860862e-05,9.158380177115186882e+01,5.643694475293159485e-02
1.243748267491658586e-02,1.426390275203933463e-03,-1.426427081848184557e-03,1.350007392220074394e+02,6.224293261766433716e-02
1.246736198663711548e-02,-1.470713720967372403e-03,-1.415238599292933941e-03,-1.338987694228656835e+02,3.575028479099273682e-02
1.253816268096367634e-02,2.819652630326651625e-04,2.030173549428582191e-03,7.907071734026217769e+00,5.345730483531951904e-02
1.257021911442279816e-02,-2.998472385418908342e-04,2.027880749665200710e-03,-8.410945710422051746e+00,5.239039659500122070e-02
1.260501208404700077e-02,1.974718916850785703e-03,-5.405921638157452610e-04,1.053099928294151510e+02,5.083025246858596802e-02
1.260628644376993179e-02,1.817516400478780270e-03,9.535700082778931748e-04,6.231600209407292823e+01,5.992223694920539856e-02
1.261898626883824724e-02,-1.783051954892774568e-03,1.041539653670042753e-03,-5.970938565824118172e+01,5.182026326656341553e-02
1.264743600040674210e-02,-1.408312527928501368e-03,1.497171004302799702e-03,-4.324826773367577459e+01,4.501434788107872009e-02
1.267021025220553196e-02,-2.072014380246400833e-03,-3.034193650819363920e-05,-9.083896167546716072e+01,6.044485419988632202e-02
1.272913999855518341e-02,1.433374534826725938e-03,1.469830749556422234e-03,4.428056156648437280e+01,5.012139678001403809e-02
1.281439419835805893e-02,-1.987652193444470854e-03,-6.268364862383654082e-04,-1.075034649973898269e+02,5.774052068591117859e-02
1.281616712609926975e-02,2.013454640594621644e-03,5.200733824797982869e-04,7.551710888173141711e+01,6.497795134782791138e-02
1.281930723538001436e-02,-6.831182302751889193e-04,-1.985400371874372020e-03,-1.610131573702000765e+02,5.728732421994209290e-02
1.286968495696783066e-02,4.048580206775417292e-04,-2.050885193360348687e-03,1.688330211475451108e+02,7.940072566270828247e-02
1.299817301332950592e-02,-1.216977854104091868e-03,-1.711542291256288760e-03,-1.445855880379388054e+02,4.367881268262863159e-02
1.303054081896940809e-02,1.427046741203715548e-03,-1.563198515214025974e-03,1.376069894594033087e+02,7.041161507368087769e-02
1.310838821033636845e-02,6.398240996835136054e-04,2.035812707617878914e-03,1.744711795216903738e+01,4.574026912450790405e-02
1.314043160527944565e-02,-6.237410125322637774e-04,2.050542233822246537e-03,-1.691889306779894753e+01,4.149344563484191895e-02
1.316342192391554630e-02,-1.883719523902983287e-04,-2.128359628841280937e-03,-1.749421760399194739e+02,7.233476638793945312e-02
1.316500299920638460e-02,1.263942588896801219e-03,1.698970057380696282e-03,3.664726910369295609e+01,4.755608737468719482e-02
1.318768629183371920e-02,-2.158834598958492279e-03,2.034058658561359301e-04,-8.461746936477024406e+01,5.005636811256408691e-02
1.319641185303529161e-02,-1.221409358549863100e-03,1.753019595829149015e-03,-3.486670026868426930e+01,4.065437614917755127e-02
1.321025192737579346e-02,2.054929966107010841e-03,-6.191777835435157123e-04,1.067682541715362845e+02,5.139295384287834167e-02
1.321217852334181583e-02,-2.031357726082205772e-03,7.274372910615057837e-04,-7.029735186396597157e+01,4.725117236375808716e-02
1.327334251254796982e-02,9.526849025860429894e-04,-1.940087764523923397e-03,1.538465390923495306e+02,7.998582720756530762e-02
1.332982722669839859e-02,-2.023268064173559637e-03,-8.094752168593308782e-04,-1.118055104440365852e+02,5.587907880544662476e-02
1.342895285536845583e-02,1.823162970443566785e-03,-1.207453664392232895e-03,1.235159151762383090e+02,5.766021832823753357e-02
1.343943458050489426e-02,2.119060566959281907e-03,5.185560154738292358e-04,7.624935729270423224e+01,7.363522052764892578e-02
1.358576832960049427e-02,-1.419600079922626488e-03,-1.677181183670958028e-03,-1.397547484723037599e+02,5.184116214513778687e-02
1.360610375801722324e-02,-2.192146300027768106e-03,-2.745526823370406664e-04,-9.713876844591217719e+01,5.279537662863731384e-02
1.362518034875392914e-02,2.214058147122462735e-03,-1.361830406191680569e-04,9.351973403040715027e+01,6.565691530704498291e-02
1.367354579269886190e-02,-3.238937739903724011e-04,2.206550445407629013e-03,-8.350662573670902589e+00,5.141699686646461487e-02
1.367355883121490479e-02,3.578588366508487681e-04,2.189528119439880342e-03,9.282411024401884703e+00,5.459691211581230164e-02
1.369904913008213043e-02,-1.857268313566843741e-03,-1.276292818753669732e-03,-1.244963891411527044e+02,5.028216168284416199e-02
1.376431497434775150e-02,-1.547614888598521695e-03,1.611434388905763626e-03,-4.384266107629036213e+01,5.670643225312232971e-02
1.380006317049265081e-02,1.621038109684984178e-03,1.547866694939633355e-03,4.632274986311849574e+01,5.019458755850791931e-02
1.380853137622277058e-02,-1.982823829166591167e-03,1.041483434770877235e-03,-6.228918119768520967e+01,5.649731680750846863e-02
1.385156655063232017e-02,-2.080429112538695606e-04,-2.241758862510323524e-03,-1.746979416306253086e+02,6.524261832237243652e-02
1.392061325411001957e-02,2.034892328083515167e-03,9.966561240920177554e-04,6.390516247154734231e+01,6.531269848346710205e-02
1.393502671271562576e-02,9.584318419607977795e-04,-2.059653556595246286e-03,1.550457251230462248e+02,7.202883064746856689e-02
1.408275465170542341e-02,1.861937654515107617e-03,-1.344325408960381999e-03,1.258294142414102907e+02,7.038364559412002563e-02
1.409504717836777485e-02,-9.054114149572949338e-04,-2.064438497958083658e-03,-1.563189379835107502e+02,5.835752189159393311e-02
1.415096689015626907e-02,-2.261890719334284754e-03,-3.893164587983239961e-04,-9.976605484035631832e+01,4.460061341524124146e-02
1.421951378385226047e-02,3.909340011887253415e-04,-2.283850219100713730e-03,1.702866348009648902e+02,6.435157358646392822e-02
1.426053357621034044e-02,2.306194665531317682e-03,-2.958016605892528367e-04,9.730907581990761912e+01,6.967931240797042847e-02
1.429533834258715427e-02,-6.770861800760028578e-04,2.231261848161618204e-03,-1.688065040133705708e+01,4.035894200205802917e-02
1.429535138110319889e-02,7.110512427364790080e-04,2.214239522193869100e-03,1.780320678815499491e+01,5.305951833724975586e-02
1.429866751035054409e-02,-2.061933473063012109e-03,-1.070162029160807386e-03,-1.174297188047141987e+02,5.153290554881095886e-02
1.433012727648019791e-02,-1.303138948666552775e-03,1.933668429652849905e-03,-3.397684096432178791e+01,4.648745059967041016e-02
1.434602681547403336e-02,1.471568364650011063e-03,-1.819636051853497751e-03,1.410369857441416173e+02,7.517804205417633057e-02
1.436524093151092703e-02,1.350112026557326317e-03,1.909420747930805178e-03,3.526334277997040090e+01,4.684137552976608276e-02
1.443144554893175877e-02,-2.202975524899859934e-03,8.015062873406957316e-04,-7.000714803247227280e+01,4.559509456157684326e-02
1.449940695116917408e-02,2.185841168587406621e-03,-9.156681480817496777e-04,1.127292399142937853e+02,6.813877820968627930e-02
1.457889502247174639e-02,-2.371812394509713144e-03,9.709638349401455938e-05,-8.765575543110777801e+01,3.489536046981811523e-02
1.459609127293030537e-02,2.229392722559471636e-03,8.292577210037659335e-04,6.959652314880399615e+01,6.704252958297729492e-02
1.475026582678159136e-02,2.405697479844093323e-03,1.915389924154927966e-04,8.544777583360408357e+01,7.938745617866516113e-02
1.483338202039400852e-02,-9.495434739316505014e-04,-2.179308755633731828e-03,-1.564568309763933200e+02,5.617121234536170959e-02
1.489902846515178680e-02,-2.025397145189344883e-03,-1.322629667508105292e-03,-1.231454356580922251e+02,5.665850266814231873e-02
1.491042164464791674e-02,3.531924060856306735e-04,2.406149636954069138e-03,8.350662301798406517e+00,5.873437970876693726e-02
1.491042164464791674e-02,-3.531924060856298062e-04,2.406149636954069138e-03,-8.350662301798386977e+00,4.921371862292289734e-02
1.492373459041118622e-02,3.852974526428928881e-04,-2.403860911726951599e-03,1.708939274216168371e+02,5.377286672592163086e-02
1.497274761398633552e-02,-1.641575402269760840e-03,1.806191789607207053e-03,-4.226644336022126680e+01,6.297028809785842896e-02
1.502848478655020512e-02,1.631339623903234944e-03,1.830374977240960092e-03,4.170933466845537652e+01,4.754661023616790771e-02
1.502984948456287384e-02,-2.106203037934998527e-03,1.243980601429939270e-03,-5.943274981957397785e+01,6.228704750537872314e-02
1.504822385807832313e-02,1.522528007626533508e-03,-1.929112399617831201e-03,1.417181713218392645e+02,7.049477845430374146e-02
1.513878504435221470e-02,2.096766101506848841e-03,1.301422521161536448e-03,5.817291850405288756e+01,5.262965708971023560e-02
1.518560573458671570e-02,2.282823591182629556e-03,-9.818648880658051824e-04,1.132730158745021640e+02,7.958956062793731689e-02
1.519869764645894600e-02,-1.544869698894520745e-03,-1.925983078156908281e-03,-1.412662002703714847e+02,6.022378802299499512e-02
1.524999209990104097e-02,-2.480330100903908701e-03,-1.695921334127585274e-04,-9.391150083075173427e+01,3.854246437549591064e-02
1.529412219921747959e-02,-2.578115187740573919e-04,-2.476639812812209129e-03,-1.740570687019077809e+02,5.247760564088821411e-02
1.534144456187884129e-02,1.003754936391487718e-03,-2.289140596985816956e-03,1.563232463388028748e+02,5.676686018705368042e-02
1.537955831736326391e-02,2.519223528603713007e-03,3.643715899670504715e-05,8.917135186989146689e+01,6.790184974670410156e-02
1.542242492238680637e-02,-2.333872097854813085e-03,-9.084726140523950982e-04,-1.112687504685381583e+02,5.337331444025039673e-02
1.547115047772725654e-02,2.009879720086852999e-03,-1.519998496708770738e-03,1.270988829539465996e+02,7.715117186307907104e-02
1.557602485020955288e-02,2.516703136886159868e-03,-5.171002339920960367e-04,1.016108191439771105e+02,6.964449584484100342e-02
1.560741073141495502e-02,7.289170753210785173e-04,2.440930732215444536e-03,1.662681373530342555e+01,5.339703708887100220e-02
1.562853126476208485e-02,-7.419895846396682478e-04,2.438756714885433659e-03,-1.692233692545034884e+01,4.044222086668014526e-02
1.565558432290951527e-02,1.368003509317835100e-03,2.169974846765398979e-03,3.222830186194877200e+01,4.842741042375564575e-02
1.565606830020745827e-02,-1.404319812233249419e-03,2.136392286047339439e-03,-3.331821377441337262e+01,4.807028174400329590e-02
1.567633574207623684e-02,-2.354860228175918550e-03,9.833905884685614253e-04,-6.733456492338152088e+01,4.920195043087005615e-02
1.574902888387441635e-02,-2.560150421534975514e-03,2.742277574725448543e-04,-8.388613537604183534e+01,3.615710139274597168e-02
1.591324278463920189e-02,2.352451207116246223e-03,1.077262413067122228e-03,6.539544639973190954e+01,5.754803493618965149e-02
1.599984150379896164e-02,2.598603876928488703e-03,4.499957794905641269e-04,8.017561697490272365e+01,6.047530472278594971e-02
1.601461879909038544e-02,-2.357091909895340891e-03,-1.121103414334357002e-03,-1.154371581137671683e+02,6.167054921388626099e-02
1.606824497381846226e-02,-3.017265989910810644e-04,-2.601533274476726994e-03,-1.733843760762488273e+02,5.126632750034332275e-02
1.610187875727812565e-02,1.025360999240850553e-03,-2.417600092788537488e-03,1.570170582653620954e+02,5.766371265053749084e-02
1.611806514362494266e-02,-1.595180016010999896e-03,-2.087485704881449685e-03,-1.426142640812522870e+02,5.709567666053771973e-02
1.620066786805788792e-02,2.092046507944663510e-03,-1.612186897546053150e-03,1.276188064053761337e+02,6.658355146646499634e-02
1.625901709000269688e-02,2.631321937466661424e-03,-5.225791076857908522e-04,1.012327528785233710e+02,6.606450676918029785e-02
1.627813341716925419e-02,3.757246692354484401e-04,2.631638509531815991e-03,8.125329559027218096e+00,5.263612046837806702e-02
1.628993824124336243e-02,-2.666710875928401947e-03,-1.133665015610557615e-05,-9.024357282250646506e+01,3.906788676977157593e-02
1.629925395051638401e-02,-3.887971785540377369e-04,2.629464492201805115e-03,-8.410910453618827276e+00,4.920196533203125000e-02
1.632632253070672584e-02,1.709948487890263326e-03,2.054203534498810768e-03,3.977448243313459386e+01,4.812972992658615112e-02
1.636254011342922962e-02,-2.312012715265154839e-03,1.350523224876572833e-03,-5.970938406750833849e+01,7.290719449520111084e-02
1.638309533397356785e-02,-2.610110367337862940e-03,-6.677873413233708071e-04,-1.043510768972261644e+02,4.975048452615737915e-02
1.639937454213698936e-02,-1.826099934987723827e-03,1.941313734278082848e-03,-4.324834534896813665e+01,7.109228521585464478e-02
1.641058983902136600e-02,-2.098927274346351624e-03,-1.696763094514608383e-03,-1.289519139494890396e+02,6.182762235403060913e-02
1.645829156041145325e-02,3.629884352752319431e-04,-2.657213869194189997e-03,1.722212633776040889e+02,5.345844104886054993e-02
1.647368073463439941e-02,2.228969708085060120e-03,1.490443556879957662e-03,5.623056982984358854e+01,5.216731131076812744e-02
1.652687229216098785e-02,-1.043768871265153162e-03,-2.465704844022790880e-03,-1.570563498944317473e+02,5.183181911706924438e-02
1.653817544380823887e-02,1.626300858333706856e-03,-2.149760296257833495e-03,1.428923726638512619e+02,6.082401424646377563e-02
1.656891778111457825e-02,2.709969334925214739e-03,7.190593896666536275e-05,8.848007860735764041e+01,5.781902372837066650e-02
1.659811536471049107e-02,2.479609179620941625e-03,-1.079532162596782193e-03,1.135265671472778166e+02,6.544195115566253662e-02
1.698533445596694946e-02,-2.653706741208831758e-03,-8.818492739616583514e-04,-1.083820851881301479e+02,6.098382174968719482e-02
1.698641416927178585e-02,-2.783389141162236676e-03,2.905419096350670403e-04,-8.404080603024615925e+01,4.136659577488899231e-02
1.701750544210275246e-02,7.957050111144783281e-04,2.661022823303937912e-03,1.664783463645035866e+01,4.525909572839736938e-02
1.701752096414566040e-02,1.490842395772536740e-03,2.354543733720978246e-03,3.234104067958536888e+01,4.572233185172080994e-02
1.703862597544988228e-02,-8.087775204330680586e-04,2.658848805973927469e-03,-1.691888746000284272e+01,4.740898683667182922e-02
1.708560809493064880e-02,-2.338782030468185887e-03,-1.508659372727076285e-03,-1.228245239582131347e+02,6.305542588233947754e-02
1.711120953162511421e-02,-1.583750049273172870e-03,2.273062476888298988e-03,-3.486674953317532299e+01,6.167124211788177490e-02
1.713170918325583256e-02,-2.633981173858046532e-03,9.432389536717287158e-04,-7.029735560100199621e+01,6.216105818748474121e-02
1.726049246887366093e-02,3.172765039683630430e-04,-2.797311870381236510e-03,1.735290562552299320e+02,5.180458351969718933e-02
1.726841926574707031e-02,-1.054115865069130912e-03,-2.593490295112133026e-03,-1.578808731979818845e+02,5.285019427537918091e-02
1.732737943530082703e-02,1.651091190675894708e-03,-2.294552706492444024e-03,1.442623434591223770e+02,6.488035619258880615e-02
1.733243154982725895e-02,2.830774445707599611e-03,-1.331492482374113618e-05,9.026949634651096233e+01,6.115088611841201782e-02
1.737352584799130989e-02,2.529478399083018303e-03,-1.267983306509752996e-03,1.166238074065783366e+02,5.234746262431144714e-02
1.743737173577149593e-02,-2.819895977154374123e-03,-3.052366858658690525e-04,-9.617786837130185518e+01,5.429796129465103149e-02
1.747157362600167824e-02,2.532424560437600107e-03,1.332281817061205850e-03,6.225161604364230072e+01,6.158239021897315979e-02
1.761199285586675239e-02,-3.577855241019278223e-04,-2.869416726753116088e-03,-1.728925130118493598e+02,5.063084512948989868e-02
1.769328365723292149e-02,1.004439400276169181e-03,-2.702490504210194096e-03,1.596113213467367871e+02,6.006620079278945923e-02
1.771263281504312920e-02,-2.255556406453251839e-03,-1.800985269558926568e-03,-1.286061782259978941e+02,5.635324865579605103e-02
1.772994920611381531e-02,4.199803418790305385e-04,2.861147203172246904e-03,8.350662972192553823e+00,5.325552821159362793e-02
1.772994920611381531e-02,-4.199803418790295628e-04,2.861147203172246904e-03,-8.350662972192534284e+00,5.883957445621490479e-02
1.776528234283129490e-02,2.166706059748928041e-03,-1.945430451693634264e-03,1.319198632252488324e+02,5.754540488123893738e-02
1.777839226027329994e-02,1.809690807325144537e-03,2.295001254727443204e-03,3.825704643082081446e+01,4.889221861958503723e-02
1.779794134199619293e-02,2.801996267711122975e-03,-7.962511153891682625e-04,1.058637075945063799e+02,5.630186945199966431e-02
1.780385461946328712e-02,-1.669048797339201190e-03,-2.380165426681439371e-03,-1.449606222063859207e+02,5.039091408252716064e-02
1.784764168163140846e-02,-2.006730957267184763e-03,2.089483158973356233e-03,-4.384266131988648851e+01,7.310920208692550659e-02
1.790120514730612553e-02,2.843331390370925412e-03,5.772109919538099838e-04,7.852460211717765048e+01,6.320777535438537598e-02
1.790497576196988655e-02,-2.571049301574627848e-03,1.350450145158295975e-03,-6.228918586322601669e+01,7.178410142660140991e-02
1.808508671820163727e-02,2.332251751795411110e-03,1.836499315686524131e-03,5.178182640194961550e+01,6.071469932794570923e-02
1.819242102404435707e-02,-2.914748309801022501e-03,-4.818134766537695581e-04,-9.938622425262951765e+01,6.385494023561477661e-02
1.836740846435228752e-02,-2.665333449840545654e-03,-1.350751961581408978e-03,-1.168752241002753323e+02,6.383862346410751343e-02
1.840144147475560737e-02,-5.878538261943808650e-04,-2.949707520504793110e-03,-1.687290646770093474e+02,5.000100284814834595e-02
1.853336021304130554e-02,-1.409612207983931050e-03,-2.665181333820025415e-03,-1.521256735903645847e+02,5.434567481279373169e-02
1.853449021776517464e-02,8.547302180280290590e-04,2.903465724860628157e-03,1.640351915307006436e+01,5.134991928935050964e-02
1.853620260953903198e-02,-8.779510778064525487e-04,2.893189511572321401e-03,-1.688065129398760789e+01,6.020906195044517517e-02
1.854078720013300693e-02,9.590628033038229834e-04,-2.867671195417642593e-03,1.615080242280202754e+02,5.359148606657981873e-02
1.856106022993723667e-02,2.128926571458578110e-03,-2.173291131233175306e-03,1.355908143465463525e+02,6.320915371179580688e-02
1.858131152888139320e-02,-1.689729164354503155e-03,2.507311796459059210e-03,-3.397684325085942447e+01,6.021642684936523438e-02
1.858291774988174438e-02,1.549303298816084862e-03,2.643798865998784990e-03,3.037090219707345895e+01,4.652337357401847839e-02
1.862773982187112404e-02,2.826549190406998143e-03,-1.148088059077660532e-03,1.121060110854349858e+02,5.530977994203567505e-02
1.871268761654695106e-02,-2.856511933108170538e-03,1.039281594178949938e-03,-7.000715091739455431e+01,5.931342765688896179e-02
1.883888617157936096e-02,-3.063966675351063700e-03,1.249273676269998514e-04,-8.766516769497201267e+01,5.903085321187973022e-02
1.889744463066260136e-02,4.183160490356385708e-05,-3.042783355340361595e-03,1.792123581767473581e+02,4.470003023743629456e-02
1.895626323918501652e-02,3.056725719943642616e-03,3.383415460120886564e-04,8.368378047222888938e+01,6.058560311794281006e-02
1.897066086530685425e-02,1.567935105413198471e-03,-2.687594077239434213e-03,1.497408287516375935e+02,6.406939774751663208e-02
1.899910221497217930e-02,2.516251833488543973e-03,-1.847680929737786741e-03,1.262897966950442594e+02,5.701912194490432739e-02
1.912400933603445805e-02,-2.651388136049111829e-03,-1.636349712498486042e-03,-1.216815225072207909e+02,5.933979526162147522e-02
1.919873928030332161e-02,-1.982174503306548090e-03,-2.371598927614589677e-03,-1.401112344856050242e+02,5.580918490886688232e-02
1.921728812158107758e-02,3.068721697976191983e-03,-6.040213144539544618e-04,1.011352712278389987e+02,5.753662437200546265e-02
1.926593606670697761e-02,2.575960398341218920e-03,1.845205745970209367e-03,5.438530871382410936e+01,6.711126118898391724e-02
1.933204506834348274e-02,4.347498761489992794e-04,3.130235864470402255e-03,7.907071029011271790e+00,5.310659855604171753e-02
1.933375746011734009e-02,-4.579707359274222812e-04,3.119959651182095065e-03,-8.350662779182941975e+00,5.638169124722480774e-02
1.942809546987215794e-02,-2.129964840908845410e-03,2.343853896794219956e-03,-4.226282698848778807e+01,5.846823006868362427e-02
1.949304963151613987e-02,2.068168988140921087e-03,2.394748424800734014e-03,4.081477096325543386e+01,5.996108055114746094e-02
1.950213747719923771e-02,-2.732429265355070577e-03,1.614856708329171159e-03,-5.941705228855346377e+01,5.889032781124114990e-02
1.969125618537267280e-02,-3.201787515232960672e-03,-2.201603880772988724e-04,-9.393356411084317870e+01,6.188737973570823669e-02
1.970748106638590610e-02,2.989527536556124687e-03,1.102118801403169758e-03,6.976309412044798819e+01,6.535678356885910034e-02
1.975432783365249634e-02,-8.827736504220724562e-05,-3.188549463326732607e-03,-1.784141288080336949e+02,5.091699957847595215e-02
1.980139190951983250e-02,-3.038623835891485214e-03,-1.112498983275145292e-03,-1.101086559846142592e+02,6.221263855695724487e-02
1.980853267014026642e-02,2.552605699747800827e-03,-2.032543260914584145e-03,1.285289821559610459e+02,6.340622156858444214e-02
1.984400426348050667e-02,1.580511957096556678e-03,-2.851576699564854593e-03,1.510021951764265964e+02,4.755356162786483765e-02
2.004630304872989655e-02,-1.895074460965891824e-03,-2.626776578836143017e-03,-1.441916292948902196e+02,5.893482640385627747e-02
2.020720206201076508e-02,3.176741302013397217e-03,-8.673405876227964235e-04,1.052711762140830984e+02,5.452117696404457092e-02
2.021125083168347908e-02,9.865167861183488009e-04,3.138930614416798100e-03,1.744711758594328543e+01,5.142635479569435120e-02
2.023827470839023590e-02,-9.491812282552319945e-04,3.163360292091965675e-03,-1.670212123438205154e+01,5.913050845265388489e-02
2.024383408327897621e-02,2.177857289401193604e-03,-2.522136084735393524e-03,1.391894855564649731e+02,5.308042094111442566e-02
2.027101380129655434e-02,8.415306850414101553e-04,-3.177419925729433985e-03,1.651659550237900191e+02,4.329262301325798035e-02
2.028389088809490204e-02,-1.041037394315935888e-03,-3.124469115088383646e-03,-1.615725164319470650e+02,5.635500326752662659e-02
2.028750379880269600e-02,-1.809397246688604572e-03,2.773132252817352757e-03,-3.312341128559735637e+01,6.120968610048294067e-02
2.032382786273956299e-02,1.925362817322214589e-03,2.663110033608973026e-03,3.586600042849999426e+01,6.310738623142242432e-02
2.039899677038192749e-02,-3.051648226877053723e-03,1.323378935921937227e-03,-6.655553296565857124e+01,6.132324039936065674e-02
2.042708421746889866e-02,2.970922660703460665e-03,-1.596269663423299789e-03,1.182490322823482387e+02,5.868143588304519653e-02
2.046191692352294922e-02,-3.313551734512050657e-03,4.027160660674173904e-04,-8.307048126706260405e+01,6.460286676883697510e-02
2.054927994807561470e-02,-3.042449709028005600e-03,-1.426883876168479667e-03,-1.151261908338351390e+02,5.560745298862457275e-02
2.071946114301681519e-02,-2.568113966844975948e-03,-2.205912256613373756e-03,-1.306613250607313432e+02,5.586024746298789978e-02
2.072632250686486793e-02,3.240019005412857027e-03,8.548503101337701082e-04,7.521983165087418399e+01,5.806428939104080200e-02
2.096501862009366585e-02,3.415236792837580190e-03,-1.722462184261529825e-04,9.288724529108884553e+01,5.027766153216362000e-02
2.108266328771909309e-02,5.517669099693502804e-04,3.375937618936101451e-03,9.282411445946175732e+00,5.409887805581092834e-02
2.110797477265198910e-02,-4.912104923278086833e-04,3.410643509899576650e-03,-8.195544193319333814e+00,5.852794274687767029e-02
2.116326180597146583e-02,-3.347809116045633807e-03,-9.027800115291030299e-04,-1.050915730803183550e+02,5.570079386234283447e-02
2.118603450556596351e-02,-3.455747462188203840e-03,3.448133550894749884e-05,-8.942832355155019286e+01,6.502147018909454346e-02
2.118897810578346252e-02,-2.256962858761350603e-03,2.626288216561079025e-03,-4.067489467414287674e+01,6.111351773142814636e-02
2.119635355969270302e-02,2.391096320934593678e-03,-2.536860139419635715e-03,1.366942554766367266e+02,4.914216324687004089e-02
2.122642907003561771e-02,-2.896749414503574805e-03,1.905532088130712509e-03,-5.666238641327399250e+01,6.080497428774833679e-02
2.125338030358155800e-02,8.216061833081765879e-04,-3.352020401507616043e-03,1.662278753504728570e+02,4.030128195881843567e-02
2.130300365388393402e-02,2.475953001218537779e-03,2.430131232055525274e-03,4.553511467046786265e+01,6.725475192070007324e-02
2.133355600138505531e-02,-1.088117574302789993e-03,-3.293259302154183388e-03,-1.617160574625634126e+02,5.925783142447471619e-02
2.134216080109278477e-02,2.925371285527944565e-03,-1.922549485849837751e-03,1.233128555032298550e+02,5.634554475545883179e-02
2.150903642177581787e-02,3.117218846455216408e-03,1.581772055942565203e-03,6.309537104786153350e+01,6.358708441257476807e-02
2.157469093799591064e-02,-2.600946347229182720e-03,-2.392059618917603998e-03,-1.326043784340960485e+02,5.762541666626930237e-02
2.177889024217923714e-02,1.773826486896723509e-03,-3.040901230027277975e-03,1.497440206247172796e+02,4.062396287918090820e-02
2.178635944922765327e-02,-1.552820467622951757e-04,-3.531940126170714841e-03,-1.774826073463514149e+02,5.082848295569419861e-02
2.195119795699914528e-02,-1.974987021336952701e-03,-2.981714128206173868e-03,-1.464808499875707923e+02,6.360282003879547119e-02
2.198971124986807621e-02,3.551504885156949506e-03,-4.924630241778989994e-04,9.789447588566261516e+01,5.681787058711051941e-02
2.202169845501581943e-02,-3.448478334272901073e-03,-1.094540280367558346e-03,-1.076093364786037370e+02,5.127481743693351746e-02
2.204137792189916206e-02,1.096338887388507814e-03,3.414039112006624684e-03,1.780320775576953451e+01,6.192520633339881897e-02
2.206668940683206154e-02,-1.035782469746966868e-03,3.448745002970099449e-03,-1.671690732209419039e+01,5.933083221316337585e-02
2.209846364955107487e-02,-1.941318817747135885e-03,3.054617748906215177e-03,-3.243741797928458226e+01,5.983722954988479614e-02
2.210694241027037418e-02,-3.609929311399658666e-03,4.251986877837529689e-04,-8.328231823827300673e+01,7.214046269655227661e-02
2.214697127540906502e-02,3.267458019157250867e-03,-1.513837215801080213e-03,1.148586346879635443e+02,5.872549861669540405e-02
2.214914125700791908e-02,2.081678947433829308e-03,2.944053305933873148e-03,3.526333732754630290e+01,6.340004503726959229e-02
2.221025712788105011e-02,-3.312834771350026131e-03,1.375586570550998197e-03,-6.745033570403617773e+01,7.120358943939208984e-02
2.226294639209906376e-02,-3.175951307639479637e-03,-1.804791507311165333e-03,-1.196081835333420287e+02,5.294664204120635986e-02
2.253465168178081512e-02,3.441809987028439984e-03,1.281527744140476205e-03,6.957762678507017995e+01,5.230868235230445862e-02
2.269281757374604774e-02,-3.701721007625261798e-03,-3.072208589098105467e-04,-9.474433633468730420e+01,6.251178681850433350e-02
2.277663039664427555e-02,3.700878238305449919e-03,2.343891925799350938e-04,8.637610374231984167e+01,5.332610011100769043e-02
2.292670806248982979e-02,1.789385588684429870e-03,-3.249529050663113594e-03,1.511601826144072902e+02,4.903740808367729187e-02
2.296130359172821045e-02,-1.907234497290726232e-04,-3.726271602014700427e-03,-1.770699609940470793e+02,5.446405708789825439e-02
2.297183871269226074e-02,-2.033951343037188053e-03,-3.146078825617829814e-03,-1.471171855872503329e+02,5.798298865556716919e-02
2.298972817758719242e-02,-5.445719774191571001e-04,3.709936980158090591e-03,-8.350662913236210017e+00,5.566378310322761536e-02
2.298972817758719242e-02,5.445719774191584012e-04,3.709936980158091025e-03,8.350662913236227780e+00,6.268722563982009888e-02
2.307999382416407383e-02,-2.502708967464665861e-03,2.815457371373971882e-03,-4.163445097059081945e+01,5.880103260278701782e-02
2.313184179365634918e-02,-3.225438296794891357e-03,-1.994482707232236862e-03,-1.217309975061279346e+02,6.155544519424438477e-02
2.315433633824189735e-02,-3.234438365325332122e-03,1.857182321449120984e-03,-6.013598631712262943e+01,7.047593593597412109e-02
2.317176821331183231e-02,2.515291523498793154e-03,2.822176010037462206e-03,4.170932919336139832e+01,6.644695252180099487e-02
2.325733626882235325e-02,3.279409138485789733e-03,-1.898947676333288424e-03,1.200730628739398469e+02,6.000429391860961914e-02
2.335124587019284798e-02,3.234156717856724768e-03,2.008009624357025118e-03,5.816485509355371875e+01,5.902325361967086792e-02
2.346422709524631500e-02,-2.709397658084829793e-03,-2.746115516250332341e-03,-1.353856184511530785e+02,6.061438471078872681e-02
2.352914089957872795e-02,-1.182523298969802685e-03,-3.651955475409825787e-03,-1.620577611490757590e+02,5.727357044816017151e-02
2.357614226639271129e-02,8.017238821291056096e-04,-3.754979697987437682e-03,1.679477703260374994e+02,5.235030129551887512e-02
2.359934275348981453e-02,-3.813856203729907961e-03,-5.316510020444790161e-04,-9.793588285252953085e+01,5.459548532962799072e-02
2.365321231385071957e-02,2.630348782986402945e-03,-2.808956506972511320e-03,1.368807168517998321e+02,5.702836066484451294e-02
2.379711903631687164e-02,-3.610100519532958956e-03,-1.508661623423298345e-03,-1.126800583225890620e+02,5.196731537580490112e-02
2.385180629789829254e-02,3.888456849381327629e-03,-8.362375471430508471e-05,9.123199252494403311e+01,5.720143020153045654e-02
2.403516570727030552e-02,-1.138404593802988096e-03,3.751484987636407795e-03,-1.688065101578677130e+01,5.311536416411399841e-02
2.409365711112817013e-02,-2.191005235848327622e-03,3.251132632916172924e-03,-3.397684154424984371e+01,5.574621632695198059e-02
2.417525214453538490e-02,3.751034615561366081e-03,-1.195586432004347444e-03,1.076789065418006146e+02,6.197199597954750061e-02
2.421367665131886684e-02,1.121335236045221777e-03,3.791978893180688800e-03,1.647360249680655997e+01,6.548608839511871338e-02
2.428795335193474972e-02,2.106714722079535036e-03,3.374203729132811518e-03,3.197896859105866341e+01,6.777097284793853760e-02
2.429274780054887367e-02,-3.707143633315960422e-03,1.354896754492074251e-03,-6.992351786812758974e+01,7.398182898759841919e-02
2.440660819411277771e-02,-3.969309075425067959e-03,1.758649596013129029e-04,-8.746310148391566486e+01,6.326310336589813232e-02
2.444020782907803738e-02,3.561277408152818680e-03,1.800085417926311493e-03,6.318520042044470131e+01,5.057473853230476379e-02
2.446660213172435760e-02,-2.896800016363461957e-03,-2.782247106855114446e-03,-1.338444349625675898e+02,5.850507691502571106e-02
2.460628127058346951e-02,-3.504817994932333484e-03,-1.995630795136094093e-03,-1.196570310704358775e+02,5.762843042612075806e-02
2.469878954192002846e-02,3.956509288400411606e-03,7.555905904155225646e-04,7.918817827080306415e+01,4.773549735546112061e-02
2.473947467903296615e-02,-1.274522214468258412e-03,-3.833503928035497665e-03,-1.616096196967694141e+02,5.559090897440910339e-02
2.479325296978156234e-02,7.626900187460707806e-04,-3.969884244725108147e-03,1.691249014173775151e+02,5.635213106870651245e-02
2.498212953408559395e-02,2.620728531231483402e-03,-3.118796972557902336e-03,1.399596274049088152e+02,5.848909169435501099e-02
2.506932305792967594e-02,-5.938326163838300196e-04,4.045528980592886896e-03,-8.350662415761437529e+00,5.391054973006248474e-02
2.518454752862453461e-02,-2.313352616814275727e-03,-3.363758868848283796e-03,-1.454825904393214842e+02,5.419101938605308533e-02
2.519149395326773441e-02,-2.761956614752610669e-03,3.039007540792226791e-03,-4.226566212092765085e+01,6.201471760869026184e-02
2.524783400197824074e-02,5.767632586260642430e-04,4.086022886137167902e-03,8.034514170339573269e+00,5.925783142447471619e-02
2.531624212861061096e-02,-3.546365614359577208e-03,2.101046712292979450e-03,-5.935535026675705694e+01,6.857542693614959717e-02
2.535331559677918636e-02,3.846446517854928970e-03,-1.517461835949992285e-03,1.115297329452317570e+02,5.829446017742156982e-02
2.538874807457129276e-02,-3.217562286105626911e-04,-4.122724601378043204e-03,-1.755374218649222371e+02,5.678322538733482361e-02
2.547273598611354828e-02,1.740731473546475389e-03,-3.774274062986175508e-03,1.552403943133674886e+02,5.449996888637542725e-02
2.550094885130723549e-02,-4.150530789047479630e-03,-2.445587500308952188e-04,-9.337209928750776555e+01,5.073316395282745361e-02
2.550284564495086670e-02,-3.889795392751693726e-03,-1.439043883389483185e-03,-1.103021362433665331e+02,4.772666096687316895e-02
2.563299300769964970e-02,3.464731931065519795e-03,2.411921120559175954e-03,5.515687323825709854e+01,5.832257121801376343e-02
2.566021618743737770e-02,2.729034439350167766e-03,3.171873046085238457e-03,4.070823447182841903e+01,6.809511035680770874e-02
2.576431694130102909e-02,3.365200789024433078e-03,-2.530663545864324064e-03,1.269435198961311926e+02,5.778748542070388794e-02
2.576915174722671509e-02,4.179295928527912082e-03,4.784393240697684072e-04,8.346929786203965307e+01,5.475336313247680664e-02
2.610023195544878757e-02,4.206655391802390995e-03,-6.826504250057041645e-04,9.921753055871981530e+01,6.054175645112991333e-02
2.624203947683175289e-02,-1.230777008458971544e-03,4.101775120943784714e-03,-1.670237713448713279e+01,5.726805329322814941e-02
2.630571896831194675e-02,-2.346300364782412991e-03,3.595606035863359914e-03,-3.312631932256683598e+01,6.274136900901794434e-02
2.645772881805897106e-02,1.196349039673805670e-03,4.156883495549361200e-03,1.605579264297163178e+01,5.568140372633934021e-02
2.645815598467985558e-02,-2.475654357112944126e-03,-3.511387078712384195e-03,-1.448147849528670008e+02,6.337969005107879639e-02
2.647533950706323219e-02,-3.961056548481185942e-03,1.718415277233968251e-03,-6.654747376724057517e+01,6.387420743703842163e-02
2.649697226782640053e-02,3.965576256935795726e-03,1.564763651307051308e-03,6.846646722587304623e+01,5.625519156455993652e-02
2.654618583619594574e-02,-4.303056281059980392e-03,5.518416098008553910e-04,-8.269204327593294579e+01,5.675066635012626648e-02
2.663951615492502617e-02,-3.881363663822411407e-04,-4.326694024105866461e-03,-1.748738672986968368e+02,5.772570148110389709e-02
2.670141930381457127e-02,-3.978878104438384952e-03,-1.770872564520686865e-03,-1.139923309965396783e+02,5.321247875690460205e-02
2.672472347815831734e-02,1.765223355808605678e-03,-3.992873554428419056e-03,1.561500909455766362e+02,5.744656175374984741e-02
2.679583430290222168e-02,2.363240734363595934e-03,3.660508819545309038e-03,3.284646630542813028e+01,6.223379448056221008e-02
2.695081879695256435e-02,3.416009868184725733e-03,-2.787780909178157792e-03,1.292176352718664134e+02,5.412129685282707214e-02
2.715060114860535015e-02,-3.390404861420392990e-03,-2.832187494883934512e-03,-1.298738222107682816e+02,6.244506314396858215e-02
2.726385121544202400e-02,-1.503204092538604989e-03,-4.185101560627420454e-03,-1.602427350201214722e+02,6.572205573320388794e-02
2.727681584656238556e-02,4.361122225721677723e-03,-9.378712760129321886e-04,1.021367683067415442e+02,6.068206205964088440e-02
2.729600854218006134e-02,7.208017632365226746e-04,-4.392453158895174951e-03,1.706808191297434973e+02,6.024120002985000610e-02
2.736974445482094967e-02,-6.369443920751404397e-04,4.422417531410853357e-03,-8.195739062825451171e+00,6.163776293396949768e-02
2.740692285199959957e-02,6.195857810477422949e-04,4.437032000472148838e-03,7.949362101092840582e+00,5.470383167266845703e-02
2.742061888178189827e-02,2.696029492653906345e-03,-3.594513827313979611e-03,1.431286321255201699e+02,5.776949599385261536e-02
2.743376667300860203e-02,-4.481996564815442056e-03,8.307327516376966777e-05,-8.893815110226233855e+01,5.532424151897430420e-02
2.747473555306593346e-02,-2.928934448088209123e-03,3.402709417665998430e-03,-4.072073003398281088e+01,6.870422512292861938e-02
2.751960791647434235e-02,-3.759281632180015535e-03,2.463479487535854325e-03,-5.676293748924524607e+01,6.327635049819946289e-02
2.758710334698359287e-02,-4.418553784489631653e-03,-1.045155765799184785e-03,-1.033080303157805417e+02,5.479255691170692444e-02
2.764319380124409878e-02,4.123409821962317409e-03,1.681167098771159775e-03,6.781864731775134203e+01,6.681605428457260132e-02
2.771640134354432655e-02,4.051722430934509220e-03,-2.029800050271053820e-03,1.166095933877814161e+02,5.476857721805572510e-02
2.791846171021461834e-02,2.923225052654743195e-03,3.500513965263963179e-03,3.986473484491194341e+01,6.632746756076812744e-02
2.809195717175801826e-02,4.491596327473720493e-03,3.396219205266486877e-04,8.567593703627335344e+01,6.545453518629074097e-02
2.838888081411520756e-02,3.773933586974938855e-03,2.757707921167214422e-03,5.384346363676117164e+01,7.187624275684356689e-02
2.843678370118141174e-02,-3.493504521126548305e-03,-3.043377073481678963e-03,-1.310608502458543967e+02,6.435434520244598389e-02
2.861287258565425873e-02,-1.343069520468512593e-03,4.471822176128625870e-03,-1.671714341032675932e+01,6.260072439908981323e-02
2.862470597028732300e-02,7.586663317245740962e-04,-4.610641704251368551e-03,1.706558950697043429e+02,6.839039176702499390e-02
2.863876583675543583e-02,-4.679403267800807953e-03,5.626630154438317906e-04,-8.314353158368662378e+01,6.531975418329238892e-02
2.864184478918711113e-02,-1.593137256956348672e-03,-4.396768519654870033e-03,-1.600823823768877787e+02,6.611401587724685669e-02
2.864740975201129913e-02,1.289907687654098236e-03,4.502281080931425095e-03,1.598705667646707163e+01,5.712122842669487000e-02
2.865418419241905212e-02,-2.519536220158140154e-03,3.958283147464196176e-03,-3.247766979549951571e+01,6.419385969638824463e-02
2.870005865891774727e-02,-4.563897072027127237e-03,-1.254675502423197031e-03,-1.053716269950002982e+02,5.445479601621627808e-02
2.872682300706704689e-02,2.754435525275766850e-03,-3.822096778700748935e-03,1.442211837208461702e+02,5.879234522581100464e-02
2.879545340935389316e-02,-4.298688067744175882e-03,1.776495560382803209e-03,-6.754642508320544891e+01,6.614831835031509399e-02
2.882084312538306381e-02,2.426655264571309090e-03,4.062137721727292032e-03,3.085341072463545586e+01,6.219247356057167053e-02
2.899319119751453747e-02,4.170513556649288120e-03,-2.261921763420104980e-03,1.184736548786945463e+02,5.456759780645370483e-02
2.910055716832479072e-02,-4.227321051682034550e-03,-2.191581879742443562e-03,-1.174037045571869413e+02,5.478399991989135742e-02
2.912233211100101471e-02,-2.668687181236843124e-03,-3.934243616337577791e-03,-1.458500602603717766e+02,6.568093597888946533e-02
2.934620715677738190e-02,-4.402049623119334561e-04,-4.756549528489510507e-03,-1.747125020183029562e+02,6.626684963703155518e-02
2.935962503155072761e-02,1.861493956918517821e-03,-4.438645051171381979e-03,1.572476330263503428e+02,6.661860644817352295e-02
2.938906662166118622e-02,4.709021498759588184e-03,3.019549718980366624e-04,8.633106540044784083e+01,6.778452545404434204e-02
2.939123163620631016e-02,-4.814978068073591175e-03,-3.161866722318032474e-04,-9.375706568582006639e+01,5.979722738265991211e-02
2.953381277620792389e-02,3.593207026521365137e-03,-3.247485573713978276e-03,1.321067927875118642e+02,5.494316667318344116e-02
2.980723542471726967e-02,6.703219066063571341e-04,4.826373886317014694e-03,7.907071860496603932e+00,6.351555138826370239e-02
2.980987665553887916e-02,-7.061251283933709603e-04,4.810529450575510950e-03,-8.350663513848262554e+00,6.206111237406730652e-02
2.985071515043576443e-02,4.697338522722324314e-03,-1.207659937790595212e-03,1.044181747230976640e+02,6.281107664108276367e-02
2.988061991830667091e-02,4.058050069337090435e-03,2.792619944860537558e-03,5.546549807499839346e+01,7.052160054445266724e-02
2.992703082660834110e-02,-3.247457789257168770e-03,3.648203099146485762e-03,-4.167396383336368615e+01,6.427983194589614868e-02
3.002342768013477325e-02,-4.196262452751398087e-03,2.405645442195236683e-03,-6.017509082186447245e+01,7.166216522455215454e-02
3.015104681253433228e-02,-4.115677671507000923e-03,-2.669318074670930414e-03,-1.229663595106430876e+02,6.143444776535034180e-02
3.016336634755134929e-02,3.258077660575509505e-03,3.650243471687038450e-03,4.175096800462767987e+01,6.536173075437545776e-02
3.023746609687805176e-02,-3.091842751018703418e-03,-3.809563970814148874e-03,-1.409372101180627510e+02,6.775188446044921875e-02
3.043204235533873356e-02,4.624951475610336246e-03,1.678412173835870831e-03,7.005397625880424073e+01,6.779140233993530273e-02
3.064992465078830719e-02,1.744474517181515911e-03,-4.709708349158366232e-03,1.596753858841826741e+02,6.439066678285598755e-02
3.065384241441885746e-02,-4.971461836248636246e-03,-6.317307318871219230e-04,-9.724184431554857611e+01,5.006707087159156799e-02
3.077777785559495521e-02,-4.607944865711032260e-04,-4.994259991993507328e-03,-1.747285398446326781e+02,7.006724178791046143e-02
3.089411867161592079e-02,3.502157982438802719e-03,-3.642138171320159941e-03,1.361224685796164238e+02,6.019700318574905396e-02
3.101315908133983612e-02,-4.608737460027138681e-03,-2.047955757007002831e-03,-1.139586269644726997e+02,5.137509107589721680e-02
3.116284434994062019e-02,1.521067228168249781e-03,4.839780119558175983e-03,1.744711813519812083e+01,6.389085203409194946e-02
3.116545453667641033e-02,-1.476124549905458508e-03,4.864403201888005228e-03,-1.688065141170662642e+01,5.886901542544364929e-02
3.124129710098107887e-02,-2.840990511079628973e-03,4.215615879123410167e-03,-3.397684297272780896e+01,5.949459597468376160e-02
3.126464101175467636e-02,-2.699704569143553719e-03,-4.328404553234577179e-03,-1.480474604663285163e+02,6.496102362871170044e-02
3.128807991743087769e-02,4.872539856781562748e-03,-1.451040370739065328e-03,1.065835098818248525e+02,6.293224543333053589e-02
3.134554189940293861e-02,2.972075405220190973e-03,4.103793064132332802e-03,3.591304934097627921e+01,6.066578999161720276e-02
3.134657628834247589e-02,6.210573677284022534e-04,-5.119415465742349625e-03,1.730830136305259828e+02,6.996284425258636475e-02
3.137742852171261643e-02,2.546367041456202955e-03,-4.487812674293915720e-03,1.504295961105987658e+02,6.181824579834938049e-02
3.146218198041121628e-02,-4.802735988050699234e-03,1.747374228822688551e-03,-7.000715009805009004e+01,7.023449987173080444e-02
3.158994143207868172e-02,-1.573144632857292891e-03,-4.952217297007640781e-03,-1.623767845354565225e+02,6.644633412361145020e-02
3.167436333994071151e-02,-5.151535694797834339e-03,2.100440518309673577e-04,-8.766516703694436785e+01,5.803190171718597412e-02
3.179086185991764069e-02,4.254665846625964136e-03,-2.899954793974757195e-03,1.242781083700100879e+02,5.994260311126708984e-02
3.190443354348342087e-02,4.989266706009706440e-03,1.305110883549787104e-03,7.534082247245856934e+01,6.746555119752883911e-02
3.229882257680098678e-02,5.248538063218196811e-03,-3.147267513365173972e-04,9.343161225427741101e+01,6.757984310388565063e-02
3.233975234131018089e-02,-4.487376349667708368e-03,-2.776091181052227526e-03,-1.217427835217834513e+02,5.960042029619216919e-02
3.250481498738130165e-02,-3.602178379272421346e-03,-3.916294081136584282e-03,-1.373923800333989220e+02,6.686892360448837280e-02
3.250640568633874489e-02,-7.699994215120862465e-04,5.245678282032410593e-03,-8.350662721919121623e+00,6.030231714248657227e-02
3.250643673042456772e-02,8.507453215618936224e-04,5.205210763961076736e-03,9.282411688013668893e+00,6.386971473693847656e-02
3.263829524318377640e-02,2.151288945848743410e-03,-4.913207453986009540e-03,1.563533908086262727e+02,5.517236143350601196e-02
3.264228254556655884e-02,-3.578820188219348879e-03,3.937702393159270287e-03,-4.226644446480028705e+01,6.855791807174682617e-02
3.264686341087023186e-02,8.998684934340416301e-04,-5.274455218265454264e-03,1.703180560022561849e+02,6.114820390939712524e-02
3.276677057147026062e-02,-4.591761001696189823e-03,2.712018399809797749e-03,-5.943275078540906264e+01,7.191549241542816162e-02
3.285006806254386902e-02,3.822234459221363068e-03,3.741521077851454706e-03,4.561138419364958452e+01,6.937078386545181274e-02
3.313665464520454407e-02,4.806098683426777811e-03,2.431116571339468450e-03,6.316789240259794269e+01,7.043552398681640625e-02
3.314238910873731209e-02,-1.479269141176094756e-03,-5.252405380209287586e-03,-1.642708419645045126e+02,7.284976541996002197e-02
3.322367742657661438e-02,-5.382669158279895782e-03,-4.730065508435170579e-04,-9.502201408586648768e+01,5.476894974708557129e-02
3.330363209048907425e-02,4.270878930886587085e-03,-3.310775151476264000e-03,1.277827573505684455e+02,6.620296835899353027e-02
3.352974976102510857e-02,-5.081234189371268244e-03,-2.042916758606831522e-03,-1.119026569340136064e+02,5.502945184707641602e-02
3.363051265478134155e-02,-8.810786918426541663e-05,-5.449487827718257904e-03,-1.790737167611288214e+02,6.765602529048919678e-02
3.366775562365849350e-02,3.123292971091965690e-03,-4.478353308513760567e-03,1.451073119043237512e+02,5.981148034334182739e-02
3.369232142964999344e-02,-2.795128927876552524e-03,-4.629612512265643062e-03,-1.488785167317333276e+02,6.794849038124084473e-02
3.393628820776939392e-02,5.482082410405079813e-03,-7.371944763387241507e-04,9.765881600032473386e+01,6.890960782766342163e-02
3.398463626702626084e-02,1.690397039055824713e-03,5.263957660645246506e-03,1.780320810612539972e+01,6.585577130317687988e-02
3.407091026504834724e-02,-1.617565518245100758e-03,5.316597409546375275e-03,-1.692229189234192788e+01,5.852298438549041748e-02
3.413094455997149612e-02,-3.061520323778192491e-03,4.657408843437830029e-03,-3.331868378339200376e+01,6.615300476551055908e-02
3.414557004968325760e-02,3.210877999663352966e-03,4.536255029961466789e-03,3.529184195950769265e+01,7.458189874887466431e-02
3.417618324359258247e-02,-5.133861675858497620e-03,2.143902742924789443e-03,-6.733456473027251832e+01,6.996117532253265381e-02
3.442090873916944099e-02,-5.575970125695070209e-03,4.962079692631958831e-04,-8.491462002345555504e+01,6.501723825931549072e-02
3.443831577897071838e-02,5.122297288229068699e-03,-2.284328453242778778e-03,1.140348549014004078e+02,7.052236795425415039e-02
3.467426573236782883e-02,5.293512406448523493e-03,1.983679947443306446e-03,6.945711956810809795e+01,7.382800430059432983e-02
3.495506942272186279e-02,-4.970840333650509806e-03,-2.798411490706106172e-03,-1.193780090386260042e+02,7.003834843635559082e-02
3.507951026161511970e-02,5.710224776218335123e-03,4.352065346514185631e-04,8.564161050440014833e+01,7.218779623508453369e-02
3.522142643729846145e-02,-3.031437828515966878e-03,-4.789137048646807671e-03,-1.476669234903254164e+02,7.240687310695648193e-02
3.530006234844525886e-02,1.122859612223692238e-04,-5.735138896852731705e-03,1.788783724427383959e+02,6.458830833435058594e-02
3.540511677662531997e-02,3.075248290163775430e-03,-4.857635358348488808e-03,1.476631151698867654e+02,5.991565808653831482e-02
3.544685617089271545e-02,8.396517174939323921e-04,5.720189617325862827e-03,8.350662876405017698e+00,6.645379215478897095e-02
3.553316121300061775e-02,-8.475660967330127769e-04,5.732361848155657739e-03,-8.410608559546062679e+00,6.268841028213500977e-02
3.567210957407951355e-02,-5.040439156194528522e-03,2.944285399280488491e-03,-5.970940189609149940e+01,6.946513801813125610e-02
3.569556896885236336e-02,-4.149553676446279468e-03,-4.133528408904870929e-03,-1.348891500723243837e+02,7.352867722511291504e-02
3.572468707958856987e-02,-5.837700950602690668e-03,-1.384738910322402469e-05,-9.013590889145325491e+01,6.535617262125015259e-02
3.574471051494280266e-02,3.909288284679254474e-03,4.321064567193388939e-03,4.213579873939263365e+01,7.733364403247833252e-02
3.575135891636212898e-02,-3.981038617591063471e-03,4.232107506444057407e-03,-4.324906203592624365e+01,6.901454180479049683e-02
3.598681961496671272e-02,5.008058467259010257e-03,3.078893991187215285e-03,5.841730056924637893e+01,7.551500201225280762e-02
3.609784692525863647e-02,5.221554699043433161e-03,-2.718554654469092398e-03,1.175033265592638969e+02,7.610113173723220825e-02
3.616664931178092957e-02,1.635172217599271775e-03,-5.663667495052020044e-03,1.638959043191566991e+02,5.912238731980323792e-02
3.634104381004969742e-02,-1.515184211408874930e-03,-5.697580985724925995e-03,-1.651077468656032750e+02,7.424042373895645142e-02
3.636634473999341560e-02,-5.472108256071805954e-03,-2.378690328138570280e-03,-1.134942755339710772e+02,6.681877374649047852e-02
3.657763451337814331e-02,-5.913507503767808857e-03,-1.262145563183973522e-03,-1.020481102913435478e+02,6.127987802028656006e-02
3.668261691927909851e-02,5.998006400962671222e-03,6.735956412740039549e-05,8.935657679595610148e+01,6.848300993442535400e-02
3.670052438974380493e-02,4.322091660772761287e-03,-4.124283402537305861e-03,1.336584177322767744e+02,7.188590615987777710e-02
3.707802544037501480e-02,1.697097361708681295e-03,5.814059637486934662e-03,1.627228284432864314e+01,7.332225143909454346e-02
3.714507569869359566e-02,-1.763170740256706295e-03,5.796423026671012821e-03,-1.691884585928141149e+01,6.741806864738464355e-02
3.715683644016583298e-02,-6.097520080705484333e-03,7.459215315369269704e-04,-8.302554884398118418e+01,6.329537928104400635e-02
3.719892601172129776e-02,5.869121445963780374e-03,-1.539267648089056358e-03,1.046957295893854933e+02,7.078358530998229980e-02
3.721494600176811218e-02,3.246252968286474690e-03,5.142637218038241358e-03,3.226187631292301461e+01,7.547597587108612061e-02
3.730323910713195801e-02,-3.452688455581665039e-03,4.955357251067956867e-03,-3.486719223646952059e+01,6.611417979001998901e-02
3.734898443023364212e-02,-5.742366736133893909e-03,2.056359546259046035e-03,-7.029739475052956266e+01,6.246040016412734985e-02
3.745851417382558418e-02,5.483170660833517132e-03,2.736356186990937175e-03,6.347867857619186793e+01,7.586447149515151978e-02
3.764844313263893127e-02,-4.283643793314695358e-03,-4.477352136746048927e-03,-1.362666211201323563e+02,7.396524399518966675e-02
3.774906694889068604e-02,6.056406224767366467e-03,1.273295172723010399e-03,7.812708460065785232e+01,7.047268748283386230e-02
3.800445422530174255e-02,-5.201640383650859775e-03,-3.456708354254563794e-03,-1.236057060346529681e+02,6.841035187244415283e-02
3.800978387395541336e-02,-6.173326633870601654e-03,-5.023766425438223101e-04,-9.465239792989144973e+01,5.921908468008041382e-02
3.809971983234088089e-02,-1.634855553371987067e-03,-5.968826667716106357e-03,-1.646824135959766124e+02,7.183387130498886108e-02
3.820474321643511223e-02,1.595892989522933007e-03,-6.026879263420900287e-03,1.651686996038464486e+02,6.935740262269973755e-02
3.847230225801467896e-02,4.350400452191631288e-03,-4.518274528284868183e-03,1.360844153769670584e+02,7.219620794057846069e-02
3.865329300363858772e-02,-9.156046435236920005e-04,6.237624368319908200e-03,-8.350663130300574721e+00,6.394620239734649658e-02
3.867254778742790222e-02,8.574456442147504204e-04,6.267433209965626688e-03,7.790255397467217513e+00,6.608500331640243530e-02
3.888766343394915725e-02,6.051684884975355033e-03,-1.924223159827912703e-03,1.076388357116247789e+02,6.972517073154449463e-02
3.890980035066604614e-02,-4.374890277783076258e-03,4.555301585545143070e-03,-4.384264518209215566e+01,6.601629406213760376e-02
3.893297662337621284e-02,-3.285199287347495556e-03,-5.404206458479166031e-03,-1.487047199917084015e+02,7.043688744306564331e-02
3.899918620785077644e-02,4.018603436027964534e-03,4.955873358994723234e-03,3.903779895115230403e+01,7.301213592290878296e-02
3.900064527988433838e-02,5.156750945995250759e-03,3.791762903953592272e-03,5.367292692239428220e+01,7.521926611661911011e-02
3.903479501605033875e-02,-5.605168019731840076e-03,2.944125987899800286e-03,-6.228920736721354956e+01,6.191191449761390686e-02
3.909683227539062500e-02,-4.666460881708179003e-05,-6.369596347212791443e-03,-1.795802501195942114e+02,7.241677492856979370e-02
3.921498854955036972e-02,3.064277853506307096e-03,-5.614838252464930506e-03,1.513766535205671460e+02,7.046097517013549805e-02
3.940483306845029426e-02,6.357733315477768002e-03,1.202531149222825892e-03,7.928934153557764830e+01,7.311606407165527344e-02
3.953134268522262573e-02,-6.350698259969552936e-03,-9.998413734138009764e-04,-9.894709351127158925e+01,5.851782113313674927e-02
3.955836221575737000e-02,5.432426929473876953e-03,-3.497501291955511064e-03,1.227742163339553656e+02,7.535301148891448975e-02
3.973730280995368958e-02,-5.820411257445812225e-03,-2.837628320169945269e-03,-1.159906479895742706e+02,6.217018887400627136e-02
4.002712046106656624e-02,6.481896930684646549e-03,-3.883599711116401715e-04,9.342875226914030407e+01,7.006797194480895996e-02
4.028118153413137031e-02,5.847344330201545773e-03,2.882561297155916691e-03,6.375811735654853862e+01,7.751446217298507690e-02
4.041101783514022827e-02,-1.914032734930514856e-03,6.307480235894521656e-03,-1.688065233518897301e+01,6.767287850379943848e-02
4.043027261892954971e-02,1.855873735621572408e-03,6.337289077540239277e-03,1.632265788610294166e+01,7.164084911346435547e-02
4.050936177372932434e-02,-3.683800653864940152e-03,5.466223228722810745e-03,-3.397684332788814032e+01,7.104685157537460327e-02
4.061999047795931961e-02,3.467875920856992693e-03,5.697151646018028259e-03,3.132901929498349602e+01,7.641425728797912598e-02
4.079577575127284195e-02,-6.227518742283185034e-03,2.265751284236709566e-03,-7.000715098958987426e+01,6.667806208133697510e-02
4.092236732443173958e-02,-3.453362228659292640e-03,-5.689987912774085999e-03,-1.487456374084236757e+02,7.176711410284042358e-02
4.103534296154975891e-02,-1.628278890469420678e-04,-6.691586536665757208e-03,-1.786060839068637449e+02,7.074610888957977295e-02
4.107090209921201301e-02,-6.679793509344260187e-03,2.723556244745851647e-04,-8.766516898668216129e+01,6.574699282646179199e-02
4.111132025718688965e-02,2.980842449081441345e-03,-6.010189962883790912e-03,1.536202087796719695e+02,7.435782998800277710e-02
4.135220249493917061e-02,5.453970593710740986e-03,-3.982177081828316631e-03,1.261347793606300485e+02,7.311314344406127930e-02
4.148021961251895096e-02,-5.820280561844507275e-03,-3.462612590131660881e-03,-1.207493422217327890e+02,6.229047104716300964e-02
4.183010632793109085e-02,6.754052049169938926e-03,-6.862937007099392198e-04,9.580203289354130902e+01,7.522040605545043945e-02
4.200560972094535828e-02,-4.831177415326237679e-03,-4.911706782877445221e-03,-1.354735648834024175e+02,6.657885015010833740e-02
4.202762121955554153e-02,-1.919181774913643725e-03,-6.576598311463992090e-03,-1.637317082314224308e+02,7.149343937635421753e-02
4.203958561023076607e-02,1.396294304868206599e-03,-6.744221163292725592e-03,1.683029876874390425e+02,7.158359885215759277e-02
4.214938357472419739e-02,6.137386740495761814e-03,2.995881989287833662e-03,6.398131153633329404e+01,7.481154799461364746e-02
4.214977721373240616e-02,-9.984280914068209035e-04,6.801864753166835670e-03,-8.350663712430382191e+00,6.352166086435317993e-02
4.214977721373240616e-02,9.984280914068235056e-04,6.801864753166835670e-03,8.350663712430405283e+00,6.535083800554275513e-02
4.216247424483299255e-02,4.288508712003628702e-03,-5.398302028576533289e-03,1.415357360430357971e+02,7.385319471359252930e-02
4.227947195370992256e-02,4.302652863164743366e-03,5.465997227778037967e-03,3.820865526426521797e+01,7.543122023344039917e-02
4.232596481839816238e-02,-4.640515583256880731e-03,5.105863635738691272e-03,-4.226644674303692994e+01,7.241157442331314087e-02
4.248448957999547554e-02,6.345383667697509708e-03,-2.706832679299017372e-03,1.131022703342513864e+02,7.263773679733276367e-02
4.248738413055738045e-02,-5.953955929726362228e-03,3.516567288897932009e-03,-5.943275310991065652e+01,7.214715331792831421e-02
4.300089180469512939e-02,5.589860336234172764e-03,4.268940615778168621e-03,5.263125885351071531e+01,7.185962051153182983e-02
4.306232432524363662e-02,-6.975373408446709604e-03,-6.183202688892682755e-04,-9.506564789194916898e+01,7.212217152118682861e-02
4.307602097590764595e-02,6.919930844257276420e-03,1.017918111756443977e-03,8.163183470476643322e+01,7.556559890508651733e-02
4.326568171381950378e-02,-6.646147463470697403e-03,-2.515501536739369378e-03,-1.107311620660425149e+02,6.501328945159912109e-02
4.400036359826724197e-02,1.248662796569988348e-03,-7.105675991624593735e-03,1.700333144869655086e+02,7.396604865789413452e-02
4.400240754087766243e-02,3.724190716942151532e-03,6.206739383439224128e-03,3.096475489766609002e+01,7.469895482063293457e-02
4.404805352290471626e-02,-2.020398183958604932e-03,-6.897903357942899646e-03,-1.636746747062449572e+02,6.550611555576324463e-02
4.406243065992991592e-02,2.031968130419651956e-03,6.902469477305810813e-03,1.640352067745847719e+01,6.939198076725006104e-02
4.412754376729329658e-02,4.104277429481347113e-03,-5.941168870776891708e-03,1.453625133629504376e+02,6.732424348592758179e-02
4.417728384335836006e-02,-2.097374759614467187e-03,6.893642867604891748e-03,-1.692226072296681849e+01,7.262485474348068237e-02
4.422637571891149116e-02,-5.047578907882174434e-03,-5.220738860468070001e-03,-1.359661167854024200e+02,6.508042663335800171e-02
4.425512750943502022e-02,-3.969694332530101719e-03,6.038898757348458261e-03,-3.331907953203619854e+01,7.814078778028488159e-02
4.431491345167160034e-02,-6.656876609971125631e-03,2.779913949780166149e-03,-6.733456806287523477e+01,7.576359808444976807e-02
4.447148243586222793e-02,6.458257169773181858e-03,-3.239810195130607071e-03,1.166408123227997606e+02,7.587666064500808716e-02
4.461472729841868545e-02,-7.226019321630398722e-03,6.384220517550902654e-04,-8.495100207730602904e+01,7.666968554258346558e-02
4.492005705833435059e-02,-6.256101652979850769e-03,-3.730747460698087721e-03,-1.208092050348157755e+02,6.457425653934478760e-02
4.501655325293540955e-02,-4.116758063901215792e-04,-7.374346411476532907e-03,-1.768047569812826794e+02,6.714123487472534180e-02
4.503716776768366958e-02,2.648979658260941505e-03,-6.914511633416016607e-03,1.590379450975792963e+02,7.021133601665496826e-02
4.515447964270909859e-02,7.315177780886491718e-03,5.903735679263868476e-04,8.538592765302858822e+01,7.367885857820510864e-02
4.516356562574704719e-02,-3.770980130260189519e-03,-6.320325036843618335e-03,-1.491778645322285968e+02,6.428135931491851807e-02
4.530426487326622009e-02,5.382612813264131546e-03,-5.058021439860264749e-03,1.332192913795122422e+02,6.982312351465225220e-02
4.555835823218028213e-02,6.265556439757347107e-03,4.097662788505354939e-03,5.681538513760429510e+01,7.470083981752395630e-02
4.589555785059928894e-02,7.262172487874825506e-03,-1.646815760371586048e-03,1.027766703707151521e+02,7.657259702682495117e-02
4.595847427845001221e-02,1.033540039012830619e-03,7.441575018068155231e-03,7.907071704752843821e+00,6.500534713268280029e-02
4.607332746187846328e-02,-1.098946668207644115e-03,7.432748408367237034e-03,-8.410364311200179799e+00,7.006739079952239990e-02
4.610597093900044990e-02,5.013460914293924389e-03,5.511152402808269443e-03,4.229259460802720128e+01,7.314465194940567017e-02
4.625453551610311104e-02,-6.535728151599565564e-03,3.817729807148377390e-03,-5.970942026186732932e+01,7.155675441026687622e-02
4.630287985006968643e-02,-7.565040451784929218e-03,-2.198161867757663594e-05,-9.016648297396588418e+01,7.019446790218353271e-02
4.635616888602574898e-02,-5.161986220628024015e-03,5.487418267875909805e-03,-4.324965968394408122e+01,7.366953045129776001e-02
4.678530866901080276e-02,7.208329780648152323e-03,2.397059618184963718e-03,7.160595840836968762e+01,7.576602697372436523e-02
4.690540706117948128e-02,-6.821653184791406574e-03,-3.366774568955103845e-03,-1.162682892203442009e+02,6.863089650869369507e-02
4.704352716604869034e-02,1.954787488405901373e-04,-7.662428077310323715e-03,1.785386253094918345e+02,6.545788794755935669e-02
4.704707736770312454e-02,2.220424396606782928e-03,-7.396848561863103924e-03,1.632910217216280842e+02,6.576442718505859375e-02
4.734383150935173035e-02,-3.891314224650462613e-03,-6.670792897542318287e-03,-1.497434451285155035e+02,6.098177656531333923e-02
4.737075418233871460e-02,-7.640545877317588691e-03,-1.682404273500045285e-03,-1.024180340222357160e+02,6.722714006900787354e-02
4.748139282067617012e-02,5.338026210665702820e-03,-5.614550163348516407e-03,1.364462615697493959e+02,6.866602599620819092e-02
4.804862911502520706e-02,2.345267062385877985e-03,7.462245412170886993e-03,1.744711807540551263e+01,6.879048049449920654e-02
4.816343386967977119e-02,-2.286175188298026142e-03,7.515814000119766178e-03,-1.691881596920104514e+01,7.696457952260971069e-02
4.817139729857445457e-02,7.500018148372570963e-03,-2.232332403461138697e-03,1.065753000415444518e+02,7.456155121326446533e-02
4.817740495006243157e-02,-7.906059579302867832e-03,9.681719432895383691e-04,-8.301834986398790761e+01,6.367290765047073364e-02
4.825529331962267326e-02,-1.533577723118165984e-03,-7.536452884475391273e-03,-1.684980358352064229e+02,6.052318587899208069e-02
4.825614889462789131e-02,4.632965351144473047e-03,6.227552890777587891e-03,3.664726940074952921e+01,7.162281125783920288e-02
4.831458131472269463e-02,3.631135565228760676e-03,-6.980034522712230682e-03,1.525157633853746120e+02,6.172023713588714600e-02
4.836843162775039673e-02,-4.476895167802771511e-03,6.425227969884873304e-03,-3.486756110702942379e+01,7.505077868700027466e-02
4.839199160536130501e-02,-5.733464534084002466e-03,-5.207233829423785210e-03,-1.322462836701056972e+02,6.583748757839202881e-02
4.842887446284294128e-02,-7.445889990776777267e-03,2.666391471090416403e-03,-7.029742951967618581e+01,6.594128161668777466e-02
4.892444983124732971e-02,6.651516227672497721e-03,-4.381855561708411159e-03,1.233759108292245941e+02,7.270851731300354004e-02
4.916718105475107597e-02,7.751398409406344385e-03,1.912640097240606799e-03,7.613926943962296434e+01,7.585835456848144531e-02
4.924527928233146667e-02,-7.981565004835527305e-03,-6.922507115329302801e-04,-9.495692738550428658e+01,6.070557981729507446e-02
4.981219147642453743e-02,8.096092070142429237e-03,-4.795625961075225020e-04,9.338988791311319915e+01,7.176014035940170288e-02
5.012020717064540054e-02,-1.187228520090379859e-03,8.088082385559877338e-03,-8.350662861549995597e+00,7.372265309095382690e-02
5.012025559941928055e-02,1.311727023373048667e-03,8.025687187910079956e-03,9.282411412839920217e+00,7.061060518026351929e-02
5.045272161563237739e-02,-5.672736947114268360e-03,5.906671440849701853e-03,-4.384263205448637279e+01,7.159076631069183350e-02
5.046906943122546341e-02,-6.253843661397695541e-03,-5.130003284042080822e-03,-1.293618938843261787e+02,7.304532825946807861e-02
5.057591075698534416e-02,5.943788525958856525e-03,5.668981621662775965e-03,4.635560572506927457e+01,7.488798350095748901e-02
5.058376987775166367e-02,-8.999340886172528791e-04,-8.022824612756570758e-03,-1.735997875574721832e+02,6.949852406978607178e-02
5.061479782064755989e-02,-7.267989839116731701e-03,3.817523402782778234e-03,-6.228922684877527871e+01,6.459404528141021729e-02
5.069508031010627747e-02,3.607758980554839554e-03,-7.443568203598260880e-03,1.541413953314271339e+02,6.190167367458343506e-02
5.101778482397397591e-02,7.460765695820252390e-03,3.648526268079877333e-03,6.394005388353451735e+01,7.698941230773925781e-02
5.112031474709511497e-02,6.746537517756223679e-03,-4.891293821856379509e-03,1.259424131455737097e+02,7.027275115251541138e-02
5.132990578810374405e-02,-8.233340301861366214e-03,-1.328528587085505037e-03,-9.916621627151228324e+01,6.461096554994583130e-02
5.167030543088913658e-02,-5.192660416165987940e-03,-6.663472236444553318e-03,-1.420716952364702195e+02,6.738536804914474487e-02
5.183428029219309952e-02,1.748864893064213223e-03,-8.288456127047538757e-03,1.680853518687593180e+02,6.572216749191284180e-02
5.183944602807362412e-02,-2.912684494125036046e-03,-7.879067988445362034e-03,-1.597119706332620410e+02,6.631636619567871094e-02
5.196776241064071655e-02,-7.803234892586868171e-03,-3.497594734653830528e-03,-1.141430528348917619e+02,7.411912828683853149e-02
5.205775673190753128e-02,5.409670916075508089e-03,-6.587522104382514954e-03,1.406071716333123902e+02,6.641169637441635132e-02
5.216829106211662292e-02,8.423051486412685279e-03,-1.153353136032819531e-03,9.779691926200402463e+01,6.814227998256683350e-02
5.239937951167424751e-02,-2.481850873058039780e-03,8.178661577403545380e-03,-1.688065166719421484e+01,7.359644770622253418e-02
5.239942794044812752e-02,2.606349376340708155e-03,8.116266379753747998e-03,1.780320823910296113e+01,7.109180092811584473e-02
5.252689619859059883e-02,-4.776639320577183781e-03,7.087836662928263635e-03,-3.397684279498414384e+01,7.337836176156997681e-02
5.264756331841150688e-02,4.950712590167919216e-03,6.994253334899743976e-03,3.529184284009879491e+01,7.253684848546981812e-02
5.272336180011431839e-02,7.921998854726552963e-03,-3.415561203534404292e-03,1.133232373209229991e+02,6.850792467594146729e-02
5.289827783902486397e-02,-8.074978676935035821e-03,2.937910729087889628e-03,-7.000715016341233365e+01,6.330185383558273315e-02
5.336430047949155403e-02,-8.682855094472568397e-03,3.628829726949335229e-04,-8.760682748664478936e+01,6.216417253017425537e-02
5.345906813939411972e-02,8.157350899030765476e-03,3.072174654031793566e-03,6.936291058577420188e+01,7.748500257730484009e-02
5.396456395586331223e-02,8.774943028887113514e-03,6.624979432672264360e-04,8.568242667200017593e+01,7.273608446121215820e-02
5.405403797825178436e-02,-6.211044266819953918e-03,-6.339059676975011826e-03,-1.355844165416543774e+02,6.949971616268157959e-02
5.443687364459037781e-02,-7.626698352396489057e-03,-4.569063894450664520e-03,-1.209253215845448892e+02,7.564208656549453735e-02
5.452968428532282280e-02,6.044043616081276951e-03,-6.533526660253604831e-03,1.372286631037619600e+02,6.364965438842773438e-02
5.457158262530963089e-02,2.136403777209731295e-03,-8.662039103607337837e-03,1.661450984109947342e+02,6.437448412179946899e-02
5.461526910463969375e-02,-2.393192839614736393e-03,-8.587460188815992240e-03,-1.644276654818088161e+02,6.499598920345306396e-02
5.465395996967951919e-02,-1.294622352967657970e-03,8.819710463285446167e-03,-8.350663213822878461e+00,7.376451045274734497e-02
5.465395996967951919e-02,1.294622352967661006e-03,8.819710463285446167e-03,8.350663213822898001e+00,7.437191158533096313e-02
5.492005869746208191e-02,-6.021359159300724087e-03,6.625338302304347934e-03,-4.226575397746527329e+01,7.052685320377349854e-02
5.493795871734619141e-02,7.710473611950874329e-03,-4.501323681324720383e-03,1.202761011194192520e+02,6.655170023441314697e-02
5.511320754885673523e-02,6.027560991545517950e-03,6.662460820128520041e-03,4.213579895379207585e+01,7.645479589700698853e-02
5.512936413288116455e-02,-7.724445623656114521e-03,4.564560406530897112e-03,-5.942013942830636353e+01,6.744706630706787109e-02
5.548283830285072327e-02,7.717222130546967478e-03,4.760837492843469562e-03,5.832911695212760606e+01,7.930152863264083862e-02
5.580406387646993926e-02,-4.692450243358810454e-03,-7.708998552213113670e-03,-1.486712185089928937e+02,6.239932775497436523e-02
5.590431019663811424e-02,4.629670564706126271e-03,-7.763155736029148969e-03,1.491896496248622555e+02,5.779195204377174377e-02
5.591109022498130798e-02,-9.085129015147686005e-03,-6.715496225903433382e-04,-9.422747010014425939e+01,6.759981065988540649e-02
5.609689528743426468e-02,7.096450038564412754e-06,-9.104799789686998310e-03,1.799553426144679520e+02,6.683047115802764893e-02
5.634580676754316619e-02,-8.459077682346105576e-03,-3.434430342167616324e-03,-1.120974129734553202e+02,7.156956195831298828e-02
5.638148263096809387e-02,9.201909415423870087e-03,-3.446514407793644687e-05,9.021459655523571541e+01,7.099282741546630859e-02
5.679980665445328453e-02,8.638492630173763218e-03,-2.936078701168298721e-03,1.087720353984922923e+02,6.444279849529266357e-02
5.720818415284156799e-02,-2.683007158339022723e-03,8.941991254687309265e-03,-1.670165308102715684e+01,7.291821390390396118e-02
5.730338022112847068e-02,2.720050358523925724e-03,8.942260406911373138e-03,1.691867449578137794e+01,7.367930561304092407e-02
5.734676619370778633e-02,-5.114955517152946357e-03,7.838444008181493644e-03,-3.312634911442184915e+01,6.989864259958267212e-02
5.751449242234230042e-02,5.108625783274570523e-03,7.907023808608451901e-03,3.286597945183992664e+01,7.431714236736297607e-02
5.765270814299584129e-02,8.451369591057300568e-03,4.184053667510549517e-03,6.366118289773396555e+01,7.879810780286788940e-02
5.765632912516593933e-02,-8.628518941501777534e-03,3.730380519603689656e-03,-6.661965117498995426e+01,6.879359483718872070e-02
5.797203257679939270e-02,-9.381325915455818176e-03,1.069298246875405528e-03,-8.349740040736726598e+01,7.008402049541473389e-02
5.804585665464401245e-02,9.318464746077856006e-03,1.798427741353710637e-03,7.907643931843725227e+01,7.523833215236663818e-02
5.873803670207659172e-02,5.258613110830386191e-03,-7.943736389279365540e-03,1.464961448216767792e+02,6.134776026010513306e-02
5.905105794469515945e-02,1.846348459366708994e-04,-9.596443114181360187e-03,1.788977694909696652e+02,6.232729926705360413e-02
5.907788251837095550e-02,-4.979753789181510029e-03,-8.173019935687383594e-03,-1.486463922995192775e+02,6.846927851438522339e-02
5.933195600907008316e-02,8.829844339440265713e-03,-3.706736334909995541e-03,1.127724858758761997e+02,6.777564436197280884e-02
5.960245182116827301e-02,-8.799365566422542514e-03,-4.100799250106017084e-03,-1.149870967329676148e+02,7.044985890388488770e-02
5.966670811176300743e-02,-1.388384805371362151e-03,9.641028009355068207e-03,-8.194710314906492599e+00,7.332827150821685791e-02
5.976190418004989624e-02,1.425428005556267103e-03,9.641297161579132080e-03,8.410032831234298456e+00,7.348196208477020264e-02
5.989535525441169739e-02,-6.385163714488347082e-03,7.417907472699880600e-03,-4.072111073288644434e+01,6.745621562004089355e-02
5.991512661178907684e-02,8.176449686288833618e-03,5.517739414547881069e-03,5.598721744406406486e+01,7.538796216249465942e-02
5.999561275045077469e-02,-8.195640674481788693e-03,5.370621879895528736e-03,-5.676308385364509945e+01,6.943095475435256958e-02
6.014654164512953094e-02,6.523367017507553101e-03,7.339086228360732975e-03,4.163238281112730022e+01,7.375372946262359619e-02
6.017077838381132415e-02,-9.822783991694450378e-03,2.178426560324925364e-04,-8.872954356503362305e+01,7.451863586902618408e-02
6.033148740728696419e-02,7.498641653607288418e-03,-6.292895724376043262e-03,1.300035343143068474e+02,6.704039871692657471e-02
6.035947178800901008e-02,2.942884719232097268e-03,-9.334263081351917152e-03,1.625011005931550301e+02,6.342712044715881348e-02
6.056342273950577476e-02,9.826641219357650642e-03,1.408704246083895221e-03,8.184191016854289558e+01,7.000347226858139038e-02
6.084325040380160476e-02,-2.502957989539329915e-03,-9.543124896784624042e-03,-1.653035611827197044e+02,6.656277924776077271e-02
6.105739747484525970e-02,-7.388924558957418384e-03,-6.498588093866904287e-03,-1.313317546532900053e+02,6.974374502897262573e-02
6.136648108561834625e-02,-9.866874975462755146e-03,-2.189374121371657090e-03,-1.025107405007953076e+02,7.091472297906875610e-02
6.143119807044665481e-02,9.901437597970168952e-03,-1.194846273089448900e-03,9.688084062876077951e+01,6.909082084894180298e-02
6.185047701001167297e-02,9.280334226787090302e-03,3.848890618731577902e-03,6.747444477519331940e+01,7.075713574886322021e-02
6.237686673800150322e-02,-2.927817249049741860e-03,9.748735775550207081e-03,-1.671647821323216832e+01,7.139736413955688477e-02
6.246693183978398872e-02,-5.492647799352805109e-03,8.629162485400836829e-03,-3.247763134117428763e+01,6.854487955570220947e-02
6.247206280628839897e-02,2.964860449234645728e-03,9.749004927774270954e-03,1.691552816519552138e+01,7.489513605833053589e-02
6.264558807015419006e-02,5.674224036435285626e-03,8.482030592858791351e-03,3.378133529908401300e+01,7.452906668186187744e-02
6.265328327814738418e-02,-1.026767988999684536e-02,1.242608045383046360e-03,-8.309954764297201280e+01,7.388712465763092041e-02
6.279382109642028809e-02,-9.393343546738227787e-03,3.734304996517797456e-03,-6.831980394884398322e+01,7.008986920118331909e-02
6.346998860438665679e-02,7.884276720384757881e-03,-6.646833848208189011e-03,1.301325393895619129e+02,7.061064243316650391e-02
6.351690366864204407e-02,3.225086479991053252e-03,-9.796423527101676826e-03,1.617779070941945179e+02,6.926093995571136475e-02
6.384898597995440628e-02,-1.031177087376515186e-02,-1.164608732021103158e-03,-9.644366592551669726e+01,7.028321176767349243e-02
6.399163727958996628e-02,-2.447134824857736916e-03,-1.009605235109726704e-02,-1.663751117578528351e+02,7.082828134298324585e-02
6.419839709997177124e-02,1.030353736132383347e-02,-1.653523572410146684e-03,9.911715490226977465e+01,7.091870903968811035e-02
6.466148793697357178e-02,9.783650748431682587e-03,3.834033695360024915e-03,6.860069603894073964e+01,6.734576076269149780e-02
6.486075123151144317e-02,-7.620206102728844556e-03,-7.172017823904752731e-03,-1.332645312032682057e+02,7.220540195703506470e-02
6.498889997601509094e-02,1.539432443678380794e-03,1.048749778419733047e-02,8.350662833574221011e+00,7.360461354255676270e-02
6.498889997601509094e-02,-1.539432443678377324e-03,1.048749778419733047e-02,-8.350662833574201471e+00,7.026053220033645630e-02
6.503396977980932525e-02,5.926449938366809903e-03,-8.759834958861272697e-03,1.459197569200074440e+02,7.075182348489761353e-02
6.523765623569488525e-02,9.617579169571399689e-03,-4.519351758062839508e-03,1.151690817990831874e+02,7.317377626895904541e-02
6.524494166175523469e-02,-7.072261379410823764e-03,7.963212827841441993e-03,-4.160881101576556063e+01,7.190299034118652344e-02
6.535687670111656189e-02,5.226597713772204246e-04,-1.061153101424376285e-02,1.771802355227750354e+02,7.242661714553833008e-02
6.545894841353099014e-02,7.026767047743002863e-03,8.068770791093509559e-03,4.105129244849801751e+01,7.553224265575408936e-02
6.547157342235246369e-02,-9.162480166802804832e-03,5.115640931762755785e-03,-6.082428877679543433e+01,7.147324085235595703e-02
6.602962315082550049e-02,-5.155212168271344070e-03,-9.399377120037874164e-03,-1.512568538807258847e+02,7.519643753767013550e-02
6.614163269599278305e-02,1.073205750435590744e-02,9.351700233916441238e-04,8.501993954665628905e+01,6.841998547315597534e-02
6.640251477559408477e-02,9.069161800046762409e-03,5.984860705211758614e-03,5.657864827205368385e+01,7.064224779605865479e-02
6.647619853417079117e-02,-1.060609643658002275e-02,-2.063543807404736967e-03,-1.010100332252066266e+02,6.645055860280990601e-02
6.724604964256286621e-02,-9.579384233802556992e-03,-5.233506594474116383e-03,-1.186491110647319402e+02,6.995058059692382812e-02
6.792817513147988984e-02,3.128201855967442917e-03,1.064295570055643833e-02,1.637923755046601215e+01,7.601223140954971313e-02
6.793421010176341202e-02,-3.210380052526790734e-03,1.060673780739307404e-02,-1.683968087778755418e+01,7.133095711469650269e-02
6.800835331281027130e-02,6.256651288519302426e-03,-9.134312315533559684e-03,1.455903622078653257e+02,7.612652331590652466e-02
6.810018668572108413e-02,-6.178378437956173926e-03,9.202026141186555805e-03,-3.387800407949663395e+01,7.582590728998184204e-02
6.822469830513000488e-02,5.906172872831424656e-03,9.491203042368095283e-03,3.189312183285735358e+01,7.830593734979629517e-02
6.841069708267846772e-02,9.981857612729072571e-03,-4.979133605957031250e-03,1.165108620982823737e+02,6.651401519775390625e-02
6.860609352588653564e-02,-1.047425561894973177e-02,3.723001767260333481e-03,-7.043259505168848023e+01,7.349067181348800659e-02
6.870438406864802505e-02,8.139352236563957097e-04,-1.115136779844760895e-02,1.758253999329604937e+02,7.739967107772827148e-02
6.914368023475012115e-02,-1.123974968989690203e-02,3.053120259816450785e-04,-8.844402318378938332e+01,6.729584932327270508e-02
6.937368214130401611e-02,1.129935837040344990e-02,5.902633226166172824e-04,8.700966345410915892e+01,6.925025582313537598e-02
6.937801589568456939e-02,-4.997271035487454299e-03,-1.010590170820553982e-02,-1.536880479889344429e+02,7.906576991081237793e-02
6.961741298437118530e-02,8.578756513694923286e-03,-7.481093052774667740e-03,1.310900116383257910e+02,6.932558119297027588e-02
6.983879456917445328e-02,3.846563282422721386e-03,-1.071073766797780991e-02,1.602451880617610982e+02,7.960869371891021729e-02
7.013551890850067139e-02,9.541809558868408203e-03,6.389817766224344282e-03,5.619115644131348830e+01,7.149957865476608276e-02
7.060348739226660064e-02,1.123511667052904880e-02,-2.458212121079365702e-03,1.023416683679396186e+02,6.508921831846237183e-02
7.065298408269882202e-02,-9.593702387064695358e-03,-6.313414390509326964e-03,-1.233480763547947276e+02,7.292370498180389404e-02
7.068753739198049835e-02,-1.997918239794671535e-03,-1.134241372346878052e-02,-1.700100696468096828e+02,7.967066019773483276e-02
7.083271692196528579e-02,1.588769412289064943e-03,1.147103154410918611e-02,7.885456124302656633e+00,7.268154621124267578e-02
7.083875189224878022e-02,-1.670947608848410808e-03,1.143481365094582355e-02,-8.313681536399265326e+00,7.134436070919036865e-02
7.113885879516601562e-02,7.548751775175333023e-03,8.807776185373466377e-03,4.059840449472344659e+01,7.558181881904602051e-02
7.114541530609130859e-02,-7.772959768772126112e-03,8.610220936437446709e-03,-4.207444880106879737e+01,7.637168467044830322e-02
7.142469038565954498e-02,-9.978618162373702888e-03,5.978768458589911461e-03,-5.907173134252939661e+01,7.446619868278503418e-02
7.161607841650645401e-02,-7.476583123207093153e-03,-8.958450208107631568e-03,-1.401521502321926107e+02,7.904785871505737305e-02
7.162654151519140533e-02,1.082359937330087084e-02,3.894084055597583742e-03,7.021242638560967464e+01,6.903336942195892334e-02
7.248352468013763428e-02,-1.176329981535673141e-02,-8.157579383502401365e-04,-9.396698019432238880e+01,6.604135781526565552e-02
7.273744295040765473e-02,8.348787203431129456e-03,-8.413210511207580566e-03,1.352202103547367642e+02,6.838802248239517212e-02
7.297841707865397598e-02,3.813832726640006485e-03,-1.126906741410493851e-02,1.613024458030402570e+02,8.127615600824356079e-02
7.322297741969427398e-02,-1.114396471530199051e-02,-4.264521567771832437e-03,-1.109406208900235669e+02,6.816919893026351929e-02
7.390924294789633087e-02,-3.397459629923104373e-03,1.158243914445241350e-02,-1.634791714694645037e+01,7.309862971305847168e-02
7.400058458248774673e-02,-1.693800363379220023e-03,-1.195017620921134949e-02,-1.719327176333835041e+02,7.724200189113616943e-02
7.400402426719665527e-02,3.442510652045410041e-03,1.157862227410078049e-02,1.655806044526544696e+01,7.466161251068115234e-02
7.401364296674728394e-02,6.624521998067697467e-03,1.006711957355340380e-02,3.334633556083455375e+01,7.526817917823791504e-02
7.404992977778117325e-02,-6.531473404417435617e-03,1.016255809615055836e-02,-3.272884431375193515e+01,7.363101094961166382e-02
7.416506111621856689e-02,1.174984841297070301e-02,-2.864826781054338398e-03,1.037024048739623368e+02,6.469818949699401855e-02
7.426800578832626343e-02,5.993951422472795429e-03,-1.062475952009359938e-02,1.505705090953812828e+02,7.685642689466476440e-02
7.465856025616328384e-02,-1.113819299886623961e-02,4.928880914424856215e-03,-6.612961833167663883e+01,7.188814878463745117e-02
7.487671573956808380e-02,-7.204752570639054270e-03,-9.858076460659503937e-03,-1.438388836057532956e+02,7.825873792171478271e-02
7.509230077266693115e-02,1.026662004490693468e-02,-6.317865724364916773e-03,1.216072824334708145e+02,6.518542766571044922e-02
7.515705376863479614e-02,1.085322544289132104e-03,-1.231746003031730652e-02,1.749645286350203719e+02,7.663847506046295166e-02
7.517980784177780151e-02,-1.215738058090209961e-02,1.552044258763392911e-03,-8.272481777268389180e+01,6.965813040733337402e-02
7.526686290899912979e-02,1.151893039544423479e-02,3.651975498845179587e-03,7.240923997915342625e+01,7.282185554504394531e-02
7.595170040925344757e-02,-4.421322606503963470e-03,-1.161329044649998289e-02,-1.591575548698469333e+02,7.584799081087112427e-02
7.657557725906372070e-02,1.250942113498846632e-02,-5.845989411075946073e-05,9.026775665985852015e+01,7.264771312475204468e-02
7.664306213458380035e-02,-1.128470897674560547e-02,-5.396418506279588613e-03,-1.155574188058446339e+02,7.131081074476242065e-02
7.698831955591838028e-02,-1.726512021074690095e-03,1.246726357688506329e-02,-7.884381727388526606e+00,7.582956552505493164e-02
7.708913584550222686e-02,1.853741239756347917e-03,1.242722881337007118e-02,8.484122453502902061e+00,7.605535537004470825e-02
7.723958293596903946e-02,-8.129158833374580326e-03,9.646664063135784034e-03,-4.012054403352225052e+01,7.397434115409851074e-02
7.733370612064997818e-02,-9.462616095940273170e-03,-8.344937581568956375e-03,-1.314085819290044412e+02,7.527620345354080200e-02
7.740753640731176666e-02,8.466431094954412345e-03,9.383020612100761298e-03,4.206037902321591559e+01,7.725963741540908813e-02
7.756893833478292755e-02,-1.053022003422180927e-02,7.044439359257618875e-03,-5.621852176982232407e+01,7.413697242736816406e-02
7.771813621123632720e-02,5.218991544097661972e-03,-1.166124890247980696e-02,1.558890989764648793e+02,7.265845686197280884e-02
7.793930917978286743e-02,1.088984807332356829e-02,6.458624731749296188e-03,5.932838148504106357e+01,7.858144491910934448e-02
7.816919684410095215e-02,2.168618142604827881e-03,-1.258910975108543974e-02,1.702260705157569305e+02,7.241376489400863647e-02
7.856850077708563140e-02,1.024761299292246616e-02,-7.380161434412003431e-03,1.257608095821416185e+02,7.333071529865264893e-02
7.866551478703817657e-02,-1.283949272086223024e-02,2.966392203234133936e-04,-8.867649348510049379e+01,6.971026957035064697e-02
7.929205149412155151e-02,-3.747157830124099760e-03,-1.240976899862289429e-02,-1.631981904175058560e+02,7.476113736629486084e-02
7.938931634028753570e-02,-1.258615621676047527e-02,-3.203059915297975287e-03,-1.042781502892266161e+02,6.923510879278182983e-02
7.966377337773641876e-02,7.554820273071527481e-03,-1.051199560364087481e-02,1.442957401877233679e+02,7.233534753322601318e-02
7.999804615974426270e-02,1.299462622652451139e-02,-1.067287210995952361e-03,9.469533334656514967e+01,7.600291073322296143e-02
8.029594769080480865e-02,-3.600555006414650570e-03,1.262436403582493580e-02,-1.591851224073171167e+01,7.544554024934768677e-02
8.031332989533743194e-02,-9.272608906030654907e-03,-9.274859136591356162e-03,-1.350069512837617935e+02,7.437184453010559082e-02
8.035307874282202056e-02,6.366001131633962666e-05,-1.301830448210239410e-02,1.797198236602604879e+02,7.193043082952499390e-02
8.039676398038864136e-02,3.727784225096307091e-03,1.258432927230994022e-02,1.650056954270146292e+01,7.773577421903610229e-02
8.040652424097061157e-02,-6.869188044220209122e-03,1.122364557037750996e-02,-3.146780938756482016e+01,7.305794209241867065e-02
8.070554584264755249e-02,7.158462734272083225e-03,1.105162377158800877e-02,3.293232091820657104e+01,7.833348959684371948e-02
8.095584064722061157e-02,-1.174542990823587013e-02,6.115191460897525730e-03,-6.249651647325093506e+01,7.507207989692687988e-02
8.106373002131780914e-02,1.221604645252227783e-02,-4.935949807986617956e-03,1.120013977502483016e+02,7.619868218898773193e-02
8.119669059912364151e-02,-6.340580604349574032e-03,-1.158447656780481339e-02,-1.513066028569920718e+02,7.626752555370330811e-02
8.153116951386134292e-02,-1.303551501284043110e-02,2.744227977624783769e-03,-7.811172484750943568e+01,7.287539541721343994e-02
8.184560636679331924e-02,1.221646927297115326e-02,5.375125600645939798e-03,6.625098048373450865e+01,7.826925814151763916e-02
8.259562899669012359e-02,1.333075668662786657e-02,1.559649050856630297e-03,8.332694334694703286e+01,7.586486637592315674e-02
8.302124838034312393e-02,-1.253488535682360447e-02,-5.031433868377158461e-03,-1.118702540887855577e+02,7.062876969575881958e-02
8.325461794932684234e-02,-1.104343092689911640e-02,-8.154714014381170273e-03,-1.264429813495559358e+02,7.180011272430419922e-02
8.360913147528967193e-02,-1.874042985339957222e-03,1.354068455596764940e-02,-7.879730549418622942e+00,7.968831807374954224e-02
8.360913147528967193e-02,1.874042985339961559e-03,1.354068455596764767e-02,7.879730549418642482e+00,8.175276219844818115e-02
8.361628154913584854e-02,7.585409252593914957e-03,-1.129390889157851595e-02,1.461132221335814450e+02,7.689575850963592529e-02
8.365841954946517944e-02,8.561629607963066029e-04,-1.358493914206822771e-02,1.763938202722749793e+02,7.466326653957366943e-02
8.373118191957473755e-02,-8.566072521110376300e-03,1.071884358922640598e-02,-3.863045443038839011e+01,7.730472087860107422e-02
8.395114292701086334e-02,-1.104125318427880836e-02,8.212614183624584313e-03,-5.335769488057360377e+01,7.915622740983963013e-02
8.424273133277893066e-02,8.795639500021934509e-03,1.059276362260182930e-02,3.970434705379544482e+01,8.117462694644927979e-02
8.436599870522817901e-02,-6.346596327299873323e-03,-1.219482502589623249e-02,-1.525060175716371589e+02,7.508157938718795776e-02
8.472364147504171661e-02,1.233776938170194626e-02,-6.237471398587029342e-03,1.168192938451893497e+02,7.960671186447143555e-02
8.485101908445358276e-02,1.143022906035184860e-02,7.840661332011222839e-03,5.555149936334183991e+01,7.978859543800354004e-02
8.524219195048014786e-02,-1.385640508184830463e-02,1.476958883965077355e-03,-8.391579606249707979e+01,7.122424244880676270e-02
8.531870444615682891e-02,4.405492819690455704e-03,-1.320346196492513079e-02,1.615481075154114023e+02,7.620099186897277832e-02
8.567659060160319473e-02,-9.506318407754104499e-03,-1.021871156990528107e-02,-1.370684069152294740e+02,7.251288741827011108e-02
8.576670040686926177e-02,-2.960670603594432997e-03,-1.358675211668014526e-02,-1.677069260516545626e+02,7.630801945924758911e-02
8.600846926371256973e-02,-1.360911192993323124e-02,-2.799003826415477712e-03,-1.016220331376634931e+02,6.945277750492095947e-02
8.618092040220896866e-02,1.039992490162452120e-02,-9.463596312950055961e-03,1.323011837311564420e+02,8.129916340112686157e-02
8.637937158346176147e-02,1.406240370124578476e-02,4.549432002628843712e-04,8.814702823374351226e+01,7.805367559194564819e-02
8.703985810279846191e-02,3.739452765633663554e-03,1.375356409698724747e-02,1.521044352803311028e+01,7.868630439043045044e-02
8.707796037197113037e-02,-3.843088168650864254e-03,1.371770693610111815e-02,-1.565049675284388186e+01,7.766328006982803345e-02
8.708943426609039307e-02,-7.266484666615724564e-03,1.229658443480730057e-02,-3.058033593400728023e+01,7.766728103160858154e-02
8.736467609802882339e-02,7.230370771139860153e-03,1.233834866434335882e-02,3.037064300310598242e+01,7.751046121120452881e-02
8.744170020023982193e-02,1.384799617032209974e-02,-3.473514652190109672e-03,1.040810775865157041e+02,8.159975707530975342e-02
8.746205518643061783e-02,-1.229201598713795460e-02,7.431287628908952655e-03,-5.884443024037398118e+01,7.998804003000259399e-02
8.817777534325918487e-02,-1.381708278010288990e-02,4.066595812522185056e-03,-7.359997251066428703e+01,7.425273209810256958e-02
8.858535438776016235e-02,1.268585864454507828e-02,7.003037569423517170e-03,6.109976681519763275e+01,7.679402828216552734e-02
8.926171561082205108e-02,-9.825174075861774214e-03,-1.073355445017417330e-02,-1.375299488455658832e+02,7.267820835113525391e-02
8.936368425687155059e-02,1.420374587178230286e-02,3.432795987464488420e-03,7.641315481168906842e+01,7.746350020170211792e-02
8.944141616423925689e-02,4.412606261515369596e-03,-1.392311882227659399e-02,1.624152081624206971e+02,7.758888602256774902e-02
8.945742249488830566e-02,-3.007071344957997546e-03,-1.420484762638807297e-02,-1.680473304128015570e+02,7.575161755084991455e-02
9.015857179959615997e-02,-1.395419922967752052e-02,-4.389156272130398037e-03,-1.074604563581275301e+02,7.219024002552032471e-02
9.020912647247314453e-02,1.048059699436028856e-02,-1.035452929014961040e-02,1.346533229922478085e+02,7.836047559976577759e-02
9.043480704228083755e-02,1.865409780293705464e-03,1.471355961014827150e-02,7.225506351569455532e+00,7.827153056859970093e-02
9.045197317997615005e-02,-8.879025311519702854e-03,1.191344670951366425e-02,-3.669695709742825329e+01,8.065610378980636597e-02
9.047290931145350601e-02,-1.969045183310903346e-03,1.467770244926214218e-02,-7.640733079126614591e+00,7.931294292211532593e-02
9.060463309288024902e-02,-1.142937596887350256e-02,9.554379309217136268e-03,-5.010608520880964534e+01,8.112535625696182251e-02
9.100177387396495010e-02,8.830955407271783714e-03,1.202711183577775955e-02,3.628812697092166673e+01,7.899184525012969971e-02
9.145025660594305328e-02,1.426322261492411411e-02,-4.447688853057722540e-03,1.073190017124608886e+02,8.194043487310409546e-02
9.147185335556666519e-02,8.168756612576547537e-04,-1.492269150912761688e-02,1.768667272696563941e+02,7.549475878477096558e-02
9.161416441202163696e-02,1.165185372034708775e-02,9.443903031448524360e-03,5.097500893648305720e+01,7.966145128011703491e-02
9.164184580246607925e-02,-6.711852736771107587e-03,-1.332776341587305069e-02,-1.532702052948298501e+02,7.469049841165542603e-02
9.170331309239070083e-02,-1.239185531934102608e-02,-8.385224578281244220e-03,-1.240851213176135559e+02,7.366625219583511353e-02
9.176719933748245239e-02,7.673194787154595346e-03,-1.290449872612953186e-02,1.492636935542207652e+02,7.534495741128921509e-02
9.202908972899119522e-02,-1.475542069723208977e-02,2.990949205316913335e-03,-7.854130154771863204e+01,7.474918663501739502e-02
9.276040395100912384e-02,1.283366791903972799e-02,-8.102578576654195786e-03,1.222664012658585193e+02,7.700870931148529053e-02
9.322693198919296265e-02,1.507213711738586426e-02,2.394525567069650564e-03,8.097280618561259757e+01,8.109986782073974609e-02
9.324360887209574844e-02,-1.513983029872179205e-02,-1.188840168955114691e-03,-9.448988119233149519e+01,7.445815950632095337e-02
9.399422754844030670e-02,-7.463718143602212848e-03,1.354111637920141220e-02,-2.886308266268161304e+01,7.942292094230651855e-02
9.402663757403692535e-02,-3.977134513358275385e-03,1.488424961765607256e-02,-1.496016881558155376e+01,7.808376103639602661e-02
9.409328798453013565e-02,3.761300661911568498e-03,1.498205897708733934e-02,1.409304816200097576e+01,7.716251909732818604e-02
9.425117572148640488e-02,1.534602139145136053e-02,-1.557501420999566786e-03,9.579523064147512912e+01,8.203072845935821533e-02
9.433543682098388672e-02,7.235928283383449497e-03,1.371082663536071777e-02,2.782298075457728714e+01,7.905868440866470337e-02
9.435757994651794434e-02,-1.254589079568783558e-02,9.172052455445129510e-03,-5.383020127321052684e+01,7.985215634107589722e-02
9.506631642580032349e-02,-1.434686873108148575e-02,5.973314167931675911e-03,-6.739561223221360819e+01,7.921129465103149414e-02
9.540113310019174286e-02,1.297526806592941284e-02,8.717284227410953407e-03,5.610527556555653916e+01,7.846424728631973267e-02
9.568247695763906768e-02,6.816125436065096927e-04,-1.563192500422398365e-02,1.775032633919385319e+02,7.494430989027023315e-02
9.568991760412852432e-02,-6.727405202885469379e-03,-1.407655576864878452e-02,-1.544561381971262506e+02,7.406051456928253174e-02
9.583398948113124038e-02,7.654341248174508991e-03,-1.369790639728307724e-02,1.508036969833062813e+02,7.266388088464736938e-02
9.623557080825170806e-02,1.487766423573096478e-02,5.238148344991108360e-03,7.060378362442568800e+01,7.923319190740585327e-02
9.623867770036061142e-02,-1.269114948809146881e-02,-9.278514422476291656e-03,-1.261705819474233152e+02,7.762523740530014038e-02
9.689562519391377304e-02,1.304565432171026981e-02,-9.037730904916923408e-03,1.247133316093488986e+02,7.613356411457061768e-02
9.711879243453344634e-02,-8.990450606991847934e-03,1.322490566720565218e-02,-3.420833885224437410e+01,7.883021235466003418e-02
9.732948491970698501e-02,-1.152227260172367096e-02,1.121490914374589920e-02,-4.577448280606062525e+01,7.879018783569335938e-02
9.733475993076960708e-02,-1.571494185676177574e-02,-2.322535573815305739e-03,-9.840697507108430386e+01,7.885106652975082397e-02
9.759115427732467651e-02,-2.008089330047366401e-03,1.587945160766442848e-02,-7.207273618348448707e+00,8.056169003248214722e-02
9.769590695699056915e-02,1.895890881617866503e-03,1.594140380620956421e-02,6.782257733331784166e+00,8.068186789751052856e-02
9.771611789862315323e-02,-3.157886928723504724e-03,-1.566287347426017357e-02,-1.686010628079461355e+02,7.457119226455688477e-02
9.771882990996043350e-02,4.258489604884138288e-03,-1.542575998852650440e-02,1.645671131788214723e+02,7.435736805200576782e-02
9.784515202045440674e-02,-1.014002071072657961e-02,-1.237563664714495457e-02,-1.406704045962841576e+02,7.600720971822738647e-02
9.804021567106246948e-02,8.922231073180835609e-03,1.342972461134195328e-02,3.359864845499055264e+01,8.383693546056747437e-02
9.841113785902659561e-02,1.067372985805074490e-02,-1.208308928956588167e-02,1.385438760007764927e+02,7.480425387620925903e-02
9.841351956129074097e-02,1.590317115187644958e-02,-2.651445839243630424e-03,9.946553774570169537e+01,8.132480084896087646e-02
9.849352141221365264e-02,1.184067254265149492e-02,1.101939100772142584e-02,4.705755054333980780e+01,8.257289975881576538e-02
9.878508746623992920e-02,-1.482860495646794868e-02,-6.416141521185636520e-03,-1.133974977676018057e+02,8.054213225841522217e-02
9.909222523371379043e-02,-1.536584272980690002e-02,5.169192872320612850e-03,-7.140664729867521032e+01,7.932569086551666260e-02
9.974782168865203857e-02,1.503235877801974672e-02,-6.476785599564513149e-03,1.133090954417427980e+02,8.035936206579208374e-02
1.001461495955785208e-01,-1.634950625399748600e-02,1.053132504845659227e-03,-8.631445738147731106e+01,7.925648987293243408e-02
1.003254031141599112e-01,1.587589333454767979e-02,4.358129769874115496e-03,7.464972455410369889e+01,7.808460295200347900e-02
1.007260133822759085e-01,-7.668626805146535816e-03,1.474577809373537815e-02,-2.747694629114510789e+01,7.449357956647872925e-02
1.011659651994705200e-01,-4.172849158445992614e-03,1.605719079573949409e-02,-1.456746306073840991e+01,7.756422460079193115e-02
1.012352680166562352e-01,-1.257027126848697662e-02,1.105735388894875902e-02,-4.866374534156662435e+01,7.769837230443954468e-02
1.014791081349055019e-01,1.662751597662767006e-02,4.205625737085938454e-04,8.855111707757339445e+01,7.924535125494003296e-02
1.015117367108663016e-01,4.068609482298296727e-03,1.615922711789608002e-02,1.413232144318883066e+01,8.084028214216232300e-02
1.016138965884844508e-01,7.620322052389383316e-03,1.491878026475509066e-02,2.705736372894201835e+01,8.209919184446334839e-02
1.019056240717570033e-01,-3.357979177962988615e-03,-1.633497234433889389e-02,-1.683835394810028276e+02,7.642593979835510254e-02
1.021225973963737488e-01,-1.031322684139013290e-02,-1.315044270207484621e-02,-1.418947049621483245e+02,7.825434952974319458e-02
1.021570116281509399e-01,4.168995559060325803e-03,-1.621599309146404266e-02,1.655819817459022829e+02,7.688386738300323486e-02
1.022892718513806615e-01,-1.461286346117655378e-02,8.210375905036926270e-03,-6.067013221222040187e+01,7.887473702430725098e-02
1.024647429585456848e-01,1.308452958861986912e-02,1.064815620581309116e-02,5.086139318014853217e+01,8.466979116201400757e-02
1.026131709416707311e-01,1.065668261920412439e-02,-1.301101936648289305e-02,1.406807901765172062e+02,7.821696251630783081e-02
1.029688070217768397e-01,-1.519227617730697227e-02,-7.295203550408285026e-03,-1.156499277994657291e+02,8.235473930835723877e-02
1.033882945775985718e-01,-1.019511977210640907e-02,1.342898172636826891e-02,-3.720532653743109108e+01,7.231140136718750000e-02
1.034621869524320059e-01,1.521735421071450031e-02,7.466030850385626735e-03,6.386622663813621870e+01,7.941254973411560059e-02
1.039827739199002676e-01,1.528525073081254959e-02,-7.591863395646214485e-03,1.164126266731652066e+02,7.962618023157119751e-02
1.041568691531817165e-01,-7.100703582788507433e-03,-1.552346069365739822e-02,-1.554198111428853792e+02,7.816240936517715454e-02
1.043101648489634242e-01,3.920262485432133171e-04,-1.709425697724024570e-02,1.786862539250446105e+02,7.932556420564651489e-02
1.043983275691668239e-01,-1.709234714508056641e-02,4.948621305326606282e-05,-8.983411621553655380e+01,7.850886881351470947e-02
1.044742042819658961e-01,7.547799963504076871e-03,-1.541606957713762861e-02,1.539133532217827280e+02,7.860308885574340820e-02
1.046998426318168640e-01,-1.322802683959404743e-02,-1.093238250662883181e-02,-1.295722346004776568e+02,8.168499171733856201e-02
1.049926752845446176e-01,-2.164759828398622309e-03,1.708071616788705421e-02,-7.222990601126102028e+00,7.851470261812210083e-02
1.052336941162745343e-01,2.172718600680433043e-03,1.712080029149850441e-02,7.232471613026378421e+00,8.167058229446411133e-02
1.053326105078061514e-01,1.328149903565645218e-02,-1.108073877791563612e-02,1.298382019696534542e+02,7.881308346986770630e-02
1.055514737963676453e-01,9.282483253628015518e-03,1.476959635814031023e-02,3.214878295161844335e+01,8.097004890441894531e-02
1.057390098770459586e-01,1.732843679686387611e-02,-6.449633898834382763e-04,9.213156157767210175e+01,7.864144444465637207e-02
1.057706574598948207e-01,-1.682145396868387974e-02,-4.205243894830346975e-03,-1.040358600676590584e+02,7.991605252027511597e-02
1.059490144252777100e-01,1.182824932038784027e-02,1.290930590281883991e-02,4.249770769277096605e+01,8.480469137430191040e-02
1.064226999878883362e-01,-1.580261066555976868e-02,7.403737244506677570e-03,-6.489627312572929441e+01,7.830995321273803711e-02
1.069083735346794128e-01,1.685698392490545677e-02,-4.832049598917365074e-03,1.059949346831960355e+02,7.998771220445632935e-02
1.074778313438097682e-01,-1.729843082527319706e-02,3.358907919997970119e-03,-7.901138301433809374e+01,7.801328599452972412e-02
1.077468519409497671e-01,1.631494270016749931e-02,6.735630876695116939e-03,6.756669680907579334e+01,7.810565829277038574e-02
1.077558000882466727e-01,-1.121908628071347815e-02,1.347602717578411102e-02,-3.977811872605293075e+01,7.547097653150558472e-02
1.087306911746660915e-01,2.920304056412234995e-04,-1.783349178731441498e-02,1.790618430433070500e+02,7.819317281246185303e-02
1.088201155265172276e-01,-7.235331383223334370e-03,-1.631494549413522316e-02,-1.560837318993148415e+02,7.974260300397872925e-02
1.088699698448181152e-01,1.767440264423688137e-02,2.562203832591573686e-03,8.175146871919585578e+01,7.617380470037460327e-02
1.089563642938931876e-01,7.663208370407422095e-03,-1.619355504711469246e-02,1.546752786341733099e+02,8.174184709787368774e-02
1.089950924118359976e-01,-4.446662651995816375e-03,1.731961220502853394e-02,-1.439919946594764610e+01,7.511180639266967773e-02
1.094704642891883850e-01,-1.351843494921922684e-02,-1.181974355131387711e-02,-1.311645850952264425e+02,8.303809165954589844e-02
1.095908756057421551e-01,4.482533317059279356e-03,1.741227755943934238e-02,1.443648366854024800e+01,8.191183209419250488e-02
1.097362016638120108e-01,-1.478398498147726232e-02,1.029776067783435070e-02,-5.514092244677386390e+01,8.029317110776901245e-02
1.098064954082171307e-01,8.040585399915773507e-03,1.630152047922214104e-02,2.625442478656964695e+01,7.995238900184631348e-02
1.100424105922381129e-01,1.350651060541470903e-02,-1.203976012766361237e-02,1.317139450718565854e+02,7.713514566421508789e-02
1.102171018719673157e-01,1.302382381012042421e-02,1.274845345566670216e-02,4.561216781825046951e+01,8.205947279930114746e-02
1.103430887063344412e-01,-8.966406807303428650e-03,1.562531913320223606e-02,-2.984885539923734754e+01,7.492466270923614502e-02
1.106140787402788844e-01,-1.738112606108188629e-02,-5.219953367486596975e-03,-1.067162255689854931e+02,8.006370812654495239e-02
1.109893967707951956e-01,-3.592602821299805804e-03,-1.786569195489088810e-02,-1.686300580260283937e+02,7.687374204397201538e-02
1.110174953937530518e-01,1.537769256780544859e-02,9.756903784970443611e-03,5.760551629955190123e+01,8.061768114566802979e-02
1.110596979657808986e-01,4.184408123061682076e-03,-1.773271337151527405e-02,1.667227314540718908e+02,7.889022678136825562e-02
1.112835134069124904e-01,1.726380921900272369e-02,-5.972779200722774448e-03,1.090841416555089012e+02,7.780370116233825684e-02
1.115564654270807948e-01,-1.073826275145014185e-02,-1.482928854723771298e-02,-1.440907523543915545e+02,8.118763566017150879e-02
1.118051310380299979e-01,1.099710259586572647e-02,-1.474752618620793140e-02,1.432884248484233183e+02,7.967777550220489502e-02
1.120565781990687099e-01,-1.823197553555170811e-02,2.413219267812867670e-03,-8.246004932911657193e+01,7.732281088829040527e-02
1.125828499595324245e-01,-1.604235637933015823e-02,-9.197274067749582060e-03,-1.198261610881326931e+02,8.385548740625381470e-02
1.128191575407981873e-01,1.061515385905901533e-02,1.509210529426733768e-02,3.512094578473473661e+01,8.141159266233444214e-02
1.130677138765652928e-01,1.591708759466807163e-02,-9.691614347199600105e-03,1.213364465190396828e+02,7.576423138380050659e-02
1.131307457884152823e-01,1.850846099356810368e-02,1.533617090899498138e-03,8.526327384301558254e+01,7.861476391553878784e-02
1.131649389863014221e-01,-2.281902823597189729e-03,1.843264947334925449e-02,-7.057128032210762569e+00,8.004055172204971313e-02
1.135197033484776907e-01,2.309814716378850649e-03,1.848523070414861275e-02,7.122455454199097424e+00,8.368469774723052979e-02
1.138204957048098293e-01,-1.858556394775708401e-02,-1.910911911788086169e-03,-9.587035228324397451e+01,7.796604186296463013e-02
1.143749256928761893e-01,1.856932044029235840e-02,-2.814279733380923958e-03,9.861789930892975065e+01,7.889839261770248413e-02
1.144953072071075439e-01,-1.588464248925447464e-02,1.012383525570233721e-02,-5.748922047756274623e+01,8.381059020757675171e-02
1.154904117186864310e-01,4.188162129139527678e-03,-1.848929996291796482e-02,1.672368509291516716e+02,7.849860191345214844e-02
1.154970824718475481e-01,-3.804857056820765138e-03,-1.858876769741376472e-02,-1.684321503423626041e+02,7.639662921428680420e-02
1.156598776578903337e-01,-1.086506883924205982e-02,-1.557824946939945221e-02,-1.451061074663153363e+02,8.108915388584136963e-02
1.157605523864428249e-01,-1.783681288361549377e-02,6.284123170189559460e-03,-7.059202766287249631e+01,8.113689720630645752e-02
1.160813371340433664e-01,1.687026831010977196e-02,8.860206852356593971e-03,6.229169932784294161e+01,7.439457625150680542e-02
1.161030357082684927e-01,-1.050307803476850307e-02,1.590262229243914055e-02,-3.344324678126628925e+01,7.559344917535781860e-02
1.163402373592058864e-01,1.140117334822813612e-02,1.522032730281353170e-02,3.683597957475619467e+01,8.152492344379425049e-02
1.166297023495038443e-01,1.140999514609575272e-02,-1.544236484915018255e-02,1.435401886618065248e+02,7.875082641839981079e-02
1.170714696248372488e-01,1.864157679180303978e-02,4.810347202389191751e-03,7.553080753355445154e+01,7.432350516319274902e-02
1.173263664046923227e-01,-3.959821071475742513e-03,1.891438228388627255e-02,-1.182438131845125540e+01,7.927618175745010376e-02
1.173699721693992754e-01,-1.603787050892909252e-02,-1.064863319819172281e-02,-1.235828889812708269e+02,8.406215161085128784e-02
1.174312134583791190e-01,-7.574391706536213846e-03,-1.778698215881983555e-02,-1.569338008308936878e+02,7.916700839996337891e-02
1.176690906286239763e-01,8.353017619811041808e-05,-1.931315412123998237e-02,1.797521949710225044e+02,7.732442766427993774e-02
1.180422256390253610e-01,1.661399689813455177e-02,-1.014274917542934418e-02,1.214038242729666166e+02,7.557519525289535522e-02
1.182116493582725664e-01,8.079854926715293942e-03,-1.764498030145962917e-02,1.553963701760708886e+02,8.042326569557189941e-02
1.182748526334762712e-01,-1.385641501595576662e-02,1.357940491288900375e-02,-4.557847625969137084e+01,7.965718954801559448e-02
1.183168043692906790e-01,4.847149054209394167e-03,1.879802346229553223e-02,1.445899499650752773e+01,8.263459801673889160e-02
1.183609987298647470e-01,-1.364075516661008430e-02,-1.402006360391775883e-02,-1.357856387296578191e+02,8.314627408981323242e-02
1.186777551968892508e-01,-1.924387179315090179e-02,-3.055602738944192438e-03,-9.902228442314071799e+01,7.947272807359695435e-02
1.188020234306653433e-01,1.530241904159386837e-02,1.197997853159904480e-02,5.194327045579195357e+01,7.594969123601913452e-02
1.189164668321609497e-01,-7.661252127339443149e-03,1.807864817480246342e-02,-2.296594395245259079e+01,7.501622289419174194e-02
1.193466484546661377e-01,9.191220626235008240e-03,1.736434518049160755e-02,2.789297197292175312e+01,8.223721385002136230e-02
1.194055055578549795e-01,1.941657314697901524e-02,-2.749855571892113361e-03,9.806085777623175659e+01,7.653714716434478760e-02
1.198414936661720276e-01,1.461631245911121368e-02,-1.318573361883560932e-02,1.320543929215252490e+02,7.601916044950485229e-02
1.202584604422251569e-01,-1.803494803607463837e-02,-7.816003325084846381e-03,-1.134309907937496433e+02,8.177705854177474976e-02
1.208048164844512939e-01,-1.888598067065080238e-02,5.749081455481548815e-03,-7.306922646322394144e+01,8.106409758329391479e-02
1.211394369602203369e-01,-8.048829933007558765e-03,-1.825087703764438629e-02,-1.562020130498673041e+02,7.893579453229904175e-02
1.212886050343513489e-01,1.880797122915586067e-02,-6.359489867463708791e-03,1.086818025832777579e+02,7.525341957807540894e-02
1.213847224911054068e-01,1.965485326945781708e-02,2.321550680790096521e-03,8.326366874726662104e+01,7.404468953609466553e-02
1.214508016904195103e-01,-1.677918247878548231e-03,2.002996144195397579e-02,-4.788511200412814084e+00,7.980718463659286499e-02
1.217025741934776306e-01,-1.191086508333683014e-02,-1.597407832741737366e-02,-1.432904229815980841e+02,7.993897795677185059e-02
1.219221899906794415e-01,5.008246128757798312e-04,-2.000460090736548222e-02,1.785658727284433951e+02,8.341915905475616455e-02
1.219581017891566005e-01,-1.993945116798083103e-02,7.334867259487511896e-04,-8.789328439748877031e+01,7.875669747591018677e-02
1.220864752928415842e-01,2.537334337830546988e-03,1.986102138956388069e-02,7.280355037293178455e+00,7.952145487070083618e-02
1.229178508122761998e-01,1.528754085302352905e-02,1.296839335312446016e-02,4.969211829468496688e+01,7.554291933774948120e-02
1.232240721583366533e-01,-1.486160109440485579e-02,1.368667619923750502e-02,-4.735671903771621771e+01,7.624313980340957642e-02
1.234755416711171561e-01,1.161381478110949314e-02,1.665998343378305435e-02,3.488067770844996573e+01,8.010287582874298096e-02
1.235848714907964163e-01,7.713499944657087326e-03,-1.875999197363853455e-02,1.576491254992434961e+02,7.713859528303146362e-02
1.244887908299763951e-01,-1.793899635473887241e-02,9.696064827342830428e-03,-6.160868599479680796e+01,8.032374083995819092e-02
1.245255271593729562e-01,-5.806902889162302017e-03,-1.979290880262851715e-02,-1.636492084514273415e+02,7.572440057992935181e-02
1.246043716867764883e-01,-7.895655309160551014e-03,1.900363340973854065e-02,-2.256197347622449456e+01,7.331348955631256104e-02
1.247529635826746808e-01,1.487483301510413372e-02,-1.409168230990568912e-02,1.334513048504468031e+02,7.652009278535842896e-02
1.249158009886741777e-01,-2.344462710122267694e-03,-2.050537678102652348e-02,-1.734774647132389873e+02,8.006566017866134644e-02
1.251167332132657461e-01,4.239101583758991126e-03,-2.029575842122237003e-02,1.682024433180828566e+02,8.130866289138793945e-02
1.251849283774693899e-01,-1.838594116270542145e-02,-9.069417758534353141e-03,-1.162562036218311050e+02,8.080671727657318115e-02
1.252181679010391235e-01,1.974912670751412941e-02,4.889935022220015526e-03,7.609311039747161942e+01,7.453818619251251221e-02
1.254743362466494427e-01,-1.265604700893163855e-02,-1.621063053607940674e-02,-1.420199461891947692e+02,8.086664229631423950e-02
1.257954190174738751e-01,1.755633826057116306e-02,1.063822799672683138e-02,5.878631626140536781e+01,7.604906708002090454e-02
1.258547107378641949e-01,-4.194224253296850377e-03,2.031277368466059483e-02,-1.166659596625267703e+01,7.587420195341110229e-02
1.266933257381121503e-01,1.965695122877756870e-02,-6.662309092159073715e-03,1.087230055732097895e+02,7.671189308166503906e-02
1.267401600877444134e-01,-1.174266729503870010e-02,1.693487881372372425e-02,-3.473749011966332034e+01,7.047666609287261963e-02
1.269143943985303336e-01,1.130216072003046787e-02,-1.746332521239916599e-02,1.470892948146509127e+02,7.596709579229354858e-02
1.270514329274495535e-01,-2.079880423843860626e-02,-1.857702542717252895e-04,-9.051173944313728725e+01,7.777410000562667847e-02
1.271104017893473492e-01,5.224018357694151619e-03,2.018940448760986328e-02,1.450713746414686867e+01,7.956819981336593628e-02
1.274696240822474069e-01,9.956427228947481098e-03,1.842204481363296509e-02,2.838956579176127448e+01,8.054700493812561035e-02
1.274810830752055035e-01,-1.612854438523451603e-02,-1.331185021748145479e-02,-1.295348912659688949e+02,8.182908594608306885e-02
1.279388343294461383e-01,-8.837260771542789287e-03,-1.899397869904835903e-02,-1.550490219583542739e+02,7.638382911682128906e-02
1.283584162592887878e-01,1.772149745374917984e-02,-1.135151709119478977e-02,1.226416205227723708e+02,7.753461599349975586e-02
1.286975542704264508e-01,-2.045421799023946358e-02,-5.228274152614176273e-03,-1.043382886234038835e+02,7.751978188753128052e-02
1.292874862750371390e-01,2.097787335515022278e-02,2.403846262798955188e-03,8.346301155686364837e+01,8.183953166007995605e-02
1.293111642201741351e-01,-1.927759374181429661e-02,8.802797024448713245e-03,-6.545696797724014004e+01,7.754884660243988037e-02
1.295529057582219534e-01,1.701437123119831085e-02,1.270064587394396580e-02,5.325991976713052622e+01,7.823920249938964844e-02
1.297755489746729718e-01,-6.537037552334372566e-04,-2.145866801341374946e-02,-1.782551159974275095e+02,7.823463529348373413e-02
1.299424568812052594e-01,3.127822128590196371e-03,-2.124327607452869415e-02,1.716240531319312197e+02,7.960376888513565063e-02
1.302211880683898926e-01,-2.516306005418297159e-03,2.125235895315806187e-02,-6.752455488894995028e+00,7.258711010217666626e-02
1.303381323814392090e-01,2.118676466246446205e-02,-3.036476109021653876e-03,9.815606087881033659e+01,8.152037113904953003e-02
1.306694199641545429e-01,1.308818627148866653e-02,1.679287261019150532e-02,3.793247177504037637e+01,7.817717641592025757e-02
1.307205210129420148e-01,-2.108393112818400181e-02,3.936556672366958026e-03,-7.942414069081631567e+01,7.730660587549209595e-02
1.308412055174509869e-01,2.686684019863608969e-03,2.129792980849742889e-02,7.189751650791097681e+00,7.656683772802352905e-02
1.317766507466634207e-01,-1.350820343941450119e-02,1.656019904961188866e-02,-3.920422731368503122e+01,7.667560875415802002e-02
1.321934163570404053e-01,-8.942511398345232010e-03,-1.972522089878718174e-02,-1.556126379749207729e+02,7.659333944320678711e-02
1.325754920641581402e-01,1.103156929214795488e-02,-1.875239983201026917e-02,1.495327620503908292e+02,7.550650835037231445e-02
1.328154603640238351e-01,1.921594142913818359e-02,1.056208554655313492e-02,6.120450546808474002e+01,7.895593345165252686e-02
1.330219656229019165e-01,-1.651084236800670624e-02,-1.428195896248022831e-02,-1.308599648532845663e+02,8.159311115741729736e-02
1.330829362074534283e-01,-1.796573462585607933e-02,1.241872863223155397e-02,-5.534601758754237011e+01,7.966718822717666626e-02
1.331272919972737723e-01,2.098665510614713264e-02,6.013578909914941463e-03,7.401071593366539503e+01,8.406714349985122681e-02
1.336398571729660034e-01,-4.221394561075916471e-03,-2.147744223475456238e-02,-1.688802522939385256e+02,7.410288602113723755e-02
1.338446835676829205e-01,1.801009134699901176e-02,-1.256887769947449482e-02,1.249104070923272047e+02,7.889339327812194824e-02
1.340284595886866437e-01,-2.110181127985318733e-02,-6.214567421314617576e-03,-1.064099111248273317e+02,7.860453426837921143e-02
1.340716928243637085e-01,6.331629061605781317e-03,-2.099658424655596531e-02,1.632190420611619288e+02,7.497312128543853760e-02
1.351418147484461374e-01,1.366028158615032947e-02,1.727946630368630207e-02,3.832813252041970742e+01,8.020871132612228394e-02
1.352698008219401227e-01,-1.314359561850627321e-02,-1.791198148081700123e-02,-1.437292286049178642e+02,8.084017783403396606e-02
1.353344768285751343e-01,-5.155028775334357348e-03,2.164681628346443176e-02,-1.339506494025720684e+01,7.477954775094985962e-02
1.358060638109843121e-01,-2.211477545400460792e-02,2.845881856046617031e-03,-8.266708510317305070e+01,7.735810428857803345e-02
1.358510901530583792e-01,2.190333542724450661e-02,-4.361519104956338225e-03,1.012617626642518047e+02,8.347760140895843506e-02
1.359003285566965924e-01,1.489283548047145266e-02,-1.659811753779649734e-02,1.380996244881766302e+02,7.741829007863998413e-02
1.360567162434260235e-01,-1.941583243509133888e-02,-1.102581977223356623e-02,-1.195912801094427493e+02,8.165549486875534058e-02
1.361400187015533447e-01,-1.062199597557385994e-02,1.946622754136721062e-02,-2.861965437576213134e+01,7.932127267122268677e-02
1.361771523952484131e-01,5.294515130420527314e-03,2.174270711839199066e-02,1.368560842153243229e+01,7.994522154331207275e-02
1.365801046291987009e-01,1.790757663547992706e-02,1.351856937011082851e-02,5.295056013204990819e+01,8.015825599431991577e-02
1.374678810437520438e-01,-2.247724185387293613e-02,-2.262738339292507533e-03,-9.574848363596483125e+01,7.891035079956054688e-02
1.376925508181254254e-01,2.066211588680744171e-02,-9.204712696373462677e-03,1.140123707411286489e+02,8.002790808677673340e-02
1.377944499254226685e-01,2.224874061842759682e-02,4.265246233747651758e-03,7.914764916442672416e+01,8.467932790517807007e-02
1.380281597375869751e-01,1.059901931633551973e-02,1.996517243484656132e-02,2.796273386660022453e+01,8.385904878377914429e-02
1.382244875033696585e-01,-1.955736304322878635e-02,1.152307602266470533e-02,-5.949367388776975218e+01,8.228487521409988403e-02
1.392533034086227417e-01,-4.077628468318533067e-03,-2.245499255756537235e-02,-1.697077443942565367e+02,7.781306654214859009e-02
1.394676019748052054e-01,2.295652963221073151e-02,-6.695294093030190827e-04,9.167056340207997778e+01,8.440894633531570435e-02
1.395382583141326904e-01,-2.190006648500760628e-02,6.816469598561525345e-03,-7.271107015033236110e+01,8.021803200244903564e-02
1.396923810243606567e-01,6.076421375231197061e-03,-2.205251219371954716e-02,1.645948140461779587e+02,7.822191715240478516e-02
1.398793210585911884e-01,-2.638722769916053684e-03,2.285546312729517734e-02,-6.585788994555346498e+00,7.790140062570571899e-02
1.401019791762034283e-01,2.607831110556923983e-03,2.290578310688336922e-02,6.495176839904777566e+00,7.908734679222106934e-02
1.405322204033533917e-01,-1.314962872614463228e-02,-1.898392507185538841e-02,-1.452907479534307527e+02,7.872930169105529785e-02
1.414137532313664847e-01,1.927881563703219212e-02,1.297351842125256741e-02,5.606174653203028413e+01,8.252537995576858521e-02
1.414485226074854718e-01,-1.350969107200702263e-02,1.874528328577677178e-02,-3.578022291864613891e+01,8.470816910266876221e-02
1.415276577075322562e-01,-1.983275016148885322e-02,-1.211769428725044048e-02,-1.214246860715486918e+02,8.447828143835067749e-02
1.417325139045715332e-01,1.505251197765270811e-02,-1.775073291112979484e-02,1.397022610798485971e+02,7.919944822788238525e-02
1.422267059485117779e-01,-1.798752695322036743e-02,1.494360218445460117e-02,-5.028101776768338738e+01,8.468018472194671631e-02
1.422437131404876709e-01,1.071478492425133495e-03,-2.332555378476778782e-02,1.773699201274179700e+02,8.002700656652450562e-02
1.423162668943405151e-01,2.184926594297091282e-02,8.268701921527584972e-03,6.927120197242759048e+01,8.193524181842803955e-02
1.428173333406448364e-01,-2.324388672908147407e-02,-3.355145454406739582e-03,-9.821364386870475016e+01,8.192367106676101685e-02
1.429470330476760864e-01,1.288420117149750507e-02,1.960583776235580444e-02,3.331137563679939717e+01,8.462046831846237183e-02
1.430692821741104126e-01,-8.804778413226207676e-03,-2.177471481263637543e-02,-1.579836640827535916e+02,7.819264382123947144e-02
1.434414088726043701e-01,2.118075390656789375e-02,-1.036857192715009111e-02,1.160830419660576212e+02,7.974949479103088379e-02
1.437553266684214459e-01,-1.693379320204257965e-02,-1.644577706853548801e-02,-1.341623836805116810e+02,8.230502158403396606e-02
1.440283656120300293e-01,1.093603810295462608e-02,-2.096094315250714851e-02,1.524474164971240100e+02,8.053646236658096313e-02
1.447053303321202689e-01,5.335268564522268123e-03,2.320888762672742439e-02,1.294625650983900478e+01,8.397735655307769775e-02
1.447255810101827078e-01,-5.412712693214414769e-03,2.318507246673107147e-02,-1.314073067105915094e+01,8.324191719293594360e-02
1.448219120502471924e-01,-2.312222495675086975e-02,5.714800674468278885e-03,-7.611721336964690465e+01,8.087681978940963745e-02
1.448488533496856689e-01,-2.228537388145923615e-02,-8.398849051445724315e-03,-1.106502817475638381e+02,8.444064110517501831e-02
1.448943366607030325e-01,1.731670244286457813e-02,1.637508068233728409e-02,4.660089218724069582e+01,8.333724737167358398e-02
1.453413615624110089e-01,2.392644993960857391e-02,-1.302741467952727838e-03,9.311654922688170188e+01,8.153287321329116821e-02
1.454257269700368338e-01,1.868840586394071579e-02,-1.488535230358441555e-02,1.285373912055268022e+02,8.039613068103790283e-02
1.454892406860987530e-01,-1.081671379506587982e-02,2.125548136730989052e-02,-2.697111351291416170e+01,8.550696074962615967e-02
1.456993768612543927e-01,1.030713443954785549e-02,2.168647696574529243e-02,2.542077529881619924e+01,8.559665083885192871e-02
1.464391698439916067e-01,-2.410357880095640934e-02,6.518058168391388475e-04,-8.845099254804779321e+01,8.103021234273910522e-02
1.474737077951431274e-01,2.339189375440279411e-02,-6.158590394382676067e-03,1.047500428924032292e+02,8.032310754060745239e-02
1.476868440707524710e-01,-1.972796147068341804e-02,1.419473004837830919e-02,-5.426410072328938128e+01,8.494863659143447876e-02
1.487597525119781494e-01,2.727437453965350211e-03,2.432917182644208157e-02,6.396473162179946215e+00,8.254472166299819946e-02
1.487703969081242694e-01,-8.764913771301507950e-03,-2.281664063533147407e-02,-1.589859370543658770e+02,7.873555272817611694e-02
1.488050967454910278e-01,2.307464989523093021e-02,8.115658614163599738e-03,7.062255440024080144e+01,7.999266684055328369e-02
1.488841176033020020e-01,1.089049658427636118e-03,-2.443240148325761391e-02,1.774477877904974719e+02,8.367144316434860229e-02
1.489682793617248535e-01,-2.251995603243510044e-02,9.672534962495168628e-03,-6.675601771368515358e+01,8.321210741996765137e-02
1.490026613076528006e-01,-2.773989923298354580e-03,2.435567664603392399e-02,-6.497703427444485591e+00,8.299523591995239258e-02
1.493246306975682391e-01,-1.718488708138465881e-02,-1.751044113188982010e-02,-1.355376033793794477e+02,8.245567977428436279e-02
1.497036665678024292e-01,1.083643874153494835e-02,-2.207004403074582302e-02,1.538488631314494057e+02,8.328435570001602173e-02
1.500553588072459088e-01,1.745692982027928150e-02,1.739198310921589649e-02,4.510678003461799790e+01,8.312662690877914429e-02
1.501570393641789847e-01,2.444404487808545662e-02,3.478990867733955383e-03,8.189979758311835667e+01,7.986067980527877808e-02
1.503560692071914673e-01,1.314403489232063467e-02,2.097783610224723816e-02,3.206992996559446851e+01,8.501797914505004883e-02
1.504876613616943359e-01,-1.348446216434240515e-02,2.073200978338718414e-02,-3.304068087913859131e+01,8.418475836515426636e-02
1.504959464073181152e-01,-2.285435050725936890e-02,-9.521149409313997211e-03,-1.126166678523152598e+02,8.579415827989578247e-02
1.511668860912322998e-01,1.898330046484867847e-02,-1.603395212441682816e-02,1.301855927801142627e+02,8.209152519702911377e-02
1.515948226054509573e-01,-4.020192660391330719e-03,-2.460376607875029362e-02,-1.707200236168026208e+02,8.200041204690933228e-02
1.518026391665140973e-01,-1.336085796356201172e-02,-2.109051495790481567e-02,-1.476457090485807839e+02,7.942287623882293701e-02
1.519070814053217755e-01,-1.791787395874659336e-02,1.747293956577777863e-02,-4.572028635022542176e+01,8.365441113710403442e-02
1.520080864429473877e-01,5.994393179814021949e-03,-2.426846077044805122e-02,1.661254611851963148e+02,8.461424708366394043e-02
1.520726879437764301e-01,-2.505003847181797028e-02,-4.497940729682649991e-04,-9.102868236869709051e+01,7.843887805938720703e-02
1.527440547943115234e-01,-2.065282066663106514e-02,-1.430465870847304893e-02,-1.247074393903895526e+02,8.598245680332183838e-02
1.530677278836568289e-01,1.963382586836814880e-02,1.581599532316128529e-02,5.114687729060213428e+01,8.219745010137557983e-02
1.531489739815394269e-01,1.524780721714099133e-02,-2.000843361020088196e-02,1.426900978760909027e+02,8.364272862672805786e-02
1.531856954097747803e-01,2.234845732649167610e-02,1.202089556803306002e-02,6.172486747038664134e+01,7.915069907903671265e-02
1.533339420954386301e-01,2.412671409547328949e-02,-7.128482762103280010e-03,1.064603105765822022e+02,7.944434136152267456e-02
1.539860318104426251e-01,-5.609815319379169579e-03,2.471851184964179993e-02,-1.278656982429131261e+01,8.646859228610992432e-02
1.540979444980621338e-01,-2.475932302574316776e-02,-5.579045702082416000e-03,-1.026984391934150409e+02,8.068584650754928589e-02
1.541003882884979248e-01,5.597799705962342061e-03,2.474315464496612549e-02,1.274778705772232179e+01,8.408931642770767212e-02
1.546309540669123517e-01,-2.394429035484790802e-02,8.627757274856170597e-03,-7.018457530016402757e+01,8.410061150789260864e-02
1.547026584545771466e-01,1.104253126929203611e-02,2.291422958175341404e-02,2.572974998210328934e+01,8.494327962398529053e-02
1.547073721885681152e-01,-1.091628645857175076e-02,2.302443608641624451e-02,-2.536644541584694679e+01,8.539307862520217896e-02
1.550428022940953665e-01,2.221046884854634487e-02,-1.248706411570310593e-02,1.193453581106773242e+02,8.056611567735671997e-02
1.561181048552195416e-01,-2.549301895002524174e-02,3.568423097021878199e-03,-8.203171121374113284e+01,7.917398214340209961e-02
1.561657041311264038e-01,2.548077329993247986e-02,3.183297812938690186e-03,8.287896632970398514e+01,7.860727608203887939e-02
1.572102606296539307e-01,2.569799870252609253e-02,-2.568326890468598279e-03,9.570734150686610064e+01,7.940070331096649170e-02
1.574348062276840210e-01,-4.151253184924522457e-03,-2.556853306790192806e-02,-1.707780465311053035e+02,8.103241026401519775e-02
1.576845149199168072e-01,-1.971430828173955513e-02,1.695103881259759498e-02,-4.930992634588057655e+01,8.523868769407272339e-02
1.578953415155410767e-01,-1.362361789991458315e-02,-2.212412469089031219e-02,-1.483760234934503899e+02,8.120660483837127686e-02
1.579504311084747314e-01,5.801324111719926777e-03,-2.533219071726004398e-02,1.671011219675660868e+02,8.347985148429870605e-02
1.582830250263214111e-01,-2.099263233443101478e-02,-1.541919571657975746e-02,-1.262974723479943151e+02,8.158513158559799194e-02
1.587050954500834332e-01,1.851513298849264896e-02,1.857631405194600654e-02,4.490549267223040175e+01,8.179542422294616699e-02
1.589113573233286725e-01,1.523497669647137440e-02,-2.121204758683840549e-02,1.443132298318433300e+02,8.535570651292800903e-02
1.589935521284739361e-01,-2.835825396080807193e-03,2.603119922180970394e-02,-6.217254910634161469e+00,8.374793082475662231e-02
1.590294639269510812e-01,2.350831466416518009e-02,1.192894764244556427e-02,6.309515641816096121e+01,8.032339066267013550e-02
1.591269522905349731e-01,-2.294873011608918739e-02,1.262805160755912579e-02,-6.117722729059646980e+01,8.742140978574752808e-02
1.593508174022038870e-01,2.870362251996998355e-03,2.608234683672587192e-02,6.280128975929401669e+00,8.181915432214736938e-02
1.599810669819514142e-01,-2.539211201171080387e-02,-7.035942166112364206e-03,-1.054876082781295707e+02,8.124637603759765625e-02
1.600393156210581647e-01,1.423673331737518311e-02,2.208869531750679016e-02,3.280282336985850122e+01,8.264990150928497314e-02
1.601767887671788626e-01,-1.324751072873672081e-02,2.286727105577786995e-02,-3.008465190935830336e+01,8.565109968185424805e-02
1.606575300296147757e-01,2.527123565475145744e-02,7.728017633780837059e-03,7.299621496101879359e+01,7.991195470094680786e-02
1.606664458910624371e-01,7.649200658003494236e-04,-2.646089841922124111e-02,1.783441798167601746e+02,8.156903833150863647e-02
1.607030828793843680e-01,-9.158734232187271118e-03,-2.481501735746860504e-02,-1.597418894485018939e+02,7.955127954483032227e-02
1.608936091264089041e-01,2.257237645486990726e-02,-1.378282904624938965e-02,1.214084904370329525e+02,8.082288503646850586e-02
1.609563032786051617e-01,-1.778745868553718162e-02,-1.965858787298202515e-02,-1.378606146904396041e+02,7.984209060668945312e-02
1.614083945751190186e-01,1.063053915277123451e-02,-2.433738795419534279e-02,1.564043576177581087e+02,8.386293053627014160e-02
1.617345114549001150e-01,-1.761212075750033176e-02,2.005294399956862247e-02,-4.129222466621463639e+01,8.602705597877502441e-02
1.618357847134272443e-01,-2.659071795642375946e-02,2.083264383448598864e-03,-8.552028131454386539e+01,7.855106890201568604e-02
1.618394752343495779e-01,2.127059114476045204e-02,1.596224990983804298e-02,5.311406175410225927e+01,8.226357400417327881e-02
1.619180391232172833e-01,-2.382695116102695465e-02,-1.209258288145065308e-02,-1.169085682702691287e+02,8.195736259222030640e-02
1.627800762653350830e-01,1.933237755050262047e-02,-1.853333103160063541e-02,1.337911173160460692e+02,8.406127244234085083e-02
1.629327038923899518e-01,2.645817399024963379e-02,-4.078003500277797670e-03,9.876205962284164741e+01,8.002907782793045044e-02
1.636734902858734131e-01,-2.678052646418412758e-02,-3.391849250571491673e-03,-9.721828222067294689e+01,7.837649434804916382e-02
1.643271148204803467e-01,-5.893228575587270042e-03,2.641107576588789391e-02,-1.257862119830361891e+01,8.616118878126144409e-02
1.646843800942103253e-01,5.927765431503458603e-03,2.646222338080406536e-02,1.262630570611328373e+01,8.171603083610534668e-02
1.647161593039830618e-01,-2.451829488078752922e-02,1.159367384389042854e-02,-6.469249590912956194e+01,8.687108755111694336e-02
1.647706081469853812e-01,1.184940493355194843e-02,2.429749692479769851e-02,2.599756898385309611e+01,8.169281482696533203e-02
1.647890110810597830e-01,-1.099844276905059814e-02,2.494122336308161880e-02,-2.379625470727767578e+01,8.913988620042800903e-02
1.649071921904881888e-01,2.524879698952038967e-02,-9.933924302458763123e-03,1.114767347562436441e+02,8.032948523759841919e-02
1.659378409385681152e-01,-2.661155412594477451e-02,6.108220797614194453e-03,-7.707266939122260396e+01,8.292737603187561035e-02
1.659857531388600760e-01,2.650702993075053013e-02,6.546431453898549080e-03,7.612728656224432200e+01,8.244296163320541382e-02
1.667587459087371826e-01,7.797568105161168349e-05,-2.747427858412266125e-02,1.798373873432354344e+02,7.965595275163650513e-02
1.671611368656158447e-01,-1.955014870812495781e-02,-1.924467893938223637e-02,-1.345488633953472686e+02,7.894133776426315308e-02
1.671612411737442017e-01,-1.051870143661896503e-02,-2.538920504351457191e-02,-1.574958619069562644e+02,7.990305870771408081e-02
1.672163705031077252e-01,2.747674286365509033e-02,4.920350232472015146e-04,8.897409538279954688e+01,8.176665753126144409e-02
1.674410551786422729e-01,-1.938106864690780640e-02,1.971547678112983704e-02,-4.450993860761160903e+01,8.632881194353103638e-02
1.675330847501754761e-01,1.042003945137063778e-02,-2.553071578343709541e-02,1.577977927959418594e+02,8.447992801666259766e-02
1.677010456720988141e-01,-2.358074362079302239e-02,-1.436941698193550110e-02,-1.213569104119793849e+02,7.989915460348129272e-02
1.682161192099253522e-01,2.238648633162181045e-02,1.619672837356726097e-02,5.411408445152465418e+01,8.251044154167175293e-02
1.687778631846110211e-01,1.938392377148072040e-02,-1.990097947418689728e-02,1.357540657253873349e+02,8.388590067625045776e-02
1.689802656571070538e-01,-2.305282093584537506e-02,1.557919383049011230e-02,-5.594900612890861424e+01,8.499012142419815063e-02
1.695190171400706158e-01,-2.744801218310991692e-02,-5.364792290492914617e-03,-1.010592029649857011e+02,8.177051693201065063e-02
1.696838041146596365e-01,3.057403179506465018e-03,2.777158344785372532e-02,6.282453661319693516e+00,8.294294029474258423e-02
1.696838041146596365e-01,-3.057403179506456344e-03,2.777158344785372185e-02,-6.282453661319676641e+00,8.545932918787002563e-02
1.699852645397186279e-01,-6.198164774104953680e-03,-2.715610091884931160e-02,-1.671429334492209478e+02,7.947110384702682495e-02
1.701674213012059622e-01,4.903880025570591002e-03,-2.753889871140321327e-02,1.699031155487254807e+02,8.218375593423843384e-02
1.702180107434590750e-01,-1.323999837040901358e-02,2.488491870462894440e-02,-2.801516961592518484e+01,8.549043536186218262e-02
1.705583333969116211e-01,-1.674627512693405151e-02,-2.228440344333648682e-02,-1.430758840922083550e+02,8.065763115882873535e-02
1.707343310117721558e-01,2.586000412702560772e-02,1.098183992629249948e-02,6.699076512467490829e+01,8.310126513242721558e-02
1.708005964756011963e-01,2.568039670586585999e-02,-1.145473836610714710e-02,1.140392560645676099e+02,8.226148784160614014e-02
1.709320644537608014e-01,1.479001063853502447e-02,2.391969909270604683e-02,3.172930013221335344e+01,8.186694234609603882e-02
1.710338344176610403e-01,1.507602321604887760e-02,-2.377302385866641998e-02,1.476185537692024070e+02,8.579732477664947510e-02
1.713123321533203125e-01,-1.725801421950260914e-02,2.247349917888641357e-02,-3.752164356212793450e+01,8.230341225862503052e-02
1.716096003850301199e-01,-2.581339019040266441e-02,-1.128571930651863300e-02,-1.136151447510820134e+02,8.258219808340072632e-02
1.717567195494969778e-01,-2.788218669593334198e-02,4.718458100493686316e-03,-8.039492729824753781e+01,7.949836552143096924e-02
1.726995060841242657e-01,1.999726456900437904e-02,2.012889397641023231e-02,4.481204823174256546e+01,8.184941112995147705e-02
1.727848003307978497e-01,2.305552239219347405e-02,-1.667129155248403549e-02,1.258704360646269862e+02,8.257951587438583374e-02
1.735001901785532819e-01,-2.852883624533812321e-02,-1.279441353593332000e-03,-9.256784053800430456e+01,7.851608842611312866e-02
1.735950559377670288e-01,2.851541650791963173e-02,-1.226875931024551825e-03,9.246363175123035205e+01,8.174937963485717773e-02
1.750348806381225586e-01,-2.475918767352898800e-02,1.479153024653593641e-02,-5.914523743524489419e+01,8.124282956123352051e-02
1.752047936121622906e-01,2.792844735085964550e-02,-7.317728518197933255e-03,1.046824119585566990e+02,8.194379508495330811e-02
1.752773374319076538e-01,5.921425918738049306e-03,2.828725365300973488e-02,1.182311435470740513e+01,8.438176661729812622e-02
1.754954159259796143e-01,-6.221025250852105400e-03,2.823138174911340309e-02,-1.242700993490509909e+01,8.602505922317504883e-02
1.755677262941996442e-01,-1.129840624829133236e-02,2.681456940869490768e-02,-2.284828352381628847e+01,8.307747542858123779e-02
1.761298825343450003e-01,4.308379100014766636e-03,-2.864733338356018413e-02,1.714471734422996576e+02,8.128831535577774048e-02
1.764393697182337628e-01,1.173239387571811676e-02,2.660009575386842323e-02,2.380063790293038650e+01,8.332898467779159546e-02
1.765896528959274292e-01,-2.749529418845971657e-02,9.416247562815744515e-03,-7.109532918129352197e+01,7.969478517770767212e-02
1.766462822755177908e-01,2.741140251358350349e-02,9.712329289565483151e-03,7.048989210786413651e+01,8.148528635501861572e-02
1.766877422730128155e-01,-7.271399178231756182e-03,-2.807425024608771469e-02,-1.654791426852548852e+02,8.101873844861984253e-02
1.771438469489415579e-01,1.495133092006047798e-02,-2.504787656168143070e-02,1.491665954043528188e+02,8.581490069627761841e-02
1.776101986567179547e-01,-2.585620681444803989e-02,-1.357076829299330711e-02,-1.176929750236041770e+02,7.968915253877639771e-02
1.778633147478103638e-01,-1.870835293084383011e-02,-2.237376073996225762e-02,-1.400985151283561265e+02,8.327096700668334961e-02
1.782763898372650146e-01,2.909710196157296730e-02,3.558009862899779406e-03,8.302845008482178457e+01,8.080970495939254761e-02
1.783938109874725342e-01,-1.833313175787528587e-02,2.315971627831459045e-02,-3.836498566628389284e+01,7.821853458881378174e-02
1.792227725187937604e-01,2.321310341358184814e-02,-1.823657782127460075e-02,1.281537329273802754e+02,8.404465764760971069e-02
1.794236848751704083e-01,-1.590759648631016052e-03,-2.950086258351803173e-02,-1.769134587163050583e+02,8.030814677476882935e-02
1.796055585145950317e-01,9.699846229826411190e-03,-2.791400315860907699e-02,1.608381548893565878e+02,8.360205590724945068e-02
1.799903263648351126e-01,2.224910135070483005e-02,1.952307857573032379e-02,4.873378740445390633e+01,8.184354752302169800e-02
1.805252432823181152e-01,-2.951647900044918407e-02,-3.293284370253484611e-03,-9.636641298942159040e+01,7.811557501554489136e-02
1.805771489938100272e-01,-2.216255292296409607e-02,1.961403029660383976e-02,-4.849092357931564123e+01,7.849664241075515747e-02
1.807941099007924490e-01,2.864022739231591227e-03,2.971576650937398506e-02,5.505196025798977821e+00,8.655992150306701660e-02
1.810121883948644095e-01,-3.163622071345642116e-03,2.965989460547765327e-02,-6.088337113356739216e+00,8.568682521581649780e-02
1.811687002579371319e-01,-1.355401364465554787e-02,-2.639671166737874580e-02,-1.528207002022028576e+02,8.406402915716171265e-02
1.811881562074025565e-01,-2.309477515518665314e-02,-1.899753324687480927e-02,-1.294403756023227174e+02,8.184896409511566162e-02
1.812215596437454224e-01,-1.442133480062087435e-02,2.622506146629651619e-02,-2.880668569665229839e+01,7.932864129543304443e-02
1.813258479038874493e-01,1.941681249688068794e-02,-2.274111844599246979e-02,1.395086509524864766e+02,8.536861836910247803e-02
1.814188907543818341e-01,2.618972149988015724e-02,1.432140233616034132e-02,6.132870872297560538e+01,8.088860660791397095e-02
1.820738017559051514e-01,2.854870321849982406e-02,-9.217107202857732773e-03,1.078929616654339867e+02,7.879805564880371094e-02
1.825446685155232840e-01,-2.847847156226634979e-02,-9.663684293627740687e-03,-1.087437683819823775e+02,7.847695797681808472e-02
1.830598314603169852e-01,-2.898238164683183266e-02,8.266304309169452552e-03,-7.408088308413239531e+01,7.791873812675476074e-02
1.831111808617909842e-01,1.398122093329827106e-02,2.678927034139633526e-02,2.755988923365492838e+01,8.442130684852600098e-02
1.841075768073400232e-01,2.645823359489440918e-02,-1.491940331955750841e-02,1.194180028752581535e+02,8.058088272809982300e-02
1.848103354374567853e-01,3.034594468772411693e-02,1.752810770994983397e-03,8.669421413998517778e+01,7.912034541368484497e-02
1.848946958780288696e-01,1.929067447781562805e-02,2.350305827955405033e-02,3.937822356089317566e+01,8.295340836048126221e-02
1.852519512176513672e-01,-3.035691690941651893e-02,1.554671830187240441e-03,-8.706826680605567503e+01,7.732180505990982056e-02
1.853550225496292114e-01,9.489559801295399666e-03,-2.899991969267527725e-02,1.618805007964131732e+02,8.340906351804733276e-02
1.863955458005269461e-01,-1.952805556356906457e-03,-3.064475456873576309e-02,-1.763538152873594527e+02,8.210557699203491211e-02
1.866166790326436176e-01,1.909452086935440815e-02,-2.414009844263394905e-02,1.416564367250600753e+02,8.628033101558685303e-02
1.867309212684631348e-01,5.615847806135816286e-03,3.034577394525210525e-02,1.048464958148748494e+01,8.633751422166824341e-02
1.868825058142344342e-01,-6.532840741177397062e-03,3.009408526122570385e-02,-1.224777148239439839e+01,8.615435659885406494e-02
1.869980096817016602e-01,3.038451510171095993e-02,-4.931453707589146702e-03,9.921880772412883687e+01,7.691427320241928101e-02
1.870195666948954449e-01,-1.271317247301340103e-02,2.807606446246306217e-02,-2.436157732060833325e+01,8.274374902248382568e-02
1.873821914196014404e-01,-1.365172769874334335e-02,-2.750026745100816322e-02,-1.535992037025865216e+02,8.471229672431945801e-02
1.874755074580510550e-01,-2.394814851383368290e-02,1.921692676842212677e-02,-5.125508535828315360e+01,7.876767963171005249e-02
1.875628431638081961e-01,-2.439156050483385491e-02,-1.900365638236205246e-02,-1.279224363780190146e+02,8.044648915529251099e-02
1.878859599431355609e-01,1.092207804322242737e-02,2.910643567641576362e-02,2.056840900421729046e+01,8.525168150663375854e-02
1.879908740520477295e-01,2.798837795853614807e-02,1.317657406131426436e-02,6.478953740613289369e+01,8.144555985927581787e-02
1.881841421127319336e-01,1.441875286400318319e-02,-2.753277309238910675e-02,1.523592109905317500e+02,8.653361350297927856e-02
1.883020599683125906e-01,-2.801071355740229404e-02,-1.304465703045328689e-02,-1.149715093390997538e+02,7.630580663681030273e-02
1.884034176667531701e-01,-2.803187072277069092e-02,1.324448346470793146e-02,-6.471022714375430951e+01,7.973781973123550415e-02
1.888512074947357178e-01,3.736046763757865357e-03,-3.087714190284411575e-02,1.731009107056418941e+02,8.289274573326110840e-02
1.897522111733754846e-01,3.045890169839064743e-02,6.762301922814609526e-03,7.748256283980354908e+01,8.035288006067276001e-02
1.898730943600336618e-01,-7.731159140045444460e-03,-3.032169801493486000e-02,-1.656959985794729278e+02,8.346443623304367065e-02
1.906730731328328821e-01,2.582451328635215759e-02,-1.780712635566791130e-02,1.245879540480757299e+02,7.966843247413635254e-02
1.910790999730428152e-01,2.225709147751331329e-02,-2.252328085402647770e-02,1.353405810938405693e+02,8.404392004013061523e-02
1.916953722635905133e-01,-1.854426041245460510e-02,-2.564167914291223122e-02,-1.441252554963722901e+02,8.270905166864395142e-02
1.917506307363510409e-01,-2.301530850430329872e-02,-2.179567391673723972e-02,-1.334409476641398271e+02,8.085637539625167847e-02
1.921620070934295654e-01,-3.157084621489048004e-02,1.253652735613277822e-04,-8.977248429547211117e+01,8.121494948863983154e-02
1.922306219736735211e-01,-1.586659407864014423e-02,2.744935204585393154e-02,-3.002927126935243152e+01,8.256858587265014648e-02
1.922959983348846436e-01,2.144338376820087433e-02,2.327172458171844482e-02,4.265855670579571068e+01,8.376771956682205200e-02
1.924566874901453839e-01,-3.369218669831747573e-03,3.153191817303498123e-02,-6.098973678530940745e+00,8.649377524852752686e-02
1.925231814384460449e-01,2.751825066904231998e-03,3.172773495316505432e-02,4.957000044817952755e+00,8.580383658409118652e-02
1.926285425821940289e-01,-2.135839002827803410e-02,2.341018058359622955e-02,-4.237591057803790306e+01,7.988447695970535278e-02
1.930613418420155658e-01,1.422123952458302296e-02,-2.855477109551430095e-02,1.535251462784806620e+02,8.287830650806427002e-02
1.937198489904403687e-01,-2.938386859993140018e-02,-1.235712769751747507e-02,-1.128087599790607243e+02,7.950784265995025635e-02
1.937812616427739276e-01,3.101707125703494217e-02,-7.369095086081264498e-03,1.033646609696347554e+02,7.746750861406326294e-02
1.937978217999140607e-01,1.349397345135609425e-02,2.907711143294970310e-02,2.489485695583915259e+01,8.373134583234786987e-02
1.939636121193568097e-01,2.620046709974607063e-02,1.814691660304864479e-02,5.529282720379110572e+01,8.321481198072433472e-02
1.945157498121261597e-01,4.286508463943997441e-03,-3.174947140117486549e-02,1.723109676755168209e+02,8.610562980175018311e-02
1.948061237732569562e-01,-2.966677087048689987e-02,1.216640369966626167e-02,-6.770136517964962763e+01,8.243438601493835449e-02
1.949526866277058734e-01,1.921158842742443085e-02,-2.567873895168304443e-02,1.431979437682604726e+02,8.125860989093780518e-02
1.954225500424702777e-01,2.854753906528155472e-02,-1.454247161746025085e-02,1.169948594737935963e+02,7.843884080648422241e-02
1.955435623725255423e-01,-9.196949424222111702e-03,-3.084757489462693764e-02,-1.633984853631018552e+02,8.264341205358505249e-02
1.956665714581807269e-01,-3.145346542199452949e-02,-6.782256280227254124e-03,-1.021682823970420060e+02,8.282200992107391357e-02
1.958967645963033133e-01,9.842508162061374549e-03,-3.089424719413121773e-02,1.623287928415332146e+02,8.296663314104080200e-02
1.963725934425989972e-01,-3.183121110002200271e-02,5.758917987501869021e-03,-7.974495001338777911e+01,8.450844883918762207e-02
1.964039454857508527e-01,-2.649979727963606632e-02,-1.842857431620359421e-02,-1.248156480630350984e+02,7.950985431671142578e-02
1.964243451754252023e-01,1.870582563181718075e-02,2.652861240009466923e-02,3.518838651481062385e+01,8.371528983116149902e-02
1.964759727319081439e-01,-1.585259971519311500e-02,-2.813859159747759964e-02,-1.506041449006931430e+02,7.975259423255920410e-02
1.967236946026484357e-01,3.198605217039585114e-02,4.859153477203411071e-03,8.136197101614511951e+01,7.848390191793441772e-02
1.982117642958958759e-01,-1.233733352273702795e-02,3.017383565505345547e-02,-2.223843619616938838e+01,8.341844379901885986e-02
1.983921279509862079e-01,-2.392370377977689339e-02,2.228972129523754120e-02,-4.702498119183695735e+01,8.106744289398193359e-02
1.985650708278020038e-01,3.250565131505330635e-02,-2.587979053108332202e-03,9.455207489948259081e+01,7.780460268259048462e-02
1.985748906930287494e-01,-6.020289845764635259e-03,3.223838098347187042e-02,-1.057774600937190179e+01,8.393302559852600098e-02
1.992499480644862042e-01,6.251799563566847427e-03,3.230215609073638916e-02,1.095366830527774482e+01,8.080036938190460205e-02
1.993695497512817383e-01,1.168771771093209642e-02,3.089087083935737610e-02,2.072439082076289907e+01,7.981371134519577026e-02
1.995425373315811157e-01,-3.642572555691008136e-04,-3.298228606581687927e-02,-1.793672495928012438e+02,8.240808546543121338e-02
1.996417989333470477e-01,-2.814836241304874420e-02,1.701838771502177036e-02,-5.884300939337661873e+01,8.264721184968948364e-02
2.000119686126708984e-01,-6.178786279633642110e-03,-3.248359945913156105e-02,-1.692302828836677122e+02,8.007589727640151978e-02
2.009115517139434814e-01,2.822746584812799858e-02,1.712537991503874577e-02,5.875514341710770339e+01,8.543561398983001709e-02
2.010168731212615967e-01,1.971786903838316715e-02,-2.655956583718459274e-02,1.434097413084896857e+02,7.742960005998611450e-02
2.015080104271570749e-01,9.343678442140419121e-03,-3.200203614930311607e-02,1.637237069458962537e+02,8.241324871778488159e-02
2.017693718274434500e-01,-1.725234650075435638e-02,-2.839954880376656735e-02,-1.487218784027867571e+02,7.869039475917816162e-02
2.019102970759074078e-01,3.154252717892328667e-02,1.025188892769316774e-02,7.199490588255640944e+01,8.179738372564315796e-02
2.022457917531331195e-01,-2.678637454907099522e-02,-1.970353753616412712e-02,-1.263374786399986789e+02,8.264057338237762451e-02
2.023814668258031024e-01,2.859058727820714199e-02,-1.699540050079425407e-02,1.207289607040232369e+02,8.209747076034545898e-02
2.029116054375966205e-01,-3.316481535633405281e-02,4.158591870994617253e-03,-8.285288843583057883e+01,8.623853325843811035e-02
2.029565473397572928e-01,-2.078308723866939545e-02,2.618086896836758007e-02,-3.844350401867442457e+01,8.383593708276748657e-02
2.031741042931874408e-01,-1.468851293126742161e-02,3.002581186592578888e-02,-2.606770439898338410e+01,8.350282907485961914e-02
2.034957806269327985e-01,-3.248496539890766144e-02,-8.078680742376793261e-03,-1.039655705888581281e+02,8.312188088893890381e-02
2.037403335173924857e-01,2.121134847402572632e-02,2.621283816794554508e-02,3.897967837450132578e+01,8.107681572437286377e-02
2.042286743720372610e-01,3.062647767364977923e-03,-3.347206736604373123e-02,1.747720725611638954e+02,8.175429701805114746e-02
2.046522448460260934e-01,-2.651071175932878578e-03,3.379546850919723511e-02,-4.485357848574011541e+00,8.154482394456863403e-02
2.047367741664250784e-01,1.422869041562080383e-02,-3.054338693618774414e-02,1.550214596302334655e+02,7.849590480327606201e-02
2.049386401971181049e-01,-1.132172718644142324e-02,-3.172333911061286926e-02,-1.603590502693132294e+02,7.778327167034149170e-02
2.050100515286127634e-01,-2.252425812184810638e-02,-2.513180735210577763e-02,-1.381318728625320489e+02,8.044660836458206177e-02
2.051735917727152692e-01,2.473669188718001163e-02,-2.298625682791074348e-02,1.328993837606116699e+02,8.038700371980667114e-02
2.052608082691828595e-01,3.499974496662622368e-03,3.366342683633168770e-02,5.935695421740123656e+00,7.910211384296417236e-02
2.056064605712890903e-01,-2.999783555666605747e-02,1.576165234049161160e-02,-6.228138203320392563e+01,8.517280966043472290e-02
2.056960960229237967e-01,1.674764572332302845e-02,2.933780600627263618e-02,2.972011973847942556e+01,7.667299360036849976e-02
2.057155271371205463e-01,3.347985694805781509e-02,-4.784073447808623314e-03,9.813217651106232609e+01,7.985705137252807617e-02
2.065302282571792603e-01,-3.393595044811566902e-02,-2.771385305095465292e-03,-9.466870935594550929e+01,8.324491232633590698e-02
2.065599262714385986e-01,2.597590535879135132e-02,2.193441366155942512e-02,4.982179011266642732e+01,8.335004746913909912e-02
2.073097974061965942e-01,-3.284984827041625977e-02,9.309342208628853740e-03,-7.417776233450938150e+01,8.669006824493408203e-02
2.073909044265747070e-01,-3.070194584627946102e-02,-1.492851537962754625e-02,-1.159308763427878830e+02,8.293844014406204224e-02
2.078906347354252948e-01,3.203432510296504165e-02,-1.201811836411555839e-02,1.105642715540094088e+02,8.317858725786209106e-02
2.083505988121032715e-01,-2.310170419514179230e-02,2.535190495351950443e-02,-4.234107648965103010e+01,8.437028527259826660e-02
2.091448505719502859e-01,3.331648372113704681e-02,8.414858098452288743e-03,7.582506819794207331e+01,8.058627694845199585e-02
2.097508410612742014e-01,-2.809179387986660351e-02,2.020402190585931027e-02,-5.427576890654299291e+01,8.412738889455795288e-02
2.099909136692683087e-01,-1.193065258363882816e-02,3.263040756185849739e-02,-2.008392327554814827e+01,8.386678993701934814e-02
2.108171582221984863e-01,1.717260728279749408e-03,-3.471472486853599548e-02,1.771680129077914785e+02,8.003776520490646362e-02
2.111059278249740601e-01,-6.210254505276676523e-03,3.433551887671153213e-02,-1.025223190653390759e+01,8.139420300722122192e-02
2.111087044080098563e-01,3.473421434561412002e-02,8.260282532622409586e-04,8.863768291854599113e+01,7.932524383068084717e-02
2.111683636903762817e-01,-1.121910444150368488e-02,-3.286270610988140106e-02,-1.611504441598328015e+02,7.885950058698654175e-02
2.117155442635218210e-01,7.080223411321643484e-03,3.419715414444605972e-02,1.169732223216967881e+01,7.660181820392608643e-02
2.119728525479634695e-01,1.417459206034739870e-02,-3.189274979134400917e-02,1.560374561224925571e+02,7.991150021553039551e-02
2.120312303304672241e-01,1.489197649061679840e-02,3.128281856576602127e-02,2.545647125482225448e+01,7.515936344861984253e-02
2.130566537380218506e-01,-2.288339659571647644e-02,-2.659542051454385353e-02,-1.392904345363100163e+02,8.200597763061523438e-02
2.132047365109125958e-01,2.508372130493323124e-02,-2.455828338861465801e-02,1.343935730234499317e+02,8.122221380472183228e-02
2.132306446631749564e-01,2.849950765570005012e-02,2.048437173167864597e-02,5.429284383988284901e+01,8.173259347677230835e-02
2.133396466573079520e-01,-3.422408675154050423e-02,8.107498676205674229e-03,-7.667262502420527426e+01,8.753368258476257324e-02
2.146504422028859271e-01,-4.835929411152998028e-03,-3.503979245821635391e-02,-1.721421061743764085e+02,8.005918562412261963e-02
2.147741615772247592e-01,-3.123122329513232029e-02,-1.658984428892533100e-02,-1.179769803802764585e+02,8.248917758464813232e-02
2.147757907708485736e-01,-2.130417339503765106e-02,2.841725076238314426e-02,-3.685858613165306252e+01,8.461339771747589111e-02
2.148168236017227173e-01,3.252502468725045753e-02,1.383830715591708935e-02,6.695187440941856494e+01,8.260706067085266113e-02
2.151050170262654715e-01,-3.530921911199887825e-02,-3.700043462837736101e-03,-9.598217636223363058e+01,7.954157888889312744e-02
2.153325726588567191e-01,7.944193047781785907e-03,-3.459405650695165230e-02,1.670668053011198140e+02,8.211230486631393433e-02
2.154072274764378681e-01,3.264814863602320816e-02,-1.385730753342310703e-02,1.129984990491006158e+02,8.361163735389709473e-02
2.158333112796147757e-01,-2.996784759064515663e-02,1.929322878519693779e-02,-5.722666199081820082e+01,8.363874256610870361e-02
2.160456975301106863e-01,-1.750886222968498634e-02,-3.100252896547317852e-02,-1.505441529208441125e+02,8.132599294185638428e-02
2.161985486745834628e-01,-1.622769609093666077e-02,3.185081047316392494e-02,-2.699842557539333043e+01,8.444301038980484009e-02
2.162840962409973145e-01,2.001080010086297989e-02,-2.948095525304476883e-02,1.458324998447229177e+02,7.968040555715560913e-02
2.175162434577941895e-01,-3.591232250134150650e-02,2.028090180829166499e-03,-8.676774698682071119e+01,8.337881416082382202e-02
2.175250053405761719e-01,-3.559183329343789705e-03,3.571860368053118850e-02,-5.690458684031385772e+00,8.123810589313507080e-02
2.175260583559671945e-01,3.580248914659029356e-03,3.571228062113126350e-02,5.724922286099005220e+00,7.888843864202499390e-02
2.176756511131922311e-01,-2.767479047179222107e-02,-2.282847960789998604e-02,-1.295186612808860787e+02,8.375068008899688721e-02
2.177187800407409668e-01,-3.324812774856885506e-02,1.364901568740606308e-02,-6.768087771480784909e+01,8.552777767181396484e-02
2.179292043050130023e-01,2.955144022901853157e-02,-2.040661623080571377e-02,1.246268469278947464e+02,8.336573094129562378e-02
2.184187720219294138e-01,3.594456861416499283e-02,-1.182885995755593271e-03,9.188484457234632430e+01,8.138257265090942383e-02
2.185916205247243338e-01,1.920342165976762772e-02,3.020111285150051117e-02,3.245030026794762534e+01,8.058314770460128784e-02
2.194538265466690063e-01,-3.438751151164372993e-02,-1.066866780941685272e-02,-1.072364157657460453e+02,7.896929234266281128e-02
2.195991277694702148e-01,2.611045228938262130e-02,2.500355119506518162e-02,4.624057685817714969e+01,8.226560801267623901e-02
2.197185804446538382e-01,-2.620547451078891754e-02,2.471386579175790382e-02,-4.667791748210116509e+01,8.170636743307113647e-02
2.205421874920527325e-01,3.530403474966685440e-02,-8.632176866134006615e-03,1.037397931240450646e+02,8.234742283821105957e-02
2.222257951895396100e-01,3.462751830617587234e-02,1.183079043403267860e-02,7.113682482389678796e+01,8.184807747602462769e-02
2.224708447853724347e-01,-5.074118108799059897e-03,-3.632304569085439278e-02,-1.720475756489368280e+02,8.281481266021728516e-02
2.229425907135009766e-01,7.958467739323776130e-03,-3.589145839214324951e-02,1.674976826871843230e+02,8.064915984869003296e-02
2.230596244335174561e-01,-3.484692672888438369e-02,1.171388539175192631e-02,-7.141979492337944180e+01,8.440255373716354370e-02
2.232165187597275058e-01,2.008199226111173630e-02,-3.082375663022200729e-02,1.469153456933718758e+02,8.237846195697784424e-02
2.236936738093694144e-01,-3.662395104765892029e-02,4.189978819340468320e-03,-8.347342764419684613e+01,8.291181921958923340e-02
2.238429536422093802e-01,-1.745160079250733173e-02,-3.251510299742221832e-02,-1.517765254520573706e+02,8.158593624830245972e-02
2.238638897736867361e-01,3.662933160861333443e-02,4.398427127550046806e-03,8.315274351939757480e+01,8.188462257385253906e-02
2.240927616755167828e-01,-1.440396346151828766e-02,3.408045880496501923e-02,-2.291114681174827794e+01,7.969432324171066284e-02
2.242947667837143222e-01,7.709306664764885471e-03,3.615853935480117798e-02,1.203573196073064011e+01,7.853457331657409668e-02
2.243042041858037405e-01,-7.455848778287566501e-03,3.624314069747924805e-02,-1.162457314292183952e+01,7.896200567483901978e-02
2.250446428855260583e-01,1.552072633057832891e-02,3.356170716385047104e-02,2.481834284404406077e+01,8.167173713445663452e-02
2.251242001851399555e-01,2.972973448534806801e-02,-2.220552042126655579e-02,1.267565258076656534e+02,7.976038753986358643e-02
2.252566268046696796e-01,-2.790264599025249481e-02,-2.451046369969845165e-02,-1.312969752904163840e+02,8.255270123481750488e-02
2.262475788593292236e-01,1.493346722175678412e-03,-3.729537998636563850e-02,1.777070408870725942e+02,8.133024722337722778e-02
2.265152931213378906e-01,1.426005891213814360e-02,-3.453295305371284485e-02,1.575622814483756429e+02,8.114641159772872925e-02
2.267860223849614554e-01,-1.140003170197208780e-02,-3.565853337446849014e-02,-1.622709239019555412e+02,8.187507092952728271e-02
2.269784907499949322e-01,2.898005644480387832e-02,2.360834926366806030e-02,5.083231926496950592e+01,8.469344675540924072e-02
2.270290056864420758e-01,-2.824599420030911648e-02,2.413790921370188164e-02,-4.948410980336341680e+01,8.223441988229751587e-02
2.272606094678242816e-01,-3.512722377975781990e-02,-1.247929238403837002e-02,-1.095580834412213989e+02,8.139336109161376953e-02
2.273321549097697125e-01,2.533320772151152409e-02,-2.769998895625273155e-02,1.375553174837946813e+02,8.031493425369262695e-02
2.279778768618901663e-01,3.610027829806010391e-02,-1.047638213882843596e-02,1.061828477752697353e+02,8.389465510845184326e-02
2.280189792315165387e-01,3.347160543004672195e-02,1.708165307839711738e-02,6.296329513298331904e+01,8.340145647525787354e-02
2.284348855415980206e-01,-2.305399067699909210e-02,-2.978997863829135895e-02,-1.422642820602825395e+02,8.106794208288192749e-02
2.284845809141795026e-01,-3.360716626048088074e-02,1.678214191148678577e-02,-6.346419984193850894e+01,8.304157108068466187e-02
2.300379127264022827e-01,3.362268644074599411e-02,-1.750041699657837665e-02,1.174967208072470157e+02,8.155352622270584106e-02
2.300471166769663678e-01,-3.793129697442054749e-02,1.275196904316545617e-03,-8.807452158291566491e+01,8.128096908330917358e-02
2.301619201898574829e-01,-3.219879108170668053e-02,-2.008245295534531391e-02,-1.219518757924430901e+02,8.371526747941970825e-02
2.309960226217905865e-01,4.129057750105864788e-03,3.781747817993164062e-02,6.231091333507182028e+00,8.159989118576049805e-02
2.310065130392710553e-01,-3.896665448943767689e-03,3.789575646320979263e-02,-5.870857207607548922e+00,7.967765629291534424e-02
2.312810470660527917e-01,-1.845605485141277313e-02,3.341921605169773102e-02,-2.891005978872655646e+01,8.070885390043258667e-02
2.312956353028615408e-01,3.806212544441223145e-02,2.329388555760186080e-03,8.649788655740321985e+01,8.195245265960693359e-02
2.322559505701065341e-01,1.977833546698093414e-02,3.274994405607382919e-02,3.112860384468843833e+01,8.580884337425231934e-02
2.325571328401565552e-01,-3.767455990115801956e-02,-6.709136456872025547e-03,-1.000974575904411381e+02,8.155471086502075195e-02
2.326673368612925397e-01,-2.523556972543398655e-02,2.872923575341701508e-02,-4.129585686976676584e+01,8.441534638404846191e-02
2.331822911898295270e-01,2.633063495159149170e-02,2.799414781232675148e-02,4.324605848250622842e+01,8.714809268712997437e-02
2.332862069209416800e-01,3.817360599835713242e-02,-5.096129840239882469e-03,9.760395700001598129e+01,8.299763500690460205e-02
2.338754534721374789e-01,1.640498327712217735e-02,-3.481436396638552810e-02,1.547695738061605937e+02,8.103502541780471802e-02
2.343120276927947998e-01,2.371692036588986946e-02,-3.039755175511042740e-02,1.420377659345326720e+02,7.936502993106842041e-02
2.344575524330139438e-01,3.031682223081590046e-03,-3.851968546708425117e-02,1.754998266999793088e+02,7.936549186706542969e-02
2.345055639743804932e-01,-1.051339646801352674e-02,-3.724154333273570205e-02,-1.642354718216058984e+02,7.994280010461807251e-02
2.349347472190856934e-01,-3.571259727080663277e-02,1.475655535856882847e-02,-6.754943506138103260e+01,8.469364792108535767e-02
2.353311280409495221e-01,3.567295894026756287e-02,1.528087041030327595e-02,6.681164214898682019e+01,8.553402125835418701e-02
2.358632336060206280e-01,-3.825970366597175598e-02,6.773516923810046081e-03,-7.996035613979047696e+01,8.442377299070358276e-02
2.363983343044916696e-01,-2.289089436332384861e-02,-3.156346827745437622e-02,-1.440491082176378939e+02,8.063644170761108398e-02
2.369696895281473981e-01,3.826166565219561722e-02,7.960969194148978176e-03,7.824636670037497765e+01,8.404847234487533569e-02
2.371075848738352643e-01,3.408680794139703346e-02,-1.913392699013153828e-02,1.193067778199090014e+02,8.170184493064880371e-02
2.379916111628214703e-01,-7.886110804975029337e-03,3.846206888556480408e-02,-1.158710860116592478e+01,7.865563035011291504e-02
2.379916658004124774e-01,-3.259540535509586334e-02,-2.186552962909142292e-02,-1.238543535694787892e+02,8.388657867908477783e-02
2.381086200475693027e-01,8.219086875518168828e-03,3.837480147679647041e-02,1.208892576393946250e+01,8.150961995124816895e-02
2.384003599484761649e-01,-2.649147373934587421e-03,-3.913036112984021736e-02,-1.761269536044585777e+02,7.891778647899627686e-02
2.384775876998901645e-01,-1.549738552421331406e-02,3.614821036656697822e-02,-2.320568101518277615e+01,7.895450294017791748e-02
2.385127246379852295e-01,1.164172760521372217e-02,-3.739717478553454544e-02,1.627086527193795291e+02,7.857301086187362671e-02
2.386186718940735141e-01,1.605694492657979561e-02,3.590409954388936592e-02,2.409503335154224857e+01,8.258140832185745239e-02
2.391737451155980521e-01,2.857756863037744927e-02,-2.653659321367740631e-02,1.328792045002148541e+02,7.895880192518234253e-02
2.395259439945220947e-01,-1.640186924487352718e-02,-3.587160259485244751e-02,-1.554283074044002717e+02,7.922217249870300293e-02
2.403292407592137470e-01,-2.897417917847633709e-02,2.699802753825982643e-02,-4.702204174247573576e+01,8.642559498548507690e-02
2.404070496559143344e-01,2.940783525506655491e-02,2.658188839753469063e-02,4.788941497679414283e+01,8.569508045911788940e-02
2.404266893863677979e-01,3.906766076882679795e-02,-7.065393729135394096e-03,1.002511500655657244e+02,8.306548744440078735e-02
2.406305273373922082e-01,-3.854757174849510193e-02,-9.287488258754214229e-03,-1.035464172353089509e+02,8.432932943105697632e-02
2.410498211781183786e-01,-2.813616394996643066e-02,-2.806703001260757446e-02,-1.349295221400296612e+02,8.229251205921173096e-02
2.411410758892695017e-01,-3.409003466367721558e-02,2.038111444562673569e-02,-5.912642783303977012e+01,8.589673787355422974e-02
2.415153980255127231e-01,3.425861025849978592e-02,2.039530718078216148e-02,5.923323350845384283e+01,8.537299185991287231e-02
2.421880314747492657e-01,3.745845456918080879e-02,-1.407915602127711094e-02,1.105992609783180569e+02,8.411082625389099121e-02
2.431637495756149292e-01,-3.639684990048408508e-02,-1.684072085966666771e-02,-1.148298487967673083e+02,8.433929085731506348e-02
2.438844045003255301e-01,-3.990963970621427132e-02,4.763400182127952576e-03,-8.319368157238955064e+01,8.360552787780761719e-02
2.440392275651296072e-01,3.980504597226779129e-02,6.086023912454645128e-03,8.130703820879053012e+01,8.410546183586120605e-02
2.450176477432250977e-01,-3.989445356031251673e-03,4.023840402563413216e-02,-5.662098572730138279e+00,8.081961423158645630e-02
2.451451470454534265e-01,4.090029125412311846e-03,4.022941490014394356e-02,5.805179370942314954e+00,8.175137639045715332e-02
2.454228699207306186e-01,-1.936606410890817642e-02,3.556053216258685257e-02,-2.857246052999714792e+01,8.299362659454345703e-02
2.455056558052698679e-01,4.049956053495407104e-02,-1.514820614829659028e-03,9.214205749335040707e+01,8.207729458808898926e-02
2.458882331848144531e-01,-2.606334288914998604e-02,3.110032963256041671e-02,-3.996437841602477192e+01,8.675821870565414429e-02
2.460604409376780377e-01,1.968075397113959110e-02,3.550015141566594673e-02,2.900333176011879743e+01,8.573476970195770264e-02
2.461416820685068951e-01,-4.045424486200015213e-02,-3.313271639247736787e-03,-9.468217154495864918e+01,8.323734253644943237e-02
2.468711187442143851e-01,1.371698314324021339e-02,-3.825110693772634102e-02,1.602719856046145424e+02,7.952671498060226440e-02
2.468975285689035959e-01,2.781539037823677063e-02,-2.916493453085422863e-02,1.363567618479836483e+02,8.468513935804367065e-02
2.469224780797958374e-01,2.647934481501579285e-02,3.093373651305834915e-02,4.056359644969130329e+01,8.750918507575988770e-02
2.469764053821563721e-01,-1.321136912641426506e-03,-4.066924005746841431e-02,-1.781394056152854546e+02,7.832907885313034058e-02
2.474908083677291870e-01,-1.584171348561843468e-02,-3.758039822181066109e-02,-1.571425371003134615e+02,8.145284652709960938e-02
2.476147065560023175e-01,3.647851571440696716e-02,1.846221058319012440e-02,6.315548579857908607e+01,8.220569789409637451e-02
2.480144500732421875e-01,-3.649335106213887764e-02,1.841480440149704384e-02,-6.322416386768151852e+01,8.675150573253631592e-02
2.484999746084213534e-01,3.943624471624692512e-02,1.147282853101690668e-02,7.377918151600688645e+01,8.242370933294296265e-02
2.492488622665405273e-01,3.759990135828653740e-02,-1.671828050166368484e-02,1.139716669765545589e+02,8.178023248910903931e-02
2.496227473020553589e-01,-2.822715851167837894e-02,-2.997467791040738308e-02,-1.367197982148625215e+02,8.343787491321563721e-02
2.498292922973632812e-01,-3.976584970951080322e-02,1.078012857275704485e-02,-7.483222602206228657e+01,8.473016321659088135e-02
2.507089078426361084e-01,2.092935206989447045e-02,-3.560868774851163460e-02,1.495547032740136046e+02,8.452382683753967285e-02
2.510464737812677649e-01,-8.625230247465273323e-03,-4.048921788732211258e-02,-1.679743033356966180e+02,8.158477395772933960e-02
2.513919919729232788e-01,6.434948222401240883e-03,-4.091249654690425064e-02,1.710614263420143573e+02,7.973048835992813110e-02
2.516118536392847882e-01,-3.699919457236926223e-02,-1.881779606143633640e-02,-1.169578956176512463e+02,8.463812619447708130e-02
2.518921991189320697e-01,3.346607647836208344e-02,-2.440139278769493103e-02,1.260972168890331204e+02,8.509758859872817993e-02
2.523993651072184430e-01,-1.604769068459669518e-02,3.846597050627072883e-02,-2.264550128786611793e+01,8.161903172731399536e-02
2.524801194667816162e-01,-8.282346650958057749e-03,4.082998385032018257e-02,-1.146683755689686812e+01,7.974389195442199707e-02
2.525268495082855225e-01,4.154773677388827469e-02,-3.475504927337170081e-03,9.478171007490375644e+01,8.257218450307846069e-02
2.526002476612727032e-01,8.233847096562389029e-03,4.086519901951154304e-02,1.139188583880167727e+01,7.971727848052978516e-02
2.529361248016357422e-01,-2.242173316578070438e-02,-3.517991180221240188e-02,-1.474888133384157811e+02,8.401247859001159668e-02
2.530054897069931030e-01,1.598671389122803890e-02,3.860663746794065071e-02,2.249407268576328178e+01,8.262888342142105103e-02
2.531366944313049316e-01,-2.922073379158973694e-02,2.991359494626522064e-02,-4.432871135358027459e+01,8.566317707300186157e-02
2.540427347024282190e-01,-4.156763230760892464e-02,-5.345689365640283498e-03,-9.732814160088901190e+01,8.284579217433929443e-02
2.541272242863972797e-01,3.527543197075525688e-02,2.286727291842301918e-02,5.704670528850397204e+01,7.769417762756347656e-02
2.544510761896768836e-01,-3.453488647937774658e-02,2.384498280783494545e-02,-5.537644490181588708e+01,8.618531376123428345e-02
2.545087138811747418e-01,4.025728379686673020e-02,-1.166520252202947992e-02,1.061598047939790774e+02,8.122977614402770996e-02
2.545433441797892438e-01,3.012703607479731011e-02,2.915221763153871132e-02,4.594211625973811408e+01,8.267557621002197266e-02
2.550126959880193445e-01,-3.328874458869298530e-02,-2.575025272866090023e-02,-1.277234685399774179e+02,8.533077687025070190e-02
2.550723552703857422e-01,4.094978173573812080e-02,1.020110879714290417e-02,7.601161705218764553e+01,8.103442937135696411e-02
2.569796840349833356e-01,-4.026330386598905159e-02,-1.329698118691643137e-02,-1.082758384232186017e+02,8.423662185668945312e-02
2.576328019301096783e-01,4.236675923069318367e-02,2.853619866073130694e-03,8.614665372569312751e+01,8.321106433868408203e-02
2.577567398548126221e-01,-4.162186880906423164e-02,8.704883900160590229e-03,-7.818730842113038193e+01,8.310159295797348022e-02
2.581111292044321881e-01,-1.977614468584458149e-02,3.780217592914899422e-02,-2.761623948609454260e+01,8.279253542423248291e-02
2.583830952644348145e-01,-2.625190901259581711e-02,3.371000289916992188e-02,-3.790993374903785451e+01,8.307208865880966187e-02
2.589415609836578369e-01,3.858898207545280457e-02,1.771372587730487072e-02,6.534318086832092831e+01,7.725305855274200439e-02
2.594715654850006104e-01,2.135210484266281128e-02,-3.705255190531413223e-02,1.500466393285590243e+02,8.822447806596755981e-02
2.597129046916961670e-01,-4.287904625137647224e-02,6.557377831389508104e-04,-8.912385926798560831e+01,8.158540725708007812e-02
2.598802149295806885e-01,-8.427188537704449062e-03,-4.203412185112635757e-02,-1.686633796824321792e+02,8.255483210086822510e-02
2.599741617838541852e-01,4.143817971150086724e-03,4.272229348619779182e-02,5.540032745690939286e+00,8.013653010129928589e-02
2.599815328915914270e-01,-4.292901294926794800e-03,4.267808919151624275e-02,-5.743944435818915117e+00,8.109490573406219482e-02
2.600272794564564838e-01,6.920688979638118382e-03,-4.229181135694186355e-02,1.707064133184232162e+02,8.120024204254150391e-02
2.605329056580861224e-01,3.324899884561698105e-02,-2.717654903729756904e-02,1.292613423047649803e+02,8.453459292650222778e-02
2.605631649494171143e-01,2.036137382189433243e-02,3.785432626803716255e-02,2.827525813152078271e+01,8.524075895547866821e-02
2.612389822800954553e-01,2.770310516158739841e-02,3.296632133424282074e-02,4.004186906638974364e+01,8.351303637027740479e-02
2.615454594294229773e-01,-2.264119560519854343e-02,-3.674335653583209182e-02,-1.483586930222422779e+02,8.528921753168106079e-02
2.626205682754516602e-01,4.097826654712358879e-02,-1.394819607958197767e-02,1.087975644542503630e+02,8.162706345319747925e-02
2.626388867696126117e-01,-3.729414567351341248e-02,2.205778534213702000e-02,-5.939762222287323112e+01,8.578892052173614502e-02
2.641297082106272009e-01,-4.110862935582797195e-02,1.455236226320266724e-02,-7.050615153042804195e+01,8.472654223442077637e-02
2.642102738221486780e-01,-3.419934461514155533e-02,-2.709087543189525604e-02,-1.283843656290545141e+02,8.520353585481643677e-02
2.642690638701121197e-01,1.462547667324543173e-02,-4.107428590456645157e-02,1.604005182615513831e+02,8.469712734222412109e-02
2.643008927504221228e-01,2.802106551826000214e-02,-3.338395493725936081e-02,1.399913383843414749e+02,8.782279491424560547e-02
2.644454340140025006e-01,-6.373544456437234447e-04,-4.359345883131027222e-02,-1.791623716232915058e+02,8.076889812946319580e-02
2.646863162517547607e-01,-1.637691414604584145e-02,4.060350855191548897e-02,-2.196606415220515629e+01,8.064405620098114014e-02
2.649338841438293457e-01,-1.586313421527544773e-02,-4.068874691923459602e-02,-1.587009110227980671e+02,8.369964361190795898e-02
2.653739452362060547e-01,-4.118470847606658936e-02,-1.494939578697085554e-02,-1.099500940424626236e+02,8.479253202676773071e-02
2.654091715812683105e-01,4.373550663391749527e-02,1.121706794947385354e-03,8.853082806726777676e+01,8.324732631444931030e-02
2.656445801258087158e-01,-2.803505708773931099e-02,3.390084579586982727e-02,-3.958980240740166323e+01,8.207542449235916138e-02
2.660014231999714984e-01,3.810380647579829361e-02,-2.177643030881881714e-02,1.197480852692538491e+02,8.161451667547225952e-02
2.664759655793508264e-01,-8.659014788766699125e-03,4.311540847023328377e-02,-1.135583977050929327e+01,8.082156628370285034e-02
2.665122648080190393e-01,4.043299456437429024e-02,1.623163372278213501e-02,6.812724086414498004e+01,8.297213166952133179e-02
2.670904397964477539e-01,8.561286454399430826e-03,4.325234765807788040e-02,1.119629181746843649e+01,7.860053330659866333e-02
2.672742009162902832e-01,1.702597551047801971e-02,4.064294199148814346e-02,2.272958599622031173e+01,8.079315721988677979e-02
2.673294643561044959e-01,-4.412511239449183609e-02,-1.536374213173986349e-03,-9.199415267688748088e+01,8.320008963346481323e-02
2.674296597639719275e-01,-2.935722097754478455e-02,-3.287874534726142883e-02,-1.382385383476696745e+02,8.458736538887023926e-02
2.684150735537211285e-01,4.363746692736943794e-02,-7.490411556015411434e-03,9.973995429647607125e+01,8.300572633743286133e-02
2.685859898726145611e-01,-3.376314106086889671e-02,2.831724037726720059e-02,-5.001334564610336031e+01,8.427012711763381958e-02
2.689396838347117291e-01,3.193564340472221375e-02,3.082605575521787239e-02,4.601284808677023364e+01,8.216904848814010620e-02
2.692036926746368408e-01,-3.883119920889537002e-02,-2.181083336472511292e-02,-1.193221916842006181e+02,8.506679534912109375e-02
2.692296802997589111e-01,-2.163250495990117275e-02,3.864294166366259720e-02,-2.924031234171208382e+01,8.103853464126586914e-02
2.700535555680592670e-01,-4.373510306080182625e-02,-9.190215962007641792e-03,-1.018671119681987136e+02,8.501637727022171021e-02
2.704194287459055768e-01,4.416254162788391113e-02,6.987103571494420948e-03,8.100956322204724813e+01,8.678975701332092285e-02
2.709545989831288471e-01,-4.294497768084208633e-02,1.263094320893287659e-02,-7.361037687748550695e+01,8.412718027830123901e-02
2.712525328000386926e-01,3.821622952818870544e-02,2.256599285950263573e-02,5.943891702050697035e+01,8.361960202455520630e-02
2.721981902917226526e-01,-4.470428327719370987e-02,4.591352849577862855e-03,-8.413599845352273121e+01,8.411691337823867798e-02
2.737369139989217492e-01,2.854129920403162754e-02,-3.499371868868669105e-02,1.407989000716096939e+02,8.889536559581756592e-02
2.739556431770324707e-01,1.499027945101261139e-02,-4.265709221363067627e-02,1.606378346624484834e+02,8.699434250593185425e-02
2.741620540618896484e-01,-3.035774473876995568e-04,-4.521784683068593574e-02,-1.796153411454476441e+02,8.265279233455657959e-02
2.742149035135905133e-01,-4.366113493839892182e-03,4.505739733576774597e-02,-5.534746485181321951e+00,8.381835371255874634e-02
2.747999727725982666e-01,-1.577066505948702610e-02,-4.247716441750526428e-02,-1.596313497814718403e+02,8.249668776988983154e-02
2.748367488384246826e-01,4.417468483249352776e-03,4.515013222893079353e-02,5.588007855194819129e+00,8.255569636821746826e-02
2.751694122950236188e-01,2.173064524928728508e-02,3.984912857413291931e-02,2.860464936417025328e+01,8.411659300327301025e-02
2.757731378078460693e-01,3.884267682830492424e-02,-2.371916361153125763e-02,1.214102000355194519e+02,8.355496078729629517e-02
2.761590778827667236e-01,2.929858180383840965e-02,3.492024727165699005e-02,3.999712599762127496e+01,8.722020685672760010e-02
2.764916718006134033e-01,-3.061829010645548618e-02,-3.377289449175199104e-02,-1.378047491491718404e+02,8.567323535680770874e-02
2.770898838837941858e-01,4.475055138270060684e-02,-9.389937855303287506e-03,1.018503636604909559e+02,8.659127354621887207e-02
2.772512833277384625e-01,-3.484921467800935341e-02,2.926938484112422134e-02,-4.997355381623010118e+01,8.680406212806701660e-02
2.773513396581014367e-01,-2.150316474338372433e-02,4.028446724017461372e-02,-2.809254273961060022e+01,8.403894305229187012e-02
2.777436375617980957e-01,-4.289947574337323738e-02,1.681664151449998451e-02,-6.859476613185402982e+01,8.763890713453292847e-02
2.777935961882273541e-01,-3.984982768694560196e-02,-2.291091034809748447e-02,-1.198959404553889954e+02,8.402284234762191772e-02
2.780553698539733887e-01,-4.479523499806722237e-02,-1.061514338168005091e-02,-1.033314897115673148e+02,8.426015079021453857e-02
2.785941660404205322e-01,2.223714130620161808e-02,-4.024512196580569412e-02,1.510774830099214228e+02,9.159427136182785034e-02
2.786146601041158410e-01,4.584700986742973328e-02,5.037232302129267779e-03,8.373003468087117085e+01,8.799523115158081055e-02
2.790386676788330078e-01,-4.595522334178289009e-02,3.706332839404543385e-03,-8.538902063642294138e+01,8.563590049743652344e-02
2.794304788112640381e-01,7.619268755661325401e-03,-4.549900566538175178e-02,1.704934508904088091e+02,8.538135141134262085e-02
2.794629236062368127e-01,-8.000942383660003543e-03,-4.544692734877268936e-02,-1.700153787848227864e+02,8.323577046394348145e-02
2.797406415144602643e-01,3.450810288389523361e-02,-3.072904609143733978e-02,1.316846758089127150e+02,8.754760771989822388e-02
2.797445952892303467e-01,4.134997973839442398e-02,2.006417792290449142e-02,6.411602880041496633e+01,9.170691668987274170e-02
2.804735600948333740e-01,-2.380979557832082344e-02,-3.942592317859332229e-02,-1.488717103038132450e+02,8.517212420701980591e-02
2.806108196576436731e-01,8.631279692053798330e-03,4.554102818171183731e-02,1.073183883089518531e+01,8.378670364618301392e-02
2.807597219944000244e-01,1.747976740201314175e-02,4.284943019350370003e-02,2.219224962251954381e+01,8.315497636795043945e-02
2.810670932133992883e-01,4.283022135496139526e-02,-1.779045568158229423e-02,1.125566084842624264e+02,8.715305477380752563e-02
2.811923821767171039e-01,-8.120743247369922868e-03,4.577417671680450439e-02,-1.006010530377703560e+01,8.526542037725448608e-02
2.812597453594207764e-01,-3.983836993575096130e-02,2.381805392603079941e-02,-5.912618208919602836e+01,8.913848549127578735e-02
2.818621893723806116e-01,-3.647904222210247849e-02,-2.908510155975818634e-02,-1.285657023534405425e+02,8.524545282125473022e-02
2.819656630357106897e-01,-4.326346889138221741e-02,-1.747440019001563274e-02,-1.119941070357318296e+02,8.299235254526138306e-02
2.821717560291290283e-01,-4.643618439634641243e-02,-3.846321643019715367e-03,-9.473501581842702990e+01,8.396285027265548706e-02
2.822113037109375000e-01,-1.570930238813161850e-02,4.401828721165657043e-02,-1.964053074171704694e+01,8.461362868547439575e-02
2.822792132695516321e-01,4.653305932879447937e-02,-2.727690773705641718e-03,9.335474467404647214e+01,8.803834766149520874e-02
2.824315329392751428e-01,-2.899179048836231232e-02,3.649451583623886108e-02,-3.846415560265738520e+01,8.760977536439895630e-02
2.827692925930023193e-01,-4.528758178154627945e-02,1.137305703014135534e-02,-7.590285293247282539e+01,8.683579415082931519e-02
2.831905782222747803e-01,3.282516635954380035e-02,3.335651693244775368e-02,4.454000125650359365e+01,8.897970616817474365e-02
2.831995586554209576e-01,4.525121301412582397e-02,1.177994751681884014e-02,7.540843149290233782e+01,9.226491302251815796e-02
2.844632466634114953e-01,3.859597817063331604e-02,2.676051047941049171e-02,5.526450656551897112e+01,9.201585501432418823e-02
2.893140614032745361e-01,2.284013852477073669e-02,-4.195331037044525146e-02,1.514353306781814297e+02,8.317486941814422607e-02
2.894008954366048547e-01,4.213811208804455963e-03,4.766203338901202347e-02,5.052396423347528476e+00,7.818623632192611694e-02
2.895497977733612061e-01,1.846620502571265018e-02,4.407004763682683540e-02,2.273462966287525688e+01,7.761112600564956665e-02
2.896362741788228723e-01,7.840314753896867814e-03,-4.718672732512156631e-02,1.705661993482236198e+02,8.103750646114349365e-02
2.897165715694427490e-01,3.532444934050241875e-02,-3.231555471817652153e-02,1.324529365309266495e+02,7.909101992845535278e-02
2.898500263690948486e-01,-7.968552847160028166e-03,-4.721114784479141235e-02,-1.704196045393765928e+02,7.241260260343551636e-02
2.903815706570943567e-01,-2.393441461026668549e-02,-4.125848039984703064e-02,-1.498815951311296715e+02,8.038564026355743408e-02
2.906018694241842004e-01,4.399017120401065017e-02,-1.915296570708354545e-02,1.135279205292106610e+02,7.842743396759033203e-02
2.906043032805124549e-01,-3.754629753530017676e-03,4.798791681726774505e-02,-4.473773481949672615e+00,7.840229570865631104e-02
2.906171282132467004e-01,-4.652557025353114273e-02,1.181410873929659641e-02,-7.575217591148907559e+01,7.910242676734924316e-02
2.906195422013601037e-01,-4.784112175305684639e-02,-3.941158298403024673e-03,-9.470940010984365642e+01,7.448588311672210693e-02
2.907477716604868201e-01,-4.433731486399968696e-02,-1.871154302110274517e-02,-1.128810568748575207e+02,7.645762711763381958e-02
2.907490034898122522e-01,-3.676086167494455742e-02,-3.104235418140888214e-02,-1.301790963261341005e+02,7.836462557315826416e-02
2.909511228402456018e-01,-4.033643131454785896e-02,2.618323142329851902e-02,-5.701154444062907345e+01,7.843104749917984009e-02
2.909725904464721680e-01,4.792759070793788101e-02,-3.820058424025774869e-03,9.455711398922603905e+01,7.823964953422546387e-02
2.909909884134928570e-01,3.107566448549429691e-02,3.689283753434817459e-02,4.010818681232169780e+01,7.965525984764099121e-02
2.911571562290191650e-01,-2.967351302504539490e-02,3.780960415800412727e-02,-3.812532526286800305e+01,8.394964039325714111e-02
2.915460864702860699e-01,4.666153465708096360e-02,1.188560202717781240e-02,7.570954025558731360e+01,7.967477291822433472e-02
2.916232248147329065e-01,-1.674031062672535694e-02,4.533396412928900054e-02,-2.026749501013995314e+01,7.766405493021011353e-02
2.922636568546295166e-01,4.055860762794812752e-02,2.626678471763928616e-02,5.707188069994850110e+01,8.354943245649337769e-02
2.944327394167582379e-01,2.996064287920793129e-02,-3.828841572006543709e-02,1.419568593042082512e+02,7.201938331127166748e-02
2.946188648541768762e-01,2.448829698065916813e-02,4.197277501225471497e-02,3.026069249097123404e+01,6.861719489097595215e-02
2.947549521923065186e-01,-5.014191265218046617e-05,-4.866978898644447327e-02,-1.799409712058534581e+02,6.748577952384948730e-02
2.948813339074453088e-01,1.581432266781727242e-02,-4.605300227801005508e-02,1.610478381846091622e+02,7.423110306262969971e-02
2.949309448401133404e-01,9.617717315753306767e-03,4.768331969777743484e-02,1.140354879931955878e+01,6.762559711933135986e-02
2.950950860977172852e-01,-1.586289455493291450e-02,-4.607394213477770950e-02,-1.610018188163449793e+02,6.688703596591949463e-02
2.952828506628672467e-01,-4.463552559415499832e-02,1.962287072092294693e-02,-6.626853283238298786e+01,6.919810175895690918e-02
2.952838440736135217e-01,4.081897313396136429e-02,-2.666818226377169060e-02,1.231577138371336844e+02,6.637274473905563354e-02
2.952852646509806500e-01,-4.727401832739512588e-02,-1.194712286815047264e-02,-1.041828640753852113e+02,6.824845075607299805e-02
2.952864964803060266e-01,-3.102472859124342716e-02,-3.756270433465640213e-02,-1.404451660911208251e+02,7.400592416524887085e-02
2.953180372714996338e-01,4.730503261089324951e-02,-1.184481553112467188e-02,1.040573960245347962e+02,6.806694716215133667e-02
2.953342894713084088e-01,-4.859814917047818733e-02,4.052547893176477317e-03,-8.523319456430658647e+01,6.842556595802307129e-02
2.954625189304351807e-01,-4.120549311240514351e-02,-2.610530580083529270e-02,-1.223558718186651646e+02,7.060728967189788818e-02
2.954888840516408655e-01,-2.321589551866054535e-02,4.291523247957229614e-02,-2.841210193489623492e+01,7.342924177646636963e-02
2.956545650959014893e-01,4.865186288952827454e-02,4.050519162168104287e-03,8.524080582706389464e+01,6.560639292001724243e-02
2.956682840983073102e-01,-3.602899859348933365e-02,3.294965066015720367e-02,-4.755610361333233982e+01,7.243648916482925415e-02
2.958915332953135358e-01,4.472293083866437508e-02,1.967610667149225986e-02,6.625263384677148792e+01,7.065034657716751099e-02
2.961343526840209961e-01,-9.151751485963657839e-03,4.801152770717939666e-02,-1.079201172683904630e+01,6.769859045743942261e-02
2.963721354802449914e-01,3.617521127065023018e-02,3.296249732375144958e-02,4.766052540211881450e+01,6.990738213062286377e-02
