"Time_Iter","Outer_Iter","Inner_Iter",    "Time(sec)"   ,    "Time(sec)"   ,    "rms[Rho]"    ,    "rms[RhoU]"   ,    "rms[RhoV]"   ,    "rms[RhoW]"   ,    "rms[RhoE]"   ,"Linear_Solver_Iterations",    "LinSolRes"   ,     "Min DT"     ,     "Max DT"     ,     "Min CFL"    ,     "Max CFL"    ,     "Avg CFL"    ,    "RefForce"    ,       "CD"       ,       "CL"       ,       "CSF"      ,       "CMx"      ,       "CMy"      ,       "CMz"      ,       "CFx"      ,       "CFy"      ,       "CFz"      ,      "CEff"      ,   "relrms[Rho]"  ,  "relrms[RhoU]"  ,  "relrms[RhoV]"  ,  "relrms[RhoW]"  ,  "relrms[RhoE]"  ,    "CD(nose)"    ,    "CD(body)"    ,    "CD(fins)"    ,    "CD(base)"    ,    "CL(nose)"    ,    "CL(body)"    ,    "CL(fins)"    ,    "CL(base)"    ,    "CSF(nose)"   ,    "CSF(body)"   ,    "CSF(fins)"   ,    "CSF(base)"   ,    "CMx(nose)"   ,    "CMx(body)"   ,    "CMx(fins)"   ,    "CMx(base)"   ,    "CMy(nose)"   ,    "CMy(body)"   ,    "CMy(fins)"   ,    "CMy(base)"   ,    "CMz(nose)"   ,    "CMz(body)"   ,    "CMz(fins)"   ,    "CMz(base)"   ,    "CFx(nose)"   ,    "CFx(body)"   ,    "CFx(fins)"   ,    "CFx(base)"   ,    "CFy(nose)"   ,    "CFy(body)"   ,    "CFy(fins)"   ,    "CFy(base)"   ,    "CFz(nose)"   ,    "CFz(body)"   ,    "CFz(fins)"   ,    "CFz(base)"   ,   "CEff(nose)"   ,   "CEff(body)"   ,   "CEff(fins)"   ,   "CEff(base)"   
          0,           0,           0,       2.599208599,       2.599208599,      -5.739376756,      -5.993296161,      -6.887047108,       -6.87939954,      -5.688224234,                         2,      -1.650638611,   0.0001938660672,      0.8271094441,               2.5,              5.25,        5.24844579,      0.0039269908,     0.05249316613,    0.007893556789,  -9.211184327e-05,    0.005523400795,     -0.0327814318,     0.03005619258,     0.05249316613,  -9.211184327e-05,    0.007893556789,      0.1503730366,                 0,                 0,                 0,                 0,                 0,      0.1016195062,   0.0002578234285,     0.04959315979,     -0.0989773233,    0.004053097412,   0.0009273391155,    0.002913120262,                 0,   -0.004250670401,    0.001497264511,    0.002661294046,                 0,   5.736157076e-06,   2.380302433e-05,    0.005493861614,                 0,   -0.004490306124,    -0.00170365636,    -0.02758722272,   0.0009997534087,   -0.009414632733,     0.01427239387,     0.02493677003,    0.000261661408,      0.1016195062,   0.0002578234285,     0.04959315979,     -0.0989773233,   -0.004250670401,    0.001497264511,    0.002661294046,                 0,    0.004053097412,   0.0009273391155,    0.002913120262,                 0,     0.03988503353,       3.596799254,     0.05874036408,                -0
          0,           0,           1,        2.65376211,       2.626485354,      -5.763694737,      -5.719599242,      -6.285722348,      -6.287930036,       -5.68750283,                         2,      -1.857661964,   0.0002386810309,      0.8684649168,               2.5,            5.5125,        5.51015347,      0.0039269908,      0.2590253645,    0.006887278169,    0.009049783853,    0.004851565439,    -0.04493759314,     0.09654384808,      0.2590253645,    0.009049783853,    0.006887278169,     0.02658920365,                 0,                 0,                 0,                 0,                 0,      0.1151280493,   0.0003718437732,     0.06386973704,     0.07965573437,     0.00294308891,   -0.002350591209,    0.006294780468,                 0,   -0.003304456078,     0.00529485224,    0.007059387691,                 0,  -8.601828639e-07,   3.084358816e-05,    0.004821582034,                 0,   -0.001593078257,     0.01558561014,    -0.05947448793,   0.0005443629079,   -0.006709415412,     0.03703163864,     0.06603154179,   0.0001900830573,      0.1151280493,   0.0003718437732,     0.06386973704,     0.07965573437,   -0.003304456078,     0.00529485224,    0.007059387691,                 0,     0.00294308891,   -0.002350591209,    0.006294780468,                 0,      0.0255636131,      -6.321448357,     0.09855654272,                 0
          0,           0,           2,       2.500108039,       2.584359583,      -5.838007128,      -5.799523604,      -6.325139943,      -6.326492068,      -5.782797392,                         2,      -1.893626731,   0.0002497573165,       0.911888167,               2.5,          5.788125,       5.785198544,      0.0039269908,      0.2979100847,    0.002697892589,     0.01607697349,    0.001483056096,    -0.03753020223,      0.1408893364,      0.2979100847,     0.01607697349,    0.002697892589,    0.009056063314,    -0.07431239035,    -0.07992436212,    -0.03941759554,    -0.03856203199,    -0.09529456217,      0.1113690413,   0.0003924171502,     0.07286813067,      0.1132804956,    0.001248730682,   -0.005892613532,    0.007341775439,                 0,    -0.00213882913,    0.008992712183,    0.009223090436,                 0,  -9.443254716e-06,   3.302039615e-05,    0.001459478954,                 0,    0.001563325629,     0.03099193843,    -0.06918918622,  -0.0008962800754,   -0.003680099399,     0.05808356011,     0.08668450175,  -0.0001986260191,      0.1113690413,   0.0003924171502,     0.07286813067,      0.1132804956,    -0.00213882913,    0.008992712183,    0.009223090436,                 0,    0.001248730682,   -0.005892613532,    0.007341775439,                 0,     0.01121254765,      -15.01619776,      0.1007542718,                 0
          0,           0,           3,       2.468404516,       2.555370816,       -5.84637737,       -5.78718889,      -6.334921039,      -6.332313824,      -5.798541904,                         2,      -1.981627592,   0.0002619949265,      0.9574825852,             2.625,        6.07753125,       6.074268705,      0.0039269908,       0.298194101,  -0.0007775431502,     0.01867216382,   -0.002064891368,    -0.02854472414,       0.152084781,       0.298194101,     0.01867216382,  -0.0007775431502,   -0.002607506814,    -0.08268263227,    -0.06758964867,    -0.04919869159,    -0.04438378793,     -0.1110390745,      0.1021626913,   0.0003612078402,     0.07835841854,      0.1173117833,  -6.510595669e-05,   -0.008127752778,    0.007415315585,                 0,   -0.001247654997,     0.01073535533,    0.009184463481,                 0,  -1.523823226e-05,    3.28239488e-05,   -0.002082477084,                 0,    0.003385824979,     0.03888458389,      -0.069856133,  -0.0009590000078,   -0.001537935216,     0.06755672953,     0.08658874585,  -0.0005227591161,      0.1021626913,   0.0003612078402,     0.07835841854,      0.1173117833,   -0.001247654997,     0.01073535533,    0.009184463481,                 0,  -6.510595669e-05,   -0.008127752778,    0.007415315585,                 0,  -0.0006372772276,      -22.50159569,     0.09463329815,                 0
          0,           0,           4,       2.417212923,       2.527739237,      -5.854705669,      -5.781467569,      -6.328031208,      -6.327409693,      -5.808130778,                         2,      -2.039345497,   0.0002750608423,        1.00535672,           2.75625,       6.381407813,       6.377958105,      0.0039269908,      0.2910095021,   -0.002882106198,     0.01830729636,   -0.004120544296,    -0.02447562216,      0.1425047871,      0.2910095021,     0.01830729636,   -0.002882106198,   -0.009903821618,    -0.09101093124,      -0.061868327,    -0.04230886043,    -0.03947965647,     -0.1206279486,     0.09284939163,   0.0003113661411,      0.0821191028,      0.1157296415,   -0.001086440461,    -0.00909025597,    0.007294590233,                 0,  -0.0005181275278,     0.01077380582,    0.008051618075,                 0,  -1.664034447e-05,    3.22074759e-05,   -0.004136111428,                 0,    0.004564028543,     0.04060569201,    -0.06883670236,  -0.0008086403536,    -0.00010348315,     0.06701551776,     0.07596589691,  -0.0003731443922,     0.09284939163,   0.0003113661411,      0.0821191028,      0.1157296415,  -0.0005181275278,     0.01077380582,    0.008051618075,                 0,   -0.001086440461,    -0.00909025597,    0.007294590233,                 0,    -0.01170110479,      -29.19474782,     0.08882939516,                 0
          0,           0,           5,       2.348408132,        2.49785072,      -5.857464254,      -5.776196966,      -6.306416104,      -6.310676281,      -5.815483109,                         2,       -2.02054648,   0.0002888077238,       1.055624565,         2.8940625,       6.700478203,       6.696833973,      0.0039269908,      0.2800179019,   -0.003917298016,     0.01686349066,   -0.004881077881,    -0.02319266338,       0.127321333,      0.2800179019,     0.01686349066,   -0.003917298016,    -0.01398945564,    -0.09376951658,    -0.05659772471,      -0.020693756,    -0.02274624435,     -0.1279802797,     0.08575450206,   0.0002644138474,      0.0848006797,      0.1091983063,    -0.00174036369,   -0.009423600063,    0.007246665738,                 0,   8.926504188e-05,    0.009986872344,    0.006787353275,                 0,  -1.530563495e-05,   3.111564689e-05,   -0.004896887893,                 0,    0.005360501788,     0.04044391435,    -0.06855893977,  -0.0004381397496,   0.0009455358186,     0.06238707298,     0.06393751826,   5.120596007e-05,     0.08575450206,   0.0002644138474,      0.0848006797,      0.1091983063,   8.926504188e-05,    0.009986872344,    0.006787353275,                 0,    -0.00174036369,   -0.009423600063,    0.007246665738,                 0,    -0.02029472096,      -35.63958603,     0.08545527894,                 0
          0,           0,           6,       2.259521866,       2.463803741,        -5.8591682,      -5.775253307,      -6.297914878,      -6.304186904,      -5.825678364,                         2,      -1.946124322,    0.000303236523,       1.108405801,       3.038765625,       7.035502113,       7.031637466,      0.0039269908,      0.2697330476,    -0.00435334063,     0.01581949786,   -0.005082759741,    -0.02230390667,      0.1168314266,      0.2697330476,     0.01581949786,    -0.00435334063,    -0.01613944109,    -0.09547346296,    -0.05565406499,    -0.01219253011,     -0.0162568678,     -0.1381755346,     0.08158742967,   0.0002303099763,     0.08647600817,      0.1014392997,   -0.002035524094,   -0.009537799137,    0.007219982601,                 0,    0.000579926774,    0.009198098897,    0.006041472187,                 0,  -1.362668795e-05,    3.01241473e-05,   -0.005099257201,                 0,    0.005831621647,     0.04033246895,     -0.0684289009,  -3.909637105e-05,    0.001878589911,     0.05780041174,     0.05675282685,   0.0003995981163,     0.08158742967,   0.0002303099763,     0.08647600817,      0.1014392997,    0.000579926774,    0.009198098897,    0.006041472187,                 0,   -0.002035524094,   -0.009537799137,    0.007219982601,                 0,    -0.02494899156,      -41.41287881,     0.08349116424,                 0
          0,           0,           7,       1.956092272,       2.400339807,      -5.878711047,      -5.796643475,      -6.330101587,      -6.335340473,      -5.856218151,                         2,      -1.855661961,   0.0003183923993,       1.163826089,       3.190703906,       7.387277219,        7.38321254,      0.0039269908,      0.2583098911,   -0.004421159923,      0.0150900179,   -0.005003942001,    -0.02167299604,      0.1093991201,      0.2583098911,      0.0150900179,   -0.004421159923,     -0.0171157206,       -0.11501631,    -0.07704423322,    -0.04437923963,    -0.04741043614,     -0.1687153214,     0.07890041087,   0.0002010429132,     0.08766106958,     0.09154736773,   -0.002069501169,   -0.009539952289,    0.007188293534,                 0,   0.0009898153864,    0.008512384692,    0.005587817826,                 0,  -1.249540285e-05,   2.889628742e-05,   -0.005020342886,                 0,    0.005989691003,     0.04019184608,    -0.06820125379,   0.0003467206686,     0.00282149354,     0.05362927904,     0.05229196312,   0.0006563844307,     0.07890041087,   0.0002010429132,     0.08766106958,     0.09154736773,   0.0009898153864,    0.008512384692,    0.005587817826,                 0,   -0.002069501169,   -0.009539952289,    0.007188293534,                 0,    -0.02622928254,       -47.4523182,      0.0820009791,                 0
          0,           0,           8,        2.00101623,       2.355970521,      -5.861728339,      -5.774024929,       -6.34202214,      -6.346728974,      -5.839791546,                         2,      -1.802155415,   0.0003343113645,       1.222017375,       3.350239102,        7.75664108,       7.752373167,      0.0039269908,       0.247303845,   -0.004336301701,     0.01474620248,   -0.004817363696,    -0.02085365524,      0.1057050518,       0.247303845,     0.01474620248,   -0.004336301701,    -0.01753430765,    -0.09803360191,    -0.05442568692,    -0.05629979248,     -0.0587989377,     -0.1522887162,     0.07747303944,   0.0001766599016,     0.08843388646,     0.08122025916,   -0.001839790609,   -0.009676940232,     0.00718042914,                 0,     0.00117477725,    0.008191564325,    0.005379860906,                 0,  -1.231438922e-05,   2.773269329e-05,      -0.004832782,                 0,    0.005668422165,     0.04098034243,    -0.06816383986,   0.0006614200297,    0.003356308713,     0.05134480079,     0.05017492891,   0.0008290134258,     0.07747303944,   0.0001766599016,     0.08843388646,     0.08122025916,     0.00117477725,    0.008191564325,    0.005379860906,                 0,   -0.001839790609,   -0.009676940232,     0.00718042914,                 0,     -0.0237474949,      -54.77723096,     0.08119544925,                 0
          0,           0,           9,       2.071205674,       2.327494036,      -5.819237564,      -5.722658171,      -6.331612569,      -6.335338551,      -5.791507241,                         2,      -1.776147191,    0.000351026089,       1.283118201,       3.517751057,       8.144473134,       8.139991825,      0.0039269908,      0.2383770047,   -0.004257581672,     0.01475554492,   -0.004616605319,    -0.01948546961,      0.1055135795,      0.2383770047,     0.01475554492,   -0.004257581672,    -0.01786070631,    -0.05554282662,    -0.00305892927,    -0.04589022093,    -0.04740851462,     -0.1040044116,     0.07695925408,   0.0001575720992,     0.08885564173,     0.07240453684,   -0.001457504436,   -0.009990521858,    0.007190444621,                 0,     0.00110944169,     0.00832277613,    0.005323327103,                 0,  -1.274845628e-05,   2.736316455e-05,   -0.004631220027,                 0,    0.004986891581,     0.04292496147,    -0.06827198018,   0.0008746575129,    0.003309737356,     0.05173568261,     0.04954013138,   0.0009280281606,     0.07695925408,   0.0001575720992,     0.08885564173,     0.07240453684,     0.00110944169,     0.00832277613,    0.005323327103,                 0,   -0.001457504436,   -0.009990521858,    0.007190444621,                 0,    -0.01893865076,      -63.40286072,     0.08092276958,                 0
          0,           0,          10,       1.993136128,       2.297097863,      -5.762510422,      -5.660517208,      -6.308195203,      -6.309720949,      -5.729602047,                         2,      -1.769697591,   0.0003685752736,       1.347274021,       3.693638609,       8.551696791,       8.546991416,      0.0039269908,      0.2318430249,   -0.004215926255,     0.01497170696,   -0.004412431799,    -0.01796484371,      0.1074601764,      0.2318430249,     0.01497170696,   -0.004215926255,     -0.0181843998,                 0,                 0,    -0.02247285575,    -0.02179091273,    -0.04209921693,     0.07698393808,    0.000144446993,     0.08899909801,     0.06571554182,    -0.00107327815,    -0.01036390847,     0.00722126037,                 0,   0.0008875814113,    0.008781598853,    0.005302526692,                 0,   -1.33375645e-05,   2.794261853e-05,   -0.004427036853,                 0,     0.00423155108,     0.04538151181,    -0.06856857701,   0.0009906704066,    0.002841420588,     0.05439701851,     0.04928490798,   0.0009368293313,     0.07698393808,    0.000144446993,     0.08899909801,     0.06571554182,   0.0008875814113,    0.008781598853,    0.005302526692,                 0,    -0.00107327815,    -0.01036390847,     0.00722126037,                 0,    -0.01394158544,      -71.74886964,     0.08113857928,                 0
          0,           0,          11,       2.227060112,       2.291261383,      -5.702615425,       -5.60154039,       -6.28577435,       -6.28392473,      -5.669493719,                         2,      -1.774374727,   0.0003870027598,       1.414637555,        3.87832054,        8.97928163,       8.974340987,      0.0039269908,      0.2268066836,    -0.00416464357,     0.01522119781,   -0.004209688268,    -0.01694364094,      0.1098266997,      0.2268066836,     0.01522119781,    -0.00416464357,    -0.01836208485,                 0,                 0,   -5.20027862e-05,                 0,                 0,      0.0772431621,   0.0001376570098,     0.08895471418,     0.06047115035,  -0.0007865430054,    -0.01065317129,    0.007275070729,                 0,    0.000637970975,    0.009360775048,    0.005222451782,                 0,  -1.378340784e-05,   2.915163037e-05,   -0.004225056491,                 0,    0.003629213529,     0.04746384289,    -0.06908451773,    0.001047820368,    0.002254425816,     0.05819685852,     0.04848559056,   0.0008898248431,      0.0772431621,   0.0001376570098,     0.08895471418,     0.06047115035,    0.000637970975,    0.009360775048,    0.005222451782,                 0,  -0.0007865430054,    -0.01065317129,    0.007275070729,                 0,    -0.01018268781,      -77.38923944,     0.08178398184,                 0
          0,           0,          12,         1.9803467,       2.267344869,       -5.64872122,      -5.554570589,      -6.271289466,      -6.266378628,      -5.621486199,                         2,      -1.781800085,   0.0004063548524,        1.48536915,       4.072236567,       9.428245712,       9.423058037,      0.0039269908,      0.2222467405,   -0.004041992153,     0.01538175557,   -0.004031856204,    -0.01697718253,       0.111460138,      0.2222467405,     0.01538175557,   -0.004041992153,    -0.01818695808,                 0,                 0,                 0,                 0,                 0,     0.07754094391,    0.000136443374,     0.08881046988,     0.05575888335,  -0.0006264102397,    -0.01075957213,    0.007343990217,                 0,   0.0004451132288,    0.009887868153,     0.00504877419,                 0,  -1.400403288e-05,   3.057857143e-05,   -0.004048430743,                 0,    0.003270085982,     0.04841988714,    -0.06974601011,    0.001078854457,    0.001770091879,     0.06207237405,     0.04679881434,   0.0008188577292,     0.07754094391,    0.000136443374,     0.08881046988,     0.05575888335,   0.0004451132288,    0.009887868153,     0.00504877419,                 0,  -0.0006264102397,    -0.01075957213,    0.007343990217,                 0,   -0.008078444858,      -78.85741766,     0.08269284271,                 0
          0,           0,          13,       1.981207466,       2.246906483,      -5.607056962,      -5.524753804,      -6.263293408,      -6.257116557,      -5.591569711,                         2,      -1.785195412,   0.0004266856722,       1.559637171,       4.275848395,       9.899657997,       9.894210938,      0.0039269908,      0.2175537239,   -0.003825241751,     0.01542371738,   -0.003875220011,     -0.0181422616,      0.1121402885,      0.2175537239,     0.01542371738,   -0.003825241751,    -0.01758297528,                 0,                 0,                 0,                 0,                 0,     0.07778012634,   0.0001388632986,     0.08865517777,     0.05097955653,  -0.0005749757894,    -0.01064720061,     0.00739693465,                 0,   0.0003358439363,     0.01026659046,    0.004821282982,                 0,  -1.403665467e-05,   3.196450589e-05,   -0.003893147863,                 0,    0.003139099317,     0.04789667511,    -0.07025416041,     0.00107612439,    0.001474425008,      0.0652724501,     0.04459206486,    0.000801348566,     0.07778012634,   0.0001388632986,     0.08865517777,     0.05097955653,   0.0003358439363,     0.01026659046,    0.004821282982,                 0,  -0.0005749757894,    -0.01064720061,     0.00739693465,                 0,   -0.007392322646,      -76.67397158,       0.083434886,                 0
          0,           0,          14,       2.053308726,       2.233999966,      -5.580255104,      -5.514029832,      -6.255319732,      -6.250273736,      -5.581299387,                         2,      -1.781602442,   0.0004480387228,       1.637618448,       4.489640815,        10.3946409,       10.38892149,      0.0039269908,      0.2125184259,    -0.00351638136,     0.01536045034,   -0.003720252854,    -0.02031320766,      0.1120306095,      0.2125184259,     0.01536045034,    -0.00351638136,    -0.01654624226,                 0,                 0,                 0,                 0,                 0,     0.07792864481,   0.0001422304722,     0.08855802452,     0.04588952605,  -0.0005979403199,     -0.0103451286,    0.007426687564,                 0,   0.0002901134959,     0.01045861998,    0.004611716861,                 0,  -1.395688773e-05,   3.308679476e-05,   -0.003739382761,                 0,     0.00317577838,     0.04603924932,    -0.07053711318,    0.001008877816,    0.001330046201,     0.06732101952,     0.04255208432,    0.000827459465,     0.07792864481,   0.0001422304722,     0.08855802452,     0.04588952605,   0.0002901134959,     0.01045861998,    0.004611716861,                 0,  -0.0005979403199,     -0.0103451286,    0.007426687564,                 0,   -0.007672920804,      -72.73496633,     0.08386238971,                 0
          0,           0,          15,       2.034639879,       2.221539961,       -5.56818455,      -5.521704873,      -6.238752605,      -6.235878533,      -5.587738074,                         2,      -1.773126808,   0.0004704573649,       1.719498615,       4.714122856,       10.91437294,       10.90836756,      0.0039269908,      0.2080419219,   -0.003185275347,     0.01524969474,   -0.003558490518,    -0.02284529682,      0.1115413525,      0.2080419219,     0.01524969474,   -0.003185275347,    -0.01531073794,                 0,   -0.007675040943,                 0,                 0,   -0.006438687358,     0.07801325981,   0.0001439947039,     0.08854105406,     0.04134361333,  -0.0006536630811,   -0.009979141953,    0.007447529687,                 0,   0.0002807335421,     0.01047816168,    0.004490799513,                 0,  -1.383301184e-05,    3.38186745e-05,   -0.003578476181,                 0,    0.003293705163,     0.04368077169,     -0.0707311137,   0.0009113400228,    0.001279791697,     0.06808659907,      0.0413604442,   0.0008145175827,     0.07801325981,   0.0001439947039,     0.08854105406,     0.04134361333,   0.0002807335421,     0.01047816168,    0.004490799513,                 0,  -0.0006536630811,   -0.009979141953,    0.007447529687,                 0,   -0.008378871524,      -69.30214571,     0.08411385844,                 0
          0,           0,          16,       2.019925661,       2.209680296,      -5.569647692,       -5.54460576,      -6.208580804,      -6.207076156,      -5.603675546,                         2,      -1.763752282,   0.0004939933232,       1.805472759,       4.949828999,       11.46009159,       11.45378594,      0.0039269908,      0.2042603322,   -0.002879792589,     0.01516594698,   -0.003397356044,    -0.02529549879,      0.1112767635,      0.2042603322,     0.01516594698,   -0.002879792589,    -0.01409863852,   -0.001463142328,    -0.03057592835,                 0,                 0,    -0.02237615914,     0.07805978891,   0.0001434671839,     0.08857442948,     0.03748264665,   -0.000714204978,   -0.009640190448,    0.007474602838,                 0,   0.0002852427047,     0.01040136726,     0.00447933702,                 0,  -1.370864098e-05,   3.416171379e-05,   -0.003417809117,                 0,    0.003429088502,        0.04148045,    -0.07098314522,   0.0007781079226,    0.001271428463,     0.06801622824,     0.04121539573,    0.000773711093,     0.07805978891,   0.0001434671839,     0.08857442948,     0.03748264665,   0.0002852427047,     0.01040136726,     0.00447933702,                 0,   -0.000714204978,   -0.009640190448,    0.007474602838,                 0,   -0.009149460792,      -67.19439375,     0.08438781804,                 0
          0,           0,          17,       2.001094088,       2.198092173,      -5.580152058,      -5.575045442,      -6.169486764,      -6.167266109,      -5.617365203,                         2,      -1.759525048,   0.0005187017972,       1.895745556,       5.197320449,       12.03309617,       12.02647523,      0.0039269908,      0.2010890445,   -0.002631460675,     0.01515952818,   -0.003246920732,     -0.0273629125,      0.1116519472,      0.2010890445,     0.01515952818,   -0.002631460675,    -0.01308604694,    -0.01196750764,       -0.06101561,                 0,                 0,    -0.03606581642,     0.07808939469,   0.0001412165845,     0.08861374479,     0.03424468845,  -0.0007610899495,   -0.009393522824,    0.007523152098,                 0,   0.0002914584095,     0.01028667683,    0.004581392943,                 0,  -1.361390719e-05,   3.424077852e-05,   -0.003267547604,                 0,    0.003539083515,     0.03990957442,    -0.07144024459,   0.0006286741616,    0.001274768325,     0.06750497652,     0.04215579078,   0.0007164116176,     0.07808939469,   0.0001412165845,     0.08861374479,     0.03424468845,   0.0002914584095,     0.01028667683,    0.004581392943,                 0,  -0.0007610899495,   -0.009393522824,    0.007523152098,                 0,   -0.009746393252,      -66.51855272,      0.0848982527,                 0
          0,           0,          18,       1.976725912,       2.186441318,      -5.595081705,      -5.604586401,       -6.13471582,       -6.13069291,      -5.622240696,                         2,      -1.768136561,   0.0005446435141,       1.990532005,       5.457186471,       12.63475098,         12.627799,      0.0039269908,      0.1983539451,   -0.002461625227,     0.01524839462,   -0.003124808578,    -0.02881402837,      0.1128203289,      0.1983539451,     0.01524839462,   -0.002461625227,    -0.01241026603,    -0.02689715472,    -0.09055656896,                 0,                 0,    -0.04094130936,     0.07811926842,   0.0001383507829,     0.08862382735,     0.03147249859,  -0.0007848843164,   -0.009272546422,    0.007595805511,                 0,     0.00029441376,     0.01017845579,    0.004775525072,                 0,  -1.356802371e-05,   3.420661143e-05,   -0.003145447166,                 0,    0.003602916959,     0.03921734641,    -0.07213077124,   0.0004964794991,    0.001277608035,     0.06691119718,     0.04397927211,   0.0006522515285,     0.07811926842,   0.0001383507829,     0.08862382735,     0.03147249859,     0.00029441376,     0.01017845579,    0.004775525072,                 0,  -0.0007848843164,   -0.009272546422,    0.007595805511,                 0,    -0.01004725636,      -67.02200179,     0.08570838947,                 0
          0,           0,          19,        1.96595458,       2.175416981,      -5.612201012,      -5.630201894,      -6.116138217,      -6.110633052,      -5.624581651,                         2,      -1.792636515,   0.0005718774909,       2.090057836,       5.730045795,       13.26648853,       13.25918895,      0.0039269908,      0.1959460073,   -0.002394488204,     0.01542867719,   -0.003053685226,    -0.02942649467,       0.114736729,      0.1959460073,     0.01542867719,   -0.002394488204,    -0.01222014287,    -0.04401646175,     -0.1161720624,                 0,                 0,    -0.04328226397,     0.07815440696,   0.0001358418691,     0.08858910829,     0.02906665015,  -0.0007956398502,   -0.009268875086,    0.007670026732,                 0,   0.0002951801504,     0.01009954385,    0.005033953193,                 0,  -1.355371481e-05,   3.413205742e-05,   -0.003074263569,                 0,    0.003636184501,     0.03938862845,    -0.07284108407,    0.000389776449,    0.001279912324,     0.06644370568,     0.04642129034,   0.0005918206887,     0.07815440696,   0.0001358418691,     0.08858910829,     0.02906665015,   0.0002951801504,     0.01009954385,    0.005033953193,                 0,  -0.0007956398502,   -0.009268875086,    0.007670026732,                 0,     -0.0101803581,      -68.23282942,     0.08657979384,                 0
          0,           0,          20,       2.008442449,       2.167465812,      -5.634156492,      -5.657455262,      -6.120436814,      -6.114372142,      -5.637857102,                         2,      -1.826076489,   0.0006004662484,       2.194560065,       6.016548084,       13.92981295,       13.92214839,      0.0039269908,      0.1938621022,   -0.002434626576,     0.01568292878,   -0.003042491874,    -0.02912426755,      0.1172530133,      0.1938621022,     0.01568292878,   -0.002434626576,    -0.01255854831,    -0.06597194159,     -0.1434254305,   -0.004298596253,   -0.003739090423,    -0.05655771523,     0.07819017848,    0.000134077187,       0.088514995,     0.02702285152,  -0.0008018089369,   -0.009353240318,    0.007720422679,                 0,   0.0002947223443,     0.01006403745,    0.005324168987,                 0,    -1.3549346e-05,   3.402875097e-05,   -0.003062971279,                 0,    0.003654823454,     0.04023479141,    -0.07332640436,   0.0003125219449,    0.001280848104,     0.06625837873,     0.04917476793,   0.0005390185776,     0.07819017848,    0.000134077187,       0.088514995,     0.02702285152,   0.0002947223443,     0.01006403745,    0.005324168987,                 0,  -0.0008018089369,   -0.009353240318,    0.007720422679,                 0,    -0.01025459914,       -69.7601175,     0.08722163605,                 0
          0,           0,          21,       2.035087426,       2.161448613,       -5.66682833,      -5.693934787,       -6.15016786,      -6.144548466,      -5.671152359,                         2,       -1.85465528,   0.0006304835049,         2.3042875,       6.317375488,        14.6263036,       14.61825581,      0.0039269908,      0.1921380971,   -0.002556863721,     0.01598376046,     -0.0030887117,    -0.02809104697,      0.1201416791,      0.1921380971,     0.01598376046,   -0.002556863721,     -0.0133074271,    -0.09864378053,     -0.1799049555,    -0.03402964279,    -0.03391541408,    -0.08985297271,     0.07822147014,   0.0001330776559,     0.08841761007,     0.02536593928,  -0.0008065204226,    -0.00948537878,    0.007735035481,                 0,   0.0002937699518,     0.01007724488,    0.005612745636,                 0,  -1.354499908e-05,   3.388295317e-05,   -0.003109049654,                 0,    0.003666564908,     0.04145295048,    -0.07347006166,   0.0002594993138,     0.00128064546,     0.06644376285,     0.05192313581,    0.000494134947,     0.07822147014,   0.0001330776559,     0.08841761007,     0.02536593928,   0.0002937699518,     0.01007724488,    0.005612745636,                 0,  -0.0008065204226,    -0.00948537878,    0.007735035481,                 0,    -0.01031072954,       -71.2770203,     0.08748297398,                 0
          0,           0,          22,        2.00063516,       2.154456724,      -5.714717382,      -5.740706678,      -6.205550554,      -6.201113061,      -5.723467154,                         2,      -1.865852382,   0.0006620039894,        2.41950138,       6.633244263,       15.35761878,        15.3491686,      0.0039269908,      0.1907924272,   -0.002720362265,     0.01630090853,   -0.003176307621,    -0.02666574508,      0.1231513181,      0.1907924272,     0.01630090853,   -0.002720362265,    -0.01425822977,     -0.1465328324,     -0.2266768459,      -0.089412337,    -0.09048000867,     -0.1421677671,     0.07824565065,   0.0001326953376,     0.08831358167,     0.02410049954,  -0.0008106784783,   -0.009626125079,    0.007716441293,                 0,   0.0002928050605,     0.01013371869,    0.005874384781,                 0,  -1.353773492e-05,   3.369029094e-05,   -0.003196460177,                 0,    0.003675011749,     0.04273098705,    -0.07329531137,   0.0002235674888,    0.001279861083,     0.06698763679,     0.05442462619,   0.0004591940113,     0.07824565065,   0.0001326953376,     0.08831358167,     0.02410049954,   0.0002928050605,     0.01013371869,    0.005874384781,                 0,  -0.0008106784783,   -0.009626125079,    0.007716441293,                 0,    -0.01036068423,       -72.5430543,     0.08737547665,                 0
          0,           0,          23,        2.08374282,       2.151510311,      -5.778413101,      -5.791625784,      -6.285663194,      -6.282644288,      -5.784408504,                         2,      -1.856158871,   0.0006951027552,       2.540476024,       6.964906476,       16.12549972,       16.11662703,      0.0039269908,      0.1897849541,   -0.002882896717,     0.01660416296,   -0.003280345271,     -0.0252192851,      0.1260225076,      0.1897849541,     0.01660416296,   -0.002882896717,    -0.01519033335,     -0.2102285512,     -0.2775959524,     -0.1695249771,     -0.1720112362,     -0.2031091177,     0.07826186622,   0.0001327655494,     0.08821213969,     0.02317818259,   -0.000814557167,   -0.009744816862,    0.007676477312,                 0,   0.0002921284201,     0.01021611033,    0.006095924209,                 0,  -1.352764386e-05,   3.347021128e-05,   -0.003300287839,                 0,    0.003682136734,     0.04381274106,    -0.07291492317,   0.0002007602774,     0.00127912006,     0.06775644612,     0.05655145512,   0.0004354863244,     0.07826186622,   0.0001327655494,     0.08821213969,     0.02317818259,   0.0002921284201,     0.01021611033,    0.006095924209,                 0,   -0.000814557167,   -0.009744816862,    0.007676477312,                 0,    -0.01040809792,      -73.39868591,     0.08702291249,                 0
          0,           0,          24,       1.969912758,       2.144246409,      -5.855766098,      -5.842346542,      -6.388435381,      -6.386582089,      -5.843588181,                         2,      -1.833309825,   0.0007298574982,       2.667499501,         7.3131518,        16.9317747,       16.92245839,      0.0039269908,      0.1890435244,   -0.003014790671,     0.01686972952,   -0.003374689905,    -0.02402504222,      0.1285428179,      0.1890435244,     0.01686972952,   -0.003014790671,    -0.01594760085,     -0.2875815484,     -0.3283167106,      -0.272297164,     -0.2759490372,     -0.2622887946,     0.07827078858,   0.0001331465211,     0.08811848504,     0.02252110426,  -0.0008180740789,   -0.009825965778,    0.007629249186,                 0,   0.0002916629632,     0.01030376528,     0.00627430128,                 0,  -1.351552248e-05,   3.325577342e-05,   -0.003394430156,                 0,    0.003688508251,     0.04456104997,    -0.07246401641,   0.0001894159696,    0.001278314753,     0.06857077017,     0.05827143242,   0.0004223005448,     0.07827078858,   0.0001331465211,     0.08811848504,     0.02252110426,   0.0002916629632,     0.01030376528,     0.00627430128,                 0,  -0.0008180740789,   -0.009825965778,    0.007629249186,                 0,    -0.01045184409,      -73.79814128,     0.08657944111,                 0
          0,           0,          25,       2.019274655,       2.139439803,      -5.945518707,       -5.89917227,      -6.508517359,      -6.507381349,      -5.904001631,                         2,      -1.805654979,   0.0007663498392,       2.800874311,        7.67880939,       17.77836344,        17.7685813,      0.0039269908,      0.1885027202,   -0.003104238762,     0.01708254947,   -0.003440784443,    -0.02320203362,      0.1305728481,      0.1885027202,     0.01708254947,   -0.003104238762,     -0.0164678725,     -0.3773341567,     -0.3851424386,     -0.3923791412,     -0.3967482969,      -0.322702244,     0.07827384416,   0.0001337253551,     0.08803544302,     0.02205970768,  -0.0008209539473,   -0.009868694744,     0.00758540993,                 0,   0.0002912415851,     0.01038016996,    0.006411137933,                 0,   -1.35027701e-05,   3.308565626e-05,   -0.003460367329,                 0,    0.003693740716,      0.0449616822,    -0.07204463706,   0.0001871805217,    0.001277219092,     0.06928142652,     0.05959721377,   0.0004169886656,     0.07827384416,   0.0001337253551,     0.08803544302,     0.02205970768,   0.0002912415851,     0.01038016996,    0.006411137933,                 0,  -0.0008209539473,   -0.009868694744,     0.00758540993,                 0,     -0.0104882283,      -73.79823176,     0.08616313691,                 0
          0,           0,          26,       2.384947963,       2.148532698,      -6.048882571,      -5.973855332,      -6.634353942,      -6.633634651,      -5.978762007,                         2,      -1.772896994,   0.0008046664438,       2.940918083,       8.062749859,       18.66728161,       18.65701037,      0.0039269908,      0.1881200109,    -0.00315317637,     0.01723621015,   -0.003473480931,    -0.02274179863,      0.1320491065,      0.1881200109,     0.01723621015,    -0.00315317637,    -0.01676151492,     -0.4806980211,        -0.4598255,     -0.5182157249,     -0.5230015989,     -0.3974626207,     0.07827283075,   0.0001343898651,     0.08796593847,     0.02174685185,  -0.0008230200198,   -0.009880656184,    0.007550499835,                 0,     0.00029080183,     0.01043661472,    0.006508793597,                 0,  -1.349131136e-05,   3.298337761e-05,   -0.003492972998,                 0,    0.003697440402,     0.04507869029,    -0.07171002805,   0.0001920987378,     0.00127588312,     0.06980833171,      0.0605485644,   0.0004163272716,     0.07827283075,   0.0001343898651,     0.08796593847,     0.02174685185,     0.00029080183,     0.01043661472,    0.006508793597,                 0,  -0.0008230200198,   -0.009880656184,    0.007550499835,                 0,    -0.01051475987,       -73.5223313,     0.08583435778,                 0
          0,           0,          27,        2.09001967,       2.146442947,      -6.169536824,      -6.076928256,      -6.753833707,      -6.753191281,      -6.080433488,                         2,      -1.728269988,   0.0008448984664,       3.087964269,       8.465887352,       19.60064569,       19.58986089,      0.0039269908,      0.1878595116,   -0.003171635076,      0.0173358826,   -0.003479861444,    -0.02255985242,      0.1330146497,      0.1878595116,      0.0173358826,   -0.003171635076,    -0.01688301566,     -0.6013522743,     -0.5628984244,     -0.6376954898,     -0.6425582293,     -0.4991341012,     0.07826966618,   0.0001350546186,     0.08791124088,     0.02154354994,   -0.000824374256,   -0.009873192076,    0.007525931256,                 0,   0.0002903274549,     0.01047323274,    0.006572322403,                 0,  -1.348247045e-05,   3.294594687e-05,    -0.00349932492,                 0,    0.003699752276,       0.045012639,    -0.07147407777,   0.0002018340689,    0.001274413926,      0.0701515745,     0.06117159984,   0.0004170614765,     0.07826966618,   0.0001350546186,     0.08791124088,     0.02154354994,   0.0002903274549,     0.01047323274,    0.006572322403,                 0,   -0.000824374256,   -0.009873192076,    0.007525931256,                 0,    -0.01053248718,      -73.10517907,     0.08560829288,                 0
          0,           0,          28,       1.993427497,       2.141166552,      -6.303911896,      -6.206640772,      -6.862930399,      -6.862023323,      -6.207491143,                         2,      -1.676625842,   0.0008871416889,       3.242362944,        8.88918172,       20.58067798,       20.56935393,      0.0039269908,      0.1876886661,   -0.003171838408,     0.01739232398,   -0.003472555538,    -0.02254751413,      0.1335665513,      0.1876886661,     0.01739232398,   -0.003171838408,    -0.01689946694,     -0.7357273458,     -0.6926109404,     -0.7467921821,     -0.7513902714,     -0.6261917561,     0.07826590192,   0.0001356643324,     0.08787084546,     0.02141625443,  -0.0008252770638,   -0.009856615229,    0.007510053884,                 0,   0.0002898670496,     0.01049398889,    0.006608468047,                 0,  -1.347655434e-05,   3.294945811e-05,   -0.003492028442,                 0,     0.00370120719,     0.04485912983,     -0.0713213181,   0.0002134669539,    0.001273011729,     0.07034670754,      0.0615294882,   0.0004173437896,     0.07826590192,   0.0001356643324,     0.08787084546,     0.02141625443,   0.0002898670496,     0.01049398889,    0.006608468047,                 0,  -0.0008252770638,   -0.009856615229,    0.007510053884,                 0,    -0.01054452889,      -72.65443359,      0.0854669583,                 0
          0,           0,          29,       1.966583096,       2.135347104,       -6.44255469,      -6.351263331,      -6.969402187,      -6.968661713,      -6.347520554,                         2,      -1.630866397,   0.0009314969028,       3.404481649,       9.333640806,       21.60971188,       21.59782163,      0.0039269908,      0.1875770464,   -0.003163771468,     0.01741862046,   -0.003462798658,    -0.02261394885,       0.133826279,      0.1875770464,     0.01741862046,   -0.003163771468,    -0.01686651714,     -0.8743701405,     -0.8372334995,       -0.85326397,     -0.8580286614,     -0.7662211678,     0.07826248059,   0.0001361918613,     0.08784276263,     0.02133561134,  -0.0008259842652,   -0.009837712653,    0.007499925451,                 0,   0.0002894892916,     0.01050372853,    0.006625402636,                 0,  -1.347298594e-05,   3.296750834e-05,    -0.00348229318,                 0,    0.003702351975,     0.04468289615,    -0.07122370109,   0.0002245041198,    0.001271881148,     0.07043805278,     0.06170004708,   0.0004162980352,     0.07826248059,   0.0001361918613,     0.08784276263,     0.02133561134,   0.0002894892916,     0.01050372853,    0.006625402636,                 0,  -0.0008259842652,   -0.009837712653,    0.007499925451,                 0,    -0.01055402613,      -72.23421837,     0.08537897974,                 0
          0,           0,          30,       1.937123957,       2.128952809,       -6.57739116,      -6.492786629,      -7.079587508,       -7.08059993,      -6.483393494,                         2,      -1.595699929,   0.0009780699266,       3.574706287,       9.800322846,       22.69019747,       22.67771271,      0.0039269908,      0.1875003575,   -0.003153472929,     0.01742612248,   -0.003455950443,    -0.02270310784,      0.1339007789,      0.1875003575,     0.01742612248,   -0.003153472929,    -0.01681849022,       -1.00920661,     -0.9787567967,     -0.9634492908,     -0.9699668786,      -0.902094107,     0.07825977325,    0.000136629447,     0.08782436162,     0.02127959313,  -0.0008266248841,   -0.009820022713,    0.007493174668,                 0,   0.0002892322545,     0.01050642498,     0.00663046525,                 0,  -1.347086093e-05,   3.298259567e-05,   -0.003475462178,                 0,    0.003703462699,     0.04451804789,    -0.07115868911,   0.0002340706836,    0.001271123581,     0.07046227632,     0.06175361242,   0.0004137665424,     0.07825977325,    0.000136629447,     0.08782436162,     0.02127959313,   0.0002892322545,     0.01050642498,     0.00663046525,                 0,  -0.0008266248841,   -0.009820022713,    0.007493174668,                 0,    -0.01056257704,      -71.87339868,     0.08532000153,                 0
          0,           0,          31,        1.99134567,       2.124652585,      -6.707570805,      -6.616337569,      -7.195749956,      -7.199874746,      -6.602305057,                         2,      -1.570448873,    0.001026971811,       3.753442063,       10.29033899,       23.82470734,       23.81159835,      0.0039269908,      0.1874410549,   -0.003144156889,     0.01742359754,    -0.00345301291,    -0.02278445562,      0.1338744114,      0.1874410549,     0.01742359754,   -0.003144156889,    -0.01677411008,      -1.139386255,      -1.102307737,      -1.079611739,      -1.089241694,      -1.021005671,     0.07825778858,   0.0001369743414,     0.08781315123,     0.02123314073,   -0.000827203175,     -0.0098050666,    0.007488112886,                 0,    0.000289090123,     0.01050516835,    0.006629339065,                 0,  -1.346944406e-05,   3.298810651e-05,   -0.003472531572,                 0,    0.003704531054,     0.04437899354,    -0.07111012927,   0.0002421490606,    0.001270710392,     0.07044834644,     0.06174512499,   0.0004102295732,     0.07825778858,   0.0001369743414,     0.08781315123,     0.02123314073,    0.000289090123,     0.01050516835,    0.006629339065,                 0,   -0.000827203175,     -0.0098050666,    0.007488112886,                 0,    -0.01057023448,      -71.58323595,     0.08527325099,                 0
          0,           0,          32,       1.991260992,       2.120610416,      -6.836926648,      -6.720986567,      -7.323869332,      -7.330983633,      -6.702402087,                         2,      -1.556439633,    0.001078319153,       3.941114482,       10.80485594,       25.01594271,       25.00217826,      0.0039269908,      0.1873864593,   -0.003136268475,     0.01741693677,   -0.003452691175,    -0.02285413201,      0.1338052157,      0.1873864593,     0.01741693677,   -0.003136268475,    -0.01673690023,      -1.268742098,      -1.206956736,      -1.207731115,      -1.220350581,      -1.121102701,     0.07825633736,   0.0001372364642,     0.08780666765,     0.02118621786,   -0.000827701655,   -0.009792851281,    0.007484284461,                 0,   0.0002890252958,     0.01050209012,    0.006625821347,                 0,  -1.346831278e-05,   3.298515056e-05,   -0.003472208013,                 0,    0.003705486362,     0.04426520786,    -0.07107358022,   0.0002487539875,    0.001270525806,     0.07041646911,     0.06171180967,   0.0004064111345,     0.07825633736,   0.0001372364642,     0.08780666765,     0.02118621786,   0.0002890252958,     0.01050209012,    0.006625821347,                 0,   -0.000827701655,   -0.009792851281,    0.007484284461,                 0,    -0.01057680033,       -71.3575021,      0.0852359469,                 0
          0,           0,          33,       2.145510252,       2.121342764,      -6.966618065,      -6.813557222,      -7.466911843,      -7.475545903,      -6.788022687,                         2,      -1.552377224,    0.001132234235,       4.138170384,       11.34509873,       26.26673985,       26.25228718,      0.0039269908,      0.1873296072,   -0.003129612306,     0.01740914147,   -0.003453357923,    -0.02291415696,       0.133723915,      0.1873296072,     0.01740914147,   -0.003129612306,    -0.01670644781,      -1.398433515,      -1.299527391,      -1.350773626,      -1.364912851,      -1.206723301,     0.07825523312,   0.0001374296787,     0.08780302584,      0.0211339186,   -0.000828109025,   -0.009783252807,    0.007481749526,                 0,   0.0002889966443,     0.01049849396,    0.006621650866,                 0,  -1.346732319e-05,   3.297765745e-05,   -0.003472868258,                 0,    0.003706278361,     0.04417532041,    -0.07104953803,   0.0002537822986,    0.001270447313,     0.07037938724,     0.06167118388,   0.0004028966209,     0.07825523312,   0.0001374296787,     0.08780302584,      0.0211339186,   0.0002889966443,     0.01049849396,    0.006621650866,                 0,   -0.000828109025,   -0.009783252807,    0.007481749526,                 0,    -0.01058215524,      -71.18733669,     0.08521061152,                 0
          0,           0,          34,       2.223289955,       2.124255541,      -7.100075447,      -6.906401756,       -7.62083476,       -7.62934096,      -6.871990815,                         2,      -1.545025777,    0.001188845436,        4.34507899,       11.91235367,       27.58007684,       27.56490154,      0.0039269908,      0.1872683356,   -0.003124303839,     0.01740157261,   -0.003454117158,     -0.0229634129,      0.1336450649,      0.1872683356,     0.01740157261,   -0.003124303839,    -0.01668356709,      -1.531890897,      -1.392371924,      -1.504696542,      -1.518707908,      -1.290691428,     0.07825434785,   0.0001375662048,      0.0878009795,       0.021075442,  -0.0008284352351,   -0.009776316875,    0.007480448271,                 0,   0.0002889768515,     0.01049504881,    0.006617546944,                 0,  -1.346643901e-05,   3.296867884e-05,   -0.003473619398,                 0,    0.003706910596,     0.04411012972,    -0.07103737463,   0.0002569214085,     0.00127039401,     0.07034386809,     0.06163076157,   0.0004000412606,     0.07825434785,   0.0001375662048,      0.0878009795,       0.021075442,   0.0002889768515,     0.01049504881,    0.006617546944,                 0,  -0.0008284352351,   -0.009776316875,    0.007480448271,                 0,    -0.01058644354,      -71.06626869,     0.08519777699,                 0
          0,           0,          35,       2.162594697,       2.125320517,      -7.236010907,      -7.006303818,      -7.770375626,      -7.777669373,      -6.963190194,                         2,      -1.523906899,    0.001248287497,       4.562332986,       12.50797136,       28.95908068,       28.94314661,      0.0039269908,      0.1872042606,   -0.003120526991,     0.01739478349,   -0.003454645879,    -0.02299971909,       0.133574738,      0.1872042606,     0.01739478349,   -0.003120526991,    -0.01666910241,      -1.667826357,      -1.492273986,      -1.654237409,      -1.667036321,      -1.381890807,     0.07825361348,   0.0001376565639,     0.08779977385,     0.02101321671,  -0.0008286986789,   -0.009771911195,    0.007480082883,                 0,     0.00028895679,     0.01049202904,    0.006613797658,                 0,  -1.346567401e-05,   3.295959342e-05,   -0.003474139798,                 0,    0.003707416629,     0.04406881819,     -0.0710341732,   0.0002582192948,    0.001270339342,     0.07031277057,     0.06159368352,   0.0003979445533,     0.07825361348,   0.0001376565639,     0.08779977385,     0.02101321671,     0.00028895679,     0.01049202904,    0.006613797658,                 0,  -0.0008286986789,   -0.009771911195,    0.007480082883,                 0,    -0.01058990942,      -70.98761525,     0.08519478531,                 0
          0,           0,          36,       2.148938226,       2.125958834,      -7.359313516,      -7.110032526,      -7.892691293,      -7.897789375,      -7.060192442,                         2,      -1.493651098,    0.001310701888,       4.790449669,       13.13336992,       30.40703471,       30.39030394,      0.0039269908,      0.1871414623,   -0.003118062158,      0.0173891664,   -0.003454982831,     -0.0230243505,      0.1335169039,      0.1871414623,      0.0173891664,   -0.003118062158,    -0.01666152503,      -1.791128966,      -1.596002694,      -1.776553076,      -1.787156323,      -1.478893056,     0.07825300878,   0.0001377118024,     0.08779901486,     0.02095172685,  -0.0008289099966,   -0.009769379783,    0.007480227622,                 0,   0.0002889375858,     0.01048959534,    0.006610633473,                 0,  -1.346504451e-05,   3.295109156e-05,   -0.003474468878,                 0,    0.003707819703,     0.04404531665,    -0.07103580199,   0.0002583151352,    0.001270286466,     0.07028773436,     0.06156235513,   0.0003965278913,     0.07825300878,   0.0001377118024,     0.08779901486,     0.02095172685,   0.0002889375858,     0.01048959534,    0.006610633473,                 0,  -0.0008289099966,   -0.009769379783,    0.007480227622,                 0,     -0.0105926917,      -70.94075897,     0.08519717031,                 0
          0,           0,          37,       2.387746102,       2.132847973,      -7.452115425,      -7.212781788,      -7.973210386,      -7.975168285,      -7.159415226,                         2,      -1.463286334,    0.001376237144,       5.029972184,       13.79003842,       31.92738645,       31.90981914,      0.0039269908,      0.1870833989,   -0.003116508385,     0.01738485849,   -0.003455215081,    -0.02304038405,      0.1334727192,      0.1870833989,     0.01738485849,   -0.003116508385,    -0.01665839088,      -1.883930875,      -1.698751956,      -1.857072169,      -1.864535233,      -1.578115839,     0.07825251978,   0.0001377430907,     0.08779848423,     0.02089465178,  -0.0008290808682,   -0.009767994773,    0.007480567256,                 0,   0.0002889219312,     0.01048777888,     0.00660815768,                 0,  -1.346453701e-05,   3.294433143e-05,   -0.003474694875,                 0,    0.003708143795,     0.04403271643,     -0.0710392139,   0.0002579696219,    0.001270243708,     0.07026902722,      0.0615378308,   0.0003956174577,     0.07825251978,   0.0001377430907,     0.08779848423,     0.02089465178,   0.0002889219312,     0.01048777888,     0.00660815768,                 0,  -0.0008290808682,   -0.009767994773,    0.007480567256,                 0,    -0.01059494149,      -70.91458979,     0.08520155356,                 0
          0,           0,          38,       2.006915008,       2.129618922,      -7.509937497,      -7.306994298,      -8.016936906,      -8.015763598,       -7.25334177,                         2,      -1.441662656,    0.001445049233,       5.281470824,       14.47954034,       33.52375577,        33.5053101,      0.0039269908,      0.1870324607,    -0.00311545657,     0.01738180496,   -0.003455409007,     -0.0230513517,      0.1334413738,      0.1870324607,     0.01738180496,    -0.00311545657,    -0.01665730407,      -1.941752947,      -1.792964466,      -1.900798689,      -1.905130547,      -1.672042384,     0.07825213004,   0.0001377592153,     0.08779808582,     0.02084448563,  -0.0008292198528,    -0.00976716842,    0.007480931703,                 0,   0.0002889104451,     0.01048651043,    0.006606384086,                 0,  -1.346412494e-05,   3.293917816e-05,   -0.003474884061,                 0,     0.00370840591,     0.04402538042,    -0.07104279039,   0.0002576523673,    0.001270212478,     0.07025589352,     0.06152024812,   0.0003950196636,     0.07825213004,   0.0001377592153,     0.08779808582,     0.02084448563,   0.0002889104451,     0.01048651043,    0.006606384086,                 0,  -0.0008292198528,    -0.00976716842,    0.007480931703,                 0,    -0.01059677037,      -70.90029077,     0.08520609114,                 0
          0,           0,          39,       2.162065103,       2.130430077,      -7.549410055,      -7.391278112,      -8.045318866,      -8.041912358,      -7.339405751,                         2,      -1.429095662,    0.001517301954,       5.545544391,       15.20351736,       35.19994356,        35.1805756,      0.0039269908,      0.1869899311,   -0.003114688415,     0.01737978251,   -0.003455587618,    -0.02305920196,      0.1334204794,      0.1869899311,     0.01737978251,   -0.003114688415,    -0.01665698466,      -1.981225505,       -1.87724828,      -1.929180649,      -1.931279306,      -1.758106364,     0.07825182038,   0.0001377664017,     0.08779777331,     0.02080257101,  -0.0008293328119,   -0.009766605747,    0.007481250144,                 0,   0.0002889017618,     0.01048566556,    0.006605215191,                 0,  -1.346378587e-05,    3.29352852e-05,   -0.003475059117,                 0,     0.00370861783,     0.04402047314,    -0.07104587668,   0.0002575837472,    0.001270188782,     0.07024705079,      0.0615086384,   0.0003946014438,     0.07825182038,   0.0001377664017,     0.08779777331,     0.02080257101,   0.0002889017618,     0.01048566556,    0.006605215191,                 0,  -0.0008293328119,   -0.009766605747,    0.007481250144,                 0,    -0.01059825583,      -70.89250811,     0.08521002142,                 0
          0,           0,          40,       2.197495943,        2.13206583,      -7.588412681,      -7.469586981,      -8.076844475,      -8.072158883,      -7.420073172,                         2,       -1.42339971,    0.001593167302,       5.822821636,       15.96369322,       36.95994074,       36.93960438,      0.0039269908,      0.1869559482,   -0.003114105669,     0.01737853361,   -0.003455752981,    -0.02306495018,      0.1334073866,      0.1869559482,     0.01737853361,   -0.003114105669,    -0.01665689538,      -2.020228131,       -1.95555715,      -1.960706258,      -1.961525831,      -1.838773786,     0.07825157459,   0.0001377687609,     0.08779752228,     0.02076908255,  -0.0008294226105,   -0.009766188242,    0.007481505183,                 0,   0.0002888944486,     0.01048512271,    0.006604516456,                 0,  -1.346351054e-05,   3.293231163e-05,   -0.003475221782,                 0,    0.003708786183,     0.04401685508,    -0.07104833098,   0.0002577395392,    0.001270168741,     0.07024127215,      0.0615016692,   0.0003942765326,     0.07825157459,   0.0001377687609,     0.08779752228,     0.02076908255,   0.0002888944486,     0.01048512271,    0.006604516456,                 0,  -0.0008294226105,   -0.009766188242,    0.007481505183,                 0,    -0.01059943669,       -70.8882636,     0.08521316991,                 0
          0,           0,          41,       2.061323778,       2.130381495,      -7.636845086,      -7.547363975,      -8.120648441,      -8.115131444,      -7.499930199,                         2,      -1.423695094,    0.001672825883,       6.113962742,       16.76187789,       38.80793778,        38.7865846,      0.0039269908,      0.1869298073,   -0.003113676491,     0.01737779986,   -0.003455901652,    -0.02306903318,      0.1333996262,      0.1869298073,     0.01737779986,   -0.003113676491,     -0.0166569288,      -2.068660536,      -2.033334143,      -2.004510224,      -2.004498392,      -1.918630813,     0.07825138332,   0.0001377686598,     0.08779732056,     0.02074333479,  -0.0008294894073,    -0.00976587544,    0.007481688356,                 0,   0.0002888878849,     0.01048476592,    0.006604146052,                 0,  -1.346329946e-05,   3.293008207e-05,   -0.003475368434,                 0,    0.003708912397,     0.04401414372,    -0.07105008588,   0.0002579965798,    0.001270150894,     0.07023740879,      0.0614979442,   0.0003941223047,     0.07825138332,   0.0001377686598,     0.08779732056,     0.02074333479,   0.0002888878849,     0.01048476592,    0.006604146052,                 0,  -0.0008294894073,    -0.00976587544,    0.007481688356,                 0,    -0.01060031621,      -70.88604517,     0.08521545201,                 0
          0,           0,          42,       2.177857532,       2.131485589,      -7.702161539,      -7.633343794,      -8.183118274,      -8.177114512,      -7.587460808,                         2,      -1.425750544,    0.001756467339,       6.419660905,       17.59997178,       40.74833466,       40.72591383,      0.0039269908,      0.1869105693,   -0.003113371719,     0.01737737858,   -0.003456028814,    -0.02307184831,      0.1333951208,      0.1869105693,     0.01737737858,   -0.003113371719,    -0.01665701266,      -2.133976989,      -2.119313962,      -2.066980057,       -2.06648146,      -2.006161421,     0.07825123971,   0.0001377676165,     0.08779715936,     0.02072440258,  -0.0008295367727,   -0.009765644476,     0.00748180953,                 0,   0.0002888820741,     0.01048452529,    0.006603971215,                 0,   -1.34631467e-05,   3.292846075e-05,   -0.003475494128,                 0,    0.003709003262,     0.04401213518,     -0.0710512434,   0.0002582566432,    0.001270135862,     0.07023477313,     0.06149615877,   0.0003940529939,     0.07825123971,   0.0001377676165,     0.08779715936,     0.02072440258,   0.0002888820741,     0.01048452529,    0.006603971215,                 0,  -0.0008295367727,   -0.009765644476,     0.00748180953,                 0,    -0.01060094097,      -70.88490548,     0.08521698862,                 0
          0,           0,          43,       2.231843432,       2.133766449,      -7.785364526,      -7.730391392,      -8.264664876,      -8.258442828,      -7.685656747,                         2,      -1.429326642,     0.00184429081,       6.740643974,       18.47997037,        42.7857514,       42.76220952,      0.0039269908,      0.1868970238,   -0.003113161596,     0.01737714796,   -0.003456129804,    -0.02307374057,      0.1333925981,      0.1868970238,     0.01737714796,   -0.003113161596,    -0.01665709562,      -2.217179976,       -2.21636156,      -2.148526659,      -2.147809776,       -2.10435736,     0.07825113694,   0.0001377664325,     0.08779703375,     0.02071108665,  -0.0008295691001,   -0.009765475555,    0.007481883059,                 0,   0.0002888773611,     0.01048437141,    0.006603899194,                 0,  -1.346304183e-05,   3.292728856e-05,   -0.003475594051,                 0,    0.003709066506,     0.04401065709,    -0.07105194357,    0.000258479405,    0.001270124448,     0.07023306911,     0.06149540101,   0.0003940035715,     0.07825113694,   0.0001377664325,     0.08779703375,     0.02071108665,   0.0002888773611,     0.01048437141,    0.006603899194,                 0,  -0.0008295691001,   -0.009765475555,    0.007481883059,                 0,    -0.01060136801,      -70.88428854,     0.08521794803,                 0
          0,           0,          44,       2.044272096,       2.131777686,      -7.886838097,      -7.840708775,        -8.3651915,      -8.358887592,        -7.7968828,                         2,      -1.433587848,    0.001936505408,       7.077676194,       19.40396889,       44.92503897,          44.90032,      0.0039269908,      0.1868877821,   -0.003113012562,     0.01737702329,   -0.003456206597,    -0.02307504281,      0.1333911937,      0.1868877821,     0.01737702329,   -0.003113012562,    -0.01665712187,      -2.318653547,      -2.326678943,      -2.249053282,       -2.24825454,      -2.215583414,     0.07825106661,   0.0001377654085,     0.08779693883,     0.02070201126,  -0.0008295899682,     -0.0097653482,    0.007481925606,                 0,     0.00028887378,     0.01048427586,    0.006603873654,                 0,  -1.346297355e-05,   3.292645567e-05,   -0.003475670079,                 0,    0.003709108361,     0.04400952513,    -0.07105234663,   0.0002586703243,    0.001270116421,     0.07023200135,     0.06149511521,   0.0003939606725,     0.07825106661,   0.0001377654085,     0.08779693883,     0.02070201126,     0.00028887378,     0.01048427586,    0.006603873654,                 0,  -0.0008295899682,     -0.0097653482,    0.007481925606,                 0,    -0.01060164422,      -70.88389101,     0.08521852476,                 0
          0,           0,          45,       2.190879324,       2.133062504,       -8.00620355,      -7.965350143,      -8.484026262,      -8.477765534,      -7.922323489,                         2,       -1.43812284,    0.002033330707,       7.431560021,       20.37416733,       47.17129092,         47.145336,      0.0039269908,      0.1868817739,   -0.003112898702,      0.0173769529,   -0.003456261978,    -0.02307600404,      0.1333903744,      0.1868817739,      0.0173769529,   -0.003112898702,    -0.01665704813,      -2.438019001,      -2.451320311,      -2.367888044,      -2.367132482,      -2.341024102,     0.07825102109,    0.000137764634,     0.08779686987,     0.02069611829,  -0.0008296019757,   -0.009765248474,    0.007481951747,                 0,   0.0002888711953,      0.0104842154,    0.006603866304,                 0,  -1.346293278e-05,   3.292587036e-05,   -0.003475724915,                 0,    0.003709133529,     0.04400861747,    -0.07105259315,   0.0002588381065,    0.001270111229,     0.07023132531,      0.0614950204,    0.000393917466,     0.07825102109,    0.000137764634,     0.08779686987,     0.02069611829,   0.0002888711953,      0.0104842154,    0.006603866304,                 0,  -0.0008296019757,   -0.009765248474,    0.007481951747,                 0,    -0.01060180384,      -70.88356562,     0.08521888944,                 0
          0,           0,          46,       2.543152404,       2.141787821,      -8.142243788,       -8.10401772,      -8.619761488,      -8.613562748,      -8.061782948,                         2,      -1.443819725,    0.002134997253,       7.803138035,        21.3928757,       49.52985546,        49.5026028,      0.0039269908,      0.1868781671,   -0.003112805211,     0.01737690655,   -0.003456300835,    -0.02307676921,      0.1333898393,      0.1868781671,     0.01737690655,   -0.003112805211,    -0.01665686933,      -2.574059238,      -2.589987889,       -2.50362327,      -2.502929696,      -2.480483561,       0.078250995,   0.0001377641143,     0.08779682289,     0.02069258512,  -0.0008296068881,     -0.0097651686,    0.007481970277,                 0,   0.0002888694769,     0.01048417253,    0.006603864543,                 0,  -1.346291375e-05,    3.29254592e-05,   -0.003475763381,                 0,     0.00370914532,     0.04400787043,     -0.0710527682,   0.0002589832513,    0.001270108425,     0.07023085733,     0.06149499011,   0.0003938834565,       0.078250995,   0.0001377641143,     0.08779682289,     0.02069258512,   0.0002888694769,     0.01048417253,    0.006603864543,                 0,  -0.0008296068881,     -0.0097651686,    0.007481970277,                 0,    -0.01060187015,      -70.88325323,      0.0852191461,                 0
          0,           0,          47,        2.25854416,       2.144220245,      -8.295589554,      -8.258629922,      -8.772982137,      -8.766967395,      -8.217192066,                         2,      -1.448006429,    0.002241747113,       8.193294945,       22.46251948,       52.00634823,       51.97773294,      0.0039269908,      0.1868762817,   -0.003112721474,     0.01737687009,   -0.003456328081,    -0.02307743241,      0.1333894456,      0.1868762817,     0.01737687009,   -0.003112721474,     -0.0166565893,      -2.727405004,       -2.74460009,       -2.65684392,      -2.656334343,      -2.635892679,     0.07825098355,   0.0001377638166,     0.08779679306,     0.02069074128,  -0.0008296064073,   -0.009765101581,    0.007481986514,                 0,   0.0002888684746,     0.01048413727,    0.006603864344,                 0,  -1.346291173e-05,   3.292516751e-05,   -0.003475790337,                 0,    0.003709146911,     0.04400722347,    -0.07105292321,   0.0002591204159,    0.001270107582,     0.07023048891,     0.06149498218,   0.0003938669108,     0.07825098355,   0.0001377638166,     0.08779679306,     0.02069074128,   0.0002888684746,     0.01048413727,    0.006603864344,                 0,  -0.0008296064073,   -0.009765101581,    0.007481986514,                 0,    -0.01060186556,      -70.88291994,        0.08521936,                 0
          0,           0,          48,        2.18146887,       2.144980421,      -8.463943672,      -8.427230943,      -8.941455875,      -8.935797944,      -8.386674291,                         2,      -1.451469195,    0.002353834458,       8.602959698,       23.58564546,       54.60666565,       54.57661959,      0.0039269908,      0.1868755899,   -0.003112640074,     0.01737683763,   -0.003456347347,     -0.0230780542,      0.1333891249,      0.1868755899,     0.01737683763,   -0.003112640074,    -0.01665621538,      -2.895759122,      -2.913201111,      -2.825317658,      -2.825164892,      -2.805374905,     0.07825098259,   0.0001377636999,     0.08779677608,     0.02069006751,  -0.0008296017373,   -0.009765041116,    0.007482002778,                 0,   0.0002888679931,      0.0104841053,    0.006603864342,                 0,    -1.3462923e-05,   3.292495679e-05,   -0.003475809381,                 0,    0.003709140597,     0.04400661974,    -0.07105308025,   0.0002592657136,    0.001270108179,     0.07023016873,     0.06149498127,    0.000393866676,     0.07825098259,   0.0001377636999,     0.08779677608,     0.02069006751,   0.0002888679931,      0.0104841053,    0.006603864342,                 0,  -0.0008296017373,   -0.009765041116,    0.007482002778,                 0,    -0.01060180601,      -70.88254105,     0.08521956173,                 0
          0,           0,          49,       2.340823665,       2.148897285,      -8.644972508,      -8.607870813,       -9.12314024,      -9.117887003,      -8.568368213,                         2,      -1.454191744,    0.002471526167,       9.033107687,       24.76492773,       57.33699893,       57.30545057,      0.0039269908,        0.18687569,   -0.003112556742,     0.01737680963,    -0.00345636173,    -0.02307866972,      0.1333888728,        0.18687569,     0.01737680963,   -0.003112556742,    -0.01665576053,      -3.076787958,      -3.093840981,      -3.007002022,      -3.007253951,      -2.987068827,     0.07825098902,   0.0001377637022,     0.08779676874,     0.02069016854,  -0.0008295936827,   -0.009764984391,    0.007482021332,                 0,    0.000288867845,     0.01048407648,    0.006603865308,                 0,  -1.346294494e-05,   3.292478348e-05,   -0.003475823569,                 0,    0.003709127976,     0.04400603601,    -0.07105326125,   0.0002594275473,    0.001270109761,     0.07022989029,     0.06149499382,   0.0003938789798,     0.07825098902,   0.0001377637022,     0.08779676874,     0.02069016854,    0.000288867845,     0.01048407648,    0.006603865308,                 0,  -0.0008295936827,   -0.009764984391,    0.007482021332,                 0,     -0.0106017022,      -70.88212812,     0.08521978018,                 0
          0,           0,          50,       2.248272924,       2.150845827,      -8.835602477,      -8.797879605,      -9.315400244,      -9.310504745,      -8.759748946,                         2,       -1.45574493,    0.002595102461,       9.484763073,       26.00317412,       60.20384888,       60.17072309,      0.0039269908,      0.1868762884,   -0.003112468832,     0.01737678378,   -0.003456372965,    -0.02307930339,      0.1333886602,      0.1868762884,     0.01737678378,   -0.003112468832,    -0.01665523678,      -3.267417927,      -3.283849773,      -3.199262027,      -3.199871693,       -3.17844956,     0.07825100075,   0.0001377637726,     0.08779676866,     0.02069075523,  -0.0008295828548,   -0.009764928416,     0.00748204244,                 0,   0.0002888679255,     0.01048404855,    0.006603867301,                 0,  -1.346297563e-05,   3.292463307e-05,   -0.003475834623,                 0,    0.003709110263,     0.04400544634,    -0.07105346853,   0.0002596085321,     0.00127011207,     0.07022962807,      0.0614950195,   0.0003939005501,     0.07825100075,   0.0001377637726,     0.08779676866,     0.02069075523,   0.0002888679255,     0.01048404855,    0.006603867301,                 0,  -0.0008295828548,   -0.009764928416,     0.00748204244,                 0,    -0.01060156224,       -70.8816856,     0.08522002067,                 0
          0,           0,          51,       2.325766789,       2.154209692,      -9.031046261,      -8.992845152,      -9.514287569,      -9.509523911,      -8.956676465,                         2,      -1.456330286,    0.002724857566,       9.959001229,       27.30333282,       63.21404132,       63.17925925,      0.0039269908,       0.186877179,   -0.003112373861,     0.01737675626,     -0.0034563817,    -0.02307998005,      0.1333884517,       0.186877179,     0.01737675626,   -0.003112373861,    -0.01665464921,      -3.462861711,      -3.478815321,      -3.398149351,      -3.398890859,      -3.375377079,     0.07825101627,   0.0001377638822,     0.08779677399,     0.02069162483,    -0.00082956983,   -0.009764869801,     0.00748206577,                 0,   0.0002888681519,     0.01048401818,    0.006603869928,                 0,  -1.346301326e-05,     3.2924491e-05,   -0.003475843178,                 0,    0.003709088583,     0.04400481998,    -0.07105369857,   0.0002598099551,     0.00127011491,     0.07022934668,     0.06149505374,    0.000393936408,     0.07825101627,   0.0001377638822,     0.08779677399,     0.02069162483,   0.0002888681519,     0.01048401818,    0.006603869928,                 0,    -0.00082956983,   -0.009764869801,     0.00748206577,                 0,    -0.01060139369,      -70.88120371,     0.08522028122,                 0
          0,           0,          52,       2.127995337,       2.153715082,      -9.226238286,      -9.188875327,      -9.716267295,      -9.711331181,      -9.155632796,                         2,      -1.452197175,    0.002861100425,       10.45695129,       28.66849946,       66.37474338,       66.33822221,      0.0039269908,      0.1868782307,   -0.003112270822,     0.01737672544,   -0.003456388873,    -0.02308070491,      0.1333882324,      0.1868782307,     0.01737672544,   -0.003112270822,    -0.01665400411,      -3.658053736,      -3.674845495,      -3.600129077,      -3.600698129,      -3.574333409,     0.07825103468,   0.0001377640052,     0.08779678333,      0.0206926487,  -0.0008295548048,   -0.009764807454,    0.007482091437,                 0,   0.0002888684686,     0.01048398378,    0.006603873189,                 0,  -1.346305695e-05,   3.292435173e-05,   -0.003475850168,                 0,    0.003709063361,     0.04400414734,    -0.07105395235,    0.000260036736,    0.001270118169,       0.070229029,     0.06149509619,   0.0003939890761,     0.07825103468,   0.0001377640052,     0.08779678333,      0.0206926487,   0.0002888684686,     0.01048398378,    0.006603873189,                 0,  -0.0008295548048,   -0.009764807454,    0.007482091437,                 0,    -0.01060119918,       -70.8806879,      0.0852205645,                 0
          0,           0,          53,       2.066381269,       2.152097789,      -9.411883002,      -9.377487968,       -9.91413614,      -9.908607095,      -9.348646409,                         2,      -1.444357266,    0.003004155421,       10.97979886,       30.10192444,       69.69348055,       69.65513332,      0.0039269908,      0.1868793482,   -0.003112157651,     0.01737669109,   -0.003456395334,    -0.02308149344,      0.1333879973,      0.1868793482,     0.01737669109,   -0.003112157651,    -0.01665329893,      -3.843698452,      -3.863458136,      -3.797997922,      -3.797974043,      -3.767347022,     0.07825105554,   0.0001377641212,     0.08779679565,     0.02069373294,  -0.0008295377777,   -0.009764739853,     0.00748211998,                 0,   0.0002888688315,     0.01048394498,     0.00660387727,                 0,   -1.34631065e-05,   3.292420624e-05,   -0.003475856433,                 0,    0.003709034665,     0.04400341414,    -0.07105423511,   0.0002602928676,    0.001270121773,     0.07022867064,     0.06149514854,   0.0003940563293,     0.07825105554,   0.0001377641212,     0.08779679565,     0.02069373294,   0.0002888688315,     0.01048394498,     0.00660387727,                 0,  -0.0008295377777,   -0.009764739853,     0.00748211998,                 0,    -0.01060097876,      -70.88013752,     0.08522087765,                 0
          0,           0,          54,       2.097887226,       2.151112142,      -9.579078253,      -9.550217672,      -10.10059543,      -10.09366855,      -9.527518485,                         2,      -1.435853924,    0.003154363161,        11.5287888,       31.60702066,       73.17815458,       73.13788999,      0.0039269908,      0.1868804721,   -0.003112032563,     0.01737665307,   -0.003456401834,    -0.02308235668,      0.1333877433,      0.1868804721,     0.01737665307,   -0.003112032563,    -0.01665252944,      -4.010893703,       -4.03618784,      -3.984457216,      -3.983035496,      -3.946219098,     0.07825107873,   0.0001377642155,     0.08779681025,     0.02069481894,  -0.0008295185552,   -0.009764665825,    0.007482151817,                 0,   0.0002888692031,      0.0104839016,    0.006603882266,                 0,  -1.346316231e-05,   3.292404748e-05,   -0.003475862719,                 0,    0.003709002224,     0.04400260878,    -0.07105455094,   0.0002605832635,    0.001270125676,     0.07022826934,     0.06149521176,   0.0003941365463,     0.07825107873,   0.0001377642155,     0.08779681025,     0.02069481894,   0.0002888692031,      0.0104839016,    0.006603882266,                 0,  -0.0008295185552,   -0.009764665825,    0.007482151817,                 0,    -0.01060072997,      -70.87955164,      0.0852212261,                 0
          0,           0,          55,       2.078599198,       2.149817268,      -9.723257287,      -9.701544311,      -10.27005628,      -10.26021722,      -9.686424811,                         2,      -1.430946396,    0.003312081278,       12.10522824,       33.18737169,       76.83706231,       76.79478449,      0.0039269908,      0.1868815813,    -0.00311189275,     0.01737661078,   -0.003456408956,    -0.02308331142,      0.1333874661,      0.1868815813,     0.01737661078,    -0.00311189275,    -0.01665168246,      -4.155072737,      -4.187514479,      -4.153918067,      -4.149584171,      -4.105125424,     0.07825110445,   0.0001377642783,     0.08779682677,     0.02069588581,  -0.0008294967322,   -0.009764583791,    0.007482187774,                 0,   0.0002888695833,     0.01048385296,    0.006603888237,                 0,  -1.346322559e-05,   3.292387117e-05,   -0.003475869602,                 0,     0.00370896538,      0.0440017145,    -0.07105490794,   0.0002609166407,    0.001270129939,     0.07022781875,     0.06149528664,   0.0003942307763,     0.07825110445,   0.0001377642783,     0.08779682677,     0.02069588581,   0.0002888695833,     0.01048385296,    0.006603888237,                 0,  -0.0008294967322,   -0.009764583791,    0.007482187774,                 0,     -0.0106004476,      -70.87892383,     0.08522161961,                 0
          0,           0,          56,       2.007073059,       2.147312984,      -9.845527196,      -9.830187455,       -10.4204251,      -10.40458353,      -9.823519358,                         2,       -1.43262932,    0.003477685289,       12.71048965,       34.84674028,       80.67891543,       80.63452371,      0.0039269908,      0.1868826689,    -0.00311173352,     0.01737656308,   -0.003456417435,    -0.02308439749,       0.133387156,      0.1868826689,     0.01737656308,    -0.00311173352,    -0.01665073353,      -4.277342646,      -4.316157623,      -4.304286879,      -4.293950475,      -4.242219971,      0.0782511329,      0.0001377643,     0.08779684491,     0.02069692676,  -0.0008294720653,    -0.00976449003,    0.007482228575,                 0,   0.0002888699432,     0.01048379763,    0.006603895508,                 0,  -1.346329726e-05,   3.292367071e-05,   -0.003475877808,                 0,    0.003708923783,     0.04400069382,    -0.07105531327,   0.0002612981774,    0.001270134595,     0.07022730474,     0.06149537653,   0.0003943400995,      0.0782511329,      0.0001377643,     0.08779684491,     0.02069692676,   0.0002888699432,     0.01048379763,    0.006603895508,                 0,  -0.0008294720653,    -0.00976449003,    0.007482228575,                 0,    -0.01060012852,      -70.87823211,     0.08522206673,                 0
          0,           0,          57,       2.144583018,       2.147265915,      -9.952504507,      -9.941658718,       -10.5562458,      -10.52815896,        -9.9444502,                         2,      -1.434538845,    0.003651569481,       13.34601414,       36.58907729,        84.7128612,        84.6662499,      0.0039269908,      0.1868837594,   -0.003111552052,     0.01737650932,   -0.003456427607,    -0.02308563016,      0.1333868093,      0.1868837594,     0.01737650932,   -0.003111552052,    -0.01664966534,      -4.384319957,      -4.427628886,      -4.440107579,       -4.41752591,      -4.363150814,     0.07825116448,    0.000137764275,     0.08779686445,     0.02069796619,  -0.0008294441275,   -0.009764382952,    0.007482275027,                 0,   0.0002888702836,     0.01048373478,    0.006603904253,                 0,  -1.346337841e-05,    3.29234485e-05,   -0.003475887677,                 0,    0.003708876715,     0.04399952928,    -0.07105577502,   0.0002617388566,    0.001270139702,     0.07022671985,     0.06149548347,   0.0003944662599,     0.07825116448,    0.000137764275,     0.08779686445,     0.02069796619,   0.0002888702836,     0.01048373478,    0.006603904253,                 0,  -0.0008294441275,   -0.009764382952,    0.007482275027,                 0,    -0.01059976721,       -70.8774677,     0.08522257685,                 0
          0,           0,          58,       2.069186497,       2.145942535,      -10.04599912,      -10.03709045,      -10.68083869,      -10.62801569,      -10.05124545,                         2,      -1.429143909,    0.003834147857,       14.01331484,       38.41853116,       88.94850426,       88.89956239,      0.0039269908,      0.1868848745,   -0.003111340968,     0.01737644683,    -0.00345643984,      -0.023087064,      0.1333864051,      0.1868848745,     0.01737644683,   -0.003111340968,    -0.01664843651,      -4.477814571,      -4.523060621,      -4.564700475,      -4.517382642,      -4.469946065,     0.07825120032,   0.0001377642172,     0.08779688581,     0.02069902416,  -0.0008294116186,   -0.009764258331,    0.007482328982,                 0,    0.000288870573,     0.01048366189,    0.006603914369,                 0,  -1.346347254e-05,   3.292318271e-05,    -0.00347589955,                 0,    0.003708822038,      0.0439981743,    -0.07105631141,   0.0002622510754,    0.001270145357,     0.07022604044,     0.06149560737,   0.0003946119049,     0.07825120032,   0.0001377642172,     0.08779688581,     0.02069902416,    0.000288870573,     0.01048366189,    0.006603914369,                 0,  -0.0008294116186,   -0.009764258331,    0.007482328982,                 0,    -0.01059934691,      -70.87659285,     0.08522317066,                 0
          0,           0,          59,       2.345844836,        2.14927424,      -10.12928002,      -10.11491147,       -10.7963718,      -10.72858963,      -10.14448144,                         2,      -1.410183661,    0.004025855123,       14.71398059,       40.33945771,       93.39592947,       93.34454051,      0.0039269908,      0.1868856521,   -0.003111044393,     0.01737635138,   -0.003456445721,    -0.02308936984,       0.133385662,      0.1868856521,     0.01737635138,   -0.003111044393,    -0.01664678031,      -4.561095466,      -4.600881641,      -4.680233581,      -4.617956581,      -4.563182049,     0.07825124264,   0.0001377647112,     0.08779691139,     0.02069973339,  -0.0008293724552,   -0.009764056088,     0.00748238415,                 0,   0.0002888707294,     0.01048356386,    0.006603916787,                 0,  -1.346358541e-05,   3.292260835e-05,   -0.003475904744,                 0,    0.003708756302,      0.0439960235,    -0.07105685968,   0.0002627100399,    0.001270151672,     0.07022511726,     0.06149565906,    0.000394733976,     0.07825124264,   0.0001377647112,     0.08779691139,     0.02069973339,   0.0002888707294,     0.01048356386,    0.006603916787,                 0,  -0.0008293724552,   -0.009764056088,     0.00748238415,                 0,     -0.0105988407,      -70.87487068,     0.08522377418,                 0
          0,           0,          60,       2.395826024,       2.153316073,      -10.24861943,      -10.23492442,      -10.90240932,      -10.78839319,      -10.25882329,                         2,      -1.344215499,    0.004227147804,       15.44967962,        42.3564306,       98.06572594,       98.01176754,      0.0039269908,      0.1868861892,    -0.00311091959,     0.01737631007,   -0.003456452418,    -0.02309027377,      0.1333853712,      0.1868861892,     0.01737631007,    -0.00311091959,    -0.01664606466,      -4.680434881,      -4.720894593,      -4.786271098,      -4.677760133,        -4.6775239,      0.0782512736,   0.0001377651777,     0.08779693351,      0.0207002169,   -0.000829357343,   -0.009763961734,    0.007482399487,                 0,   0.0002888726505,     0.01048352052,    0.006603916894,                 0,  -1.346364338e-05,   3.292235018e-05,   -0.003475911125,                 0,      0.0037087299,     0.04399504137,    -0.07105701639,   0.0002629713518,    0.001270160829,     0.07022471594,     0.06149566858,   0.0003948258665,      0.0782512736,   0.0001377651777,     0.08779693351,      0.0207002169,   0.0002888726505,     0.01048352052,    0.006603916894,                 0,   -0.000829357343,   -0.009763961734,    0.007482399487,                 0,    -0.01059864338,       -70.8739458,      0.0852239274,                 0
          0,           0,          61,       2.333574538,       2.156223468,      -10.39976166,      -10.39375974,      -11.01375908,      -10.89426225,      -10.40145435,                         3,      -1.773652914,    0.004438505301,        16.2221636,       44.47425213,               100,       99.96144944,      0.0039269908,      0.1868862229,   -0.003110961723,     0.01737633405,   -0.003456465724,    -0.02309007867,      0.1333855772,      0.1868862229,     0.01737633405,   -0.003110961723,    -0.01664628711,      -4.831577115,      -4.879729909,      -4.897620866,      -4.783629202,      -4.820154967,     0.07825125567,   0.0001377650997,     0.08779693416,     0.02070026795,  -0.0008293827671,   -0.009763971052,    0.007482392096,                 0,   0.0002888760842,     0.01048350552,    0.006603952439,                 0,  -1.346357515e-05,   3.292224746e-05,   -0.003475924397,                 0,    0.003708769943,      0.0439951609,     -0.0710569488,   0.0002629392812,    0.001270164047,     0.07022454659,      0.0614960041,   0.0003948624642,     0.07825125567,   0.0001377650997,     0.08779693416,     0.02070026795,   0.0002888760842,     0.01048350552,    0.006603952439,                 0,  -0.0008293827671,   -0.009763971052,    0.007482392096,                 0,    -0.01059897071,      -70.87405353,     0.08522384258,                 0
          0,           0,          62,        2.45503808,       2.160966557,      -10.50257621,      -10.52402713,      -11.12635588,      -10.97945292,      -10.52862305,                         2,      -1.310631757,    0.004660430728,        16.5421338,       46.69796474,               100,       99.97872715,      0.0039269908,      0.1868860159,   -0.003110998605,      0.0173763417,   -0.003456465957,    -0.02308989429,      0.1333856095,      0.1868860159,      0.0173763417,   -0.003110998605,     -0.0166465029,      -4.934391663,      -5.009997296,      -5.010217662,      -4.868819864,      -4.947323661,     0.07825123195,   0.0001377650196,     0.08779692829,     0.02070009061,  -0.0008293938948,   -0.009763992717,    0.007482388007,                 0,   0.0002888766819,     0.01048349744,    0.006603967581,                 0,  -1.346351715e-05,   3.292216842e-05,   -0.003475924608,                 0,     0.00370878792,     0.04399538884,    -0.07105690964,   0.0002628385871,    0.001270161023,     0.07022444162,     0.06149614954,   0.0003948572998,     0.07825123195,   0.0001377650196,     0.08779692829,     0.02070009061,   0.0002888766819,     0.01048349744,    0.006603967581,                 0,  -0.0008293938948,   -0.009763992717,    0.007482388007,                 0,    -0.01059911613,        -70.874252,      0.0852238017,                 0
          0,           0,          63,       2.048100769,       2.159203029,      -10.58311561,      -10.62118029,      -11.24741429,      -11.10755011,      -10.63979515,                         2,      -1.389600518,    0.004752354342,        16.5421338,       49.03286297,               100,       99.98651689,      0.0039269908,       0.186885927,   -0.003110978868,     0.01737632122,   -0.003456465647,    -0.02309008438,      0.1333854282,       0.186885927,     0.01737632122,   -0.003110978868,     -0.0166464052,       -5.01493106,      -5.107150455,      -5.131276072,      -4.996917061,      -5.058495759,     0.07825123222,   0.0001377650702,     0.08779693162,     0.02069999813,  -0.0008293867144,   -0.009763988167,    0.007482396013,                 0,   0.0002888758683,     0.01048348546,    0.006603959892,                 0,  -1.346352624e-05,   3.292213371e-05,   -0.003475924254,                 0,    0.003708776742,     0.04399533165,    -0.07105698595,   0.0002627931679,    0.001270159737,     0.07022432618,     0.06149607863,   0.0003948636708,     0.07825123222,   0.0001377650702,     0.08779693162,     0.02069999813,   0.0002888758683,     0.01048348546,    0.006603959892,                 0,  -0.0008293867144,   -0.009763988167,    0.007482396013,                 0,    -0.01059902433,      -70.87419295,     0.08522388966,                 0
          0,           0,          64,       2.030166001,       2.157217844,       -10.6954182,      -10.73536044,      -11.37469497,       -11.2396982,      -10.76263952,                         2,      -1.467730358,    0.004752354336,        16.5421338,       51.48450612,               100,       99.99050535,      0.0039269908,       0.186885908,   -0.003110952548,     0.01737630573,   -0.003456466951,    -0.02309029439,      0.1333852981,       0.186885908,     0.01737630573,   -0.003110952548,    -0.01664626606,      -5.127233654,      -5.221330607,      -5.258556751,      -5.129065149,      -5.181340135,      0.0782512407,   0.0001377651065,     0.08779693591,      0.0206999663,  -0.0008293808911,   -0.009763969772,    0.007482398115,                 0,   0.0002888749512,     0.01048347772,    0.006603953061,                 0,  -1.346354654e-05,   3.292211822e-05,   -0.003475925523,                 0,    0.003708767231,     0.04399516174,    -0.07105700648,   0.0002627831128,    0.001270159489,     0.07022425504,     0.06149601421,   0.0003948693181,      0.0782512407,   0.0001377651065,     0.08779693591,      0.0206999663,   0.0002888749512,     0.01048347772,    0.006603953061,                 0,  -0.0008293808911,   -0.009763969772,    0.007482398115,                 0,    -0.01059894877,      -70.87404074,     0.08522390944,                 0
          0,           0,          65,       2.027416972,       2.155251164,      -10.85661386,      -10.89860479,       -11.5119379,      -11.39337544,      -10.91807258,                         2,      -1.502554705,    0.004752354329,        16.5421338,       54.05873143,               100,       99.99218689,      0.0039269908,      0.1868858822,    -0.00311094613,     0.01737630204,   -0.003456467278,    -0.02309036371,      0.1333852632,      0.1868858822,     0.01737630204,    -0.00311094613,    -0.01664623402,      -5.288429309,      -5.384574962,      -5.395799683,      -5.282742391,      -5.336773197,     0.07825124456,   0.0001377651208,     0.08779693723,     0.02069993525,  -0.0008293798065,   -0.009763964909,    0.007482398586,                 0,   0.0002888749198,     0.01048347542,      0.0066039517,                 0,  -1.346355384e-05,   3.292210296e-05,   -0.003475925827,                 0,     0.00370876528,     0.04399510712,    -0.07105701159,   0.0002627754832,    0.001270160064,     0.07022423321,      0.0614960018,   0.0003948681595,     0.07825124456,   0.0001377651208,     0.08779693723,     0.02069993525,   0.0002888749198,     0.01048347542,      0.0066039517,                 0,  -0.0008293798065,   -0.009763964909,    0.007482398586,                 0,    -0.01059893438,      -70.87399811,     0.08522391352,                 0
          0,           0,          66,       2.021934976,        2.15326137,      -11.04290083,      -11.09495679,      -11.65944128,      -11.56539392,      -11.10280566,                         2,      -1.499136684,     0.00475235433,        16.5421338,         56.761668,               100,       99.99302311,      0.0039269908,      0.1868858543,   -0.003110947398,     0.01737630193,   -0.003456466673,    -0.02309037015,      0.1333852575,      0.1868858543,     0.01737630193,   -0.003110947398,    -0.01664624329,      -5.474716285,      -5.580926955,       -5.54330306,      -5.454760873,      -5.521506273,     0.07825124519,   0.0001377651341,     0.08779693781,     0.02069990616,  -0.0008293796209,   -0.009763966549,    0.007482398773,                 0,   0.0002888753103,     0.01048347466,    0.006603951967,                 0,  -1.346355561e-05,   3.292209117e-05,   -0.003475925208,                 0,    0.003708764809,     0.04399511112,    -0.07105701376,   0.0002627676837,    0.001270160909,     0.07022422673,     0.06149600496,   0.0003948648964,     0.07825124519,   0.0001377651341,     0.08779693781,     0.02069990616,   0.0002888753103,     0.01048347466,    0.006603951967,                 0,  -0.0008293796209,   -0.009763966549,    0.007482398773,                 0,    -0.01059893193,      -70.87400316,     0.08522391509,                 0
          0,           0,          67,       2.028194873,       2.151422157,      -11.22751105,      -11.29168005,      -11.83043625,      -11.75616074,      -11.29785633,                         2,      -1.487162159,    0.004752354331,        16.5421338,        59.5997514,               100,        99.9935803,      0.0039269908,      0.1868858342,   -0.003110946914,     0.01737630174,   -0.003456466184,     -0.0230903808,      0.1333852533,      0.1868858342,     0.01737630174,   -0.003110946914,    -0.01664624249,      -5.659326497,      -5.777650214,      -5.714298033,      -5.645527687,      -5.716556941,     0.07825124557,    0.000137765145,     0.08779693848,     0.02069988504,  -0.0008293791821,    -0.00976396674,    0.007482399008,                 0,   0.0002888755227,     0.01048347395,    0.006603952272,                 0,  -1.346355679e-05,   3.292208514e-05,   -0.003475924712,                 0,    0.003708764043,     0.04399510856,     -0.0710570161,   0.0002627626985,    0.001270161358,      0.0702242214,     0.06149600826,   0.0003948622435,     0.07825124557,    0.000137765145,     0.08779693848,     0.02069988504,   0.0002888755227,     0.01048347395,    0.006603952272,                 0,  -0.0008293791821,    -0.00976396674,    0.007482399008,                 0,    -0.01059892627,      -70.87399892,     0.08522391711,                 0
          0,           0,          68,       2.022868536,       2.149559061,      -11.41070686,      -11.48063769,      -12.02824119,      -11.95477664,      -11.49254686,                         2,      -1.481490706,    0.004752354331,        16.5421338,       62.57973897,               100,       99.99408342,      0.0039269908,      0.1868858193,   -0.003110945271,      0.0173763013,   -0.003456466128,      -0.023090397,      0.1333852479,      0.1868858193,      0.0173763013,   -0.003110945271,    -0.01664623502,       -5.84252231,      -5.966607861,      -5.912102973,      -5.844143586,      -5.911247473,     0.07825124603,   0.0001377651509,     0.08779693901,     0.02069986915,  -0.0008293787661,   -0.009763966213,    0.007482399707,                 0,   0.0002888755303,     0.01048347337,    0.006603952402,                 0,   -1.34635575e-05,   3.292208227e-05,   -0.003475924653,                 0,    0.003708763336,      0.0439951027,    -0.07105702284,   0.0002627597998,    0.001270161413,     0.07022421661,     0.06149600974,   0.0003948601699,     0.07825124603,   0.0001377651509,     0.08779693901,     0.02069986915,   0.0002888755303,     0.01048347337,    0.006603952402,                 0,  -0.0008293787661,   -0.009763966213,    0.007482399707,                 0,    -0.01059892089,      -70.87399209,     0.08522392456,                 0
          0,           0,          69,       2.117994657,       2.149108141,      -11.60601568,      -11.67719321,       -12.2416325,      -12.15403303,      -11.68954765,                         2,      -1.466973093,    0.004752354331,        16.5421338,       65.70872592,               100,       99.99459903,      0.0039269908,       0.186885808,   -0.003110944444,     0.01737630098,   -0.003456466155,    -0.02309040543,      0.1333852436,       0.186885808,     0.01737630098,   -0.003110944444,    -0.01664623161,      -6.037831131,      -6.163163379,       -6.12549428,      -6.043399982,      -6.108248266,      0.0782512463,    0.000137765154,     0.08779693934,     0.02069985719,  -0.0008293785137,   -0.009763966207,    0.007482400276,                 0,   0.0002888755106,     0.01048347316,     0.00660395231,                 0,  -1.346355781e-05,   3.292208038e-05,   -0.003475924678,                 0,     0.00370876288,     0.04399510201,    -0.07105702833,   0.0002627580077,    0.001270161393,     0.07022421482,     0.06149600898,   0.0003948583676,      0.0782512463,    0.000137765154,     0.08779693934,     0.02069985719,   0.0002888755106,     0.01048347316,     0.00660395231,                 0,  -0.0008293785137,   -0.009763966207,    0.007482400276,                 0,    -0.01059891763,      -70.87399046,     0.08522393073,                 0
          0,           0,          70,       2.123616801,       2.148749108,      -11.81177582,       -11.8817448,      -12.44931408,       -12.3506094,      -11.88521869,                         2,      -1.425528999,    0.004752354332,        16.5421338,       68.99416221,               100,       99.99514041,      0.0039269908,         0.1868858,   -0.003110944267,     0.01737630075,   -0.003456466097,    -0.02309040782,      0.1333852399,         0.1868858,     0.01737630075,   -0.003110944267,    -0.01664623137,      -6.243591269,      -6.367714967,      -6.333175864,       -6.23997635,      -6.303919307,     0.07825124643,   0.0001377651555,     0.08779693955,     0.02069984888,    -0.00082937838,   -0.009763966389,    0.007482400502,                 0,   0.0002888755231,     0.01048347306,    0.006603952172,                 0,  -1.346355801e-05,   3.292207919e-05,   -0.003475924618,                 0,    0.003708762634,     0.04399510313,    -0.07105703055,    0.000262756963,    0.001270161428,     0.07022421394,     0.06149600775,   0.0003948568255,     0.07825124643,   0.0001377651555,     0.08779693955,     0.02069984888,   0.0002888755231,     0.01048347306,    0.006603952172,                 0,    -0.00082937838,   -0.009763966389,    0.007482400502,                 0,     -0.0105989159,      -70.87399101,     0.08522393309,                 0
          0,           0,          71,        2.23495167,       2.149946366,      -12.01598059,      -12.08694791,      -12.62961475,      -12.53681065,      -12.07816092,                         2,      -1.363333945,    0.004752354332,        16.5421338,       72.44387032,               100,       99.99570887,      0.0039269908,      0.1868857947,   -0.003110944314,     0.01737630061,      -0.003456466,     -0.0230904077,      0.1333852374,      0.1868857947,     0.01737630061,   -0.003110944314,     -0.0166462321,       -6.44779604,      -6.572918077,      -6.513476537,      -6.426177595,      -6.496861537,     0.07825124652,   0.0001377651561,      0.0877969397,      0.0206998433,  -0.0008293783005,   -0.009763966506,    0.007482400493,                 0,    0.000288875541,     0.01048347303,    0.006603952033,                 0,  -1.346355818e-05,   3.292207837e-05,    -0.00347592452,                 0,    0.003708762495,     0.04399510393,    -0.07105703049,   0.0002627563663,    0.001270161477,     0.07022421383,     0.06149600647,   0.0003948555724,     0.07825124652,   0.0001377651561,      0.0877969397,      0.0206998433,    0.000288875541,     0.01048347303,    0.006603952033,                 0,  -0.0008293783005,   -0.009763966506,    0.007482400493,                 0,    -0.01059891487,      -70.87399153,     0.08522393284,                 0
          0,           0,          72,       2.123003957,       2.149577292,      -12.20976182,      -12.29059581,      -12.78158754,       -12.7062991,      -12.27260889,                         3,      -1.696488125,    0.004752354332,        16.5421338,       76.06606384,               100,       99.99630575,      0.0039269908,      0.1868857903,   -0.003110944208,      0.0173763005,   -0.003456465915,    -0.02309040869,      0.1333852358,      0.1868857903,      0.0173763005,   -0.003110944208,    -0.01664623192,      -6.641577275,      -6.776565975,       -6.66544932,      -6.595666045,      -6.691309508,     0.07825124658,   0.0001377651561,     0.08779693981,     0.02069983878,  -0.0008293782438,   -0.009763966489,    0.007482400525,                 0,   0.0002888755493,     0.01048347295,    0.006603951999,                 0,   -1.34635583e-05,   3.292207774e-05,   -0.003475924435,                 0,    0.003708762397,     0.04399510359,    -0.07105703082,   0.0002627561442,    0.001270161504,     0.07022421309,     0.06149600619,   0.0003948550419,     0.07825124658,   0.0001377651561,     0.08779693981,     0.02069983878,   0.0002888755493,     0.01048347295,    0.006603951999,                 0,  -0.0008293782438,   -0.009763966489,    0.007482400525,                 0,    -0.01059891414,      -70.87399138,      0.0852239331,                 0
          0,           0,          73,       2.122477848,       2.149211083,      -12.37902244,      -12.46673323,      -12.90436971,      -12.84364548,      -12.43841871,                         3,      -1.685864376,    0.004752354332,        16.5421338,       79.86936703,               100,       99.99693247,      0.0039269908,      0.1868857876,   -0.003110944197,     0.01737630052,   -0.003456465895,    -0.02309040886,      0.1333852352,      0.1868857876,     0.01737630052,   -0.003110944197,    -0.01664623211,       -6.81083789,      -6.952703394,       -6.78823149,      -6.733012426,      -6.857119323,     0.07825124662,   0.0001377651562,     0.08779693987,     0.02069983591,  -0.0008293782098,   -0.009763966547,     0.00748240056,                 0,   0.0002888755557,     0.01048347301,     0.00660395195,                 0,  -1.346355837e-05,   3.292207731e-05,   -0.003475924414,                 0,    0.003708762336,     0.04399510404,    -0.07105703116,    0.000262755929,    0.001270161522,     0.07022421378,     0.06149600574,   0.0003948541143,     0.07825124662,   0.0001377651562,     0.08779693987,     0.02069983591,   0.0002888755557,     0.01048347301,     0.00660395195,                 0,  -0.0008293782098,   -0.009763966547,     0.00748240056,                 0,     -0.0105989137,      -70.87399177,     0.08522393344,                 0
          0,           0,          74,       2.266451498,       2.150774288,      -12.52921868,      -12.61804594,      -13.02605359,      -12.96954012,      -12.58379651,                         3,      -1.706366776,    0.004752354332,        16.5421338,       83.86283538,               100,       99.99759053,      0.0039269908,      0.1868857856,   -0.003110944162,     0.01737630058,   -0.003456465879,    -0.02309040926,      0.1333852351,      0.1868857856,     0.01737630058,   -0.003110944162,    -0.01664623209,      -6.961034129,      -7.104016106,       -6.90991537,      -6.858907068,      -7.002497124,     0.07825124664,   0.0001377651562,     0.08779693991,      0.0206998339,  -0.0008293781904,   -0.009763966592,     0.00748240062,                 0,   0.0002888755582,     0.01048347308,    0.006603951949,                 0,   -1.34635584e-05,   3.292207706e-05,   -0.003475924397,                 0,      0.0037087623,     0.04399510439,    -0.07105703175,   0.0002627558005,    0.001270161531,     0.07022421445,     0.06149600575,   0.0003948533642,     0.07825124664,   0.0001377651562,     0.08779693991,      0.0206998339,   0.0002888755582,     0.01048347308,    0.006603951949,                 0,  -0.0008293781904,   -0.009763966592,     0.00748240062,                 0,    -0.01059891345,       -70.8739921,     0.08522393409,                 0
          0,           0,          75,       2.153026315,        2.15080392,       -12.6767698,      -12.76317952,      -13.15420421,       -13.1017038,      -12.72539771,                         3,      -1.730537148,    0.004752354332,        16.5421338,       88.05597715,               100,       99.99828149,      0.0039269908,      0.1868857842,   -0.003110944205,     0.01737630062,   -0.003456465888,    -0.02309040885,       0.133385235,      0.1868857842,     0.01737630062,   -0.003110944205,    -0.01664623245,      -7.108585248,      -7.249149684,      -7.038065997,      -6.991070751,       -7.14409832,     0.07825124666,   0.0001377651562,     0.08779693993,     0.02069983245,  -0.0008293781781,   -0.009763966652,    0.007482400625,                 0,   0.0002888755593,     0.01048347314,    0.006603951918,                 0,  -1.346355843e-05,   3.292207683e-05,   -0.003475924406,                 0,    0.003708762278,     0.04399510494,    -0.07105703179,   0.0002627557285,    0.001270161536,     0.07022421515,     0.06149600547,   0.0003948528101,     0.07825124666,   0.0001377651562,     0.08779693993,     0.02069983245,   0.0002888755593,     0.01048347314,    0.006603951918,                 0,  -0.0008293781781,   -0.009763966652,    0.007482400625,                 0,    -0.01059891329,      -70.87399251,     0.08522393412,                 0
          0,           0,          76,        1.97640556,       2.148539007,      -12.83197951,      -12.91262617,      -13.29230441,      -13.24657903,      -12.87180385,                         2,      -1.304194829,    0.004752354332,        16.5421338,       92.45877601,               100,         99.999007,      0.0039269908,      0.1868857833,   -0.003110944194,     0.01737630068,   -0.003456465874,    -0.02309040896,       0.133385235,      0.1868857833,     0.01737630068,   -0.003110944194,    -0.01664623247,      -7.263794959,      -7.398596337,      -7.176166189,       -7.13594598,      -7.290504463,     0.07825124667,   0.0001377651562,     0.08779693995,     0.02069983149,  -0.0008293781707,   -0.009763966684,    0.007482400661,                 0,   0.0002888755601,     0.01048347319,    0.006603951928,                 0,  -1.346355845e-05,   3.292207677e-05,   -0.003475924392,                 0,    0.003708762264,     0.04399510523,    -0.07105703214,   0.0002627556879,    0.001270161539,     0.07022421562,     0.06149600557,   0.0003948522983,     0.07825124667,   0.0001377651562,     0.08779693995,     0.02069983149,   0.0002888755601,     0.01048347319,    0.006603951928,                 0,  -0.0008293781707,   -0.009763966684,    0.007482400661,                 0,    -0.01059891319,      -70.87399278,     0.08522393452,                 0
          0,           0,          77,        2.10346785,       2.147961171,      -13.00061742,      -13.07347796,      -13.45284126,      -13.40873931,      -13.03250102,                         3,      -1.730701652,    0.004752354332,        16.5421338,       97.08171481,               100,       99.99967212,      0.0039269908,      0.1868857823,   -0.003110944226,     0.01737630069,   -0.003456465889,    -0.02309040861,       0.133385235,      0.1868857823,     0.01737630069,   -0.003110944226,    -0.01664623273,      -7.432432871,      -7.559448127,      -7.336703048,      -7.298106257,      -7.451201629,     0.07825124667,   0.0001377651562,     0.08779693996,     0.02069983055,  -0.0008293781657,   -0.009763966716,    0.007482400655,                 0,   0.0002888755604,     0.01048347321,    0.006603951912,                 0,  -1.346355846e-05,   3.292207662e-05,   -0.003475924407,                 0,    0.003708762255,     0.04399510553,    -0.07105703208,   0.0002627556891,    0.001270161541,     0.07022421589,     0.06149600541,   0.0003948521266,     0.07825124667,   0.0001377651562,     0.08779693996,     0.02069983055,   0.0002888755604,     0.01048347321,    0.006603951912,                 0,  -0.0008293781657,   -0.009763966716,    0.007482400655,                 0,    -0.01059891313,      -70.87399301,     0.08522393444,                 0
          0,           0,          78,        2.13153663,       2.147753266,      -13.17617787,      -13.24032487,      -13.61070496,      -13.57199224,      -13.20011337,                         3,      -1.700953981,    0.004752354332,        16.5421338,               100,               100,               100,      0.0039269908,      0.1868857816,   -0.003110944208,     0.01737630071,   -0.003456465879,    -0.02309040877,       0.133385235,      0.1868857816,     0.01737630071,   -0.003110944208,    -0.01664623269,       -7.60799332,      -7.726295041,      -7.494566739,      -7.461359189,      -7.618813988,     0.07825124667,   0.0001377651561,     0.08779693996,     0.02069982986,  -0.0008293781628,   -0.009763966726,    0.007482400681,                 0,   0.0002888755609,     0.01048347322,    0.006603951927,                 0,  -1.346355846e-05,   3.292207661e-05,   -0.003475924397,                 0,    0.003708762249,     0.04399510562,    -0.07105703233,   0.0002627556954,    0.001270161542,     0.07022421597,     0.06149600556,   0.0003948519314,     0.07825124667,   0.0001377651561,     0.08779693996,     0.02069982986,   0.0002888755609,     0.01048347322,    0.006603951927,                 0,  -0.0008293781628,   -0.009763966726,    0.007482400681,                 0,    -0.01059891309,      -70.87399315,     0.08522393473,                 0
          0,           0,          79,       2.132446883,       2.147561936,        -13.344003,      -13.40914994,      -13.76856151,      -13.73499542,      -13.37665983,                         3,      -1.672421618,    0.004752354332,        16.5421338,               100,               100,               100,      0.0039269908,      0.1868857812,   -0.003110944243,     0.01737630072,   -0.003456465889,    -0.02309040841,       0.133385235,      0.1868857812,     0.01737630072,   -0.003110944243,    -0.01664623292,      -7.775818455,      -7.895120108,      -7.652423289,      -7.624362365,      -7.795360441,     0.07825124667,   0.0001377651561,     0.08779693997,     0.02069982937,  -0.0008293781611,   -0.009763966756,    0.007482400673,                 0,   0.0002888755612,     0.01048347325,     0.00660395191,                 0,  -1.346355846e-05,    3.29220765e-05,   -0.003475924407,                 0,    0.003708762246,     0.04399510591,    -0.07105703226,   0.0002627556893,    0.001270161543,     0.07022421626,      0.0614960054,   0.0003948517709,     0.07825124667,   0.0001377651561,     0.08779693997,     0.02069982937,   0.0002888755612,     0.01048347325,     0.00660395191,                 0,  -0.0008293781611,   -0.009763966756,    0.007482400673,                 0,    -0.01059891307,      -70.87399336,     0.08522393464,                 0
          0,           0,          80,       2.184307879,       2.148015589,      -13.49151783,      -13.56225339,      -13.92223628,      -13.89091382,      -13.54506751,                         3,      -1.661372327,    0.004752354332,        16.5421338,               100,               100,               100,      0.0039269908,      0.1868857808,    -0.00311094423,     0.01737630074,    -0.00345646588,    -0.02309040853,      0.1333852351,      0.1868857808,     0.01737630074,    -0.00311094423,    -0.01664623289,      -7.923333282,      -8.048223559,      -7.806098062,      -7.780280765,      -7.963768119,     0.07825124668,    0.000137765156,     0.08779693997,     0.02069982898,  -0.0008293781602,   -0.009763966761,    0.007482400691,                 0,   0.0002888755613,     0.01048347326,    0.006603951925,                 0,  -1.346355847e-05,   3.292207652e-05,   -0.003475924398,                 0,    0.003708762245,     0.04399510596,    -0.07105703243,   0.0002627556912,    0.001270161543,     0.07022421631,     0.06149600555,    0.000394851661,     0.07825124668,    0.000137765156,     0.08779693997,     0.02069982898,   0.0002888755613,     0.01048347326,    0.006603951925,                 0,  -0.0008293781602,   -0.009763966761,    0.007482400691,                 0,    -0.01059891306,      -70.87399344,     0.08522393485,                 0
          0,           0,          81,       2.075026784,       2.147125482,      -13.61760885,      -13.68822413,       -14.0670224,      -14.03759191,      -13.68869249,                         3,      -1.674422333,    0.004752354332,        16.5421338,               100,               100,               100,      0.0039269908,      0.1868857805,   -0.003110944261,     0.01737630074,    -0.00345646589,    -0.02309040823,       0.133385235,      0.1868857805,     0.01737630074,   -0.003110944261,    -0.01664623308,      -8.049424304,      -8.174194297,      -7.950884182,      -7.926958855,      -8.107393104,     0.07825124668,    0.000137765156,     0.08779693997,     0.02069982871,  -0.0008293781598,   -0.009763966783,    0.007482400682,                 0,   0.0002888755614,     0.01048347327,    0.006603951911,                 0,  -1.346355847e-05,   3.292207644e-05,   -0.003475924408,                 0,    0.003708762244,     0.04399510618,    -0.07105703234,   0.0002627556864,    0.001270161544,     0.07022421648,     0.06149600541,   0.0003948515777,     0.07825124668,    0.000137765156,     0.08779693997,     0.02069982871,   0.0002888755614,     0.01048347327,    0.006603951911,                 0,  -0.0008293781598,   -0.009763966783,    0.007482400682,                 0,    -0.01059891305,      -70.87399359,     0.08522393474,                 0
          0,           0,          82,       2.178516165,       2.147503683,      -13.73101105,      -13.79641772,      -14.20611381,        -14.178499,      -13.81121856,                         3,      -1.696473286,    0.004752354332,        16.5421338,               100,               100,               100,      0.0039269908,      0.1868857803,   -0.003110944247,     0.01737630076,   -0.003456465882,    -0.02309040836,      0.1333852351,      0.1868857803,     0.01737630076,   -0.003110944247,    -0.01664623302,      -8.162826505,       -8.28238789,      -8.089975591,      -8.067865948,      -8.229919171,     0.07825124668,   0.0001377651559,     0.08779693997,      0.0206998285,  -0.0008293781596,   -0.009763966783,    0.007482400696,                 0,   0.0002888755614,     0.01048347327,    0.006603951924,                 0,  -1.346355847e-05,   3.292207647e-05,     -0.0034759244,                 0,    0.003708762243,     0.04399510618,    -0.07105703248,   0.0002627556906,    0.001270161544,     0.07022421647,     0.06149600554,    0.000394851525,     0.07825124668,   0.0001377651559,     0.08779693997,      0.0206998285,   0.0002888755614,     0.01048347327,    0.006603951924,                 0,  -0.0008293781596,   -0.009763966783,    0.007482400696,                 0,    -0.01059891305,      -70.87399363,      0.0852239349,                 0
