"Time_Iter","Outer_Iter","Inner_Iter",    "Time(sec)"   ,    "Time(sec)"   ,    "rms[Rho]"    ,    "rms[RhoU]"   ,    "rms[RhoV]"   ,    "rms[RhoW]"   ,    "rms[RhoE]"   ,"Linear_Solver_Iterations",    "LinSolRes"   ,     "Min DT"     ,     "Max DT"     ,     "Min CFL"    ,     "Max CFL"    ,     "Avg CFL"    ,    "RefForce"    ,       "CD"       ,       "CL"       ,       "CSF"      ,       "CMx"      ,       "CMy"      ,       "CMz"      ,       "CFx"      ,       "CFy"      ,       "CFz"      ,      "CEff"      ,   "relrms[Rho]"  ,  "relrms[RhoU]"  ,  "relrms[RhoV]"  ,  "relrms[RhoW]"  ,  "relrms[RhoE]"  ,    "CD(nose)"    ,    "CD(body)"    ,    "CD(fins)"    ,    "CD(base)"    ,    "CL(nose)"    ,    "CL(body)"    ,    "CL(fins)"    ,    "CL(base)"    ,    "CSF(nose)"   ,    "CSF(body)"   ,    "CSF(fins)"   ,    "CSF(base)"   ,    "CMx(nose)"   ,    "CMx(body)"   ,    "CMx(fins)"   ,    "CMx(base)"   ,    "CMy(nose)"   ,    "CMy(body)"   ,    "CMy(fins)"   ,    "CMy(base)"   ,    "CMz(nose)"   ,    "CMz(body)"   ,    "CMz(fins)"   ,    "CMz(base)"   ,    "CFx(nose)"   ,    "CFx(body)"   ,    "CFx(fins)"   ,    "CFx(base)"   ,    "CFy(nose)"   ,    "CFy(body)"   ,    "CFy(fins)"   ,    "CFy(base)"   ,    "CFz(nose)"   ,    "CFz(body)"   ,    "CFz(fins)"   ,    "CFz(base)"   ,   "CEff(nose)"   ,   "CEff(body)"   ,   "CEff(fins)"   ,   "CEff(base)"   
          0,           0,           0,        2.46579076,        2.46579076,      -5.790387212,       -6.00014443,      -6.936451859,      -6.857279311,       -5.73923469,                         2,      -1.596882651,   8.560202458e-05,      0.1363337988,               2.5,              5.25,       5.246824855,      0.0039269908,      0.1673045119,      0.9647010108,    0.003103435544,    0.005097039867,       -6.43590627,    0.001881390233,     0.09960282575,    0.003103435544,      0.9740216204,       5.766138642,                 0,                 0,                 0,                 0,                 0,      0.1222750001,     0.04493613344,      0.0787540786,    -0.07866070024,      0.1235970615,       0.640758864,      0.1948445933,    0.005500491993,    0.005674964974,     -0.0035357712,   0.0009642417696,                 0,  -9.132958544e-06,  -2.719049012e-05,    0.005133363316,                 0,     -0.2745611866,      -4.251438441,      -1.910938184,    0.001031541799,     0.01003044229,    -0.01730861476,    0.009437830419,  -0.0002782677223,      0.1133554491,   0.0001295923974,     0.06497056587,    -0.07885278165,    0.005674964974,     -0.0035357712,   0.0009642417696,                 0,      0.1318254581,      0.6423325939,      0.1998635685,                 0,       1.010812197,       14.25932351,        2.47408892,    -0.06992681194
          0,           0,           1,       2.332488127,       2.399139443,      -5.828595522,      -5.786909306,      -6.372150943,       -6.32670495,      -5.748867257,                         2,      -1.723694966,   0.0001129350635,       0.143150747,               2.5,            5.5125,       5.507656341,      0.0039269908,      0.4180216346,       1.141187316,    0.003125863893,    0.005611893258,      -7.754667311,     0.01332062566,      0.3373981519,    0.003125863893,       1.167567156,       2.729971899,                 0,                 0,                 0,                 0,                 0,      0.1468279805,     0.05187092039,      0.1071249342,      0.1121977995,      0.1609130955,      0.7389397357,      0.2491801189,   -0.007845634423,    0.004915057386,   -0.002698865536,   0.0009096720426,                 0,    -1.2028838e-05,  -5.133542581e-06,    0.005629055639,                 0,     -0.3581146909,      -4.946370777,      -2.451637119,    0.001455276456,    0.008903391731,   -0.003603983543,    0.009224274753,   -0.001203057284,      0.1352455848,    0.000198735168,     0.08948205684,       0.112471775,    0.004915057386,   -0.002698865536,   0.0009096720426,                 0,      0.1707633214,      0.7407580481,      0.2560457863,                 0,       1.095929365,       14.24574174,       2.326070217,    -0.06992681194
          0,           0,           2,       2.165574238,       2.321284375,      -5.929075232,      -5.891552201,       -6.40055109,      -6.384436897,      -5.867189309,                         2,      -1.668911237,   0.0001209046564,      0.1503088405,               2.5,          5.788125,       5.782059493,      0.0039269908,      0.4713431267,       1.122860009,  -0.0002015453591,    0.004200672456,      -7.692366033,    0.008164461483,      0.3918682038,  -0.0002015453591,       1.153004013,       2.382256038,     -0.1004797102,     -0.1046428956,    -0.02840014704,    -0.05773194648,     -0.1183220518,      0.1460130482,     0.04909290522,      0.1203371825,      0.1558999908,      0.1698574937,      0.6989815717,      0.2649225334,    -0.01090158934,    0.002210907987,   -0.002764826219,   0.0003523728729,                 0,  -1.199897179e-05,   7.898885921e-06,    0.004204772542,                 0,     -0.3778266323,       -4.70481079,      -2.611562375,     0.00183376474,    0.003927571769,    0.001522540187,    0.004139939148,    -0.00142558962,       0.133808708,   0.0002148277151,      0.1015639854,      0.1562806827,    0.002210907987,   -0.002764826219,   0.0003523728729,                 0,      0.1796290847,      0.7007034357,      0.2726714929,                 0,       1.163303525,       14.23793456,       2.201501879,    -0.06992681194
          0,           0,           3,       2.266923381,       2.307694126,      -5.958752399,      -5.899971514,      -6.408511789,      -6.398848354,      -5.900200348,                         2,      -1.716642352,   0.0001283981333,      0.1578240999,             2.625,        6.07753125,       6.070613051,      0.0039269908,      0.4710980002,       1.020236357,   -0.003286543262,    0.002452477242,      -7.059891485,    0.002346445896,      0.3987823384,   -0.003286543262,       1.050613248,       2.165656311,     -0.1301568773,     -0.1130622089,    -0.03636084606,    -0.07214340386,     -0.1513330916,        0.13502279,     0.04223291624,      0.1264992998,      0.1673429942,      0.1640837047,      0.6011830605,      0.2666713541,    -0.01170176208,  -0.0006530963664,   -0.002710396738,   7.694984186e-05,                 0,  -8.913855149e-06,   1.784664481e-05,    0.002443544453,                 0,     -0.3641544119,      -4.066039379,      -2.631869113,    0.002171419769,   -0.001819958283,    0.004371671851,    0.001573515481,   -0.001778783152,      0.1232479806,   0.0001936286006,      0.1075891005,      0.1677516287,  -0.0006530963664,   -0.002710396738,   7.694984186e-05,                 0,      0.1731027187,      0.6026646281,      0.2748459011,                 0,       1.215229701,       14.23494075,       2.108085614,    -0.06992681194
          0,           0,           4,       2.155504612,       2.277256224,      -5.959779076,      -5.886268299,      -6.396217231,       -6.38887404,      -5.900520416,                         2,      -1.768992751,   0.0001360300229,      0.1657143292,           2.75625,       6.381407813,       6.374036972,      0.0039269908,      0.4560531156,      0.8906361971,   -0.004690966047,    0.001268904522,      -6.252254669,    0.001392266993,      0.3928145527,   -0.004690966047,      0.9202793092,       1.952922075,     -0.1311835544,    -0.09935899377,    -0.02406628809,    -0.06216908946,     -0.1516531592,      0.1215930316,     0.03398333793,       0.129908115,      0.1705686311,      0.1521814053,      0.4837466413,      0.2666354711,    -0.01192732059,   -0.002504631457,   -0.002320587861,    0.000134253271,                 0,  -5.227156914e-06,   2.599844348e-05,    0.001248133235,                 0,     -0.3364814821,      -3.285467072,      -2.632615326,      0.0023092122,   -0.005759911514,    0.006987544584,    0.002120197804,   -0.001955563881,      0.1106811989,   0.0001560963487,      0.1109921151,      0.1709851423,   -0.002504631457,   -0.002320587861,    0.000134253271,                 0,      0.1602926002,      0.4849388166,      0.2750478925,                 0,       1.251563542,       14.23481832,       2.052492803,    -0.06992681194
          0,           0,           5,       2.278475407,       2.277459421,      -5.956843714,       -5.88156651,      -6.372764629,      -6.366738624,       -5.90577387,                         2,      -1.784215029,   0.0001437879892,      0.1739984139,         2.8940625,       6.700478203,       6.692706932,      0.0039269908,      0.4353297463,      0.7694107627,   -0.004890209545,    0.000811646636,      -5.497486953,    0.001473778816,      0.3805979233,   -0.004890209545,      0.7979035848,       1.767420603,      -0.128248192,    -0.09465720486,  -0.0006136863935,    -0.04003367364,     -0.1569066134,      0.1096882222,     0.02614557138,      0.1321687928,        0.16732716,      0.1393434886,       0.372223146,       0.269544783,    -0.01170065485,   -0.003050968941,   -0.002087393458,   0.0002481528548,                 0,  -3.146858295e-06,    3.18636387e-05,   0.0007829298556,                 0,     -0.3067302956,      -2.532377485,      -2.660594965,    0.002215792809,   -0.007018073513,    0.007152599859,    0.003239047391,   -0.001899794922,     0.09970091678,   0.0001169079781,      0.1130443427,      0.1677357558,   -0.003050968941,   -0.002087393458,   0.0002481528548,                 0,      0.1466555185,      0.3731402519,      0.2781078143,                 0,       1.270359624,       14.23656575,       2.039398085,    -0.06992681194
          0,           0,           6,       1.854256459,       2.217001855,      -5.954073163,      -5.892164771,      -6.359887027,      -6.350803024,      -5.921037367,                         2,      -1.750836834,   0.0001516287636,      0.1826957791,       3.038765625,       7.035502113,       7.027222064,      0.0039269908,      0.4168785485,      0.6872971104,   -0.004517638675,   0.0008418625767,      -4.989863446,    0.001200793595,      0.3679196305,   -0.004517638675,      0.7147028668,       1.648674687,     -0.1254776418,     -0.1052554658,                 0,    -0.02409807413,       -0.17217011,      0.1020457648,     0.02070522622,      0.1336033656,      0.1605241919,      0.1293445911,      0.2948369748,      0.2743404895,    -0.01122494498,    -0.00264019436,   -0.002166383948,   0.0002889396321,                 0,  -2.372036914e-06,   3.372484026e-05,   0.0008105097734,                 0,     -0.2837378693,      -2.001682149,      -2.706405309,    0.001961881792,   -0.006226870144,    0.005493288982,    0.003693459279,   -0.001759084523,      0.0927745639,   8.800163842e-05,      0.1141408894,      0.1609161756,    -0.00264019436,   -0.002166383948,   0.0002889396321,                 0,      0.1361478668,      0.2955630904,      0.2829919095,                 0,       1.267515524,       14.23973695,       2.053395049,    -0.06992681194
          0,           0,           7,       1.844090766,       2.170387969,      -5.965805135,      -5.928601306,      -6.385827202,      -6.368495972,      -5.954988223,                         2,      -1.678431825,   0.0001595805563,      0.1918278354,       3.038765625,       7.387277219,       7.378501715,      0.0039269908,      0.3981360475,      0.6239344474,   -0.003848467507,    0.001164100982,       -4.59876051,  -0.0003015981327,      0.3536427412,   -0.003848467507,      0.6501871412,       1.567138799,     -0.1372096131,     -0.1416920006,    -0.02594017513,    -0.04179102171,     -0.2061209666,     0.09672044649,      0.0163193977,      0.1346878678,      0.1504083355,       0.120852387,      0.2324563916,      0.2811432442,    -0.01051757539,   -0.001643494243,   -0.002381642643,   0.0001766693787,                 0,   -2.49876829e-06,   3.466831828e-05,    0.001131931432,                 0,     -0.2643462679,      -1.564636081,      -2.771269403,    0.001491241538,   -0.004064951443,    0.002672667061,    0.002725527742,   -0.001634841493,     0.08805460399,   6.430628793e-05,      0.1147482136,      0.1507756173,   -0.001643494243,   -0.002381642643,   0.0001766693787,                 0,      0.1273048739,      0.2330285232,      0.2898537441,                 0,       1.249501955,       14.24417714,       2.087368735,    -0.06992681194
          0,           0,           8,       1.835823968,       2.133214191,      -5.943448263,      -5.920370185,      -6.391074553,      -6.365067707,       -5.94092305,                         2,      -1.633154413,   0.0001678126274,      0.2014151789,       3.190703906,        7.75664108,       7.747410123,      0.0039269908,      0.3805817584,      0.5804399399,   -0.003031700124,    0.001586202361,       -4.32737733,   -0.001911361877,      0.3391652369,   -0.003031700124,      0.6055740589,       1.525138626,     -0.1148527411,     -0.1334608797,    -0.03118752592,    -0.03836275678,     -0.1920557934,     0.09363155877,     0.01311155501,      0.1354401339,      0.1383985108,      0.1146953954,      0.1868347073,      0.2885876039,   -0.009677766635,  -0.0005083944716,   -0.002478215771,  -4.508988096e-05,                 0,  -2.965840267e-06,   3.437635502e-05,    0.001554791846,                 0,     -0.2503711831,      -1.235723823,      -2.842199252,   0.0009169280994,   -0.001505039421,   0.0003719937634,   0.0007211170644,   -0.001499433284,     0.08540273066,   4.668556843e-05,      0.1149793549,      0.1387364658,  -0.0005083944716,   -0.002478215771,  -4.508988096e-05,                 0,      0.1209474105,      0.1872942032,      0.2973324451,                 0,       1.224965139,       14.24962235,       2.130739211,    -0.06992681194
          0,           0,           9,       1.867772498,       2.106670022,      -5.908304078,      -5.886333428,      -6.379852295,      -6.348183142,      -5.902797992,                         2,      -1.598237561,   0.0001763669916,      0.2114805474,       3.350239102,       8.144473134,       8.134774345,      0.0039269908,      0.3660826832,      0.5523671585,   -0.002225915131,    0.001999583199,      -4.146469563,   -0.002939373493,       0.326659739,   -0.002225915131,      0.5765582569,        1.50885902,    -0.07970855585,    -0.09942412282,    -0.01996526788,    -0.02147819198,     -0.1539307349,     0.09216735446,     0.01086463619,       0.135872471,      0.1271782215,      0.1107725817,      0.1548889811,      0.2955987633,    -0.00889316758,     0.00043004249,   -0.002354363385,  -0.0003015942363,                 0,  -3.479829881e-06,   3.346705934e-05,     0.00196959597,                 0,     -0.2415127403,     -0.9963345899,      -2.908895858,   0.0002736253597,   0.0006722510709,  -0.0005793043996,   -0.001632889787,   -0.001399430378,     0.08421573473,   3.366133723e-05,      0.1149215651,      0.1274887778,     0.00043004249,   -0.002354363385,  -0.0003015942363,                 0,      0.1169320149,       0.155269558,       0.304356684,                 0,       1.201863527,       14.25625105,        2.17556037,    -0.06992681194
          0,           0,          10,        1.92297493,       2.089970468,      -5.869904522,      -5.843862113,      -6.355441268,      -6.321593726,      -5.858192656,                         2,      -1.565815306,    0.000185282743,      0.2220474689,       3.517751057,       8.551696791,       8.541501055,      0.0039269908,      0.3558026466,      0.5357895509,   -0.001609972768,    0.002346903584,      -4.032315749,   -0.003472551414,      0.3175611395,   -0.001609972768,      0.5593039325,       1.505861623,    -0.04130899985,    -0.05695280751,                 0,                 0,     -0.1093253989,      0.0917448527,    0.009408238806,      0.1359952932,      0.1186542618,      0.1087507524,      0.1341976256,      0.3011382872,   -0.008297114254,    0.001003435488,   -0.002079829327,  -0.0005335789295,                 0,  -3.910326285e-06,   3.243691781e-05,    0.002318376992,                 0,     -0.2369706291,     -0.8334884813,      -2.961428003,  -0.0004286357215,    0.002053980636,  -0.0003729088178,   -0.003795414965,   -0.001358208267,     0.08393529784,   2.416766082e-05,      0.1146576705,      0.1189440035,    0.001003435488,   -0.002079829327,  -0.0005335789295,                 0,      0.1148856385,      0.1345270125,      0.3098912815,                 0,       1.185360805,       14.26384134,       2.214328746,    -0.06992681194
          0,           0,          11,       1.940282169,       2.077496443,      -5.838328269,      -5.811257931,      -6.333143053,      -6.296021516,       -5.82390847,                         2,      -1.532962175,   0.0001945979385,      0.2331410402,       3.693638609,        8.97928163,       8.968556134,      0.0039269908,      0.3489280833,      0.5269354359,   -0.001262805948,    0.002608297594,      -3.963073741,   -0.003662290137,      0.3113209541,   -0.001262805948,      0.5499918404,       1.510154846,   -0.009732746898,    -0.02434862533,                 0,                 0,    -0.07504121295,     0.09185800163,    0.008546396963,      0.1358321329,      0.1126915518,      0.1081068563,      0.1219709785,      0.3047377621,   -0.007880160951,    0.001219714431,   -0.001777023416,  -0.0007054969631,                 0,  -4.211745411e-06,   3.168152714e-05,    0.002580827812,                 0,     -0.2355587119,     -0.7309713334,      -2.995355606,    -0.00118808988,    0.002633533018,   0.0005109024334,   -0.005435831448,   -0.001370894141,     0.08409308707,   1.731300765e-05,      0.1142438209,      0.1129667331,    0.001219714431,   -0.001777023416,  -0.0007054969631,                 0,      0.1142512037,      0.1222700299,      0.3134706068,                 0,        1.17689101,        14.2716257,       2.243488015,    -0.06992681194
          0,           0,          12,       1.918440563,       2.065261375,      -5.820157855,      -5.797896792,      -6.324522091,      -6.278205934,      -5.808417004,                         2,      -1.502928017,   0.0002043504624,      0.2447875927,        3.87832054,       9.428245712,        9.41692788,      0.0039269908,       0.343936571,      0.5228575558,    -0.00115195629,    0.002782690322,      -3.922774535,   -0.003646504942,      0.3066260594,    -0.00115195629,      0.5455757035,       1.520215063,                 0,    -0.01098748694,                 0,                 0,     -0.0595497472,      0.0921523021,    0.008106830924,      0.1354405147,      0.1082369233,        0.10827425,      0.1157505816,      0.3064013872,   -0.007568662979,    0.001195543599,   -0.001547687847,  -0.0007998120419,                 0,  -4.389478093e-06,   3.148406544e-05,    0.002755595734,                 0,     -0.2359915839,     -0.6739995424,       -3.01081015,   -0.001973258959,    0.002657653692,    0.001481669256,   -0.006376647177,   -0.001409180712,     0.08437499385,   1.273068468e-05,      0.1137371081,      0.1085012268,    0.001195543599,   -0.001547687847,  -0.0007998120419,                 0,       0.114438719,       0.116034123,      0.3151028615,                 0,       1.174948944,       14.27815415,       2.262257995,    -0.06992681194
          0,           0,          13,       1.853159416,       2.050111235,       -5.81875043,      -5.806576542,      -6.333692211,       -6.27118494,      -5.813967944,                         2,        -1.4789667,   0.0002145725122,      0.2570150649,       4.072236567,       9.899657997,       9.887702262,      0.0039269908,       0.339151627,      0.5215848739,   -0.001182283539,    0.002876696824,      -3.901129257,   -0.003477941901,      0.3019415491,   -0.001182283539,      0.5439723409,       1.537910576,                 0,    -0.01966723602,   -0.009170119826,                 0,    -0.06510068771,     0.09243151481,    0.007954890608,      0.1349173268,      0.1038478948,      0.1087817367,      0.1136108899,      0.3064539995,   -0.007261752208,    0.001068320952,   -0.001445284692,  -0.0008053197999,                 0,  -4.473867133e-06,   3.179953998e-05,    0.002849371151,                 0,     -0.2371995465,     -0.6503145585,      -3.011010304,   -0.002604848279,    0.002426709519,    0.002057947227,   -0.006487236643,   -0.001475362005,     0.08461812592,   1.041783548e-05,      0.1132115246,      0.1041014807,    0.001068320952,   -0.001445284692,  -0.0008053197999,                 0,      0.1149644464,      0.1138890446,      0.3151188499,                 0,       1.176890122,       14.28189217,       2.271420631,    -0.06992681194
          0,           0,          14,       1.817195145,       2.034583496,       -5.83395494,       -5.83514194,      -6.358565262,      -6.276375363,      -5.837852935,                         2,      -1.458476121,   0.0002252926297,      0.2698532809,       4.275848395,        10.3946409,       10.38200895,      0.0039269908,      0.3340147517,      0.5219092318,   -0.001244905792,    0.002908257676,      -3.892245343,   -0.002942580867,      0.2967945609,   -0.001244905792,      0.5439375784,       1.562533479,    -0.01520451024,    -0.04823263401,    -0.03404317057,   -0.005190422979,    -0.08898567843,     0.09262697941,    0.007988662131,      0.1343832637,     0.09901584639,      0.1093266865,      0.1140945339,      0.3054118739,    -0.00692386247,   0.0009370276375,   -0.001453440073,  -0.0007284933563,                 0,  -4.486442948e-06,   3.239709526e-05,    0.002880347023,                 0,     -0.2384921062,     -0.6498686151,      -3.000958988,   -0.002925633574,    0.002163767438,    0.002207138011,   -0.005807998086,    -0.00150548823,      0.0847751006,    1.03697954e-05,      0.1127514575,     0.09925763299,   0.0009370276375,   -0.001453440073,  -0.0007284933563,                 0,      0.1155217037,      0.1143738662,      0.3140420085,                 0,       1.180289881,       14.28205775,       2.272692785,    -0.06992681194
          0,           0,          15,       1.951282413,       2.029377178,      -5.863855906,      -5.879157357,      -6.394041026,      -6.295753486,      -5.875057977,                         2,      -1.428982289,   0.0002365484924,       0.283347697,       4.489640815,       10.91437294,       10.90106202,      0.0039269908,      0.3291345124,      0.5229945214,   -0.001278578295,     0.00287311433,      -3.891890599,   -0.002102205536,      0.2918505037,   -0.001278578295,       0.544679796,       1.588999335,    -0.04510547597,     -0.0922480517,    -0.06951893422,    -0.02456854687,     -0.1261907198,     0.09273554567,    0.008130043842,      0.1339428423,     0.09432608064,      0.1097423843,      0.1160903797,      0.3037576794,   -0.006595922103,   0.0008461244938,   -0.001520261008,  -0.0006044417802,                 0,  -4.457453817e-06,   3.302884249e-05,    0.002844542941,                 0,     -0.2394977839,     -0.6641308861,      -2.985294144,    -0.00296778445,    0.001971805994,    0.002113792127,   -0.004668554007,   -0.001519249649,     0.08485440479,   1.218393685e-05,      0.1124274997,     0.09455641532,   0.0008461244938,   -0.001520261008,  -0.0006044417802,                 0,      0.1159439621,      0.1163747126,      0.3123611213,                 0,       1.183390722,        14.2791825,       2.267815691,    -0.06992681194
          0,           0,          16,       1.929893395,       2.023525191,      -5.903604944,      -5.930607584,       -6.43145255,      -6.329835198,      -5.917338705,                         2,      -1.382652269,   0.0002483645131,       0.297554803,       4.714122856,       11.46009159,       11.44607401,      0.0039269908,      0.3250100986,      0.5243791604,   -0.001243694951,    0.002786395473,      -3.897255455,  -0.0009215977179,      0.2876395492,   -0.001243694951,      0.5457733575,       1.613424206,    -0.08485451423,     -0.1436982784,     -0.1069304587,    -0.05865025851,     -0.1684714479,      0.0927839828,    0.008321308918,      0.1336755081,      0.0902292988,      0.1099830465,      0.1187852044,      0.3019203567,   -0.006309447209,   0.0008003742877,   -0.001582689328,  -0.0004613799105,                 0,  -4.427071782e-06,   3.350574806e-05,    0.002757316797,                 0,     -0.2401083294,     -0.6862809588,      -2.968079234,   -0.002786932108,    0.001868121795,    0.002074362349,   -0.003336812528,   -0.001527269334,     0.08488593618,   1.500163556e-05,      0.1122889818,     0.09044962955,   0.0008003742877,   -0.001582689328,  -0.0004613799105,                 0,      0.1161874168,      0.1190763148,      0.3105096259,                 0,       1.185366733,        14.2748221,       2.258606389,    -0.06992681194
          0,           0,          17,       1.852779976,       2.014039346,      -5.949605521,      -5.983161113,      -6.462916537,      -6.379065975,      -5.959603517,                         2,      -1.320976361,   0.0002607703835,      0.3124801209,       4.949828999,       12.03309617,       12.01836297,      0.0039269908,      0.3216627272,      0.5257879229,   -0.001128501959,    0.002664173511,        -3.9056876,   0.0007083944269,      0.2842020615,   -0.001128501959,      0.5469451876,       1.634593873,      -0.130855091,     -0.1962518075,     -0.1383944461,     -0.1078810354,     -0.2107362598,     0.09280892455,    0.008518103165,      0.1336008953,     0.08673480408,      0.1100779536,      0.1215599974,      0.3002150603,   -0.006065088334,   0.0007781848215,   -0.001599885623,   -0.000306801158,                 0,  -4.400365922e-06,   3.375165666e-05,     0.00263482222,                 0,     -0.2403804927,     -0.7106451716,      -2.952235504,   -0.002426430954,    0.001809604012,    0.002302837684,   -0.001883239028,   -0.001520808241,      0.0849041968,   1.775672585e-05,      0.1123335063,     0.08694660164,   0.0007781848215,   -0.001599885623,   -0.000306801158,                 0,      0.1162838325,      0.1218580762,      0.3088032788,                 0,        1.18607078,       14.27078248,       2.247103655,    -0.06992681194
          0,           0,          18,       2.081167468,       2.017572405,      -5.998738822,      -6.033188466,      -6.486912617,      -6.439355355,       -6.00035985,                         3,      -1.773337548,    0.000273803346,      0.3281559767,       5.197320449,       12.63475098,       12.61927504,      0.0039269908,      0.3190107347,      0.5269976135,    -0.00093950912,    0.002521045994,      -3.914762219,    0.002796223459,      0.2814721454,    -0.00093950912,      0.5479669377,       1.651974545,      -0.179988392,     -0.2462791606,      -0.162390526,     -0.1681704158,     -0.2514925934,     0.09281643125,    0.008691045453,      0.1336937753,      0.0838094827,       0.110056059,      0.1240078792,      0.2987942053,   -0.005860529936,    0.000758949352,   -0.001571509855,  -0.0001269486174,                 0,  -4.397189256e-06,   3.375481467e-05,    0.002491688369,                 0,     -0.2403797332,     -0.7332387665,      -2.939126767,   -0.002016952767,    0.001749219834,    0.002733747102,  -0.0001751410259,   -0.001511602451,      0.0849132125,   1.952213717e-05,      0.1125252739,     0.08401413691,    0.000758949352,   -0.001571509855,  -0.0001269486174,                 0,      0.1162625149,      0.1243120589,      0.3073923639,                 0,       1.185738963,       14.26846515,       2.234914861,    -0.06992681194
          0,           0,          19,       2.035430595,       2.018465314,      -6.048965613,      -6.082879001,      -6.509506796,      -6.500839139,      -6.042936973,                         3,      -1.737751904,   0.0002874836061,      0.3446134063,       5.457186471,       13.26648853,        13.2502388,      0.0039269908,      0.3167195153,      0.5278231567,  -0.0007292202183,     0.00238124974,      -3.922029935,    0.004903697897,      0.2791289203,  -0.0007292202183,      0.5486306425,        1.66653184,     -0.2302151836,     -0.2959696953,     -0.1849847047,     -0.2296541992,     -0.2940697161,     0.09282058885,    0.008818443238,      0.1338514018,     0.08122908135,      0.1099263334,      0.1258244663,      0.2977524477,   -0.005680090696,   0.0007457386583,   -0.001533559957,   5.860108092e-05,                 0,  -4.427949827e-06,   3.358014234e-05,    0.002352097547,                 0,     -0.2401386123,     -0.7506595592,      -2.929585601,   -0.001646162918,    0.001695562992,     0.00312907587,    0.001606102121,   -0.001527043087,     0.08492640917,   1.989087563e-05,      0.1127551858,     0.08142743449,   0.0007457386583,   -0.001533559957,   5.860108092e-05,                 0,      0.1161333954,      0.1261331077,      0.3063641395,                 0,       1.184288257,       14.26833091,       2.224500032,    -0.06992681194
          0,           0,          20,        1.97174241,       2.016240414,      -6.092853916,      -6.128680445,      -6.538829853,       -6.55162714,      -6.083167594,                         3,      -1.723487876,   0.0003018281425,      0.3618868329,       5.730045795,       13.92981295,       13.91274686,      0.0039269908,      0.3145601744,      0.5282306636,  -0.0005467819781,    0.002270858587,      -3.926237521,    0.006681894799,      0.2769464132,  -0.0005467819781,      0.5488865288,       1.679267455,     -0.2741034862,     -0.3417711399,     -0.2143077618,     -0.2804422003,     -0.3343003368,     0.09282609951,    0.008896111726,      0.1339793055,     0.07885865769,      0.1097498849,      0.1269456599,      0.2970494533,   -0.005514334526,   0.0007350973967,   -0.001503756852,   0.0002218774773,                 0,   -4.49779614e-06,   3.329523088e-05,    0.002242061152,                 0,      -0.239790531,     -0.7619272495,      -2.923151642,   -0.001368098287,    0.001644074327,    0.003394987662,    0.003189281087,   -0.001546448277,     0.08494421483,   1.915965069e-05,      0.1129318162,      0.0790512225,   0.0007350973967,   -0.001503756852,   0.0002218774773,                 0,      0.1159577611,      0.1272569881,      0.3056717797,                 0,       1.182317101,       14.26979155,       2.217129371,    -0.06992681194
          0,           0,          21,       2.057315219,       2.018107451,      -6.128721725,      -6.169369024,      -6.581583586,       -6.58887448,       -6.11889087,                         3,      -1.734046425,   0.0003168837886,      0.3800108589,       6.016548084,        14.6263036,       14.60838033,      0.0039269908,      0.3123908572,      0.5283421852,  -0.0004269864545,    0.002202878353,      -3.927610055,    0.007965780673,       0.274774601,  -0.0004269864545,      0.5488464549,       1.691285686,     -0.3099712951,     -0.3824597185,      -0.257061495,     -0.3176895403,      -0.370023613,     0.09285303184,    0.008930723172,      0.1340521831,     0.07655491907,      0.1096051581,      0.1274602803,      0.2966299882,   -0.005353241429,     0.00071925469,    -0.00148424012,    0.000337998975,                 0,  -4.552924807e-06,   3.300953032e-05,    0.002174421748,                 0,     -0.2395012556,     -0.7676525319,      -2.919277359,   -0.001178909061,     0.00158248867,    0.003588118025,    0.004330129811,   -0.001534955832,     0.08498117718,   1.778868208e-05,      0.1130337767,     0.07674185838,     0.00071925469,    -0.00148424012,    0.000337998975,                 0,      0.1158152656,      0.1277727692,      0.3052584201,                 0,       1.180415501,       14.27211188,       2.212794908,    -0.06992681194
          0,           0,          22,       2.088994356,        2.02118949,      -6.160749347,       -6.20465947,       -6.63645303,      -6.619205376,      -6.150852743,                         3,      -1.762520311,   0.0003327084077,      0.3990266147,       6.317375488,       15.35761878,       15.33879935,      0.0039269908,      0.3103415578,       0.528303877,  -0.0003824084674,    0.002193255135,      -3.927373237,    0.008629722579,      0.2727329659,  -0.0003824084674,       0.548665288,       1.702330428,     -0.3419989171,     -0.4177501649,     -0.3119309382,     -0.3480204361,     -0.4019854865,     0.09289922355,    0.008934620186,      0.1340773012,     0.07443041295,      0.1095021434,       0.127538333,      0.2964680821,   -0.005204681489,   0.0007016518663,   -0.001476150353,   0.0003920900192,                 0,  -4.583280201e-06,   3.281057102e-05,    0.002165027844,                 0,     -0.2392994827,     -0.7692465842,      -2.917747999,   -0.001079170528,     0.00152280152,    0.003730268614,    0.004878111243,   -0.001501458798,     0.08503444232,   1.623152454e-05,      0.1130701276,     0.07461216443,   0.0007016518663,   -0.001476150353,   0.0003920900192,                 0,      0.1157157239,      0.1278509036,      0.3050986605,                 0,       1.178719684,        14.2746228,       2.211172805,    -0.06992681194
          0,           0,          23,       2.125236632,       2.025524788,      -6.201254744,       -6.24485323,      -6.700948404,      -6.658715059,      -6.190168551,                         3,      -1.799182858,   0.0003493361318,      0.4189805005,       6.633244263,       16.12549972,       16.10573932,      0.0039269908,       0.308535681,      0.5282730617,   -0.000395455894,    0.002243890383,      -3.927115671,    0.008740278389,      0.2709336376,   -0.000395455894,      0.5485085762,       1.712194388,     -0.3825043146,     -0.4579439244,     -0.3764263122,     -0.3875301194,     -0.4413012941,     0.09295240978,    0.008922219408,      0.1340556914,     0.07260536037,      0.1094235125,      0.1273812882,      0.2965453223,   -0.005077061381,   0.0006895169008,   -0.001475157693,   0.0003901848979,                 0,  -4.602751928e-06,   3.274174977e-05,    0.002215751385,                 0,     -0.2391522092,      -0.768488876,      -2.918427259,   -0.001047327074,    0.001482763007,    0.003833428201,    0.004886079159,   -0.001461991979,     0.08509298401,   1.481584244e-05,      0.1130431825,     0.07278265526,   0.0006895169008,   -0.001475157693,   0.0003901848979,                 0,      0.1156409947,      0.1276933764,      0.3051742051,                 0,       1.177199309,       14.27686122,       2.212105425,    -0.06992681194
          0,           0,          24,       2.178504718,       2.031643985,      -6.257698555,      -6.298336056,      -6.770576651,      -6.717365156,      -6.245029958,                         3,       -1.84421326,   0.0003667993633,       0.439923245,       6.964906476,        16.9317747,       16.91102628,      0.0039269908,      0.3070239841,      0.5283792794,  -0.0004330535133,    0.002339197767,      -3.928120894,    0.008539124689,      0.2694182138,  -0.0004330535133,      0.5485090845,       1.720970695,     -0.4389481256,     -0.5114267504,     -0.4460545596,     -0.4461802168,      -0.496162701,     0.09300423477,    0.008905020805,      0.1339979833,     0.07111674519,      0.1093604829,      0.1271517234,      0.2968400404,   -0.004972967267,   0.0006857695469,   -0.001470948647,   0.0003521255868,                 0,  -4.621395423e-06,   3.278701242e-05,     0.00231103215,                 0,     -0.2390362863,     -0.7668925203,      -2.921145407,   -0.001046681214,    0.001468177339,    0.003954639071,    0.004541843544,   -0.001425535266,     0.08514907947,   1.367276978e-05,      0.1129650565,     0.07129040503,   0.0006857695469,   -0.001470948647,   0.0003521255868,                 0,      0.1155817338,       0.127463171,      0.3054641798,                 0,       1.175865628,        14.2786554,       2.215257521,    -0.06992681194
          0,           0,          25,       2.197503491,       2.038023197,      -6.333490076,      -6.370550006,      -6.848277859,      -6.798820844,      -6.320226454,                         2,       -1.32802553,   0.0003851374391,      0.4619085056,         7.3131518,       17.77836344,        17.7565776,      0.0039269908,      0.3058386945,       0.528656998,  -0.0004791898514,    0.002436908504,      -3.930720246,    0.008218123776,      0.2682164388,  -0.0004791898514,       0.548703445,       1.728548439,     -0.5147396465,        -0.5836407,     -0.5237557672,     -0.5276359039,     -0.5713591969,     0.09305413128,    0.008890348893,      0.1339308651,     0.06996334925,      0.1093178611,      0.1269516672,      0.2972797837,   -0.004892313966,   0.0006870758514,   -0.001469647078,   0.0003033813754,                 0,  -4.630865537e-06,    3.28897316e-05,    0.002408649638,                 0,     -0.2389555745,      -0.765481004,      -2.925244008,   -0.001039659346,    0.001470083969,    0.004048818416,    0.004088577727,   -0.001389356337,     0.08520182759,   1.299180921e-05,      0.1128674268,     0.07013419262,   0.0006870758514,   -0.001469647078,   0.0003033813754,                 0,      0.1155426963,      0.1272625787,      0.3058981699,                 0,       1.174777085,       14.27971711,       2.219651038,    -0.06992681194
          0,           0,          26,       2.080271216,       2.039587938,      -6.427977287,      -6.460769901,      -6.941909269,      -6.902030195,      -6.414398444,                         2,      -1.369532422,   0.0004043942382,      0.4849920682,        7.67880939,       18.66728161,       18.64440648,      0.0039269908,      0.3048282475,       0.529126482,  -0.0004977570902,    0.002519557847,      -3.935059707,    0.008070640451,      0.2671757037,  -0.0004977570902,      0.5491013001,       1.735818404,     -0.6092268575,     -0.6738605959,      -0.617387178,      -0.630845255,      -0.665531187,      0.0930965605,    0.008881786004,      0.1338536714,     0.06899622961,       0.109284634,      0.1268359776,      0.2978305567,   -0.004824686373,    0.000689196012,    -0.00145012756,   0.0002631744579,                 0,  -4.637097305e-06,   3.302070743e-05,    0.002491174237,                 0,     -0.2388916359,     -0.7647471314,      -2.930410574,   -0.001010366434,    0.001475689582,    0.004242570194,    0.003711708434,   -0.001359327759,     0.08524647126,   1.251987608e-05,      0.1127520012,     0.06916471137,    0.000689196012,    -0.00145012756,   0.0002631744579,                 0,      0.1155125099,      0.1271465736,      0.3064422166,                 0,       1.173884764,       14.28045863,       2.225045855,    -0.06992681194
          0,           0,          27,       2.005751173,       2.038379482,      -6.538100867,      -6.566603288,      -7.053644022,      -7.019532856,      -6.524584385,                         2,      -1.407448107,   0.0004246134011,      0.5092319512,       8.062749859,       19.60064569,        19.5766268,      0.0039269908,      0.3039540543,      0.5296995176,   -0.000484315308,    0.002570683795,      -3.940347561,    0.008171744274,       0.266263667,   -0.000484315308,      0.5496119592,        1.74269601,     -0.7193504372,     -0.7796939828,     -0.7291219305,     -0.7483479163,     -0.7757171285,     0.09312901587,     0.00888034968,      0.1337619751,     0.06818271366,      0.1092534104,      0.1268188296,      0.2983950773,   -0.004767799796,   0.0006908799423,   -0.001420020876,    0.000244825626,                 0,  -4.643554855e-06,   3.313306308e-05,    0.002542194287,                 0,      -0.238829555,     -0.7648430119,      -2.935718337,  -0.0009566565432,     0.00148047829,    0.004489354662,    0.003539301158,   -0.001337389836,     0.08528102562,   1.228323351e-05,      0.1126211493,      0.0683492089,   0.0006908799423,   -0.001420020876,    0.000244825626,                 0,      0.1154836263,      0.1271293672,      0.3069989656,                 0,       1.173140394,       14.28083738,       2.230791502,    -0.06992681194
          0,           0,          28,       2.016620332,       2.037629167,      -6.663004495,      -6.687608546,      -7.183273084,      -7.149581735,      -6.648860298,                         2,       -1.41271181,   0.0004458413242,      0.5346864892,       8.465887352,       20.58067798,       20.55545814,      0.0039269908,      0.3031959759,      0.5302841224,   -0.000446708685,     0.00258545657,      -3.945714342,    0.008483203321,      0.2654666553,   -0.000446708685,      0.5501422591,         1.7489814,     -0.8442540656,     -0.9006992403,     -0.8587509927,     -0.8783967957,     -0.8999930416,     0.09315192942,    0.008884878095,      0.1336592914,     0.06749987697,      0.1092235812,      0.1268838272,      0.2988967652,   -0.004720051203,   0.0006917162512,   -0.001389529736,   0.0002511047994,                 0,  -4.649633622e-06,    3.32072916e-05,    0.002556898912,                 0,     -0.2387690518,     -0.7656245069,      -2.940434857,  -0.0008859256952,    0.001482676013,    0.004725898247,    0.003598989629,   -0.001324360569,     0.08530596413,   1.226661793e-05,      0.1124837197,     0.06766470479,   0.0006917162512,   -0.001389529736,   0.0002511047994,                 0,      0.1154554681,      0.1271945223,      0.3074922686,                 0,       1.172531603,       14.28087429,        2.23625879,    -0.06992681194
          0,           0,          29,       1.904922298,       2.033205604,      -6.797212548,      -6.817060918,      -7.317653673,      -7.288057919,       -6.77929894,                         2,      -1.376421859,   0.0004681291065,      0.5614167706,        8.88918172,       21.60971188,       21.58323105,      0.0039269908,       0.302560946,      0.5308098352,  -0.0003935444353,    0.002571185848,      -3.950524876,    0.008948648353,      0.2647965004,  -0.0003935444353,      0.5506223938,       1.754389792,      -0.978462118,      -1.030151612,     -0.9931315814,       -1.01687298,      -1.030431683,     0.09316577235,     0.00889355778,      0.1335526788,     0.06694893713,      0.1091930182,      0.1270056862,      0.2992926565,   -0.004681525737,   0.0006919416474,   -0.001363705203,   0.0002782191198,                 0,  -4.657527202e-06,    3.32356973e-05,    0.002542607678,                 0,      -0.238708211,     -0.7668563449,      -2.944147473,  -0.0008128478538,    0.001482731802,    0.004931225795,    0.003855960078,   -0.001321269322,      0.0853219053,   1.242470217e-05,      0.1123497508,     0.06711241961,   0.0006919416474,   -0.001363705203,   0.0002782191198,                 0,      0.1154259453,        0.12731669,      0.3078797585,                 0,       1.172029335,       14.28063879,       2.241008262,    -0.06992681194
          0,           0,          30,       1.875321669,       2.028112574,      -6.933399764,      -6.946470363,      -7.442395571,      -7.428030962,      -6.907233351,                         2,      -1.318514143,    0.000491530903,      0.5894862586,       9.333640806,       22.69019747,        22.6623926,      0.0039269908,      0.3020438798,      0.5312409933,  -0.0003335562289,    0.002538610765,       -3.95447758,    0.009494338107,      0.2642506176,  -0.0003335562289,      0.5510164329,       1.758820585,      -1.114649335,      -1.159561058,      -1.117873479,      -1.156846022,      -1.158366095,      0.0931714975,    0.008904224072,      0.1334477749,     0.06652038327,      0.1091602474,      0.1271541856,      0.2995781186,   -0.004651558332,   0.0006923695549,   -0.001343878142,   0.0003179523587,                 0,  -4.668426185e-06,   3.321770911e-05,    0.002510061482,                 0,     -0.2386450385,     -0.7682737687,      -2.946809805,  -0.0007489669131,    0.001482952397,    0.005104741326,    0.004232832168,   -0.001326187785,     0.08532990248,   1.270622061e-05,      0.1122251897,     0.06668281927,   0.0006923695549,   -0.001343878142,   0.0003179523587,                 0,      0.1153936537,      0.1274655717,      0.3081572076,                 0,       1.171605591,       14.28020955,       2.244909057,    -0.06992681194
          0,           0,          31,       2.014174335,       2.027677004,      -7.063434558,        -7.0667786,      -7.554503752,      -7.561234374,      -7.025120717,                         3,      -1.690449341,   0.0005161029933,      0.6189611184,       9.800322846,       23.82470734,       23.79551223,      0.0039269908,      0.3016325224,      0.5315757051,  -0.0002786041168,    0.002502741311,       -3.95752541,    0.009993903671,       0.263816914,  -0.0002786041168,      0.5513216345,       1.762328879,      -1.244684129,      -1.279869294,       -1.22998166,      -1.290049434,      -1.276253461,     0.09317129701,    0.008915718451,      0.1333438322,     0.06620167473,      0.1091281521,      0.1273139183,      0.2997629068,   -0.004629272059,   0.0006937369827,    -0.00132146287,   0.0003491217707,                 0,  -4.680128097e-06,   3.317375946e-05,     0.00247424768,                 0,     -0.2385839291,     -0.7697294309,      -2.948510288,  -0.0007017616436,    0.001485371843,    0.005316568682,    0.004529415684,   -0.001337452538,     0.08533194133,   1.303021221e-05,        0.11210861,     0.06636333247,   0.0006937369827,    -0.00132146287,   0.0003491217707,                 0,      0.1153616226,       0.127625717,      0.3083342949,                 0,       1.171263636,       14.27971497,       2.248044787,    -0.06992681194
          0,           0,          32,       2.000310671,       2.026847721,       -7.18449472,      -7.176714147,      -7.657781445,      -7.682289308,      -7.133197025,                         3,      -1.661279483,   0.0005419039955,      0.6499106959,       10.29033899,       25.01594271,       24.98528784,      0.0039269908,      0.3013538978,      0.5317796133,  -0.0002382455129,     0.00247475296,      -3.959420762,     0.01037042921,      0.2635247442,  -0.0002382455129,      0.5515056102,       1.764634927,       -1.36574429,      -1.389804841,      -1.333259354,      -1.411104368,      -1.384329768,     0.09316780317,    0.008923985556,      0.1332598641,     0.06600224495,      0.1091012404,       0.127426357,      0.2998673425,   -0.004615326571,   0.0006957376292,   -0.001312318641,   0.0003783354987,                 0,  -4.690047865e-06,   3.311484931e-05,    0.002446328159,                 0,     -0.2385328259,     -0.7707597292,      -2.949457036,  -0.0006711700852,    0.001489785182,    0.005423539166,    0.004806569795,   -0.001349464933,     0.08533033328,    1.34338466e-05,      0.1120175614,     0.06616341571,   0.0006957376292,   -0.001312318641,   0.0003783354987,                 0,      0.1153345326,      0.1277384586,       0.308432619,                 0,       1.171018707,       14.27908598,       2.250244997,    -0.06992681194
          0,           0,          33,       2.034587124,       2.027075351,      -7.299552954,      -7.276519135,      -7.763976689,      -7.796768341,      -7.231875954,                         3,      -1.635198814,   0.0005689951824,      0.6824081935,       10.80485594,       26.26673985,       26.23455224,      0.0039269908,      0.3011558836,      0.5318740063,  -0.0002104199452,    0.002454852511,      -3.960303005,       0.010633921,      0.2633206279,  -0.0002104199452,      0.5515859605,       1.766108634,      -1.480802525,      -1.489609829,      -1.439454597,      -1.525583401,      -1.483008697,     0.09316332786,    0.008928536244,      0.1331964496,     0.06586756986,      0.1090812058,        0.12748579,      0.2999129197,   -0.004605909171,   0.0006974991286,    -0.00131054038,   0.0004026213062,                 0,  -4.697413696e-06,   3.305416802e-05,    0.002426495757,                 0,      -0.238495137,     -0.7713016609,      -2.949851289,  -0.0006549179814,    0.001493869627,    0.005461588072,    0.005038436908,   -0.001359973603,      0.0853272664,    1.38276139e-05,      0.1119511221,     0.06602841175,   0.0006974991286,    -0.00131054038,   0.0004026213062,                 0,      0.1153142347,      0.1277980643,      0.3084736616,                 0,       1.170859911,       14.27846475,       2.251658513,    -0.06992681194
          0,           0,          34,       2.091683524,       2.028921299,      -7.410554532,      -7.364515731,      -7.873923754,       -7.90809798,      -7.318705034,                         3,      -1.620840134,   0.0005974409101,      0.7165307336,       11.34509873,       27.58007684,       27.54627985,      0.0039269908,      0.3010020167,      0.5318916018,  -0.0001930579035,    0.002441540272,      -3.960451234,     0.01079772648,      0.2631659083,  -0.0001930579035,      0.5515927799,       1.767069894,      -1.591804102,      -1.577606425,      -1.549401663,       -1.63691304,      -1.569837778,      0.0931591066,    0.008930043955,      0.1331489754,     0.06576389072,      0.1090671777,      0.1275024544,      0.2999206289,   -0.004598659219,   0.0006987227477,   -0.001312115285,    0.000420334634,                 0,  -4.702913455e-06,    3.29978092e-05,    0.002413245376,                 0,     -0.2384693815,     -0.7714416473,      -2.949890699,   -0.000649506433,    0.001496710419,    0.005459999221,     0.00520910591,   -0.001368089074,     0.08532403398,   1.416920516e-05,      0.1119032257,     0.06592447944,   0.0006987227477,   -0.001312115285,    0.000420334634,                 0,      0.1152999463,      0.1278147932,      0.3084780404,                 0,       1.170762384,       14.27792013,       2.252519241,    -0.06992681194
          0,           0,          35,       2.059224497,       2.029763054,      -7.520021435,      -7.440644106,      -7.987480863,      -8.016787871,      -7.392926991,                         3,      -1.614566012,   0.0006273090264,      0.7523594202,       11.91235367,       28.95908068,       28.92359384,      0.0039269908,      0.3008723398,      0.5318625351,   -0.000183554058,    0.002433508374,      -3.960145232,     0.01088498865,      0.2630385749,   -0.000183554058,      0.5515547381,       1.767734898,      -1.701271005,        -1.6537348,      -1.662958772,      -1.745602931,      -1.644059734,      0.0931555898,     0.00892956646,      0.1331129418,     0.06567424179,      0.1090574424,      0.1274915913,      0.2999058917,   -0.004592390355,   0.0006994939993,   -0.001315027545,   0.0004319794882,                 0,  -4.707054617e-06,   3.295152324e-05,    0.002405263905,                 0,     -0.2384521144,     -0.7713208473,      -2.949721553,  -0.0006507174683,    0.001498422932,    0.005437981157,    0.005322550915,   -0.001373966353,     0.08532120485,   1.445064454e-05,      0.1118683079,     0.06583461159,   0.0006994939993,   -0.001315027545,   0.0004319794882,                 0,      0.1152899894,      0.1278039233,      0.3084608255,                 0,       1.170702076,       14.27746709,       2.253018285,    -0.06992681194
          0,           0,          36,       2.044967568,       2.030173987,      -7.631338133,      -7.509417199,      -8.107661609,      -8.123742136,      -7.459281405,                         3,      -1.604954912,   0.0006586708528,      0.7899794682,       12.50797136,       30.40703471,       30.36977353,      0.0039269908,       0.300755878,      0.5318090927,  -0.0001792670707,    0.002428877614,      -3.959599174,      0.0109217633,      0.2629261248,  -0.0001792670707,       0.551493302,       1.768241726,      -1.812587703,      -1.722507894,      -1.783139518,      -1.852557196,      -1.710414148,     0.09315281825,     0.00892804198,        0.13308533,     0.06558968775,      0.1090504316,      0.1274665236,      0.2998786153,   -0.004586477761,   0.0006999946489,   -0.001318418728,   0.0004391570083,                 0,  -4.710119636e-06,   3.291538315e-05,     0.00240067235,                 0,     -0.2384399801,      -0.771066162,      -2.949438067,  -0.0006549647556,    0.001499429505,     0.00540732155,    0.005393357132,   -0.001378344886,      0.0853189291,   1.467851084e-05,      0.1118426661,     0.06574985108,   0.0006999946489,   -0.001318418728,   0.0004391570083,                 0,      0.1152828023,      0.1277788103,      0.3084316894,                 0,       1.170661647,       14.27709725,       2.253280773,    -0.06992681194
          0,           0,          37,       2.122618939,       2.032606749,      -7.746548015,       -7.57691269,      -8.238354876,      -8.231676729,      -7.524583116,                         3,      -1.583643713,   0.0006916011694,      0.8294803919,       13.13336992,       31.92738645,       31.88826221,      0.0039269908,      0.3006479233,      0.5317480785,  -0.0001780130213,    0.002426029699,      -3.958976159,     0.01093017579,      0.2628226892,  -0.0001780130213,      0.5514249059,       1.768673712,      -1.927797586,      -1.790003385,      -1.913832785,      -1.960491789,      -1.775715859,     0.09315069612,    0.008926187797,       0.133064698,     0.06550634139,      0.1090451322,      0.1274374243,      0.2998461716,   -0.004580649615,   0.0007003682519,   -0.001322152483,   0.0004437712103,                 0,  -4.712382745e-06,   3.288833379e-05,    0.002397853748,                 0,      -0.238430782,     -0.7707749701,      -2.949110579,  -0.0006598281691,    0.001500108784,    0.005372327183,    0.005439365066,   -0.001381625244,     0.08531718181,   1.485870734e-05,      0.1118243474,      0.0656663012,   0.0007003682519,   -0.001322152483,   0.0004437712103,                 0,      0.1152773678,      0.1277496526,      0.3083978856,                 0,       1.170631425,       14.27680296,       2.253386332,    -0.06992681194
          0,           0,          38,       2.158162648,       2.035826131,      -7.868193858,      -7.653665941,      -8.381672533,      -8.345270139,      -7.599964378,                         3,      -1.549061088,   0.0007261784486,      0.8709561743,       13.79003842,       33.52375577,       33.48267532,      0.0039269908,      0.3005461639,        0.53169067,  -0.0001781660525,    0.002423773916,      -3.958384288,     0.01092621752,      0.2627251823,  -0.0001781660525,      0.5513605389,       1.769081539,      -2.049443429,      -1.866756635,      -2.057150442,      -2.074085199,      -1.851097121,     0.09314904257,    0.008924434942,      0.1330497324,     0.06542295396,      0.1090408961,      0.1274103771,      0.2998142155,   -0.004574818598,   0.0007006897403,   -0.001326105319,   0.0004472495265,                 0,  -4.714110404e-06,    3.28674017e-05,    0.002395620625,                 0,     -0.2384232583,     -0.7705046047,      -2.948792442,  -0.0006639828813,    0.001500672502,    0.005335446045,    0.005474175413,   -0.001384076438,     0.08531582778,   1.499684515e-05,      0.1118116475,     0.06558271014,   0.0007006897403,   -0.001326105319,   0.0004472495265,                 0,      0.1152730267,      0.1277225489,      0.3083649633,                 0,        1.17060673,       14.27657638,       2.253399612,    -0.06992681194
          0,           0,          39,          2.054318,       2.036288428,      -7.987208889,      -7.738851038,      -8.523274663,      -8.457810025,      -7.684760793,                         3,      -1.514035876,   0.0007624850347,      0.9145055283,       14.47954034,       35.19994356,       35.15680908,      0.0039269908,      0.3004494678,      0.5316420956,  -0.0001784798663,    0.002421756823,      -3.957874908,     0.01092139464,      0.2626321101,  -0.0001784798663,      0.5513053376,       1.769489224,      -2.168458459,      -1.951941732,      -2.198752571,      -2.186625086,      -1.935893537,     0.09314771128,    0.008922952011,      0.1330391678,     0.06533963669,      0.1090374144,       0.127387714,      0.2997859598,   -0.004568992487,   0.0007009798647,   -0.001329790133,    0.000450330402,                 0,  -4.715482356e-06,   3.285074899e-05,    0.002393621556,                 0,     -0.2384169194,     -0.7702773047,      -2.948513475,  -0.0006672090242,    0.001501184107,    0.005301298119,     0.00550485105,   -0.001385938638,      0.0853147426,    1.50984238e-05,      0.1118030797,     0.06549918943,   0.0007009798647,   -0.001329790133,    0.000450330402,                 0,      0.1152694606,      0.1276998376,      0.3083360395,                 0,       1.170586082,       14.27640918,       2.253366168,    -0.06992681194
          0,           0,          40,        1.95025474,       2.034190045,      -8.088565429,      -7.829066355,      -8.636326595,      -8.556965296,       -7.77558012,                         3,      -1.488621669,   0.0008006073771,       0.960232113,       15.20351736,       36.95994074,       36.91464954,      0.0039269908,      0.3003598399,       0.531604682,  -0.0001783592351,    0.002419900893,      -3.957472496,     0.01092113252,      0.2625453104,  -0.0001783592351,       0.551261763,        1.76989268,         -2.269815,      -2.042157049,      -2.311804503,      -2.285780356,      -2.026712863,     0.09314662306,     0.00892180178,      0.1330319268,     0.06525948824,      0.1090345721,      0.1273702465,      0.2997632513,   -0.004563387961,   0.0007012336939,   -0.001332809936,   0.0004532170071,                 0,  -4.716584227e-06,    3.28373413e-05,    0.002391780136,                 0,     -0.2384116648,     -0.7701009436,      -2.948290437,   -0.000669450597,     0.00150163311,    0.005273419159,    0.005533400411,   -0.001387320156,      0.0853138553,   1.516946583e-05,      0.1117974404,     0.06541884526,   0.0007012336939,   -0.001332809936,   0.0004532170071,                 0,      0.1152665494,      0.1276823324,      0.3083128812,                 0,       1.170569244,        14.2762919,       2.253318121,    -0.06992681194
          0,           0,          41,       1.993103052,       2.033211783,      -8.166035008,      -7.921801304,      -8.709122759,      -8.636391239,       -7.86973667,                         3,      -1.478427601,   0.0008406362224,       1.008244772,       15.96369322,       38.80793778,       38.76038202,      0.0039269908,      0.3002785077,      0.5315779995,  -0.0001776824568,    0.002418234881,      -3.957174658,     0.01092651876,      0.2624660376,  -0.0001776824568,      0.5512294721,       1.770283207,      -2.347284578,      -2.134891999,      -2.384600667,      -2.365206299,      -2.120869414,     0.09314572876,    0.008920967377,      0.1330270444,     0.06518476713,      0.1090322744,      0.1273576354,      0.2997462527,   -0.004558162953,   0.0007014434674,   -0.001334981707,    0.000455855783,                 0,  -4.717468836e-06,   3.282691767e-05,    0.002390125433,                 0,     -0.2384074059,     -0.7699723346,      -2.948124064,  -0.0006708528378,    0.001501999446,    0.005253457603,    0.005559356954,   -0.001388295241,     0.08531312345,   1.521680147e-05,      0.1117937556,     0.06534394169,   0.0007014434674,   -0.001334981707,    0.000455855783,                 0,      0.1152641949,      0.1276696938,      0.3082955834,                 0,       1.170555815,       14.27621355,       2.253273039,    -0.06992681194
          0,           0,          42,        1.92286258,       2.030645523,      -8.228620006,      -8.014939323,       -8.76096404,      -8.702317645,      -7.964801335,                         3,      -1.486733266,   0.0008826668331,        1.05865781,       16.76187789,       40.74833466,       40.69840112,      0.0039269908,      0.3002079903,      0.5315606729,  -0.0001766868335,    0.002416865886,      -3.956970785,     0.01093516317,      0.2623969006,  -0.0001766868335,      0.5512072686,       1.770641322,      -2.409869576,      -2.228030018,      -2.436441948,      -2.431132705,      -2.215934079,     0.09314499788,    0.008920417292,      0.1330238353,     0.06511873981,      0.1090304264,      0.1273493419,      0.2997344504,   -0.004553545873,   0.0007016099232,   -0.001336414145,   0.0004581173879,                 0,   -4.71819242e-06,   3.281877149e-05,    0.002388765307,                 0,       -0.23840401,     -0.7698861844,      -2.948008838,  -0.0006717520476,    0.001502285753,    0.005240373182,    0.005581517239,   -0.001389013008,     0.08531252327,    1.52465815e-05,      0.1117913776,     0.06527775314,   0.0007016099232,   -0.001336414145,   0.0004581173879,                 0,      0.1152623004,      0.1276613821,      0.3082835861,                 0,        1.17054516,       14.27616419,       2.253238675,    -0.06992681194
          0,           0,          43,       1.928108361,       2.028315133,      -8.296458653,      -8.115537284,      -8.819495177,      -8.771559423,      -8.067533126,                         3,      -1.504488402,   0.0009267992444,       1.111591254,       17.59997178,        42.7857514,       42.73332117,      0.0039269908,      0.3001493066,      0.5315504027,  -0.0001756584074,    0.002415852414,      -3.956840488,     0.01094422165,      0.2623390763,  -0.0001756584074,      0.5511929298,       1.770953292,      -2.477708223,      -2.328627978,      -2.494973086,      -2.500374484,      -2.318665869,     0.09314439881,    0.008920089048,      0.1330217343,     0.06506308452,      0.1090289246,      0.1273443944,      0.2997267378,   -0.004549654076,    0.000701741378,   -0.001337288193,   0.0004598884075,                 0,  -4.718791826e-06,    3.28127252e-05,    0.002387758481,                 0,     -0.2384012843,     -0.7698330539,      -2.947933685,  -0.0006724655398,    0.001502510165,    0.005232533806,    0.005598816668,   -0.001389638991,     0.08531203042,   1.526425293e-05,      0.1117898197,     0.06522196194,    0.000701741378,   -0.001337288193,   0.0004598884075,                 0,      0.1152607604,      0.1276564238,      0.3082757456,                 0,       1.170536564,       14.27613488,       2.253216284,    -0.06992681194
          0,           0,          44,       2.029062831,       2.028331748,      -8.377337558,      -8.225359857,      -8.894971882,      -8.852440767,      -8.179567401,                         3,      -1.528557154,   0.0009731384921,       1.167171163,       18.47997037,       44.92503897,       44.86998723,      0.0039269908,       0.300102399,      0.5315447923,  -0.0001746966559,    0.002415135304,      -3.956761333,     0.01095269854,      0.2622926743,  -0.0001746966559,       0.551184061,       1.771211407,      -2.558587129,      -2.438450552,      -2.570449791,      -2.581255828,      -2.430700144,     0.09314391192,    0.008919913696,      0.1330203553,     0.06501821804,      0.1090277026,       0.127341746,      0.2997218603,   -0.004546516705,   0.0007018457925,   -0.001337767446,   0.0004612249973,                 0,  -4.719285522e-06,   3.280812141e-05,    0.002387046468,                 0,      -0.238399089,     -0.7698028546,      -2.947886239,    -0.00067315041,    0.001502689628,    0.005228435133,    0.005611840531,   -0.001390266749,     0.08531162995,   1.527406984e-05,      0.1117887844,      0.0651769859,   0.0007018457925,   -0.001337767446,   0.0004612249973,                 0,      0.1152595074,      0.1276537697,      0.3082707839,                 0,       1.170529564,       14.27611862,       2.253202975,    -0.06992681194
          0,           0,          45,       1.954550447,       2.026727807,      -8.474169568,      -8.346165249,      -8.989372047,      -8.948595505,      -8.302641067,                         3,        -1.5558748,    0.001021794868,       1.225529909,       19.40396889,       47.17129092,       47.11348659,      0.0039269908,      0.3000664391,      0.5315419365,   -0.000173875506,    0.002414661102,      -3.956714788,     0.01095986565,      0.2622570012,   -0.000173875506,      0.5511787038,       1.771414151,      -2.655419138,      -2.559255944,      -2.664849955,      -2.677410565,       -2.55377381,     0.09314352491,    0.008919831674,      0.1330194416,     0.06498364097,      0.1090267238,      0.1273405007,      0.2997188109,   -0.004544098842,   0.0007019276456,   -0.001337990435,   0.0004621872828,                 0,  -4.719683097e-06,   3.280481104e-05,    0.002386575975,                 0,     -0.2383973407,     -0.7697869514,      -2.947856626,  -0.0006738705592,    0.001502832398,    0.005226751994,    0.005621194085,   -0.001390912828,     0.08531131217,   1.527911903e-05,      0.1117880856,      0.0651423244,   0.0007019276456,   -0.001337990435,   0.0004621872828,                 0,       0.115258504,      0.1276525216,      0.3082676781,                 0,       1.170523919,       14.27611028,       2.253195528,    -0.06992681194
          0,           0,          46,       1.959622938,       2.025300044,       -8.58683385,      -8.478604437,      -9.101376535,      -9.060462244,      -8.437449434,                         3,      -1.584421486,    0.001072884187,       1.286806485,       20.37416733,       49.52985546,       49.46916092,      0.0039269908,      0.3000398373,      0.5315405143,  -0.0001731873418,    0.002414356314,      -3.956687316,     0.01096579668,      0.2622305634,  -0.0001731873418,      0.5511754293,       1.771566466,       -2.76808342,      -2.691695132,      -2.776854444,      -2.789277304,      -2.688582177,     0.09314322549,    0.008919799346,      0.1330188222,     0.06495799029,      0.1090259579,      0.1273400052,      0.2997168563,   -0.004542305171,   0.0007019897194,   -0.001338037795,   0.0004628607342,                 0,  -4.719993868e-06,   3.280237216e-05,    0.002386273936,                 0,     -0.2383959762,     -0.7697790196,      -2.947837675,  -0.0006746456249,    0.001502942094,    0.005226700007,    0.005627723549,   -0.001391568973,      0.0853110669,   1.528143582e-05,       0.111787604,     0.06511661108,   0.0007019897194,   -0.001338037795,   0.0004628607342,                 0,      0.1152577191,      0.1276520251,      0.3082656851,                 0,       1.170519459,       14.27610647,       2.253191326,    -0.06992681194
          0,           0,          47,       1.962387552,       2.023989367,      -8.712203168,      -8.620315412,      -9.227402232,      -9.185523278,      -8.581681389,                         3,      -1.615998494,    0.001126528062,       1.351146824,        21.3928757,       52.00634823,       51.94261897,      0.0039269908,      0.3000211626,      0.5315397779,   -0.000172629945,    0.002414172479,      -3.956670886,     0.01097052226,      0.2622119855,   -0.000172629945,      0.5511733921,       1.771674282,      -2.893452739,      -2.833406106,      -2.902880141,      -2.914338339,      -2.832814132,     0.09314300393,    0.008919790992,      0.1330183994,     0.06493996823,       0.109025384,      0.1273398734,      0.2997155655,   -0.004541044946,   0.0007020345703,   -0.001337981953,   0.0004633174377,                 0,  -4.720228062e-06,    3.28006542e-05,    0.002386092053,                 0,     -0.2383949539,     -0.7697753185,      -2.947825174,  -0.0006754390312,    0.001503022202,    0.005227567954,    0.005632139268,   -0.001392207162,     0.08531088592,   1.528229351e-05,      0.1117872723,     0.06509854502,   0.0007020345703,   -0.001337981953,   0.0004633174377,                 0,      0.1152571311,       0.127651893,      0.3082643679,                 0,       1.170516081,       14.27610507,       2.253188783,    -0.06992681194
          0,           0,          48,       1.996674312,       2.023431917,      -8.851021373,      -8.773569883,      -9.367180543,      -9.324562209,      -8.737572342,                         3,      -1.645387446,    0.001182854204,       1.418704146,       22.46251948,       54.60666565,       54.53974992,      0.0039269908,      0.3000086643,      0.5315393209,  -0.0001721685125,     0.00241405775,      -3.956660532,     0.01097439333,      0.2621995496,  -0.0001721685125,      0.5511720643,       1.771746567,      -3.032270944,      -2.986660577,      -3.042658452,       -3.05337727,      -2.988705085,     0.09314284724,    0.008919791352,      0.1330181067,     0.06492791901,      0.1090249726,      0.1273398764,      0.2997146743,   -0.004540202382,   0.0007020647348,    -0.00133785899,   0.0004636257429,                 0,  -4.720395536e-06,   3.279938941e-05,    0.002385978756,                 0,     -0.2383942207,      -0.769773558,      -2.947816549,  -0.0006762045638,    0.001503075998,    0.005229015724,    0.005635112105,   -0.001392810498,      0.0853107583,   1.528244445e-05,      0.1117870424,     0.06508646637,   0.0007020647348,    -0.00133785899,   0.0004636257429,                 0,      0.1152567098,       0.127651896,      0.3082634585,                 0,       1.170513634,       14.27610483,       2.253187042,    -0.06992681194
          0,           0,          49,       1.981931374,       2.022601906,      -8.999193486,      -8.935000667,      -9.516790146,      -9.473871937,      -8.901708743,                         3,      -1.673898964,    0.001241996711,       1.489639321,       23.58564546,       57.33699893,       57.26673741,      0.0039269908,      0.3000007559,        0.53153897,  -0.0001717837239,    0.002413983338,      -3.956653658,     0.01097760843,      0.2621916849,  -0.0001717837239,      0.5511711626,       1.771792102,      -3.180443057,      -3.148091361,      -3.192268055,      -3.202686997,      -3.152841486,      0.0931427417,    0.008919793295,      0.1330179037,     0.06492031715,       0.109024691,      0.1273399061,      0.2997140436,   -0.004539670808,   0.0007020835429,    -0.00133770272,   0.0004638354531,                 0,  -4.720508952e-06,   3.279846494e-05,    0.002385905382,                 0,     -0.2383937179,     -0.7697725878,      -2.947810446,  -0.0006769068277,    0.001503109124,    0.005230728361,    0.005637129139,   -0.001393358197,     0.08531067267,   1.528230784e-05,       0.111786884,     0.06507884594,   0.0007020835429,    -0.00133770272,   0.0004638354531,                 0,      0.1152564215,      0.1276519259,      0.3082628152,                 0,       1.170511937,       14.27610505,       2.253185738,    -0.06992681194
          0,           0,          50,        1.98926556,       2.021948252,      -9.153259793,      -9.101647056,      -9.672959009,      -9.630304088,      -9.071065054,                         3,       -1.70136544,    0.001304096392,       1.564121253,       24.76492773,       60.20384888,       60.13007428,      0.0039269908,      0.2999961383,      0.5315386576,  -0.0001714562212,    0.002413930095,       -3.95664888,     0.01098034721,      0.2621871004,  -0.0001714562212,      0.5511705289,       1.771818333,      -3.334509364,       -3.31473775,      -3.348436917,      -3.359119149,      -3.322197798,     0.09314267433,    0.008919793867,      0.1330177639,     0.06491590617,      0.1090245076,      0.1273399177,      0.2997135947,   -0.004539362363,   0.0007020943995,   -0.001337531392,   0.0004639807714,                 0,   -4.72058165e-06,   3.279775053e-05,    0.002385852926,                 0,     -0.2383933895,      -0.769771853,      -2.947806101,  -0.0006775363868,    0.001503127799,    0.005232541341,    0.005638524165,     -0.0013938461,     0.08531061826,   1.528207497e-05,      0.1117867759,      0.0650744242,   0.0007020943995,   -0.001337531392,   0.0004639807714,                 0,      0.1152562339,      0.1276519374,      0.3082623576,                 0,       1.170510814,       14.27610543,       2.253184731,    -0.06992681194
          0,           0,          51,       2.006838757,       2.021657685,      -9.309839009,      -9.270513722,      -9.833141434,      -9.791237827,      -9.242696679,                         3,      -1.726852287,    0.001369301098,       1.642327288,       26.00317412,       63.21404132,         63.136578,      0.0039269908,      0.2999937134,      0.5315383697,  -0.0001711724597,    0.002413888278,      -3.956645438,     0.01098274057,      0.2621847015,  -0.0001711724597,      0.5511700726,       1.771831695,      -3.491088579,      -3.483604417,      -3.508619342,      -3.520052887,      -3.493829423,     0.09314263407,    0.008919792395,      0.1330176687,     0.06491361829,      0.1090243948,      0.1273399001,      0.2997132772,   -0.004539202379,   0.0007020999038,   -0.001337356644,   0.0004640842804,                 0,  -4.720625098e-06,   3.279718446e-05,    0.002385811718,                 0,     -0.2383931868,     -0.7697711362,      -2.947803028,  -0.0006780875199,    0.001503136753,    0.005234352596,    0.005639517087,   -0.001394265861,     0.08531058596,    1.52818334e-05,       0.111786703,     0.06507213073,   0.0007020999038,   -0.001337356644,   0.0004640842804,                 0,      0.1152561186,      0.1276519197,      0.3082620343,                 0,        1.17051011,       14.27610581,       2.253183958,    -0.06992681194
          0,           0,          52,       2.032923891,       2.021870255,      -9.464314174,      -9.437197956,       -9.99449998,      -9.953371991,      -9.412419631,                         3,      -1.749536366,    0.001437766071,       1.724443631,       27.30333282,       66.37474338,        66.2934069,      0.0039269908,      0.2999927454,       0.531538108,  -0.0001709297581,    0.002413853314,      -3.956642939,     0.01098480728,      0.2621837541,  -0.0001709297581,       0.551169744,        1.77183654,      -3.645563744,      -3.650288651,      -3.669977888,      -3.682187052,      -3.663552374,      0.0931426124,    0.008919789335,      0.1330176056,     0.06491273804,      0.1090243314,      0.1273398594,       0.299713058,   -0.004539140826,   0.0007021021095,   -0.001337190644,   0.0004641587766,                 0,   -4.72064878e-06,   3.279672384e-05,    0.002385777239,                 0,     -0.2383930721,     -0.7697704065,      -2.947800908,  -0.0006785525772,    0.001503139831,    0.005236051939,    0.005640232095,   -0.001394616586,     0.08531056876,   1.528161711e-05,      0.1117866554,     0.06507124833,   0.0007021021095,   -0.001337190644,   0.0004641587766,                 0,      0.1152560538,       0.127651879,      0.3082618112,                 0,       1.170509701,       14.27610615,       2.253183378,    -0.06992681194
          0,           0,          53,       2.509819153,       2.030906345,      -9.614636369,      -9.601324731,      -10.15729758,      -10.11703992,      -9.580588175,                         3,      -1.760258334,     0.00150965432,       1.810665797,       28.66849946,       69.69348055,       69.60807724,      0.0039269908,      0.2999926817,      0.5315378738,  -0.0001707189208,    0.002413822913,      -3.956641094,     0.01098662431,      0.2621837069,  -0.0001707189208,      0.5511695059,       1.771836135,       -3.79588594,      -3.814415425,      -3.832775486,      -3.845854984,      -3.831720919,      0.0931426031,    0.008919785127,      0.1330175653,     0.06491272821,      0.1090243014,      0.1273398019,      0.2997129107,   -0.004539140138,   0.0007021021886,   -0.001337034072,    0.000464212963,                 0,  -4.720658946e-06,   3.279634043e-05,    0.002385747231,                 0,     -0.2383930172,     -0.7697696546,      -2.947799484,  -0.0006789387969,    0.001503139162,    0.005237640281,    0.005640753241,   -0.001394908376,     0.08531056158,   1.528143332e-05,      0.1117866254,     0.06507123847,   0.0007021021886,   -0.001337034072,    0.000464212963,                 0,      0.1152560232,      0.1276518213,      0.3082616614,                 0,       1.170509496,       14.27610644,       2.253182954,    -0.06992681194
          0,           0,          54,       2.070243687,        2.03162157,      -9.754021426,      -9.756656634,      -10.31826766,      -10.27832222,       -9.74222324,                         3,      -1.753627059,    0.001585137001,       1.901199077,       30.10192444,       73.17815458,        73.0884811,      0.0039269908,      0.2999931359,      0.5315376674,  -0.0001705333539,    0.002413795757,      -3.956639712,     0.01098824392,      0.2621841744,  -0.0001705333539,      0.5511693317,       1.771832765,      -3.935270997,      -3.969747328,      -3.993745566,      -4.007137278,      -3.993355983,     0.09314260167,    0.008919780171,      0.1330175408,     0.06491321323,      0.1090242928,      0.1273397333,      0.2997128154,   -0.004539174054,   0.0007021009606,   -0.001336887074,   0.0004642527594,                 0,  -4.720660327e-06,    3.27960095e-05,    0.002385720408,                 0,     -0.2383930009,     -0.7697688891,      -2.947798565,   -0.000679257876,    0.001503136261,    0.005239121745,    0.005641137329,   -0.001395151418,     0.08531056075,   1.528127155e-05,      0.1117866077,     0.06507172468,   0.0007021009606,   -0.001336887074,   0.0004642527594,                 0,      0.1152560146,      0.1276517525,      0.3082615646,                 0,       1.170509422,       14.27610668,       2.253182651,    -0.06992681194
          0,           0,          55,       2.001996595,       2.031092552,      -9.875954337,      -9.895981769,      -10.47238585,      -10.43222712,      -9.891258268,                         3,      -1.726785736,    0.001664393832,       1.996259024,       31.60702066,       76.83706231,       76.74290516,      0.0039269908,      0.2999938551,      0.5315374885,  -0.0001703682197,    0.002413771877,      -3.956638667,     0.01098970116,      0.2621849043,  -0.0001703682197,      0.5511692033,        1.77182792,      -4.057203907,      -4.109072463,      -4.147863758,      -4.161042185,      -4.142391011,      0.0931426049,    0.008919774849,      0.1330175275,     0.06491394792,      0.1090242971,      0.1273396593,      0.2997127575,   -0.004539225428,   0.0007020990146,   -0.001336749639,   0.0004642824049,                 0,   -4.72065645e-06,   3.279572227e-05,    0.002385696811,                 0,      -0.238393008,     -0.7697681291,      -2.947798009,   -0.000679521528,    0.001503132207,    0.005240500197,    0.005641424835,    -0.00139535608,     0.08531056367,   1.528112874e-05,      0.1117865983,     0.06507246116,   0.0007020990146,   -0.001336749639,   0.0004642824049,                 0,      0.1152560191,      0.1276516783,       0.308261506,                 0,       1.170509427,        14.2761069,       2.253182443,    -0.06992681194
          0,           0,          56,       2.108420609,       2.032449185,       -9.97631849,      -10.01296413,      -10.61241084,      -10.57223845,      -10.02135207,                         3,      -1.686517663,    0.001747613518,       2.096071971,       33.18737169,       80.67891543,       80.58005042,      0.0039269908,      0.2999947033,      0.5315373327,  -0.0001702174559,    0.002413750769,      -3.956637865,     0.01099104408,      0.2621857613,  -0.0001702174559,      0.5511691071,       1.771822392,       -4.15756806,      -4.226054822,      -4.287888745,      -4.301053506,      -4.272484811,     0.09314261068,    0.008919769374,      0.1330175215,     0.06491480172,      0.1090243087,      0.1273395829,      0.2997127262,   -0.004539285133,   0.0007020967364,   -0.001336619197,   0.0004643050047,                 0,  -4.720649714e-06,   3.279546121e-05,    0.002385675957,                 0,     -0.2383930284,     -0.7697673826,       -2.94779771,  -0.0006797436476,    0.001503127698,    0.005241803913,    0.005641645301,    -0.00139553283,     0.08531056864,   1.528099082e-05,      0.1117865946,     0.06507331705,   0.0007020967364,   -0.001336619197,   0.0004643050047,                 0,       0.115256031,      0.1276516018,      0.3082614744,                 0,       1.170509479,        14.2761071,       2.253182308,    -0.06992681194
          0,           0,          57,       1.952312015,        2.03106751,      -10.05544608,      -10.10462169,      -10.73032887,       -10.6912487,      -10.12761367,                         3,      -1.645803879,    0.001834994197,       2.200875566,       34.84674028,        84.7128612,       84.60905294,      0.0039269908,      0.2999955926,      0.5315371989,  -0.0001700819027,    0.002413732456,      -3.956637258,     0.01099225851,      0.2621866578,  -0.0001700819027,      0.5511690357,       1.771816693,      -4.236695653,       -4.31771238,      -4.405806778,      -4.420063764,       -4.37874641,     0.09314261751,    0.008919764077,      0.1330175206,     0.06491569044,      0.1090243235,       0.127339509,      0.2997127137,   -0.004539347278,    0.000702094422,   -0.001336498875,   0.0004643225506,                 0,  -4.720641726e-06,   3.279523201e-05,    0.002385657866,                 0,     -0.2383930549,     -0.7697666792,      -2.947797594,  -0.0006799300627,    0.001503123242,    0.005243003942,    0.005641817579,   -0.001395686253,     0.08531057442,   1.528086559e-05,      0.1117865945,     0.06507420794,    0.000702094422,   -0.001336498875,   0.0004643225506,                 0,      0.1152560463,      0.1276515276,      0.3082614618,                 0,       1.170509552,       14.27610729,       2.253182231,    -0.06992681194
          0,           0,          58,       1.992589685,       2.030415343,      -10.12068507,      -10.17728904,      -10.82586413,      -10.78965239,      -10.21445646,                         3,       -1.60851773,    0.001926743915,       2.310919343,       36.58907729,       88.94850426,       88.83950559,      0.0039269908,      0.2999964556,      0.5315370847,  -0.0001699568883,    0.002413716471,      -3.956636792,      0.0109933827,      0.2621875267,  -0.0001699568883,      0.5511689819,       1.771811215,      -4.301934638,      -4.390379739,      -4.501342036,      -4.518467448,      -4.465589199,      0.0931426247,    0.008919759006,      0.1330175228,     0.06491654915,      0.1090243397,      0.1273394382,       0.299712714,   -0.004539407324,   0.0007020921781,   -0.001336385591,   0.0004643365249,                 0,  -4.720633292e-06,   3.279502208e-05,    0.002385642082,                 0,     -0.2383930839,     -0.7697660177,      -2.947797601,  -0.0006800890615,    0.001503119018,    0.005244131894,    0.005641955692,   -0.001395823902,     0.08531058046,   1.528074067e-05,      0.1117865967,     0.06507506874,   0.0007020921781,   -0.001336385591,   0.0004643365249,                 0,      0.1152560629,      0.1276514567,      0.3082614623,                 0,       1.170509636,       14.27610748,       2.253182196,    -0.06992681194
          0,           0,          59,       2.163491007,       2.032633271,      -10.17705463,      -10.23598872,      -10.90143312,      -10.86933137,      -10.28516399,                         3,      -1.578887513,    0.002023081123,       2.426465309,       38.41853116,       93.39592947,       93.28148086,      0.0039269908,       0.299997264,      0.5315369867,  -0.0001698406611,    0.002413702474,      -3.956636428,       0.010994431,      0.2621883399,  -0.0001698406611,      0.5511689405,       1.771806114,      -4.358304201,      -4.449079414,      -4.576911028,      -4.598146426,      -4.536296731,      0.0931426319,     0.00891975417,      0.1330175271,     0.06491735087,      0.1090243561,      0.1273393708,      0.2997127231,   -0.004539463386,   0.0007020900151,   -0.001336278811,   0.0004643481348,                 0,  -4.720624813e-06,   3.279483045e-05,    0.002385628268,                 0,     -0.2383931135,     -0.7697653936,      -2.947797693,  -0.0006802286213,    0.001503115005,    0.005245193954,    0.005642071151,   -0.001395949106,     0.08531058649,   1.528061842e-05,      0.1117866004,     0.06507587243,   0.0007020900151,   -0.001336278811,   0.0004643481348,                 0,      0.1152560799,      0.1276513891,      0.3082614716,                 0,       1.170509722,       14.27610766,       2.253182191,    -0.06992681194
          0,           0,          60,       1.986600507,       2.031878635,      -10.22904793,      -10.28625435,       -10.9629655,      -10.93584593,       -10.3447926,                         3,      -1.556462512,    0.002124235194,       2.547788573,       40.33945771,       98.06572594,       97.94555491,      0.0039269908,      0.2999979982,      0.5315369019,  -0.0001697312265,    0.002413689949,      -3.956636135,     0.01099541881,      0.2621890782,  -0.0001697312265,      0.5511689072,       1.771801496,      -4.410297498,      -4.499345047,      -4.638443407,      -4.664660994,      -4.595925343,     0.09314263875,    0.008919749559,      0.1330175326,     0.06491807733,      0.1090243719,      0.1273393067,      0.2997127375,   -0.004539514185,   0.0007020879993,    -0.00133617737,   0.0004643581437,                 0,  -4.720616676e-06,   3.279465141e-05,    0.002385615914,                 0,     -0.2383931419,     -0.7697648022,      -2.947797837,   -0.000680354608,    0.001503111299,    0.005246202365,    0.005642171194,   -0.001396066046,     0.08531059223,   1.528049494e-05,      0.1117866048,     0.06507660066,   0.0007020879993,    -0.00133617737,   0.0004643581437,                 0,       0.115256096,      0.1276513248,      0.3082614864,                 0,       1.170509805,       14.27610785,       2.253182207,    -0.06992681194
          0,           0,          61,       1.948448366,       2.030532986,      -10.27925902,      -10.33223987,      -11.01645311,      -10.99471592,      -10.39849948,                         3,      -1.538892046,     0.00223044697,       2.675178001,        42.3564306,               100,       99.91323439,      0.0039269908,      0.2999986569,      0.5315368275,  -0.0001696263682,    0.002413678754,      -3.956635887,       0.010996365,      0.2621897405,  -0.0001696263682,      0.5511688789,       1.771797357,      -4.460508587,      -4.545330569,      -4.691931023,      -4.723530976,      -4.649632228,     0.09314264502,    0.008919745162,      0.1330175386,      0.0649187281,      0.1090243865,      0.1273392456,      0.2997127551,   -0.004539559691,   0.0007020862457,   -0.001336079776,    0.000464367162,                 0,  -4.720609381e-06,   3.279448075e-05,    0.002385604883,                 0,     -0.2383931682,     -0.7697642392,       -2.94779801,  -0.0006804694384,    0.001503108129,    0.005247172361,    0.005642261668,   -0.001396177153,     0.08531059747,   1.528036864e-05,      0.1117866096,     0.06507725301,   0.0007020862457,   -0.001336079776,    0.000464367162,                 0,       0.115256111,      0.1276512636,      0.3082615043,                 0,       1.170509882,       14.27610804,       2.253182236,    -0.06992681194
          0,           0,          62,       2.039353093,       2.030672988,      -10.32825195,      -10.37541512,      -11.06521531,      -11.04870115,      -10.44826428,                         3,      -1.534262846,    0.002341969336,       2.727943911,       44.47425213,               100,       99.95080852,      0.0039269908,      0.2999992488,      0.5315367621,  -0.0001695290222,    0.002413668629,      -3.956635678,     0.01099724112,      0.2621903355,  -0.0001695290222,       0.551168855,       1.771793644,      -4.509501517,      -4.588505819,      -4.740693214,      -4.777516206,      -4.699397025,     0.09314265067,     0.00891974109,      0.1330175448,     0.06491931219,      0.1090243997,      0.1273391891,      0.2997127738,   -0.004539600535,   0.0007020847084,   -0.001335988988,   0.0004643752573,                 0,  -4.720602814e-06,   3.279432387e-05,    0.002385594908,                 0,      -0.238393192,     -0.7697637184,      -2.947798195,  -0.0006805722658,    0.001503105359,    0.005248074647,    0.005642343119,   -0.001396282004,     0.08531060218,   1.528024597e-05,      0.1117866145,     0.06507783853,   0.0007020847084,   -0.001335988988,   0.0004643752573,                 0,      0.1152561246,       0.127651207,      0.3082615234,                 0,       1.170509954,       14.27610822,       2.253182272,    -0.06992681194
          0,           0,          63,       1.974841709,       2.029800624,      -10.38108285,      -10.42014474,      -11.11505074,      -11.10518395,       -10.5003472,                         3,      -1.534655979,    0.002388162971,       2.727943911,       46.69796474,               100,       99.96802836,      0.0039269908,      0.2999997657,      0.5315367047,  -0.0001694366101,     0.00241365937,       -3.95663549,     0.01099807243,      0.2621908551,  -0.0001694366101,      0.5511688338,         1.7717904,      -4.562332425,      -4.633235431,      -4.790528648,      -4.833999008,      -4.751479942,     0.09314265586,    0.008919737271,       0.133017551,     0.06491982151,      0.1090244119,      0.1273391362,      0.2997127927,    -0.00453963615,   0.0007020833043,   -0.001335902635,   0.0004643827203,                 0,   -4.72059675e-06,   3.279417547e-05,    0.002385585791,                 0,     -0.2383932139,     -0.7697632299,      -2.947798382,  -0.0006806641001,    0.001503102827,    0.005248932826,    0.005642418338,   -0.001396381562,     0.08531060651,   1.528012521e-05,      0.1117866194,      0.0650783491,   0.0007020833043,   -0.001335902635,   0.0004643827203,                 0,      0.1152561371,      0.1276511539,      0.3082615428,                 0,       1.170510019,       14.27610841,       2.253182309,    -0.06992681194
          0,           0,          64,       1.899182277,       2.027791111,      -10.43735097,      -10.46707714,       -11.1672572,      -11.16452267,      -10.55657898,                         3,      -1.530979936,    0.002388162989,        2.72794391,       49.03286297,               100,       99.97847458,      0.0039269908,       0.300000226,      0.5315366534,  -0.0001693489537,    0.002413650754,      -3.956635318,     0.01099886122,      0.2621913179,  -0.0001693489537,      0.5511688147,        1.77178751,      -4.618600544,      -4.680167837,      -4.842735108,      -4.893337733,      -4.807711728,     0.09314266059,    0.008919733705,      0.1330175571,     0.06492027464,      0.1090244229,       0.127339087,      0.2997128113,   -0.004539667836,   0.0007020820169,   -0.001335820773,   0.0004643898027,                 0,  -4.720591202e-06,     3.2794035e-05,     0.00238557731,                 0,     -0.2383932338,     -0.7697627741,      -2.947798565,  -0.0006807449423,    0.001503100507,    0.005249746465,    0.005642489759,   -0.001396475511,     0.08531061045,   1.528000607e-05,      0.1117866241,     0.06507880333,   0.0007020820169,   -0.001335820773,   0.0004643898027,                 0,      0.1152561485,      0.1276511045,      0.3082615617,                 0,       1.170510078,       14.27610859,       2.253182346,    -0.06992681194
          0,           0,          65,       2.097587846,       2.028848637,      -10.49537844,      -10.51543149,      -11.22066815,      -11.22451623,      -10.61663027,                         3,      -1.519478877,    0.002388163006,        2.72794391,       51.48450612,               100,       99.98414463,      0.0039269908,      0.3000006525,       0.531536606,  -0.0001692657221,    0.002413642753,      -3.956635158,     0.01099961015,      0.2621917467,  -0.0001692657221,      0.5511687972,       1.771784833,      -4.676628008,      -4.728522183,      -4.896146061,      -4.953331289,      -4.867763012,     0.09314266491,    0.008919730377,      0.1330175628,     0.06492069439,      0.1090244331,       0.127339041,      0.2997128291,   -0.004539697188,   0.0007020808386,   -0.001335743115,   0.0004643965547,                 0,  -4.720586146e-06,   3.279390131e-05,    0.002385569438,                 0,     -0.2383932521,     -0.7697623485,      -2.947798741,  -0.0006808162682,    0.001503098386,    0.005250518375,    0.005642557851,   -0.001396564462,     0.08531061406,   1.527989124e-05,      0.1117866286,     0.06507922411,   0.0007020808386,   -0.001335743115,   0.0004643965547,                 0,      0.1152561589,      0.1276510585,      0.3082615799,                 0,       1.170510133,       14.27610876,       2.253182383,    -0.06992681194
          0,           0,          66,       2.049188627,       2.029152219,      -10.55197993,      -10.56142443,      -11.27184427,      -11.28211405,      -10.67439878,                         3,      -1.503053339,    0.002388163023,       2.727943909,       54.05873143,               100,       99.98734289,      0.0039269908,      0.3000010554,      0.5315365614,  -0.0001691855328,    0.002413635201,      -3.956635004,     0.01100033238,      0.2621921517,  -0.0001691855328,      0.5511687808,       1.771782305,      -4.733229503,      -4.774515128,      -4.947322178,      -5.010929111,      -4.925531527,     0.09314266897,    0.008919727221,      0.1330175683,     0.06492109094,      0.1090244426,      0.1273389975,      0.2997128462,   -0.004539724917,   0.0007020797292,   -0.001335668338,   0.0004644030764,                 0,   -4.72058144e-06,    3.27937713e-05,    0.002385562011,                 0,     -0.2383932692,     -0.7697619446,      -2.947798909,  -0.0006808809177,    0.001503096389,    0.005251261718,    0.005642623609,   -0.001396649336,     0.08531061744,   1.527977862e-05,      0.1117866329,     0.06507962162,   0.0007020797292,   -0.001335668338,   0.0004644030764,                 0,      0.1152561686,      0.1276510148,      0.3082615973,                 0,       1.170510184,       14.27610894,       2.253182419,    -0.06992681194
          0,           0,          67,       2.029950953,       2.029163965,       -10.6045517,      -10.60197727,      -11.31706894,      -11.33376897,      -10.72459224,                         3,      -1.488060183,    0.002388163039,       2.727943909,         56.761668,               100,        99.9893936,      0.0039269908,      0.3000014371,      0.5315365197,  -0.0001691105241,    0.002413628042,      -3.956634863,     0.01100100725,      0.2621925354,  -0.0001691105241,      0.5511687659,       1.771779912,      -4.785801274,      -4.815067968,      -4.992546849,      -5.062584027,      -4.975724978,     0.09314267274,    0.008919724289,      0.1330175734,     0.06492146667,      0.1090244514,      0.1273389571,      0.2997128625,   -0.004539751191,     0.00070207869,   -0.001335598495,   0.0004644092808,                 0,   -4.72057703e-06,   3.279365038e-05,    0.002385554968,                 0,     -0.2383932851,     -0.7697615694,       -2.94779907,  -0.0006809387076,     0.00150309451,    0.005251956144,    0.005642686172,   -0.001396729575,     0.08531062059,   1.527967366e-05,      0.1117866368,     0.06507999827,     0.00070207869,   -0.001335598495,   0.0004644092808,                 0,      0.1152561777,      0.1276509743,      0.3082616139,                 0,       1.170510231,        14.2761091,       2.253182455,    -0.06992681194
          0,           0,          68,       2.054973877,       2.029538022,      -10.65523052,      -10.63967754,      -11.35893333,       -11.3822726,      -10.77083146,                         3,      -1.472892277,    0.002388163054,       2.727943909,        59.5997514,               100,       99.99063225,      0.0039269908,      0.3000017957,      0.5315364806,  -0.0001690389684,    0.002413621255,      -3.956634727,     0.01100165079,      0.2621928959,  -0.0001690389684,      0.5511687518,       1.771777663,      -4.836480088,      -4.852768236,      -5.034411241,      -5.111087656,        -5.0219642,     0.09314267633,    0.008919721511,      0.1330175782,      0.0649218197,      0.1090244598,      0.1273389188,      0.2997128779,   -0.004539775877,   0.0007020777075,   -0.001335531865,   0.0004644151891,                 0,  -4.720572846e-06,   3.279353435e-05,    0.002385548293,                 0,     -0.2383933002,     -0.7697612142,      -2.947799222,  -0.0006809910412,    0.001503092737,    0.005252618564,    0.005642745747,   -0.001396806259,     0.08531062358,    1.52795727e-05,      0.1117866405,     0.06508035216,   0.0007020777075,   -0.001335531865,   0.0004644151891,                 0,      0.1152561863,      0.1276509359,      0.3082616296,                 0,       1.170510276,       14.27610925,       2.253182489,    -0.06992681194
          0,           0,          69,        1.89972849,         2.0276836,      -10.70360708,      -10.67500827,       -11.3977619,      -11.42758035,      -10.81459374,                         3,      -1.456614971,    0.002388163067,       2.727943909,       62.57973897,               100,       99.99157696,      0.0039269908,      0.3000021384,      0.5315364462,  -0.0001689768407,    0.002413614802,      -3.956634624,      0.0110022056,      0.2621932401,  -0.0001689768407,      0.5511687414,       1.771775525,      -4.884856651,      -4.888098966,      -5.073239808,       -5.15639541,       -5.06572648,     0.09314267977,    0.008919719087,      0.1330175828,     0.06492215677,      0.1090244678,      0.1273388852,      0.2997128926,   -0.004539799448,   0.0007020767533,    -0.00133547442,   0.0004644208259,                 0,  -4.720568805e-06,   3.279343963e-05,    0.002385541932,                 0,     -0.2383933146,     -0.7697609049,      -2.947799366,  -0.0006810379428,    0.001503091008,    0.005253189516,    0.005642802586,   -0.001396877513,     0.08531062646,   1.527949554e-05,      0.1117866441,     0.06508069006,   0.0007020767533,    -0.00133547442,   0.0004644208259,                 0,      0.1152561946,      0.1276509023,      0.3082616446,                 0,       1.170510319,       14.27610937,       2.253182522,    -0.06992681194
          0,           0,          70,       2.001383552,       2.027313177,      -10.77756792,      -10.75261007,      -11.43710759,      -11.47116442,      -10.86746851,                         3,      -1.432037665,     0.00238816308,       2.727943908,       65.70872592,               100,       99.99246117,      0.0039269908,      0.3000024285,      0.5315364159,  -0.0001689200714,    0.002413608069,      -3.956634537,     0.01100270569,      0.2621935317,  -0.0001689200714,      0.5511687314,        1.77177371,      -4.958817491,      -4.965700764,      -5.112585497,      -5.199979485,      -5.118601256,     0.09314268236,    0.008919716948,      0.1330175869,     0.06492244233,      0.1090244739,      0.1273388553,      0.2997129062,   -0.004539819416,   0.0007020760922,   -0.001335422572,   0.0004644264084,                 0,  -4.720565354e-06,   3.279336261e-05,    0.002385535271,                 0,     -0.2383933254,     -0.7697606284,      -2.947799501,  -0.0006810822038,    0.001503089778,    0.005253705385,    0.005642858808,   -0.001396948283,     0.08531062862,   1.527945208e-05,      0.1117866473,     0.06508097632,   0.0007020760922,   -0.001335422572,   0.0004644264084,                 0,      0.1152562008,      0.1276508722,      0.3082616584,                 0,       1.170510351,       14.27610943,       2.253182554,    -0.06992681194
          0,           0,          71,       2.050095902,       2.027629603,      -10.84960398,      -10.84528357,      -11.48101729,      -11.51779993,      -10.92031024,                         3,      -1.429923461,    0.002388163089,       2.727943908,       68.99416221,               100,       99.99333469,      0.0039269908,      0.3000026515,       0.531536389,  -0.0001688760652,    0.002413603199,      -3.956634459,     0.01100307891,      0.2621937559,  -0.0001688760652,      0.5511687202,       1.771772304,      -5.030853549,       -5.05837426,      -5.156495196,      -5.246614987,      -5.171442983,     0.09314268263,     0.00891971539,      0.1330175895,     0.06492266397,      0.1090244753,      0.1273388335,      0.2997129151,   -0.004539834914,   0.0007020765441,   -0.001335382695,   0.0004644300853,                 0,  -4.720565007e-06,   3.279330076e-05,    0.002385530463,                 0,     -0.2383933273,      -0.769760421,       -2.94779959,  -0.0006811200296,    0.001503090724,    0.005254103264,    0.005642895917,   -0.001397010995,     0.08531062879,   1.527941935e-05,      0.1117866492,     0.06508119849,   0.0007020765441,   -0.001335382695,   0.0004644300853,                 0,      0.1152562023,      0.1276508504,      0.3082616675,                 0,       1.170510364,       14.27610948,       2.253182578,    -0.06992681194
          0,           0,          72,       1.988568259,       2.027094517,      -10.91152058,      -10.91902968,      -11.53539865,      -11.57145556,      -10.97346862,                         3,      -1.454261132,    0.002388163089,       2.727943908,       72.44387032,               100,       99.99425188,      0.0039269908,      0.3000028348,      0.5315363675,  -0.0001688491543,     0.00241360043,      -3.956634409,     0.01100329578,      0.2621939403,  -0.0001688491543,      0.5511687115,        1.77177115,      -5.092770151,      -5.132120371,      -5.210876563,      -5.300270617,      -5.224601366,     0.09314268134,     0.00891971454,      0.1330175906,     0.06492284833,      0.1090244739,      0.1273388216,      0.2997129198,   -0.004539847806,   0.0007020777832,   -0.001335358907,     0.00046443197,                 0,  -4.720567217e-06,   3.279325846e-05,    0.002385527739,                 0,     -0.2383933236,     -0.7697603017,      -2.947799638,  -0.0006811461411,    0.001503093175,    0.005254340907,    0.005642915128,   -0.001397053428,      0.0853106276,   1.527939731e-05,        0.11178665,     0.06508138331,   0.0007020777832,   -0.001335358907,     0.00046443197,                 0,      0.1152562008,      0.1276508385,      0.3082616723,                 0,       1.170510365,       14.27610951,       2.253182594,    -0.06992681194
          0,           0,          73,       1.948134489,       2.026027489,      -10.97873091,      -10.99594541,      -11.59986946,      -11.63488239,      -11.04189446,                         3,      -1.492504274,    0.002388163085,       2.727943908,       76.06606384,               100,       99.99521493,      0.0039269908,      0.3000029879,      0.5315363507,  -0.0001688293912,    0.002413598092,      -3.956634375,     0.01100345749,      0.2621940942,  -0.0001688293912,      0.5511687054,        1.77177019,       -5.15998048,      -5.209036103,      -5.275347367,      -5.363697453,      -5.293027205,     0.09314268023,    0.008919713965,      0.1330175915,     0.06492300216,      0.1090244726,      0.1273388136,      0.2997129231,   -0.004539858563,   0.0007020787928,   -0.001335341636,   0.0004644334516,                 0,  -4.720569158e-06,    3.27932276e-05,    0.002385525434,                 0,     -0.2383933204,     -0.7697602185,      -2.947799671,  -0.0006811645174,    0.001503095053,    0.005254513595,    0.005642930342,   -0.001397081495,     0.08531062658,   1.527938346e-05,      0.1117866507,     0.06508153752,   0.0007020787928,   -0.001335341636,   0.0004644334516,                 0,      0.1152561994,      0.1276508304,      0.3082616756,                 0,       1.170510365,       14.27610954,       2.253182603,    -0.06992681194
          0,           0,          74,        2.05213647,       2.026375609,      -11.05393236,      -11.08090143,      -11.67479705,      -11.70869936,       -11.1247031,                         3,      -1.529690661,     0.00238816308,       2.727943908,       79.86936703,               100,       99.99622613,      0.0039269908,      0.3000031101,      0.5315363376,  -0.0001688153627,     0.00241359628,      -3.956634347,     0.01100357322,       0.262194217,  -0.0001688153627,      0.5511687009,       1.771769424,      -5.235181931,      -5.293992125,      -5.350274956,      -5.437514416,      -5.375835841,     0.09314267956,    0.008919713556,      0.1330175922,     0.06492312477,      0.1090244719,      0.1273388079,       0.299712925,   -0.004539867137,   0.0007020793849,   -0.001335329219,   0.0004644344709,                 0,   -4.72057034e-06,   3.279320551e-05,    0.002385523645,                 0,     -0.2383933184,     -0.7697601588,      -2.947799691,   -0.000681178837,    0.001503096071,    0.005254638314,    0.005642940896,   -0.001397102064,     0.08531062596,   1.527937309e-05,      0.1117866513,     0.06508166042,   0.0007020793849,   -0.001335329219,   0.0004644344709,                 0,      0.1152561986,      0.1276508247,      0.3082616776,                 0,       1.170510365,       14.27610955,       2.253182606,    -0.06992681194
          0,           0,          75,       2.467442648,       2.032179123,      -11.13588598,      -11.17365945,      -11.76227012,      -11.79286585,      -11.21845851,                         3,      -1.554044915,    0.002388163076,       2.727943908,       83.86283538,               100,        99.9972879,      0.0039269908,      0.3000032065,       0.531536327,  -0.0001688053752,    0.002413595085,      -3.956634322,     0.01100365578,       0.262194314,  -0.0001688053752,       0.551168697,       1.771768819,      -5.317135546,      -5.386750149,       -5.43774803,      -5.521680914,      -5.469591256,     0.09314267911,    0.008919713259,      0.1330175926,     0.06492322154,      0.1090244714,      0.1273388037,      0.2997129258,   -0.004539873903,   0.0007020797263,   -0.001335320178,   0.0004644350762,                 0,  -4.720571125e-06,   3.279318947e-05,    0.002385522466,                 0,     -0.2383933171,     -0.7697601148,        -2.9477997,  -0.0006811903536,    0.001503096613,    0.005254729136,    0.005642947237,   -0.001397117208,     0.08531062555,    1.52793658e-05,      0.1117866516,     0.06508175743,   0.0007020797263,   -0.001335320178,   0.0004644350762,                 0,      0.1152561981,      0.1276508206,      0.3082616784,                 0,       1.170510366,       14.27610956,       2.253182605,    -0.06992681194
          0,           0,          76,       2.030297388,       2.032154684,       -11.2201524,        -11.268851,      -11.85968851,      -11.88466885,      -11.31585503,                         3,      -1.569534216,    0.002388163073,       2.727943908,       88.05597715,               100,       99.99838966,      0.0039269908,      0.3000032824,      0.5315363184,  -0.0001687979371,    0.002413594257,        -3.9566343,     0.01100371775,      0.2621943902,  -0.0001687979371,      0.5511686937,       1.771768342,      -5.401401975,      -5.481941695,      -5.535166422,      -5.613483909,      -5.566987775,     0.09314267878,    0.008919713035,      0.1330175928,     0.06492329775,       0.109024471,      0.1273388006,       0.299712926,   -0.004539879232,   0.0007020799581,   -0.001335313386,   0.0004644354906,                 0,   -4.72057171e-06,    3.27931781e-05,    0.002385521651,                 0,     -0.2383933161,     -0.7697600817,      -2.947799703,  -0.0006811996177,    0.001503096968,    0.005254797173,    0.005642951603,   -0.001397127996,     0.08531062524,   1.527936061e-05,      0.1117866518,     0.06508183382,   0.0007020799581,   -0.001335313386,   0.0004644354906,                 0,      0.1152561977,      0.1276508174,      0.3082616786,                 0,       1.170510366,       14.27610957,       2.253182602,    -0.06992681194
          0,           0,          77,         2.2554922,       2.035017986,      -11.30239616,      -11.36126834,      -11.96009922,      -11.97841714,      -11.41039929,                         3,      -1.582536838,     0.00238816307,       2.727943908,       92.45877601,               100,       99.99938188,      0.0039269908,       0.300003342,      0.5315363117,  -0.0001687926145,    0.002413593647,      -3.956634283,      0.0110037624,      0.2621944502,  -0.0001687926145,      0.5511686912,       1.771767968,      -5.483645727,      -5.574359034,      -5.635577126,      -5.707232197,      -5.661532035,     0.09314267852,    0.008919712877,       0.133017593,     0.06492335764,      0.1090244708,      0.1273387984,      0.2997129259,   -0.004539883421,   0.0007020801359,   -0.001335308533,   0.0004644357824,                 0,  -4.720572152e-06,   3.279317011e-05,    0.002385521049,                 0,     -0.2383933154,     -0.7697600581,      -2.947799703,  -0.0006812068106,     0.00150309724,    0.005254845758,    0.005642954692,   -0.001397135289,     0.08531062501,    1.52793573e-05,       0.111786652,     0.06508189387,   0.0007020801359,   -0.001335308533,   0.0004644357824,                 0,      0.1152561974,      0.1276508152,      0.3082616785,                 0,       1.170510366,       14.27610957,         2.2531826,    -0.06992681194
          0,           0,          78,       1.968544947,       2.034176555,       -11.3841332,      -11.45233689,      -12.06133277,      -12.07331806,      -11.50323148,                         3,      -1.590961584,    0.002388163069,       2.727943908,       97.08171481,               100,        99.9999211,      0.0039269908,      0.3000033891,      0.5315363065,  -0.0001687887838,    0.002413593193,       -3.95663427,     0.01100379512,      0.2621944975,  -0.0001687887838,      0.5511686893,       1.771767672,      -5.565382766,      -5.665427586,      -5.736810677,       -5.80213312,      -5.754364219,     0.09314267835,    0.008919712764,      0.1330175931,     0.06492340495,      0.1090244706,      0.1273387968,      0.2997129258,   -0.004539886728,   0.0007020802633,   -0.001335305044,   0.0004644359973,                 0,  -4.720572457e-06,   3.279316454e-05,    0.002385520601,                 0,     -0.2383933149,     -0.7697600413,      -2.947799702,  -0.0006812123034,    0.001503097433,    0.005254880702,    0.005642956964,    -0.00139713998,     0.08531062485,   1.527935513e-05,       0.111786652,     0.06508194128,   0.0007020802633,   -0.001335305044,   0.0004644359973,                 0,      0.1152561973,      0.1276508136,      0.3082616784,                 0,       1.170510367,       14.27610958,       2.253182597,    -0.06992681194
          0,           0,          79,       1.898408083,       2.032479449,      -11.46412681,      -11.54117978,      -12.16107202,      -12.16678085,      -11.59415858,                         3,      -1.594417166,    0.002388163067,       2.727943908,               100,               100,               100,      0.0039269908,      0.3000034262,      0.5315363025,  -0.0001687860274,    0.002413592837,      -3.956634261,     0.01100381923,      0.2621945348,  -0.0001687860274,      0.5511686879,        1.77176744,      -5.645376381,       -5.75427047,      -5.836549928,      -5.895595913,      -5.845291322,     0.09314267826,    0.008919712684,      0.1330175931,     0.06492344217,      0.1090244706,      0.1273387957,      0.2997129256,   -0.004539889331,   0.0007020803433,   -0.001335302544,   0.0004644361728,                 0,  -4.720572637e-06,   3.279316052e-05,    0.002385520249,                 0,     -0.2383933147,     -0.7697600294,        -2.9477997,  -0.0006812164872,    0.001503097546,    0.005254905769,    0.005642958801,   -0.001397142884,     0.08531062476,    1.52793537e-05,      0.1117866521,      0.0650819786,   0.0007020803433,   -0.001335302544,   0.0004644361728,                 0,      0.1152561972,      0.1276508125,      0.3082616782,                 0,       1.170510368,       14.27610958,       2.253182595,    -0.06992681194
