"Time_Iter","Outer_Iter","Inner_Iter",    "Time(sec)"   ,    "Time(sec)"   ,    "rms[Rho]"    ,    "rms[RhoU]"   ,    "rms[RhoV]"   ,    "rms[RhoW]"   ,    "rms[RhoE]"   ,"Linear_Solver_Iterations",    "LinSolRes"   ,     "Min DT"     ,     "Max DT"     ,     "Min CFL"    ,     "Max CFL"    ,     "Avg CFL"    ,    "RefForce"    ,       "CD"       ,       "CL"       ,       "CSF"      ,       "CMx"      ,       "CMy"      ,       "CMz"      ,       "CFx"      ,       "CFy"      ,       "CFz"      ,      "CEff"      ,   "relrms[Rho]"  ,  "relrms[RhoU]"  ,  "relrms[RhoV]"  ,  "relrms[RhoW]"  ,  "relrms[RhoE]"  ,    "CD(nose)"    ,    "CD(body)"    ,    "CD(fins)"    ,    "CD(base)"    ,    "CL(nose)"    ,    "CL(body)"    ,    "CL(fins)"    ,    "CL(base)"    ,    "CSF(nose)"   ,    "CSF(body)"   ,    "CSF(fins)"   ,    "CSF(base)"   ,    "CMx(nose)"   ,    "CMx(body)"   ,    "CMx(fins)"   ,    "CMx(base)"   ,    "CMy(nose)"   ,    "CMy(body)"   ,    "CMy(fins)"   ,    "CMy(base)"   ,    "CMz(nose)"   ,    "CMz(body)"   ,    "CMz(fins)"   ,    "CMz(base)"   ,    "CFx(nose)"   ,    "CFx(body)"   ,    "CFx(fins)"   ,    "CFx(base)"   ,    "CFy(nose)"   ,    "CFy(body)"   ,    "CFy(fins)"   ,    "CFy(base)"   ,    "CFz(nose)"   ,    "CFz(body)"   ,    "CFz(fins)"   ,    "CFz(base)"   ,   "CEff(nose)"   ,   "CEff(body)"   ,   "CEff(fins)"   ,   "CEff(base)"   
          0,           0,           0,       5.235214902,       5.235214902,      -5.866863674,      -6.075774869,      -7.011631499,      -6.934622242,      -5.815711151,                         2,      -1.588143532,   0.0002350157782,       0.825641596,               2.5,              5.25,       5.247779964,      0.0039269908,      0.1378053348,       0.955459289,  -0.0006090311627,    0.004577856342,      -6.322716363,    0.004892334247,     0.07082017714,  -0.0006090311627,      0.9627446524,       6.933398408,                 0,                 0,                 0,                 0,                 0,      0.1207079863,     0.04408657419,     0.07666017164,     -0.1036493973,       0.127962897,      0.6287022336,      0.1915462865,     0.00724787191,  -0.0009367753238,   0.0004625159845,  -0.0001347718235,                 0,  -5.163336556e-06,   7.209061681e-05,    0.004510929062,                 0,      -0.284338055,      -4.161655667,      -1.877981348,    0.001258707109,   -0.001331308554,    0.007757894668,   -0.001613080152,   7.882828558e-05,      0.1114877072,   0.0001231306595,     0.06311183781,     -0.1039024985,  -0.0009367753238,   0.0004625159845,  -0.0001347718235,                 0,      0.1360713493,      0.6302460705,      0.1964272326,                 0,       1.060102989,       14.26062798,       2.498641503,    -0.06992681194
          0,           0,           1,       3.265641854,       4.250428378,      -5.905851575,       -5.86340567,      -6.450703655,      -6.409759017,      -5.830443718,                         2,       -1.72870821,   0.0002752329259,      0.8669236759,               2.5,            5.5125,       5.509110326,      0.0039269908,      0.4057436033,       1.136429432,  -0.0009163586645,    0.003804412904,      -7.676502554,    0.004372557453,      0.3254819224,  -0.0009163586645,        1.16196439,       2.800856064,                 0,                 0,                 0,                 0,                 0,      0.1468076615,     0.05135646097,       0.103984568,      0.1035949128,      0.1659254662,      0.7315929198,      0.2461551079,   -0.007244061982,   -0.001530312229,   0.0006763644624,  -6.241089831e-05,                 0,  -4.975777712e-06,   0.0001059019744,    0.003703486707,                 0,     -0.3706170385,      -4.887019723,      -2.421213807,    0.002348013911,   -0.002991267595,    0.009002275753,   -0.001423708444,  -0.0002147422613,        0.13487567,   0.0001980169119,     0.08656035453,       0.103847881,   -0.001530312229,   0.0006763644624,  -6.241089831e-05,                 0,      0.1757620649,      0.7333932418,      0.2528090832,                 0,       1.130223481,       14.24539203,       2.367227297,    -0.06992681194
          0,           0,           2,       3.035129087,       3.845328614,      -6.010959344,      -5.976310996,      -6.484258979,      -6.463649713,       -5.95379581,                         2,      -1.706329071,   0.0002913504929,      0.9102698646,               2.5,          5.788125,       5.783849102,      0.0039269908,      0.4623686302,       1.111451733,   -0.001149831316,    0.001237113132,      -7.588774633,    0.001992976527,      0.3837113699,   -0.001149831316,       1.140997498,        2.40382167,     -0.1051077693,     -0.1129053254,    -0.03355532363,    -0.05389069569,     -0.1233520919,      0.1460939978,     0.04843449111,      0.1170804197,      0.1507597216,      0.1717015852,      0.6895475185,      0.2607447761,     -0.0105421467,   -0.001950728115,   0.0005966550317,   0.0002042417672,                 0,    -6.8533453e-06,    0.000102643699,    0.001141322778,                 0,     -0.3835656576,      -4.636706937,      -2.570366234,     0.00186419542,   -0.004010124313,    0.005412107182,   0.0009835243074,  -0.0003925306498,      0.1337608231,   0.0002161037533,     0.09860658159,      0.1511278615,   -0.001950728115,   0.0005966550317,   0.0002042417672,                 0,      0.1814743309,      0.6912464347,      0.2682767322,                 0,       1.175281584,       14.23670411,       2.227057067,    -0.06992681194
          0,           0,           3,       2.912017761,       3.612000901,      -6.024836425,      -5.966287367,      -6.482306913,      -6.466758597,      -5.967020756,                         2,      -1.763830357,   0.0003077222322,      0.9557833884,             2.625,        6.07753125,       6.072664481,      0.0039269908,      0.4599194787,       1.003043507,  -0.0004797113347,   -0.001048522819,      -6.933636344,    0.005078974446,      0.3888303599,  -0.0004797113347,       1.032682504,       2.180911123,     -0.1189848507,     -0.1028816963,     -0.0316032578,    -0.05699957986,     -0.1365770376,      0.1349131706,     0.04148136246,      0.1230956763,      0.1604292693,      0.1627853578,      0.5904113305,      0.2610651259,    -0.01121830735,   -0.001811297499,   0.0005429648649,   0.0007886212991,                 0,  -9.841832548e-06,   8.644498527e-05,   -0.001125125971,                 0,     -0.3627301532,      -3.995958008,      -2.576881286,    0.001933103696,   -0.003704311633,    0.002638130742,    0.006544259229,  -0.0003991038913,      0.1232291963,   0.0001953034779,      0.1045848388,      0.1608210213,   -0.001811297499,   0.0005429648649,   0.0007886212991,                 0,      0.1717998879,      0.5918667117,      0.2690159047,                 0,       1.206593523,       14.23317113,       2.120830997,    -0.06992681194
          0,           0,           4,       2.934678484,       3.476536418,       -6.02905037,      -5.957211014,      -6.471133527,      -6.458634999,      -5.968875285,                         2,      -1.791448259,   0.0003236869609,       1.003572628,           2.75625,       6.381407813,        6.37623855,      0.0039269908,      0.4465553458,      0.8711648623,    0.000462290161,   -0.002528950816,       -6.12292254,    0.009597561937,      0.3846981705,    0.000462290161,      0.9001928747,       1.950855298,     -0.1231987954,    -0.09380534345,    -0.02042987137,    -0.04887598163,     -0.1384315667,      0.1214363538,     0.03316273085,      0.1264977108,      0.1654585503,      0.1495361911,      0.4719552679,      0.2612433922,    -0.01156998893,   -0.001212002441,   0.0003766549694,    0.001297637632,                 0,  -1.219830649e-05,   6.793510682e-05,   -0.002584687616,                 0,     -0.3317431644,      -3.214250366,      -2.579407506,    0.002478496411,   -0.002229067081,   0.0007880769587,     0.01136778707,  -0.0003292350067,      0.1107094236,   0.0001600128492,      0.1079661509,      0.1658625832,   -0.001212002441,   0.0003766549694,    0.001297637632,                 0,      0.1576429003,      0.4731189237,      0.2694310507,                 0,       1.231395595,       14.23149589,       2.065202529,    -0.06992681194
          0,           0,           5,       2.767333409,       3.358335916,      -6.023559021,      -5.947607961,      -6.440512027,      -6.427344864,      -5.966983742,                         2,      -1.769328305,   0.0003400190381,        1.05375143,         2.8940625,       6.700478203,       6.695037961,      0.0039269908,      0.4289065421,      0.7506473944,   0.0009701262074,   -0.003206161119,      -5.378122321,     0.01136201236,      0.3754992321,   0.0009701262074,      0.7787378631,       1.750142096,     -0.1177074466,    -0.08420229021,                 0,    -0.01758584671,     -0.1365400239,      0.1095169102,     0.02529350557,      0.1288388661,      0.1652572602,      0.1368854326,      0.3599361102,       0.265381765,    -0.01155591336,  -0.0005530485546,   1.769672384e-05,    0.001505478038,                 0,  -1.345431397e-05,   5.207362118e-05,   -0.003244780426,                 0,     -0.3022044351,      -2.459979592,      -2.618911481,    0.002973186466,  -0.0005500282871,   -0.001055275255,     0.01328333183,  -0.0003160159247,     0.09970148746,   0.0001240180414,       0.110012925,      0.1656608016,  -0.0005530485546,   1.769672384e-05,    0.001505478038,                 0,         0.1441915,      0.3608237097,      0.2737226533,                 0,       1.249902251,       14.23037662,       2.059795875,    -0.06992681194
          0,           0,           6,        2.82751176,       3.282503894,      -6.015916802,      -5.947087613,      -6.414781309,      -6.397272667,      -5.969719844,                         2,      -1.727743767,   0.0003569503205,       1.106439371,       3.038765625,       7.035502113,       7.029706527,      0.0039269908,      0.4080845653,      0.6569275683,     0.00113741863,     -0.0033807597,      -4.797578882,    0.009857578322,      0.3612655412,     0.00113741863,       0.683793866,       1.609782932,     -0.1100652271,    -0.08368194221,                 0,                 0,      -0.139276125,      0.1006301037,     0.01886991811,      0.1305924968,      0.1579920468,      0.1260665685,      0.2685142386,      0.2733946413,    -0.01104788015,   9.423147156e-05,  -0.0003360818366,    0.001379268995,                 0,  -1.367557943e-05,   4.039681027e-05,    -0.00340748093,                 0,     -0.2771190352,      -1.828132975,      -2.695301716,     0.00297484451,     0.00101371225,   -0.002792554365,     0.01201162471,  -0.0003752042715,      0.0915910145,   9.334550012e-05,      0.1112033339,      0.1583778473,   9.423147156e-05,  -0.0003360818366,    0.001379268995,                 0,      0.1327790779,      0.2691764504,      0.2818383378,                 0,       1.252771924,       14.22975113,       2.093494252,    -0.06992681194
          0,           0,           7,       2.598082836,       3.196951262,      -5.995557416,      -5.937786587,      -6.396812701,      -6.373576002,      -5.960571256,                         2,      -1.700697156,   0.0003746307736,       1.161762063,       3.038765625,       7.387277219,       7.381139031,      0.0039269908,      0.3909024029,      0.6015911003,     0.00113063652,   -0.003401243274,      -4.452726427,    0.007274454372,      0.3479853105,     0.00113063652,      0.6273936279,       1.538980308,    -0.08970584135,    -0.07438091689,                 0,                 0,     -0.1301275372,     0.09578451952,     0.01485512992,       0.131697898,      0.1485648555,      0.1191143218,      0.2113897559,      0.2814756893,    -0.01038866671,   0.0005422539384,  -0.0005249089052,    0.001113291486,                 0,  -1.349576267e-05,   3.421021995e-05,   -0.003421957732,                 0,     -0.2611233782,       -1.42186776,      -2.772407086,    0.002671797883,    0.001984760136,   -0.003751989058,    0.009442897861,  -0.0004012145666,     0.08724219819,   7.313960847e-05,      0.1117423371,      0.1489276357,   0.0005422539384,  -0.0005249089052,    0.001113291486,                 0,      0.1255057556,      0.2119110626,      0.2899768097,                 0,       1.243565478,       14.23008463,       2.137283081,    -0.06992681194
          0,           0,           8,        2.61345524,        3.13211837,      -5.983104082,      -5.936177742,      -6.406785733,      -6.378714459,      -5.959655615,                         2,      -1.663960391,   0.0003932412471,       1.219851171,       3.190703906,        7.75664108,       7.750189573,      0.0039269908,      0.3753905052,      0.5649277336,    0.001226845345,   -0.003400879747,      -4.218842619,    0.005468626836,      0.3350687062,    0.001226845345,       0.589737516,       1.504906826,    -0.07725250776,    -0.07277207163,   -0.009973032339,     -0.0051384568,     -0.1292118965,     0.09309778248,     0.01199186424,      0.1324117559,      0.1378891026,       0.114423785,      0.1706626021,      0.2894834918,   -0.009642145347,   0.0008092817773,  -0.0003871118998,   0.0008046754675,                 0,  -1.308005051e-05,    3.05945365e-05,   -0.003418394233,                 0,     -0.2504508033,      -1.121739662,       -2.84877236,    0.002120206689,    0.002454848663,   -0.003078810929,    0.006499634036,  -0.0004070449338,     0.08488920121,   5.783133469e-05,      0.1118958599,      0.1382258137,   0.0008092817773,  -0.0003871118998,   0.0008046754675,                 0,      0.1206392274,      0.1710833868,      0.2980149017,                 0,       1.229071004,       14.23153221,        2.18623709,    -0.06992681194
          0,           0,           9,       2.828134782,       3.101720012,      -5.941272263,      -5.890480833,        -6.3922904,      -6.359963157,      -5.916522598,                         2,      -1.646133983,   0.0004127824873,       1.280845202,       3.350239102,       8.144473134,       8.137699052,      0.0039269908,      0.3631556767,       0.542164838,    0.001498538091,   -0.003456230798,      -4.066902651,    0.005792228631,      0.3244515404,    0.001498538091,      0.5661766111,       1.492926788,    -0.03542068833,    -0.02707516248,                 0,                 0,    -0.08607887945,     0.09194556632,     0.01005437655,        0.13281496,      0.1283407738,      0.1116497294,      0.1431188695,      0.2963707003,   -0.008974461152,   0.0008723205187,   5.880269218e-05,   0.0005674148801,                 0,  -1.273676854e-05,   2.884217163e-05,   -0.003472336201,                 0,      -0.244247994,     -0.9096588665,        -2.9143864,    0.001390609864,    0.002430013663,  -0.0004906806978,    0.004248058067,  -0.0003951624017,     0.08393330012,   4.641693819e-05,      0.1118176545,      0.1286541689,   0.0008723205187,   5.880269218e-05,   0.0005674148801,                 0,      0.1177915548,      0.1434715969,      0.3049134594,                 0,       1.214302483,       14.23448472,       2.231455705,    -0.06992681194
          0,           0,          10,        2.59328957,       3.055499062,      -5.885993484,      -5.824817575,      -6.361070334,      -6.321401993,      -5.853653936,                         2,       -1.63173945,   0.0004333118418,       1.344889474,       3.517751057,       8.551696791,        8.54457725,      0.0039269908,      0.3546871738,       0.529204044,    0.001851572299,   -0.003541212878,      -3.972954702,    0.007675611817,      0.3169077656,    0.001851572299,      0.5526566561,       1.492030395,                 0,                 0,                 0,                 0,    -0.02321021779,     0.09175958824,    0.008836184663,      0.1329120953,      0.1211793056,      0.1103487125,       0.125819089,       0.301509925,   -0.008473682513,    0.000783859138,   0.0006090021997,   0.0004587109612,                 0,  -1.258746295e-05,   2.812907096e-05,   -0.003556754486,                 0,     -0.2414430478,       -0.76888155,      -2.963212172,   0.0005820674577,    0.002084486449,    0.002746598981,     0.00323172709,  -0.0003872007027,     0.08383852942,   3.796418644e-05,      0.1115560589,      0.1214752131,    0.000783859138,   0.0006090021997,   0.0004587109612,                 0,      0.1164807339,      0.1261289811,      0.3100469411,                 0,       1.202585088,       14.23907419,       2.268491249,    -0.06992681194
          0,           0,          11,       2.512199234,       3.010224077,      -5.827580588,       -5.75729273,      -6.323922006,      -6.270389198,      -5.788019271,                         2,      -1.616522153,   0.0004548927514,       1.412136344,       3.693638609,        8.97928163,       8.971797523,      0.0039269908,      0.3488612271,      0.5221070074,    0.002191486931,    -0.00366809286,      -3.914589973,     0.01062401755,      0.3115910749,    0.002191486931,        0.54517051,       1.496603712,                 0,                 0,                 0,                 0,                 0,     0.09197571455,    0.008117934226,      0.1327460032,      0.1160215751,      0.1099444238,      0.1156415083,      0.3046340942,   -0.008113018864,    0.000591957787,    0.001093329978,   0.0005061991656,                 0,  -1.262915482e-05,   2.790084309e-05,   -0.003683364548,                 0,     -0.2406661921,     -0.6809500441,      -2.992719517,  -0.0002542203355,     0.00153621425,    0.005754204559,    0.003712461107,  -0.0003788623692,     0.08408233103,    3.14155066e-05,      0.1111724404,       0.116304888,    0.000591957787,    0.001093329978,   0.0005061991656,                 0,      0.1160925062,      0.1159260899,      0.3131519139,                 0,       1.195363627,       14.24518912,        2.29486453,    -0.06992681194
          0,           0,          12,       2.618095908,       2.980060371,      -5.773403088,      -5.699125367,      -6.291748264,      -6.216189571,      -5.731187676,                         2,      -1.600434086,   0.0004775726102,       1.482745675,        3.87832054,       9.428245712,        9.42036209,      0.0039269908,      0.3438505676,       0.518532857,    0.002439203241,   -0.003822190713,      -3.878968048,     0.01373528019,      0.3068419413,    0.002439203241,      0.5412555401,       1.508018034,                 0,                 0,                 0,                 0,                 0,     0.09228970583,    0.007739708993,      0.1323830667,      0.1114380861,      0.1100222268,      0.1103034213,       0.305999719,   -0.007792510088,   0.0003591918157,      0.0014308854,   0.0006491260257,                 0,   -1.28057901e-05,   2.805066937e-05,   -0.003837435592,                 0,     -0.2409556271,     -0.6315070153,      -3.005441108,    -0.00106429773,   0.0009229460277,    0.008072083737,    0.005108002244,  -0.0003677518207,     0.08439013017,   2.647773695e-05,      0.1107151268,      0.1117102065,   0.0003591918157,      0.0014308854,   0.0006491260257,                 0,      0.1161920226,      0.1105746225,       0.314488895,                 0,       1.192139749,       14.25162386,       2.311471751,    -0.06992681194
          0,           0,          13,       2.516098886,       2.946920265,      -5.727086974,      -5.655145518,      -6.268269344,      -6.164174935,      -5.688515611,                         2,      -1.578185236,   0.0005014029465,       1.556884988,       4.072236567,       9.899657997,       9.891338286,      0.0039269908,      0.3386795905,      0.5170669297,    0.002513559381,   -0.003986206478,      -3.858675971,     0.01588274701,      0.3017858184,    0.002513559381,      0.5394324746,       1.526714169,                 0,                 0,                 0,                 0,                 0,     0.09254497482,    0.007595122878,      0.1319039782,      0.1066355147,      0.1102934718,      0.1082801457,      0.3059499938,   -0.007456681581,   0.0001432945036,    0.001554723429,   0.0008155414484,                 0,  -1.302413434e-05,   2.843182895e-05,   -0.004001614173,                 0,     -0.2416562173,     -0.6104871969,      -3.004758778,   -0.001773778328,   0.0003666406459,    0.009143061296,    0.006727243493,  -0.0003541984277,     0.08462585624,   2.338039959e-05,       0.110240674,      0.1068959077,   0.0001432945036,    0.001554723429,   0.0008155414484,                 0,      0.1164804135,      0.1085461897,      0.3144058714,                 0,       1.191782395,       14.25653639,       2.319490269,    -0.06992681194
          0,           0,          14,       2.439592125,       2.913098389,      -5.691620936,      -5.628827739,      -6.254423117,      -6.118424861,      -5.663885677,                         2,      -1.547140793,   0.0005264418529,       1.634729628,       4.072236567,        10.3946409,       10.38585735,      0.0039269908,      0.3331476562,      0.5169597797,    0.002353992038,   -0.004135907663,      -3.849730137,     0.01612510087,       0.296274834,    0.002353992038,      0.5389396974,       1.551743709,                 0,                 0,                 0,                 0,                 0,     0.09269148067,    0.007616449734,       0.131397251,      0.1014424748,      0.1106075303,      0.1085974699,      0.3048483284,   -0.007093548857,  -2.571402166e-05,    0.001443783048,   0.0009359230114,                 0,  -1.320827188e-05,    2.89856864e-05,   -0.004151685077,                 0,     -0.2424304246,     -0.6108244681,      -2.994210406,   -0.002264838779,  -7.482065793e-05,    0.008669009104,    0.007901999748,  -0.0003710873228,      0.0847500976,   2.251988829e-05,      0.1098120295,       0.101690187,  -2.571402166e-05,    0.001443783048,   0.0009359230114,                 0,      0.1168039268,      0.1088642286,      0.3132715421,                 0,       1.193286907,        14.2582796,       2.320051036,    -0.06992681194
          0,           0,          15,       2.692998547,       2.899342149,      -5.668251599,      -5.621648013,      -6.246307691,      -6.081314752,      -5.658378033,                         2,      -1.509522819,   0.0005527144816,       1.716463111,       4.072236567,       10.91437294,       10.90511803,      0.0039269908,      0.3279051762,       0.517604247,    0.002077091392,   -0.004220833485,      -3.848532537,     0.01489147886,      0.2910001686,    0.002077091392,      0.5392168979,       1.578518074,                 0,                 0,                 0,                 0,                 0,     0.09277215964,    0.007738272196,       0.130970179,     0.09642456538,      0.1108859242,      0.1103199406,      0.3031410446,    -0.00674266245,  -0.0001314538154,    0.001235371464,   0.0009731737438,                 0,  -1.331565715e-05,   2.970021969e-05,   -0.004237218047,                 0,     -0.2431005036,     -0.6248775053,      -2.978086848,   -0.002467679902,  -0.0003571371432,    0.007382564681,    0.008261288758,  -0.0003952374383,     0.08481116026,   2.389211288e-05,      0.1095050919,     0.09666002434,  -0.0001314538154,    0.001235371464,   0.0009731737438,                 0,      0.1170872704,      0.1105910014,      0.3115386261,                 0,       1.195250005,       14.25640477,        2.31458067,    -0.06992681194
          0,           0,          16,       2.933543048,       2.901353967,      -5.656227473,      -5.632172624,      -6.236232698,      -6.053779758,      -5.668654001,                         2,      -1.467414539,   0.0005803085129,       1.802278266,       4.275848395,       11.46009159,        11.4503495,      0.0039269908,      0.3234314844,      0.5186446142,    0.001779236602,   -0.004247903645,      -3.852480093,     0.01292280296,      0.2864648022,    0.001779236602,      0.5399426619,       1.603568729,                 0,     -0.0105246105,                 0,                 0,    -0.01027596809,     0.09281753206,    0.007914207636,      0.1307162459,     0.09198349883,      0.1110922887,      0.1127980217,      0.3011864166,   -0.006432112824,  -0.0001887820207,    0.001005413276,   0.0009626053469,                 0,  -1.336401326e-05,   3.047104682e-05,   -0.004265010678,                 0,     -0.2435829035,     -0.6467576465,      -2.959794964,   -0.002344578393,  -0.0005182552496,    0.005749086651,    0.008140297271,  -0.0004483257137,     0.08484202689,   2.653678545e-05,      0.1093881253,     0.09220811316,  -0.0001887820207,    0.001005413276,   0.0009626053469,                 0,      0.1172962972,      0.1130753186,       0.309571046,                 0,        1.19688906,       14.25259822,       2.304123826,    -0.06992681194
          0,           0,          17,       2.532542686,       2.880864451,      -5.652940624,      -5.654398414,      -6.216452915,      -6.036202205,      -5.684459932,                         2,      -1.428707015,   0.0006093131483,       1.892378106,       4.489640815,       12.03309617,       12.02285802,      0.0039269908,       0.319999428,      0.5197406092,    0.001558723448,   -0.004211794761,      -3.858680977,     0.01116181536,      0.2829646533,    0.001558723448,      0.5407965789,       1.624192307,                 0,    -0.03275040028,                 0,                 0,    -0.02608189924,     0.09285418549,    0.008103474289,      0.1306619752,     0.08837979296,      0.1112065388,      0.1154668973,      0.2992472904,   -0.006180117162,  -0.0002153865849,   0.0008266069794,   0.0009475030533,                 0,  -1.337584006e-05,   3.112020679e-05,   -0.004229539128,                 0,      -0.243847611,     -0.6710771044,       -2.94177232,     -0.0019839422,  -0.0005993910805,    0.004305708457,    0.007964514144,  -0.0005090161622,     0.08487062136,   2.917104334e-05,      0.1094692535,     0.08859560741,  -0.0002153865849,   0.0008266069794,   0.0009475030533,                 0,      0.1174128258,      0.1157508955,      0.3076328576,                 0,       1.197647022,       14.24906073,       2.290240062,    -0.06992681194
          0,           0,          18,       2.591825506,       2.865651875,      -5.654008125,      -5.676037837,      -6.185816479,      -6.028223188,      -5.689475076,                         2,      -1.401140443,   0.0006397672444,       1.986976859,       4.714122856,       12.63475098,       12.62398704,      0.0039269908,      0.3172837494,      0.5206435421,    0.001460752057,   -0.004117614793,      -3.864600213,     0.01024448889,      0.2801926046,    0.001460752057,      0.5415078761,       1.640939831,   -0.001067500529,    -0.05438982327,                 0,                 0,    -0.03109704345,     0.09288723597,    0.008275133143,      0.1307518165,     0.08536956384,      0.1112139899,      0.1178973436,        0.29750183,   -0.005969621437,  -0.0002276170243,   0.0007101730885,   0.0009781959927,                 0,  -1.336902492e-05,   3.147518464e-05,   -0.004135720953,                 0,     -0.2438803674,     -0.6936267502,      -2.925609723,   -0.001483372217,  -0.0006403852881,    0.003196701604,    0.008230477178,  -0.0005423046039,     0.08490307156,   3.087238304e-05,       0.109680633,     0.08557802762,  -0.0002276170243,   0.0007101730885,   0.0009781959927,                 0,      0.1174225642,      0.1181873957,      0.3058979162,                 0,       1.197301101,       14.24718389,       2.275316994,    -0.06992681194
          0,           0,          19,       2.522136078,       2.848476085,      -5.655664219,      -5.685126216,      -6.152913702,      -6.029480341,      -5.675653229,                         2,      -1.387273086,   0.0006717406958,        2.08630099,       4.949828999,       13.26648853,       13.25517552,      0.0039269908,      0.3148191569,      0.5212044652,    0.001473108041,    -0.00398375363,      -3.868478648,     0.01026924767,      0.2776948877,    0.001473108041,      0.5418955116,        1.65556782,   -0.002723594912,    -0.06347820238,                 0,   -0.001257153107,    -0.01727519631,     0.09290983465,     0.00840845046,      0.1308925245,     0.08260834735,      0.1111139577,      0.1197980236,      0.2960690222,    -0.00577653837,  -0.0002359119936,   0.0006397560776,    0.001069263957,                 0,  -1.335102483e-05,   3.150909792e-05,   -0.004001911703,                 0,      -0.243692048,     -0.7114991887,      -2.912346173,  -0.0009412376563,  -0.0006657391472,    0.002389262268,    0.009091217856,  -0.0005454933115,     0.08493259309,   3.128020719e-05,      0.1099209459,     0.08281006851,  -0.0002359119936,   0.0006397560776,    0.001069263957,                 0,      0.1173243521,      0.1200927455,      0.3044784139,                 0,        1.19593322,       14.24733656,       2.261924609,    -0.06992681194
          0,           0,          20,       2.693051187,         2.8410749,      -5.658494937,       -5.68385039,       -6.13010875,      -6.040687009,      -5.655416628,                         2,      -1.383391455,   0.0007053329566,       2.190590267,       5.197320449,       13.92981295,        13.9179343,      0.0039269908,      0.3124473096,      0.5214274935,    0.001548883592,   -0.003839322788,      -3.869945136,     0.01091134112,      0.2753132604,    0.001548883592,      0.5419525448,       1.668849363,   -0.005554312436,     -0.0622023768,                 0,    -0.01246382098,                 0,     0.09292214282,    0.008496119421,        0.13101442,     0.08001462736,      0.1109454896,      0.1210622879,      0.2950148837,     -0.0055951678,  -0.0002427520777,   0.0005992883602,    0.001192347309,                 0,  -1.332383867e-05,    3.13224961e-05,   -0.003857321446,                 0,     -0.2433655958,     -0.7235678142,       -2.90255709,  -0.0004546360499,  -0.0006819662163,    0.001848545725,     0.01028006197,    -0.00053530036,     0.08495662301,   3.054499199e-05,      0.1101160774,     0.08021001493,  -0.0002427520777,   0.0005992883602,    0.001192347309,                 0,       0.117157153,      0.1213600456,      0.3034353462,                 0,       1.193961808,       14.24912739,       2.251774147,    -0.06992681194
          0,           0,          21,        2.68030766,       2.833767298,      -5.668076149,      -5.687591172,      -6.127132052,      -6.063772346,      -5.648967376,                         2,      -1.384877987,   0.0007405943284,       2.300097853,       5.457186471,        14.6263036,       14.61383102,      0.0039269908,      0.3102756735,      0.5214186265,    0.001628803094,   -0.003720584677,      -3.869688556,     0.01168030823,      0.2731475328,    0.001628803094,      0.5417922138,       1.680501151,    -0.01513552435,    -0.06594315835,                 0,    -0.03554915805,                 0,     0.09293337035,    0.008541989306,      0.1310683415,     0.07773197235,      0.1107630622,      0.1217376028,      0.2943535105,   -0.005435549012,   -0.000246960752,   0.0005745727054,    0.001301191141,                 0,  -1.329318577e-05,   3.102542127e-05,   -0.003738316912,                 0,     -0.2430088922,     -0.7302067576,      -2.896357692,  -0.0001152141931,  -0.0006881196681,    0.001511991372,      0.0113481426,  -0.0004917060732,     0.08498054869,   2.919555361e-05,      0.1102160027,      0.0779217859,   -0.000246960752,   0.0005745727054,    0.001301191141,                 0,      0.1169759531,      0.1220369152,      0.3027793455,                 0,        1.19185457,       14.25166884,       2.245801748,    -0.06992681194
          0,           0,          22,       2.638223891,        2.82526541,      -5.691795022,      -5.710522361,      -6.148993973,      -6.101419697,      -5.669079752,                         2,       -1.38883756,    0.000777588805,       2.415089615,       5.730045795,       15.35761878,       15.34452257,      0.0039269908,      0.3083352613,      0.5213521077,    0.001663308236,   -0.003654982863,      -3.869012766,      0.0120767654,      0.2712164874,    0.001663308236,      0.5415905007,       1.690861128,    -0.03885439759,    -0.08887434815,    -0.02186192158,    -0.07319650893,    -0.02011237583,     0.09295534285,     0.00855594282,      0.1310621929,     0.07576178272,      0.1106136707,      0.1219587364,      0.2940774805,   -0.005297779933,  -0.0002476755445,   0.0005550297972,    0.001355953983,                 0,  -1.326749083e-05,   3.068686734e-05,   -0.003672402239,                 0,     -0.2427125013,     -0.7326566673,      -2.893710514,   6.691615435e-05,  -0.0006845586682,    0.001287436071,     0.01190168551,  -0.0004277975071,     0.08501288869,   2.768957701e-05,      0.1102291239,     0.07594678527,  -0.0002476755445,   0.0005550297972,    0.001355953983,                 0,      0.1168284583,      0.1222584835,      0.3025035589,                 0,       1.189965712,       14.25427203,       2.243801008,    -0.06992681194
          0,           0,          23,       2.555377135,       2.814020066,      -5.734298077,      -5.756122722,      -6.196583385,       -6.15591361,      -5.717682951,                         2,      -1.393076546,   0.0008164253767,       2.535843287,       6.016548084,       16.12549972,       16.11174869,      0.0039269908,      0.3066311141,      0.5213840796,    0.001637815791,   -0.003648073773,      -3.869275194,      0.0119318233,      0.2695142612,    0.001637815791,      0.5415035194,       1.700362604,    -0.08135745284,     -0.1344747088,    -0.06945133316,     -0.1276904222,    -0.06871557518,      0.0929885555,    0.008550263652,      0.1310288944,     0.07406340054,      0.1105051339,      0.1218973992,       0.294160564,   -0.005179017481,   -0.000246787115,   0.0005345023845,    0.001350100521,                 0,  -1.325359133e-05,   3.034965369e-05,   -0.003665169836,                 0,     -0.2424926326,     -0.7324849955,      -2.894426113,    0.000128546985,  -0.0006774600293,    0.001099675592,        0.01186887,  -0.0003592622597,     0.08505359158,   2.630291192e-05,      0.1101901109,     0.07424425581,   -0.000246787115,   0.0005345023845,    0.001350100521,                 0,      0.1167225026,      0.1221968995,      0.3025841172,                 0,       1.188373486,       14.25656613,       2.245005312,    -0.06992681194
          0,           0,          24,       2.533499769,       2.802799254,      -5.794872884,      -5.814948553,      -6.267603731,      -6.228276362,      -5.785041918,                         2,      -1.394322222,   0.0008572254359,       2.662647943,       6.317375488,        16.9317747,       16.91733613,      0.0039269908,      0.3051467049,      0.5216022259,    0.001564345056,   -0.003689557639,      -3.871275491,     0.01132987208,      0.2680182508,    0.001564345056,      0.5416175872,       1.709349036,     -0.1419322596,     -0.1933005399,     -0.1404716796,      -0.200053174,     -0.1360745423,     0.09302708291,    0.008536470181,      0.1309789955,     0.07260415622,      0.1104269945,      0.1217160329,      0.2945361756,   -0.005076977179,  -0.0002460625869,   0.0005099137061,    0.001300493937,                 0,   -1.32507147e-05,   3.003268195e-05,   -0.003706339606,                 0,     -0.2423330078,     -0.7311531552,      -2.897909172,   0.0001198436714,  -0.0006720834235,   0.0008912557049,     0.01140747712,  -0.0002967773166,     0.08509747587,   2.519451351e-05,      0.1101141323,     0.07278144817,  -0.0002460625869,   0.0005099137061,    0.001300493937,                 0,      0.1166472412,      0.1220150128,      0.3029553332,                 0,       1.187041354,       14.25835625,       2.248728313,    -0.06992681194
          0,           0,          25,       2.550385503,       2.793091033,      -5.867444306,      -5.869776621,      -6.357559754,      -6.317466366,      -5.851759443,                         2,       -1.38798156,   0.0009000721565,       2.795804079,       6.633244263,       17.77836344,       17.76320294,      0.0039269908,      0.3038680459,      0.5220261544,     0.00146751137,   -0.003764155343,      -3.875211305,     0.01048861104,      0.2667131348,     0.00146751137,      0.5419512883,       1.717936985,     -0.2145036821,     -0.2481286079,     -0.2304277029,     -0.2892431787,     -0.2027920673,     0.09306430838,    0.008523475679,      0.1309139447,     0.07136631709,      0.1103655077,       0.121541559,      0.2951095068,   -0.004990419035,  -0.0002463357531,   0.0004806354524,     0.00123321167,                 0,  -1.325214652e-05,   2.974844217e-05,   -0.003780651639,                 0,      -0.242210146,      -0.729804128,      -2.903278644,   8.161284628e-05,  -0.0006709141307,   0.0006359354108,     0.01076774772,   -0.000244157961,     0.08513889976,   2.440235391e-05,      0.1100092464,     0.07154058637,  -0.0002463357531,   0.0004806354524,     0.00123321167,                 0,      0.1165885009,      0.1218400574,        0.30352273,                 0,        1.18590585,       14.25962407,       2.254225151,    -0.06992681194
          0,           0,          26,       2.589872793,       2.785564431,      -5.945775832,      -5.915415361,      -6.460772612,       -6.41867897,      -5.906975565,                         2,      -1.371769544,   0.0009450598644,       2.935624658,       6.964906476,       18.66728161,       18.65136308,      0.0039269908,      0.3027728701,      0.5226155041,    0.001370677094,   -0.003858922014,       -3.88070195,    0.009629382528,       0.265579516,    0.001370677094,      0.5424628068,       1.726097533,     -0.2928352081,     -0.2937673477,     -0.3336405605,     -0.3904557821,     -0.2580081886,     0.09309587585,    0.008516634458,      0.1308341041,     0.07032625575,      0.1103112551,      0.1214508808,      0.2957710591,   -0.004917690861,   -0.000247635799,   0.0004503405167,    0.001167972377,                 0,  -1.325131035e-05,   2.950188266e-05,   -0.003875172586,                 0,     -0.2421059023,     -0.7291392014,      -2.909499468,   4.262226538e-05,  -0.0006737148738,   0.0003612641561,      0.0101409874,   -0.000199154151,     0.08517417481,   2.390318551e-05,      0.1098834527,      0.0704979853,   -0.000247635799,   0.0004503405167,    0.001167972377,                 0,      0.1165365825,       0.121749123,      0.3041771014,                 0,       1.184920966,       14.26043133,       2.260657198,    -0.06992681194
          0,           0,          27,       2.535279649,       2.776625689,      -6.031461877,      -5.968728879,      -6.571289679,      -6.522226791,      -5.964941452,                         2,       -1.34657164,   0.0009922973758,       3.082437097,         7.3131518,       19.60064569,       19.58393124,      0.0039269908,      0.3018322115,      0.5232969779,    0.001288261458,   -0.003964469135,      -3.887044895,    0.008894301133,      0.2645936115,    0.001288261458,      0.5430770035,       1.733734698,     -0.3785212531,     -0.3470808654,     -0.4441576275,     -0.4940036037,     -0.3159740754,     0.09312027911,    0.008517575766,      0.1307411154,     0.06945324118,      0.1102598607,      0.1214679235,      0.2964258375,   -0.004856643735,  -0.0002495962135,   0.0004250524548,    0.001112805217,                 0,  -1.324532132e-05,    2.92935929e-05,   -0.003980517407,                 0,     -0.2420095447,     -0.7293876911,      -2.915665613,   1.795382632e-05,   -0.000678819007,   0.0001257962509,    0.009607224281,  -0.0001599003911,     0.08520210371,   2.365336574e-05,      0.1097450155,     0.06962283892,  -0.0002495962135,   0.0004250524548,    0.001112805217,                 0,      0.1164870155,      0.1217661898,      0.3048237982,                 0,       1.184058529,       14.26085623,       2.267273279,    -0.06992681194
          0,           0,          28,       2.487386021,       2.766651907,      -6.132808436,      -6.049222443,      -6.683594269,       -6.61829967,      -6.047036195,                         2,      -1.313010733,    0.001041899134,       3.236585914,        7.67880939,       20.58067798,        20.5631278,      0.0039269908,      0.3010452689,      0.5239743455,    0.001225395288,   -0.004068414184,       -3.89333835,    0.008335816666,      0.2637613351,    0.001225395288,      0.5436978268,       1.740516791,     -0.4798678114,     -0.4275744295,     -0.5564622177,      -0.590076482,     -0.3980688187,     0.09313722758,    0.008525119341,      0.1306407574,     0.06874216462,      0.1102114964,      0.1215763405,       0.296993429,   -0.004806920418,  -0.0002516897211,   0.0004079833942,    0.001069101615,                 0,  -1.323500967e-05,   2.912309437e-05,   -0.004084302268,                 0,     -0.2419186374,      -0.730423835,      -2.921008273,   1.239470041e-05,  -0.0006842528575,  -3.428472445e-05,    0.009182233858,  -0.0001278796103,     0.08522238462,   2.361577369e-05,      0.1096053087,     0.06891002598,  -0.0002516897211,   0.0004079833942,    0.001069101615,                 0,      0.1164399513,      0.1218748689,      0.3053830065,                 0,       1.183323782,       14.26095467,        2.27335967,    -0.06992681194
          0,           0,          29,       2.752850284,       2.766191853,       -6.25939826,       -6.16955069,      -6.798127385,      -6.711428879,      -6.167292728,                         3,      -2.041456574,    0.001093982739,       3.398434498,       8.062749859,       21.60971188,       21.59128419,      0.0039269908,      0.3003753485,      0.5246208752,    0.001179785212,   -0.004151805375,      -3.899267573,    0.007928636695,       0.263047947,    0.001179785212,      0.5442960502,       1.746551033,     -0.6064576358,     -0.5479026765,     -0.6709953337,     -0.6832056917,      -0.518325352,     0.09314741443,    0.008538897331,      0.1305283353,     0.06816070142,      0.1101658428,      0.1217724158,      0.2974488771,    -0.00476626055,  -0.0002534940656,   0.0004122128762,    0.001021066401,                 0,  -1.322229293e-05,   2.899453505e-05,   -0.004167577617,                 0,     -0.2418308788,     -0.7321784871,      -2.925279937,   2.172987322e-05,  -0.0006888009751,   4.161039352e-06,    0.008718770014,  -0.0001054933834,     0.08523573129,   2.368267932e-05,      0.1094613901,     0.06832714291,  -0.0002534940656,   0.0004122128762,    0.001021066401,                 0,      0.1163951195,      0.1220714277,       0.305829503,                 0,       1.182704249,       14.26090643,       2.278806945,    -0.06992681194
          0,           0,          30,       2.635386499,       2.761972326,      -6.410770031,      -6.328624264,      -6.917419308,      -6.816380559,      -6.323816391,                         3,      -1.960175368,    0.001148673402,       3.568366789,       8.465887352,       22.69019747,        22.6708484,      0.0039269908,      0.2998740643,      0.5251357661,    0.001142413638,   -0.004215311033,      -3.904058353,    0.007605202916,      0.2625119669,    0.001142413638,      0.5447747191,       1.751187677,      -0.757829407,     -0.7069762512,     -0.7902872569,     -0.7881573716,      -0.674849015,     0.09315180102,    0.008552966488,      0.1304261738,     0.06774312304,      0.1101251211,      0.1219699237,      0.2977777819,   -0.004737060625,  -0.0002548423739,   0.0004094089206,   0.0009878470917,                 0,  -1.320928584e-05,   2.890791403e-05,   -0.004231009662,                 0,     -0.2417513936,     -0.7339947269,       -2.92835461,   4.237769308e-05,  -0.0006919766807,  -7.883991507e-06,    0.008394924945,  -8.986135675e-05,     0.08524294779,   2.394011096e-05,      0.1093365341,     0.06790854484,  -0.0002548423739,   0.0004094089206,   0.0009878470917,                 0,       0.116354803,      0.1222694359,      0.3061504802,                 0,         1.1822114,       14.26054035,       2.283113683,    -0.06992681194
          0,           0,          31,       2.879944755,       2.765658964,      -6.572384324,      -6.507989596,       -7.04134404,      -6.945139794,      -6.496053672,                         3,      -1.858992692,     0.00120609905,        3.74678983,        8.88918172,       23.82470734,       23.80439082,      0.0039269908,      0.2995073367,      0.5255104669,     0.00111759724,   -0.004259389996,      -3.907596499,    0.007396591884,      0.2621199948,     0.00111759724,      0.5451229255,       1.754582952,     -0.9194436999,     -0.8863415829,     -0.9142119883,     -0.9169166066,      -0.847086296,     0.09315168728,    0.008564851062,      0.1303387786,     0.06745201979,      0.1100897711,      0.1221346984,      0.2980027021,   -0.004716704703,  -0.0002557121909,   0.0004027389755,   0.0009705704555,                 0,  -1.319691639e-05,   2.885898549e-05,   -0.004275052065,                 0,     -0.2416824089,     -0.7355371801,      -2.930446292,   6.938208306e-05,  -0.0006938980975,  -5.645459961e-05,    0.008225402685,  -7.845810464e-05,     0.08524530023,   2.430163404e-05,      0.1092336622,     0.06761673075,  -0.0002557121909,   0.0004027389755,   0.0009705704555,                 0,      0.1163195311,      0.1224346382,      0.3063687561,                 0,       1.181833355,       14.25999092,       2.286370222,    -0.06992681194
          0,           0,          32,       3.037069739,       2.773883533,      -6.726876949,      -6.677644726,      -7.169314604,      -7.097764704,      -6.656611774,                         3,      -1.769868132,    0.001266396401,       3.934130823,       9.333640806,       25.01594271,       24.99461036,      0.0039269908,      0.2992341158,      0.5257604005,     0.00110123861,   -0.004286959138,      -3.909984636,    0.007258549955,      0.2618300049,     0.00110123861,      0.5453531913,       1.757020249,      -1.073936324,      -1.055996713,      -1.042182552,      -1.069541517,      -1.007644398,     0.09314837107,    0.008573685165,      0.1302656531,     0.06724640639,      0.1100592793,      0.1222553954,      0.2981480526,   -0.004702326814,  -0.0002562104506,   0.0003936714055,   0.0009637776548,                 0,  -1.318542138e-05,   2.883618116e-05,   -0.004302609897,                 0,     -0.2416237856,     -0.7366729697,      -2.931786472,   9.859093439e-05,  -0.0006949342294,  -0.0001353733061,     0.00815870806,  -6.985056966e-05,     0.08524411909,    2.46948179e-05,      0.1091505758,     0.06741061526,  -0.0002562104506,   0.0003936714055,   0.0009637776548,                 0,      0.1162888823,      0.1225556575,      0.3065086515,                 0,       1.181548083,       14.25937541,       2.288769491,    -0.06992681194
          0,           0,          33,       2.735011907,        2.77274025,      -6.862650622,       -6.80972095,      -7.297256162,      -7.258107215,       -6.78508811,                         3,      -1.710376439,     0.00132970899,       4.130837938,       9.800322846,       26.26673985,       26.24434088,      0.0039269908,      0.2990256892,      0.5259037813,    0.001088725688,   -0.004301400451,      -3.911366949,    0.007146634498,      0.2616120844,    0.001088725688,      0.5454816838,       1.758724418,      -1.209709997,      -1.188072937,      -1.170124111,      -1.229884028,      -1.136120734,     0.09314321647,    0.008579379342,      0.1302056195,     0.06709747392,      0.1100335597,      0.1223314877,      0.2982306463,   -0.004691912441,  -0.0002564663451,   0.0003835972954,   0.0009615947376,                 0,  -1.317520005e-05,   2.882811166e-05,   -0.004317053362,                 0,     -0.2415754816,     -0.7373820139,      -2.932535105,    0.000125651219,  -0.0006953945558,  -0.0002318841838,    0.008137537837,  -6.362459966e-05,     0.08524077116,   2.506719364e-05,      0.1090849269,     0.06726131912,  -0.0002564663451,   0.0003835972954,   0.0009615947376,                 0,      0.1162628658,      0.1226319616,      0.3065868563,                 0,       1.181337341,        14.2587806,       2.290459102,    -0.06992681194
          0,           0,          34,       2.797470509,       2.773446829,      -6.976345638,      -6.898904677,      -7.423411771,      -7.403745263,      -6.873688986,                         3,      -1.675227232,    0.001396187894,       4.337380981,       10.29033899,       27.58007684,       27.55655792,      0.0039269908,      0.2988635584,      0.5259632399,    0.001078138632,   -0.004307965446,      -3.911942749,    0.007046236231,      0.2614462008,    0.001078138632,      0.5455296878,        1.75987746,      -1.323405014,      -1.277256664,      -1.296279719,      -1.375522076,       -1.22472161,     0.09313777266,    0.008582325323,      0.1301572124,     0.06698624796,      0.1100133341,      0.1223688416,      0.2982651989,   -0.004684134764,  -0.0002566023453,   0.0003744176587,   0.0009603233184,                 0,  -1.316687373e-05,   2.882360433e-05,   -0.004323622176,                 0,     -0.2415382755,     -0.7377199788,      -2.932832031,   0.0001475359786,   -0.000695577961,  -0.0003240726096,    0.008125467934,  -5.958113215e-05,     0.08523675147,   2.540032387e-05,      0.1090342275,     0.06714982155,  -0.0002566023453,   0.0003744176587,   0.0009603233184,                 0,      0.1162423098,        0.12266943,       0.306617948,                 0,       1.181189232,       14.25823853,        2.29157642,    -0.06992681194
          0,           0,          35,       2.821850331,        2.77479137,      -7.068571231,      -6.954224585,      -7.545100224,      -7.525336048,      -6.922793856,                         3,      -1.654905825,    0.001465993606,       4.554252322,       10.80485594,       28.95908068,       28.93438582,      0.0039269908,      0.2987320279,      0.5259598797,    0.001068867854,   -0.004310988438,      -3.911908767,    0.006954502275,      0.2613152252,    0.001068867854,      0.5455171608,       1.760641078,      -1.415630607,      -1.332576572,      -1.417968173,       -1.49711286,       -1.27382648,     0.09313304859,    0.008583100711,      0.1301187296,       0.066897149,      0.1099985508,      0.1223757642,       0.298263469,   -0.004677904358,  -0.0002566717481,    0.000366803811,    0.000958735791,                 0,  -1.316109984e-05,   2.881735938e-05,   -0.004326644698,                 0,      -0.241511497,     -0.7377709326,      -2.932788454,   0.0001621169121,  -0.0006956362062,  -0.0004024911789,    0.008110306291,  -5.767663028e-05,     0.08523307014,    2.56909238e-05,      0.1089959591,     0.06706050502,  -0.0002566717481,    0.000366803811,    0.000958735791,                 0,      0.1162272329,      0.1226763899,       0.306613538,                 0,       1.181090413,         14.257757,       2.292240862,    -0.06992681194
          0,           0,          36,       2.704277546,       2.772885591,      -7.153141815,      -6.997548474,      -7.661905755,      -7.634668246,      -6.955711466,                         3,      -1.639920768,    0.001539290319,       4.781968197,       11.34509873,       30.40703471,       30.38110511,      0.0039269908,      0.2986166414,       0.525916345,    0.001061113243,   -0.004312654528,      -3.911476351,    0.006876275901,      0.2612031566,    0.001061113243,      0.5454656831,       1.761175608,      -1.500201191,      -1.375900461,      -1.534773704,      -1.606445058,       -1.30674409,      0.0931294628,    0.008582395518,      0.1300892208,     0.06681556229,      0.1099883534,      0.1223621725,      0.2982380183,   -0.004672199259,  -0.0002566944798,   0.0003607155518,   0.0009570921707,                 0,  -1.315767798e-05,   2.880855273e-05,   -0.004328305403,                 0,     -0.2414931899,     -0.7376297451,      -2.932523796,    0.000170379844,  -0.0006956284115,  -0.0004653340082,    0.008094503575,  -5.726525404e-05,     0.08523020442,   2.593555851e-05,      0.1089682975,     0.06697871908,  -0.0002566944798,   0.0003607155518,   0.0009570921707,                 0,      0.1162168102,      0.1226627821,      0.3065860908,                 0,       1.181026392,       14.25734485,       2.292565183,    -0.06992681194
          0,           0,          37,       2.857887966,       2.775122496,      -7.247060346,      -7.047997373,      -7.778277285,      -7.745562379,      -6.996238091,                         3,      -1.619691946,    0.001616252434,       5.021070342,       11.91235367,       31.92738645,       31.90016036,      0.0039269908,       0.298508964,      0.5258526896,    0.001054727814,   -0.004313822829,      -3.910837337,    0.006811602999,      0.2611001818,    0.001054727814,      0.5453946716,        1.76159765,      -1.594119721,       -1.42634936,      -1.651145234,      -1.717339192,      -1.347270715,     0.09312692123,    0.008580868702,      0.1300670142,     0.06673415992,      0.1099814184,      0.1223374846,      0.2982002936,   -0.004666507051,  -0.0002566937862,   0.0003558131686,   0.0009556084321,                 0,  -1.315584277e-05,   2.879812988e-05,   -0.004329465116,                 0,     -0.2414807399,     -0.7373841632,      -2.932146473,   0.0001740390626,  -0.0006955912635,  -0.0005152883551,     0.00808020452,   -5.77219024e-05,      0.0852281528,   2.613460494e-05,      0.1089487765,     0.06689711793,  -0.0002566937862,   0.0003558131686,   0.0009556084321,                 0,      0.1162097148,      0.1226380478,       0.306546909,                 0,       1.180984155,        14.2570046,       2.292666558,    -0.06992681194
          0,           0,          38,       2.654091988,        2.77201915,      -7.356732324,      -7.111058239,      -7.900822781,      -7.862946525,      -7.051355972,                         3,      -1.593232283,    0.001697063156,       5.272127627,       12.50797136,       33.52375577,       33.49516838,      0.0039269908,       0.298406282,      0.5257854103,    0.001049685191,   -0.004314601698,      -3.910153151,    0.006760802286,      0.2610024432,    0.001049685191,      0.5453203935,       1.761978356,        -1.7037917,      -1.489410226,       -1.77369073,      -1.834723337,      -1.402388596,     0.09312517556,     0.00857905371,      0.1300507846,     0.06665126821,      0.1099766874,       0.122309322,      0.2981601116,   -0.004660710698,  -0.0002566977809,   0.0003519153303,   0.0009544676412,                 0,  -1.315489211e-05,   2.878780668e-05,   -0.004330234613,                 0,     -0.2414721261,     -0.7371061266,      -2.931749728,   0.0001748292636,  -0.0006955622949,  -0.0005544931165,    0.008069221087,  -5.836338972e-05,      0.0852267414,   2.628855882e-05,      0.1089353894,     0.06681402381,  -0.0002566977809,   0.0003519153303,   0.0009544676412,                 0,      0.1162048736,      0.1226098272,      0.3065056927,                 0,       1.180955491,       14.25673811,       2.292643698,    -0.06992681194
          0,           0,          39,       2.687310625,       2.769901437,      -7.478725579,      -7.187067166,      -8.030362986,      -7.982728659,      -7.121703533,                         3,      -1.563369669,    0.001781914706,       5.535737455,       13.13336992,       35.19994356,        35.1699268,      0.0039269908,      0.2983075313,      0.5257250864,    0.001045880232,   -0.004315141199,      -3.909529139,    0.006723035114,       0.260908141,    0.001045880232,       0.545253328,       1.762359415,      -1.825784955,      -1.565419152,      -1.903230934,      -1.954505471,      -1.472736157,     0.09312393126,    0.008577316236,      0.1300391733,     0.06656711049,      0.1099733153,      0.1222828416,      0.2981237553,   -0.004654825817,  -0.0002567188574,   0.0003489684847,   0.0009536306049,                 0,  -1.315436962e-05,   2.877844094e-05,    -0.00433076527,                 0,     -0.2414658272,     -0.7368447161,      -2.931392963,    0.000174367678,  -0.0006955598756,  -0.0005839584041,    0.008061218852,  -5.866545869e-05,     0.08522573536,   2.640249415e-05,      0.1089263425,     0.06672966058,  -0.0002567188574,   0.0003489684847,   0.0009536306049,                 0,      0.1162014229,      0.1225832901,       0.306468615,                 0,       1.180935059,       14.25653879,       2.292568829,    -0.06992681194
          0,           0,          40,       2.705195421,       2.768323241,      -7.590507593,      -7.268476808,      -8.141710127,       -8.08142267,      -7.200145083,                         3,      -1.537754119,    0.001871008917,       5.812527323,       13.79003842,       36.95994074,       36.92842314,      0.0039269908,      0.2982142979,      0.5256768464,    0.001043220214,   -0.004315564356,      -3.909018956,    0.006697253445,      0.2608184997,    0.001043220214,      0.5451987019,       1.762748635,      -1.937566969,      -1.646828794,      -2.014578076,      -2.053199482,      -1.551177707,     0.09312297119,    0.008575866748,      0.1300310311,      0.0664844289,      0.1099707436,      0.1222609533,      0.2980941936,   -0.004649044157,  -0.0002567526913,   0.0003468673626,   0.0009531055427,                 0,  -1.315402188e-05,    2.87707499e-05,   -0.004331181084,                 0,     -0.2414609144,     -0.7366278265,      -2.931103928,   0.0001737128586,  -0.0006955764795,  -0.0006049736617,    0.008056248945,   -5.84453594e-05,     0.08522495702,    2.64833864e-05,      0.1089202822,      0.0666467771,  -0.0002567526913,   0.0003468673626,   0.0009531055427,                 0,      0.1161987905,       0.122561354,      0.3064385574,                 0,       1.180919618,       14.25639611,       2.292485041,    -0.06992681194
          0,           0,          41,       2.670967536,       2.766005248,      -7.660989338,      -7.347483052,      -8.196410012,      -8.134507696,      -7.279329407,                         3,      -1.520688703,    0.001964557862,       6.103156231,       14.47954034,       38.80793778,        38.7748443,      0.0039269908,      0.2981290792,      0.5256417961,    0.001041484368,   -0.004315883946,      -3.908637199,     0.00668101923,      0.2607359336,    0.001041484368,      0.5451577924,        1.76313494,      -2.008048714,      -1.725835039,       -2.06927796,      -2.106284508,       -1.63036203,     0.09312215949,    0.008574794063,      0.1300254061,     0.06640671954,      0.1099686166,      0.1222448212,      0.2980719685,   -0.004643610189,  -0.0002567907953,   0.0003454569007,   0.0009528182624,                 0,  -1.315371088e-05,   2.876502782e-05,   -0.004331495263,                 0,     -0.2414568293,     -0.7364665008,      -2.930887185,   0.0001733162138,  -0.0006956004136,  -0.0006191815055,    0.008053581288,  -5.778013923e-05,     0.08522429568,   2.653863175e-05,      0.1089162213,     0.06656887798,  -0.0002567907953,   0.0003454569007,   0.0009528182624,                 0,       0.116196612,      0.1225451864,       0.306415994,                 0,        1.18090707,       14.25629821,       2.292413286,    -0.06992681194
          0,           0,          42,       2.868441254,       2.768387481,      -7.687033989,      -7.419785493,      -8.199952183,      -8.150670122,      -7.354588693,                         3,      -1.512670091,    0.002062784292,       6.408316191,       15.20351736,       40.74833466,       40.71358651,      0.0039269908,      0.2980535567,       0.525618278,    0.001040420345,   -0.004316075197,      -3.908370529,     0.00667158866,      0.2606622356,    0.001040420345,      0.5451290634,       1.763502787,      -2.034093365,       -1.79813748,      -2.072820131,      -2.122446934,      -1.705621317,     0.09312143128,    0.008574077797,      0.1300215376,     0.06633650998,      0.1099667518,      0.1222340565,      0.2980561704,   -0.004638700659,  -0.0002568281054,   0.0003445836117,   0.0009526648386,                 0,  -1.315338868e-05,   2.876112548e-05,   -0.004331682934,                 0,     -0.2414532795,     -0.7363569854,      -2.930733438,   0.0001731743902,  -0.0006956270317,  -0.0006281397402,    0.008052196758,  -5.684132629e-05,     0.08522369932,   2.657502434e-05,      0.1089134642,     0.06649849698,  -0.0002568281054,   0.0003445836117,   0.0009526648386,                 0,       0.116194701,      0.1225343979,      0.3063999645,                 0,        1.18089628,       14.25623366,       2.292359988,    -0.06992681194
          0,           0,          43,       2.749523023,       2.767958743,      -7.695835603,      -7.485185097,      -8.191778985,      -8.157720604,      -7.424432977,                         3,      -1.513421254,    0.002165922143,       6.728733837,       15.96369322,        42.7857514,       42.74926584,      0.0039269908,      0.2979897055,      0.5256038494,    0.001039755387,   -0.004316154634,      -3.908197347,    0.006666093868,      0.2605995464,    0.001039755387,      0.5451102159,       1.763832239,      -2.042894978,      -1.863537084,      -2.064646933,      -2.129497417,      -1.775465601,     0.09312078751,    0.008573651217,      0.1300189407,     0.06627632613,      0.1099651215,       0.122227633,      0.2980455871,   -0.004634492194,  -0.0002568614867,   0.0003440516953,   0.0009525651783,                 0,  -1.315306116e-05,   2.875864129e-05,   -0.004331760214,                 0,      -0.241450225,     -0.7362895779,      -2.930630645,   0.0001731015086,    -0.00069565521,  -0.0006337569785,    0.008051309367,  -5.580331124e-05,     0.08522317084,   2.659756414e-05,      0.1089116119,     0.06643816617,  -0.0002568614867,   0.0003440516953,   0.0009525651783,                 0,      0.1161930298,      0.1225279603,      0.3063892258,                 0,       1.180886937,       14.25619376,       2.292324377,    -0.06992681194
          0,           0,          44,        2.69552903,       2.766349194,      -7.715055044,      -7.552262541,      -8.199822144,      -8.177834513,      -7.495950163,                         3,      -1.517518492,    0.002274216952,       7.065172085,       16.76187789,       44.92503897,       44.88672913,      0.0039269908,      0.2979377148,      0.5255956638,    0.001039323734,   -0.004316167095,      -3.908090977,    0.006662815645,      0.2605482534,    0.001039323734,      0.5450984236,       1.764112556,       -2.06211442,      -1.930614528,      -2.072690093,      -2.149611326,      -1.846982787,       0.093120217,    0.008573431892,       0.130017192,     0.06622687395,      0.1099636636,      0.1222243096,      0.2980387247,    -0.00463103416,   -0.000256888865,   0.0003437358407,   0.0009524767581,                 0,  -1.315272195e-05,   2.875725942e-05,   -0.004331771633,                 0,     -0.2414475473,     -0.7362522289,      -2.930564125,   0.0001729241188,  -0.0006956816409,  -0.0006372195216,    0.008050503097,  -5.478628982e-05,     0.08522270342,   2.661059655e-05,      0.1089103462,     0.06638859323,   -0.000256888865,   0.0003437358407,   0.0009524767581,                 0,      0.1161915356,      0.1225246297,      0.3063822582,                 0,       1.180878515,       14.25617083,       2.292302427,    -0.06992681194
          0,           0,          45,       2.768439667,       2.766394639,      -7.752805375,      -7.625789156,       -8.23026912,      -8.216867395,      -7.573189702,                         3,      -1.524144848,    0.002387926637,       7.418431994,       17.59997178,       47.17129092,       47.13106558,      0.0039269908,      0.2978971598,      0.5255913085,    0.001039038343,   -0.004316130296,      -3.908028165,     0.00666082051,      0.2605081009,    0.001039038343,      0.5450912499,       1.764338099,      -2.099864751,      -2.004141142,      -2.103137068,      -2.188644207,      -1.924222326,     0.09311972728,    0.008573339962,      0.1300160036,     0.06618808891,      0.1099624025,       0.122222896,      0.2980343321,   -0.004628322046,  -0.0002569107253,   0.0003435553405,    0.000952393728,                 0,  -1.315239647e-05,   2.875671259e-05,   -0.004331734612,                 0,     -0.2414452623,     -0.7362338454,       -2.93052162,   0.0001725626596,  -0.0006957054089,   -0.000639312545,    0.008049718643,  -5.388017961e-05,     0.08522230286,    2.66174994e-05,      0.1089094671,     0.06634971348,  -0.0002569107253,   0.0003435553405,    0.000952393728,                 0,      0.1161902434,      0.1225232132,      0.3063777934,                 0,       1.180871183,       14.25615881,       2.292289594,    -0.06992681194
          0,           0,          46,       2.929354351,       2.769861867,      -7.811107635,      -7.709766851,      -8.283514372,      -8.276095526,      -7.660008414,                         3,      -1.532713984,    0.002507322031,       7.789354665,       18.47997037,       49.52985546,       49.48761886,      0.0039269908,      0.2978669249,      0.5255891524,    0.001038853036,   -0.004316048306,       -3.90799221,    0.006659706975,      0.2604780901,    0.001038853036,        0.54508699,       1.764509949,       -2.15816701,      -2.088118838,       -2.15638232,      -2.247872339,      -2.011041038,     0.09311934107,     0.00857331372,      0.1300152097,     0.06615906037,      0.1099614104,      0.1222224752,       0.298031559,   -0.004626292173,  -0.0002569276697,    0.000343426414,   0.0009523542922,                 0,   -1.31521376e-05,   2.875681169e-05,    -0.00433165298,                 0,     -0.2414434714,     -0.7362260247,      -2.930494835,   0.0001721208565,  -0.0006957256439,  -0.0006408541144,    0.008049342258,  -5.305552475e-05,      0.0852219868,   2.662067934e-05,      0.1089088686,     0.06632061405,  -0.0002569276697,    0.000343426414,   0.0009523542922,                 0,      0.1161892268,      0.1225227915,      0.3063749717,                 0,       1.180865427,       14.25615336,       2.292282262,    -0.06992681194
          0,           0,          47,       2.722628332,       2.768877835,      -7.889705954,      -7.806581306,      -8.358359677,      -8.355188739,      -7.758932085,                         3,      -1.542918351,    0.002632687399,       8.178823245,       19.40396889,       52.00634823,       51.96199981,      0.0039269908,      0.2978452378,      0.5255881572,    0.001038715223,   -0.004315952437,       -3.90797164,    0.006659109105,      0.2604565253,    0.001038715223,      0.5450844843,       1.764635087,       -2.23676533,      -2.184933293,      -2.231227626,      -2.326965552,      -2.109964709,     0.09311906698,    0.008573314357,      0.1300146922,     0.06613816428,      0.1099607111,       0.122222469,      0.2980298081,   -0.004624830976,   -0.000256939807,    0.000343301592,   0.0009523534377,                 0,  -1.315197417e-05,   2.875731832e-05,   -0.004331557781,                 0,     -0.2414422027,      -0.736223283,      -2.930477946,   0.0001717918771,  -0.0006957406999,  -0.0006422957696,    0.008049334036,  -5.218846166e-05,     0.08522176216,    2.66217457e-05,      0.1089084745,     0.06629966694,   -0.000256939807,    0.000343301592,   0.0009523534377,                 0,      0.1161885101,      0.1225227854,      0.3063731889,                 0,       1.180861393,       14.25615158,       2.292277919,    -0.06992681194
          0,           0,          48,       2.763413751,       2.768766323,      -7.986565558,      -7.916091015,      -8.452299463,      -8.452310237,      -7.870055394,                         3,      -1.555840778,    0.002764321213,       8.587765053,       20.37416733,       54.60666565,        54.5600998,      0.0039269908,      0.2978303662,      0.5255877471,    0.001038520737,   -0.004315874617,      -3.907959871,      0.0066579917,      0.2604417186,    0.001038520737,      0.5450830379,       1.764721824,      -2.333624934,      -2.294443002,      -2.325167411,       -2.42408705,      -2.221088017,      0.0931188956,    0.008573323914,      0.1300143587,     0.06612378803,      0.1099602776,       0.122222604,      0.2980286912,    -0.00462382569,  -0.0002569476588,   0.0003431090876,   0.0009523593081,                 0,  -1.315189781e-05,   2.875808432e-05,   -0.004331480804,                 0,     -0.2414414046,      -0.736222923,      -2.930467171,   0.0001716277383,  -0.0006957499329,  -0.0006443514054,    0.008049385695,  -5.129265636e-05,     0.08522162143,   2.662186225e-05,      0.1089082197,     0.06628525558,  -0.0002569476588,   0.0003431090876,   0.0009523593081,                 0,      0.1161880657,      0.1225229207,      0.3063720515,                 0,        1.18085891,       14.25615143,       2.292275209,    -0.06992681194
          0,           0,          49,       2.639177943,       2.766174555,      -8.102745032,      -8.041222133,      -8.566084275,      -8.568701985,      -7.996459771,                         3,      -1.569009512,    0.002902536856,       9.017153768,        21.3928757,       57.33699893,       57.28810479,      0.0039269908,      0.2978202463,      0.5255875843,    0.001038398421,   -0.004315830182,      -3.907952672,    0.006657520679,      0.2604316346,    0.001038398421,      0.5450821695,       1.764781243,      -2.449804408,      -2.419574119,      -2.438952224,      -2.540478798,      -2.347492395,     0.09311879763,    0.008573332357,       0.130014138,     0.06611397828,      0.1099600313,      0.1222227274,      0.2980279653,   -0.004623139726,  -0.0002569524714,   0.0003429724454,   0.0009523784468,                 0,  -1.315187539e-05,   2.875876713e-05,   -0.004331437074,                 0,       -0.24144094,     -0.7362231661,      -2.930460159,   0.0001715934735,  -0.0006957549794,  -0.0006458001066,    0.008049569021,  -5.049325535e-05,     0.08522154088,   2.662167715e-05,      0.1089080501,     0.06627542188,  -0.0002569524714,   0.0003429724454,   0.0009523784468,                 0,      0.1161878131,      0.1225230444,       0.306371312,                 0,       1.180857508,       14.25615178,       2.292273517,    -0.06992681194
          0,           0,          50,       2.539224152,       2.761724547,      -8.236114368,      -8.180737678,       -8.69749259,      -8.702424162,       -8.13708324,                         3,      -1.582077486,     0.00304766336,       9.468011769,       22.46251948,       60.20384888,       60.15251003,      0.0039269908,      0.2978133007,      0.5255875341,     0.00103835633,   -0.004315805199,      -3.907948164,    0.006657638087,      0.2604247095,     0.00103835633,      0.5450816349,       1.764822232,      -2.583173744,      -2.559089665,      -2.570360539,      -2.674200974,      -2.488115864,     0.09311874164,    0.008573340152,      0.1300139834,     0.06610723552,      0.1099598883,      0.1222228435,      0.2980274705,   -0.004622668226,  -0.0002569554036,   0.0003429014986,   0.0009524102354,                 0,  -1.315186958e-05,   2.875928343e-05,   -0.004331412613,                 0,     -0.2414406649,     -0.7362236974,      -2.930455374,   0.0001715715969,  -0.0006957573813,  -0.0006465516938,    0.008049879727,  -4.993256423e-05,     0.08522149501,   2.662135186e-05,      0.1089079305,     0.06626866265,  -0.0002569554036,   0.0003429014986,   0.0009524102354,                 0,      0.1161876666,      0.1225231608,      0.3063708076,                 0,       1.180856682,       14.25615237,       2.292272436,    -0.06992681194
          0,           0,          51,       2.629444094,       2.759180693,      -8.385186689,      -8.333837158,      -8.844946248,      -8.852056876,       -8.29124263,                         3,      -1.594231475,    0.003200046247,       9.941412554,       23.58564546,       63.21404132,       63.16013553,      0.0039269908,      0.2978084746,      0.5255875397,    0.001038335786,    -0.00431578467,      -3.907945462,     0.00665771717,      0.2604198947,    0.001038335786,      0.5450813039,       1.764850851,      -2.732246064,      -2.712189145,      -2.717814197,      -2.823833688,      -2.642275253,     0.09311870483,    0.008573349866,      0.1300138661,     0.06610255378,      0.1099597892,       0.122222987,      0.2980271043,   -0.004622340847,  -0.0002569571446,   0.0003428463249,   0.0009524466053,                 0,  -1.315185695e-05,   2.875972541e-05,   -0.004331392539,                 0,     -0.2414404767,     -0.7362246329,      -2.930451829,   0.0001714759376,  -0.0006957581341,  -0.0006471209313,    0.008050236621,  -4.964038534e-05,     0.08522146519,   2.662103071e-05,       0.108907839,     0.06626396947,  -0.0002569571446,   0.0003428463249,   0.0009524466053,                 0,      0.1161875652,      0.1225233046,      0.3063704341,                 0,       1.180856085,       14.25615296,       2.292271687,    -0.06992681194
          0,           0,          52,       2.773527735,       2.759451391,      -8.548527118,      -8.499557575,      -9.006946633,      -9.016152382,       -8.45806164,                         3,      -1.604103959,    0.003360048344,        10.4384833,       24.76492773,       66.37474338,        66.3181423,      0.0039269908,      0.2978052098,      0.5255875497,    0.001038310421,   -0.004315763767,      -3.907943848,    0.006657606101,      0.2604166372,    0.001038310421,      0.5450810862,       1.764870232,      -2.895586493,      -2.877909562,      -2.879814582,      -2.987929194,      -2.809094264,     0.09311867563,    0.008573361117,      0.1300137723,     0.06609940076,      0.1099597063,      0.1222231516,      0.2980268122,   -0.004622120367,  -0.0002569579945,   0.0003427885869,   0.0009524798285,                 0,   -1.31518328e-05,   2.876012846e-05,   -0.004331372063,                 0,     -0.2414403249,     -0.7362258453,      -2.930448999,   0.0001713210559,   -0.000695757805,  -0.0006477095288,    0.008050562284,   -4.94888492e-05,     0.08522144185,   2.662077396e-05,      0.1089077658,     0.06626080876,  -0.0002569579945,   0.0003427885869,   0.0009524798285,                 0,      0.1161874805,      0.1225234696,      0.3063701361,                 0,       1.180855565,       14.25615344,       2.292271094,    -0.06992681194
          0,           0,          53,       2.807560056,       2.760342293,      -8.723842705,      -8.675777816,      -9.181132463,      -9.192382873,      -8.635504795,                         3,       -1.61093726,    0.003528050615,       10.96040753,       26.00317412,       69.69348055,       69.63404942,      0.0039269908,       0.297803123,      0.5255875439,    0.001038278637,   -0.004315744163,       -3.90794286,    0.006657375953,      0.2604145559,    0.001038278637,      0.5450809348,       1.764882579,       -3.07090208,      -3.054129803,      -3.054000412,      -3.164159686,      -2.986537419,      0.0931186524,    0.008573371811,      0.1300136993,     0.06609739953,      0.1099596377,      0.1222233071,      0.2980265795,   -0.004621980427,  -0.0002569580556,   0.0003427298471,   0.0009525068454,                 0,  -1.315180426e-05,   2.876048621e-05,   -0.004331352845,                 0,     -0.2414402038,     -0.7362270565,      -2.930446744,   0.0001711439214,  -0.0006957566861,  -0.0006483104346,    0.008050826672,  -4.938359777e-05,     0.08522142347,   2.662059399e-05,      0.1089077092,     0.06625880264,  -0.0002569580556,   0.0003427298471,   0.0009525068454,                 0,      0.1161874103,      0.1225236255,      0.3063698989,                 0,       1.180855122,        14.2561538,       2.292270592,    -0.06992681194
          0,           0,          54,       2.748600692,       2.760128809,      -8.910751091,      -8.862798181,      -9.367289474,      -9.380356305,      -8.823891955,                         3,      -1.610666736,    0.003704453061,       11.50842793,       27.30333282,       73.17815458,       73.11575189,      0.0039269908,      0.2978018434,      0.5255875265,    0.001038246986,   -0.004315729084,      -3.907942243,    0.006657132675,      0.2604132806,    0.001038246986,      0.5450808282,       1.764890104,      -3.257810466,      -3.241150168,      -3.240157422,      -3.352133118,      -3.174924579,     0.09311863531,    0.008573380754,       0.130013645,     0.06609618235,      0.1099595843,      0.1222234369,      0.2980264006,   -0.004621895313,   -0.000256957596,   0.0003426779183,   0.0009525266637,                 0,  -1.315177783e-05,    2.87607933e-05,   -0.004331338099,                 0,     -0.2414401128,      -0.736228097,      -2.930445009,    0.000170976549,  -0.0006957553293,  -0.0006488439832,    0.008051020588,  -4.928860073e-05,     0.08522141014,   2.662046323e-05,      0.1089076675,     0.06625758249,   -0.000256957596,   0.0003426779183,   0.0009525266637,                 0,      0.1161873559,      0.1225237555,      0.3063697167,                 0,       1.180854766,       14.25615407,       2.292270174,    -0.06992681194
          0,           0,          55,       2.729456067,       2.759581082,      -9.105950347,      -9.057533248,      -9.562265282,      -9.576787108,        -9.0201845,                         3,      -1.601484748,    0.003889675674,       12.08384935,       28.66849946,       76.83706231,       76.77153948,      0.0039269908,      0.2978011098,      0.5255875062,    0.001038217395,   -0.004315718417,      -3.907941892,      0.0066569056,      0.2604125502,    0.001038217395,      0.5450807568,       1.764894384,      -3.453009723,      -3.435885235,      -3.435133231,       -3.54856392,      -3.371217124,     0.09311862313,    0.008573387873,      0.1300136058,       0.066095493,      0.1099595441,      0.1222235402,       0.298026269,    -0.00462184711,  -0.0002569570578,   0.0003426342897,   0.0009525401634,                 0,  -1.315175622e-05,   2.876105136e-05,   -0.004331327713,                 0,     -0.2414400458,     -0.7362289441,      -2.930443733,   0.0001708305839,  -0.0006957543808,  -0.0006492922087,    0.008051152801,  -4.920061228e-05,     0.08522140079,   2.662035947e-05,      0.1089076376,     0.06625689146,  -0.0002569570578,   0.0003426342897,   0.0009525401634,                 0,       0.116187315,      0.1225238591,      0.3063695827,                 0,       1.180854489,       14.25615428,       2.292269853,    -0.06992681194
          0,           0,          56,       2.666603768,       2.757949901,       -9.30581353,        -9.2566909,      -9.762764854,      -9.778306167,      -9.221085716,                         3,      -1.582541259,    0.004084159448,       12.68804182,       30.10192444,       80.67891543,       80.61011646,      0.0039269908,      0.2978007228,       0.525587491,      0.0010381913,   -0.004315711105,      -3.907941762,    0.006656704714,      0.2604121652,      0.0010381913,      0.5450807146,       1.764896627,      -3.652872906,      -3.635042886,      -3.635632802,      -3.750082979,       -3.57211834,       0.093118614,    0.008573393572,       0.130013578,     0.06609513721,      0.1099595137,      0.1222236229,      0.2980261766,    -0.00462182223,  -0.0002569567116,   0.0003425985117,   0.0009525494999,                 0,  -1.315173974e-05,   2.876126554e-05,    -0.00433132063,                 0,     -0.2414399954,       -0.73622964,      -2.930442835,   0.0001707089795,  -0.0006957540214,  -0.0006496591801,    0.008051244317,  -4.912640095e-05,     0.08522139381,   2.662027234e-05,      0.1089076163,      0.0662565348,  -0.0002569567116,   0.0003425985117,   0.0009525494999,                 0,      0.1161872841,       0.122523942,      0.3063694885,                 0,       1.180854278,       14.25615445,       2.292269632,    -0.06992681194
          0,           0,          57,       2.648354151,       2.756060319,      -9.505951245,      -9.456230699,      -9.964990458,      -9.981053778,      -9.422500341,                         3,      -1.554443887,    0.004288367424,       13.32244392,       31.60702066,        84.7128612,       84.64062228,      0.0039269908,      0.2978005438,       0.525587485,    0.001038169398,   -0.004315706013,      -3.907941807,    0.006656531639,       0.260411987,    0.001038169398,      0.5450806961,       1.764897667,      -3.853010621,      -3.834582686,      -3.837858407,       -3.95283059,      -3.773532965,     0.09311860702,    0.008573398244,      0.1300135588,     0.06609497977,      0.1099594912,      0.1222236908,      0.2980261141,   -0.004621811221,  -0.0002569565301,   0.0003425694459,   0.0009525564827,                 0,  -1.315172792e-05,   2.876144389e-05,   -0.004331315729,                 0,     -0.2414399576,     -0.7362302289,      -2.930442228,   0.0001706078869,  -0.0006957539309,  -0.0006499568098,    0.008051312742,  -4.907036214e-05,     0.08522138841,    2.66201961e-05,      0.1089076015,     0.06625637698,  -0.0002569565301,   0.0003425694459,   0.0009525564827,                 0,      0.1161872611,      0.1225240101,      0.3063694249,                 0,       1.180854125,        14.2561546,       2.292269491,    -0.06992681194
          0,           0,          58,       2.611640021,       2.753612517,      -9.700472931,      -9.650485407,       -10.1638916,       -10.1800086,      -9.618689429,                         3,      -1.520714718,    0.004502785802,       13.98856612,       33.18737169,       88.94850426,        88.8726534,      0.0039269908,      0.2978004915,      0.5255874883,    0.001038151617,   -0.004315702535,      -3.907941975,    0.006656385306,      0.2604119346,    0.001038151617,      0.5450806958,       1.764897988,      -4.047532307,      -4.028837394,      -4.036759551,      -4.151785409,      -3.969722053,     0.09311860233,    0.008573401991,      0.1300135465,     0.06609494067,      0.1099594765,      0.1222237454,      0.2980260749,   -0.004621808487,  -0.0002569564023,   0.0003425458015,   0.0009525622177,                 0,  -1.315172043e-05,   2.876159214e-05,   -0.004331312407,                 0,     -0.2414399325,     -0.7362307195,      -2.930441846,   0.0001705232438,  -0.0006957537858,  -0.0006501979341,    0.008051368872,   -4.90318466e-05,     0.08522138476,   2.662013038e-05,      0.1089075919,     0.06625633778,  -0.0002569564023,   0.0003425458015,   0.0009525622177,                 0,      0.1161872461,      0.1225240648,      0.3063693849,                 0,       1.180854027,       14.25615473,       2.292269406,    -0.06992681194
          0,           0,          59,       2.568594964,       2.750528891,      -9.885164779,      -9.835975729,      -10.35639379,      -10.37206341,        -9.8061705,                         3,      -1.483979481,    0.004727925098,       14.68799443,       34.84674028,       93.39592947,       93.31628607,      0.0039269908,      0.2978005042,      0.5255874996,    0.001038137323,   -0.004315700373,      -3.907942213,    0.006656262921,      0.2604119465,    0.001038137323,      0.5450807079,       1.764897951,      -4.232224155,      -4.214327715,      -4.229261736,      -4.343840221,      -4.157203124,     0.09311859977,    0.008573405028,      0.1300135393,      0.0660949601,      0.1099594683,      0.1222237896,      0.2980260516,   -0.004621809845,  -0.0002569562625,   0.0003425264961,   0.0009525670892,                 0,  -1.315171626e-05,   2.876171655e-05,   -0.004331310374,                 0,     -0.2414399183,     -0.7362311311,      -2.930441618,    0.000170454794,  -0.0006957535044,  -0.0006503933237,    0.008051416577,  -4.900682717e-05,     0.08522138278,   2.662007377e-05,      0.1089075864,     0.06625635726,  -0.0002569562625,   0.0003425264961,   0.0009525670892,                 0,      0.1161872377,      0.1225241091,      0.3063693611,                 0,       1.180853971,       14.25615484,       2.292269353,    -0.06992681194
          0,           0,          60,        2.60709995,       2.748177597,        -10.054287,      -10.00718395,      -10.53761035,      -10.55235322,      -9.979514782,                         3,      -1.449980246,    0.004964321358,       15.42239415,       36.58907729,       98.06572594,       97.98210037,      0.0039269908,      0.2978005539,      0.5255875154,    0.001038125909,   -0.004315699191,      -3.907942479,    0.006656161543,       0.260411995,    0.001038125909,      0.5450807271,       1.764897709,      -4.401346375,      -4.385535936,      -4.410478303,      -4.524130031,      -4.330547406,     0.09311859883,    0.008573407491,      0.1300135355,     0.06609501211,      0.1099594648,      0.1222238255,      0.2980260385,   -0.004621813483,   -0.000256956115,   0.0003425107511,   0.0009525712732,                 0,  -1.315171432e-05,   2.876182209e-05,   -0.004331309299,                 0,     -0.2414399123,      -0.736231476,       -2.93044149,   0.0001703994909,   -0.000695753167,  -0.0006505515092,    0.008051457623,  -4.899140391e-05,     0.08522138209,   2.662002597e-05,      0.1089075835,      0.0662564094,   -0.000256956115,   0.0003425107511,   0.0009525712732,                 0,      0.1161872342,      0.1225241451,      0.3063693478,                 0,       1.180853946,       14.25615494,       2.292269319,    -0.06992681194
          0,           0,          61,       2.916702647,       2.750895743,      -10.20497935,      -10.16131625,      -10.70461251,      -10.71802949,      -10.13606478,                         3,      -1.423050066,     0.00521253743,       16.19351387,       38.41853116,               100,         99.939037,      0.0039269908,      0.2978006212,      0.5255875334,    0.001038116666,   -0.004315698533,      -3.907942751,    0.006656076809,      0.2604120609,    0.001038116666,      0.5450807498,       1.764897371,      -4.552038728,      -4.539668235,      -4.577480454,      -4.689806302,      -4.487097408,      0.0931185989,    0.008573409552,      0.1300135339,     0.06609507885,      0.1099594644,      0.1222238556,      0.2980260317,   -0.004621818149,  -0.0002569559828,    0.000342497833,   0.0009525748161,                 0,  -1.315171372e-05,   2.876191242e-05,   -0.004331308732,                 0,     -0.2414399116,     -0.7362317724,      -2.930441423,   0.0001703561764,  -0.0006957528644,  -0.0006506805921,    0.008051492465,  -4.898219926e-05,     0.08522138218,   2.661998553e-05,      0.1089075824,     0.06625647629,  -0.0002569559828,    0.000342497833,   0.0009525748161,                 0,      0.1161872337,      0.1225241752,      0.3063693409,                 0,        1.18085394,       14.25615501,       2.292269295,    -0.06992681194
          0,           0,          62,        2.60465271,       2.748574425,      -10.33778705,      -10.29890032,      -10.85711474,      -10.86882612,      -10.27662319,                         3,      -1.414051749,    0.005473164307,       16.51291898,       40.33945771,               100,       99.96538767,      0.0039269908,      0.2978006935,      0.5255875522,    0.001038109273,   -0.004315698209,      -3.907943016,    0.006656006712,      0.2604121317,    0.001038109273,      0.5450807736,       1.764897005,      -4.684846429,      -4.677252306,      -4.729982687,      -4.840602934,      -4.627655818,     0.09311859945,    0.008573411321,      0.1300135336,     0.06609514918,      0.1099594654,      0.1222238814,      0.2980260285,   -0.004621823067,  -0.0002569558777,   0.0003424874233,   0.0009525777276,                 0,  -1.315171378e-05,   2.876199022e-05,   -0.004331308485,                 0,     -0.2414399135,     -0.7362320313,      -2.930441392,   0.0001703215811,  -0.0006957526329,  -0.0006507843226,    0.008051521179,  -4.897751095e-05,     0.08522138266,   2.661995078e-05,      0.1089075823,      0.0662565468,  -0.0002569558777,   0.0003424874233,   0.0009525777276,                 0,      0.1161872348,      0.1225242011,      0.3063693377,                 0,       1.180853944,       14.25615508,       2.292269276,    -0.06992681194
          0,           0,          63,       2.633369191,       2.746774343,      -10.45602888,      -10.42273831,      -10.99660487,      -11.00631339,        -10.404206,                         3,      -1.417137559,    0.005581118438,       16.51291898,        42.3564306,               100,       99.97773783,      0.0039269908,      0.2978007649,      0.5255875705,    0.001038103136,   -0.004315697972,      -3.907943264,    0.006655946931,      0.2604122016,    0.001038103136,      0.5450807968,       1.764896644,      -4.803088256,      -4.801090297,      -4.869472819,      -4.978090204,      -4.755238619,      0.0931186002,    0.008573412859,       0.130013534,     0.06609521777,      0.1099594672,      0.1222239038,      0.2980260274,   -0.004621827863,  -0.0002569558024,   0.0003424788709,   0.0009525800676,                 0,  -1.315171417e-05,   2.876205725e-05,   -0.004331308315,                 0,     -0.2414399167,     -0.7362322597,      -2.930441382,   0.0001702947211,  -0.0006957524745,  -0.0006508695006,     0.00805154431,   -4.89754041e-05,     0.08522138328,    2.66199213e-05,      0.1089075828,     0.06625661556,  -0.0002569558024,   0.0003424788709,   0.0009525800676,                 0,      0.1161872366,      0.1225242235,      0.3063693367,                 0,       1.180853953,       14.25615514,        2.29226926,    -0.06992681194
          0,           0,          64,       2.779138546,       2.747272254,      -10.56592635,      -10.53844746,      -11.12821909,      -11.13583259,      -10.52487958,                         3,      -1.420992272,    0.005581118444,       16.51291898,       44.47425213,               100,       99.98452732,      0.0039269908,      0.2978008314,      0.5255875883,    0.001038098089,   -0.004315697751,      -3.907943495,     0.00665589656,      0.2604122668,    0.001038098089,      0.5450808192,       1.764896309,      -4.912985721,       -4.91679945,      -5.001087041,        -5.1076094,      -4.875912204,       0.093118601,    0.008573414228,      0.1300135349,      0.0660952813,      0.1099594692,      0.1222239237,      0.2980260277,   -0.004621832306,  -0.0002569557475,   0.0003424718703,   0.0009525819664,                 0,  -1.315171473e-05,   2.876211572e-05,   -0.004331308152,                 0,     -0.2414399203,     -0.7362324645,      -2.930441385,   0.0001702743629,  -0.0006957523635,   -0.000650939226,    0.008051563104,  -4.897495541e-05,     0.08522138395,   2.661989495e-05,      0.1089075837,     0.06625667924,  -0.0002569557475,   0.0003424718703,   0.0009525819664,                 0,      0.1161872387,      0.1225242435,       0.306369337,                 0,       1.180853965,       14.25615519,       2.292269246,    -0.06992681194
          0,           0,          65,       2.640779491,       2.745658727,      -10.66904656,      -10.64616464,      -11.25315135,      -11.25840572,      -10.63832658,                         3,      -1.426188962,    0.005581118449,       16.51291898,       46.69796474,               100,       99.98805984,      0.0039269908,      0.2978008966,      0.5255876054,     0.00103809373,   -0.004315697602,      -3.907943713,    0.006655852059,      0.2604123306,     0.00103809373,      0.5450808408,        1.76489598,      -5.016105931,      -5.024516628,      -5.126019294,       -5.23018253,        -4.9893592,     0.09311860188,    0.008573415459,      0.1300135361,     0.06609534317,      0.1099594715,      0.1222239417,      0.2980260289,   -0.004621836632,  -0.0002569557094,   0.0003424659486,   0.0009525834912,                 0,  -1.315171546e-05,   2.876216731e-05,   -0.004331308054,                 0,     -0.2414399243,     -0.7362326501,      -2.930441397,   0.0001702586459,  -0.0006957522941,  -0.0006509981391,    0.008051578252,  -4.897575967e-05,     0.08522138467,   2.661987174e-05,      0.1089075848,     0.06625674126,  -0.0002569557094,   0.0003424659486,   0.0009525834912,                 0,       0.116187241,      0.1225242615,      0.3063693383,                 0,       1.180853978,       14.25615523,       2.292269234,    -0.06992681194
          0,           0,          66,       2.876952005,       2.747618328,      -10.76723727,      -10.74727368,      -11.37188614,      -11.37450642,      -10.74526036,                         3,      -1.431621328,    0.005581118452,       16.51291899,       49.03286297,               100,       99.99015263,      0.0039269908,      0.2978009567,      0.5255876218,    0.001038090022,   -0.004315697449,      -3.907943915,    0.006655813851,      0.2604123894,    0.001038090022,      0.5450808614,       1.764895679,      -5.114296648,       -5.12562567,      -5.244754091,      -5.346283231,      -5.096292986,     0.09311860272,    0.008573416596,      0.1300135374,     0.06609539995,      0.1099594736,      0.1222239582,      0.2980260305,   -0.004621840603,  -0.0002569556757,   0.0003424609457,   0.0009525847517,                 0,  -1.315171616e-05,   2.876221282e-05,   -0.004331307945,                 0,     -0.2414399281,      -0.736232821,      -2.930441414,    0.000170248109,  -0.0006957522356,  -0.0006510478008,    0.008051590818,    -4.8976931e-05,     0.08522138535,   2.661985136e-05,       0.108907586,     0.06625679818,  -0.0002569556757,   0.0003424609457,   0.0009525847517,                 0,      0.1161872432,      0.1225242781,        0.30636934,                 0,        1.18085399,       14.25615527,       2.292269224,    -0.06992681194
          0,           0,          67,       2.636123884,       2.745978704,      -10.86108076,      -10.84252979,      -11.48456122,      -11.48437903,      -10.84615839,                         3,      -1.436846719,    0.005581118456,       16.51291899,       51.48450612,               100,       99.99145741,      0.0039269908,       0.297801007,      0.5255876375,    0.001038086415,   -0.004315697286,      -3.907944101,    0.006655776885,      0.2604124385,    0.001038086415,      0.5450808806,       1.764895434,      -5.208140137,      -5.220881781,      -5.357429168,      -5.456155846,      -5.197191011,     0.09311860347,     0.00857341766,      0.1300135386,     0.06609544728,      0.1099594755,      0.1222239737,      0.2980260322,   -0.004621843912,  -0.0002569556443,   0.0003424563386,   0.0009525857209,                 0,  -1.315171676e-05,   2.876225345e-05,   -0.004331307822,                 0,     -0.2414399316,     -0.7362329811,       -2.93044143,   0.0001702419691,  -0.0006957521825,  -0.0006510934756,    0.008051600516,  -4.897797231e-05,     0.08522138596,   2.661983201e-05,      0.1089075871,     0.06625684563,  -0.0002569556443,   0.0003424563386,   0.0009525857209,                 0,      0.1161872452,      0.1225242936,      0.3063693418,                 0,       1.180854001,       14.25615531,       2.292269216,    -0.06992681194
          0,           0,          68,       2.775268597,       2.746403195,      -10.94971972,      -10.93115616,      -11.58999236,      -11.58690707,      -10.93995266,                         3,        -1.4445004,    0.005581118459,       16.51291899,       54.05873143,               100,       99.99234519,      0.0039269908,      0.2978010543,      0.5255876515,    0.001038083355,   -0.004315697129,      -3.907944266,    0.006655745601,      0.2604124847,    0.001038083355,      0.5450808978,       1.764895201,      -5.296779094,      -5.309508142,      -5.462860311,       -5.55868388,      -5.290985285,     0.09311860412,    0.008573418602,      0.1300135397,     0.06609549181,      0.1099594772,      0.1222239874,       0.298026034,   -0.004621847026,  -0.0002569556148,   0.0003424524225,   0.0009525865475,                 0,  -1.315171726e-05,    2.87622889e-05,     -0.0043313077,                 0,     -0.2414399346,      -0.736233123,      -2.930441448,   0.0001702387349,  -0.0006957521332,  -0.0006511323956,    0.008051608802,  -4.897867208e-05,      0.0852213865,   2.661981589e-05,      0.1089075881,     0.06625689026,  -0.0002569556148,   0.0003424524225,   0.0009525865475,                 0,      0.1161872469,      0.1225243074,      0.3063693436,                 0,       1.180854011,       14.25615534,       2.292269209,    -0.06992681194
          0,           0,          69,        2.61610437,       2.744541784,      -11.03577774,      -11.01611221,      -11.69035716,      -11.68451793,      -11.02986882,                         3,      -1.453393319,    0.005581118462,       16.51291899,         56.761668,               100,       99.99310106,      0.0039269908,      0.2978010944,      0.5255876644,    0.001038080854,   -0.004315696966,      -3.907944415,    0.006655720104,      0.2604125238,    0.001038080854,      0.5450809135,       1.764895006,      -5.382837113,      -5.394464195,      -5.563225104,      -5.656294743,      -5.380901448,     0.09311860468,    0.008573419468,      0.1300135407,     0.06609552957,      0.1099594786,          0.122224,      0.2980260355,   -0.004621849666,  -0.0002569555854,   0.0003424492141,   0.0009525872254,                 0,  -1.315171765e-05,   2.876232006e-05,   -0.004331307568,                 0,     -0.2414399371,     -0.7362332529,      -2.930441463,   0.0001702374828,  -0.0006957520847,  -0.0006511642584,    0.008051615611,  -4.897916406e-05,     0.08522138695,   2.661980123e-05,       0.108907589,     0.06625692811,  -0.0002569555854,   0.0003424492141,   0.0009525872254,                 0,      0.1161872483,        0.12252432,      0.3063693452,                 0,       1.180854019,       14.25615537,       2.292269204,    -0.06992681194
          0,           0,          70,         2.6978113,       2.743883608,      -11.11931905,      -11.09757206,      -11.78605817,      -11.77750152,      -11.11618453,                         3,      -1.462849416,    0.005581118464,       16.51291899,        59.5997514,               100,       99.99381842,      0.0039269908,      0.2978011308,       0.525587676,    0.001038078741,   -0.004315696801,      -3.907944549,    0.006655698488,      0.2604125593,    0.001038078741,      0.5450809276,        1.76489483,      -5.466378428,      -5.475924045,      -5.658926119,      -5.749278336,      -5.467217159,     0.09311860515,     0.00857342025,      0.1300135416,     0.06609556383,      0.1099594798,      0.1222240114,      0.2980260369,   -0.004621852062,  -0.0002569555589,   0.0003424465029,   0.0009525877969,                 0,  -1.315171794e-05,   2.876234759e-05,   -0.004331307431,                 0,     -0.2414399392,     -0.7362333699,      -2.930441477,   0.0001702369576,  -0.0006957520424,    -0.00065119117,    0.008051621357,  -4.897965585e-05,     0.08522138735,   2.661978816e-05,      0.1089075897,     0.06625696246,  -0.0002569555589,   0.0003424465029,   0.0009525877969,                 0,      0.1161872495,      0.1225243314,      0.3063693467,                 0,       1.180854026,        14.2561554,         2.2922692,    -0.06992681194
          0,           0,          71,       2.809795238,       2.744799047,      -11.20098154,      -11.17662718,      -11.87872204,      -11.86722773,      -11.20054857,                         3,      -1.471993301,    0.005581118466,       16.51291899,       62.57973897,               100,       99.99455239,      0.0039269908,      0.2978011641,      0.5255876863,    0.001038076845,   -0.004315696621,      -3.907944669,    0.006655679041,      0.2604125918,    0.001038076845,      0.5450809402,       1.764894667,       -5.54804092,      -5.554979162,      -5.751589985,      -5.839004545,      -5.551581191,     0.09311860556,    0.008573420952,      0.1300135423,     0.06609559523,      0.1099594808,      0.1222240216,      0.2980260382,   -0.004621854258,  -0.0002569555355,   0.0003424441324,   0.0009525882479,                 0,  -1.315171819e-05,    2.87623717e-05,   -0.004331307274,                 0,     -0.2414399411,     -0.7362334749,       -2.93044149,   0.0001702368775,  -0.0006957520057,  -0.0006512146944,    0.008051625892,  -4.898015031e-05,     0.08522138769,   2.661977646e-05,      0.1089075904,     0.06625699394,  -0.0002569555355,   0.0003424441324,   0.0009525882479,                 0,      0.1161872506,      0.1225243416,       0.306369348,                 0,       1.180854031,       14.25615542,       2.292269197,    -0.06992681194
          0,           0,          72,       2.798333664,       2.745532398,      -11.28120668,      -11.25365119,      -11.96956749,      -11.95470602,      -11.28337414,                         3,      -1.479539069,    0.005581118468,       16.51291899,       65.70872592,               100,       99.99532306,      0.0039269908,      0.2978011936,      0.5255876957,    0.001038075231,   -0.004315696462,      -3.907944776,    0.006655662376,      0.2604126206,    0.001038075231,      0.5450809516,       1.764894523,      -5.628266056,      -5.632003178,      -5.842435439,      -5.926482834,      -5.634406766,     0.09311860594,    0.008573421578,       0.130013543,     0.06609562309,      0.1099594817,      0.1222240307,      0.2980260394,   -0.004621856206,  -0.0002569555144,   0.0003424420985,   0.0009525886472,                 0,  -1.315171842e-05,   2.876239309e-05,   -0.004331307137,                 0,     -0.2414399428,     -0.7362335687,      -2.930441502,   0.0001702371683,  -0.0006957519725,   -0.000651234871,    0.008051629905,  -4.898068633e-05,       0.085221388,   2.661976583e-05,      0.1089075909,     0.06625702186,  -0.0002569555144,   0.0003424420985,   0.0009525886472,                 0,      0.1161872515,      0.1225243508,      0.3063693493,                 0,       1.180854037,       14.25615544,       2.292269195,    -0.06992681194
          0,           0,          73,       2.570958831,       2.743173296,      -11.35900702,      -11.32735692,      -12.05758292,      -12.03881282,      -11.36269472,                         3,      -1.486166009,    0.005581118469,       16.51291899,       68.99416221,               100,       99.99613226,      0.0039269908,      0.2978012195,      0.5255877041,     0.00103807379,    -0.00431569631,      -3.907944872,    0.006655647379,      0.2604126458,     0.00103807379,      0.5450809618,       1.764894398,      -5.706066395,       -5.70570891,      -5.930450869,      -6.010589628,      -5.713727341,      0.0931186063,    0.008573422131,      0.1300135436,     0.06609564746,      0.1099594826,      0.1222240387,      0.2980260406,    -0.00462185791,   -0.000256955496,   0.0003424403103,   0.0009525889756,                 0,  -1.315171867e-05,   2.876241172e-05,   -0.004331307003,                 0,     -0.2414399444,      -0.736233652,      -2.930441513,   0.0001702380841,  -0.0006957519435,  -0.0006512525989,    0.008051633208,  -4.898128583e-05,     0.08522138829,   2.661975642e-05,      0.1089075914,     0.06625704629,   -0.000256955496,   0.0003424403103,   0.0009525889756,                 0,      0.1161872525,      0.1225243588,      0.3063693505,                 0,       1.180854042,       14.25615546,       2.292269193,    -0.06992681194
          0,           0,          74,       2.592394911,       2.741162917,      -11.43646844,      -11.39995058,      -12.14446676,      -12.12194546,      -11.44070234,                         3,      -1.490229117,    0.005581118471,       16.51291899,       72.44387032,               100,       99.99698192,      0.0039269908,      0.2978012414,      0.5255877117,    0.001038072559,   -0.004315696178,      -3.907944956,    0.006655634638,      0.2604126672,    0.001038072559,      0.5450809709,       1.764894294,      -5.783527816,      -5.778302569,      -6.017334705,      -6.093722268,      -5.791734967,     0.09311860663,    0.008573422623,      0.1300135441,     0.06609566808,      0.1099594834,      0.1222240459,      0.2980260417,   -0.004621859352,  -0.0002569554795,   0.0003424387606,   0.0009525892779,                 0,  -1.315171889e-05,    2.87624282e-05,   -0.004331306888,                 0,     -0.2414399459,      -0.736233726,      -2.930441524,   0.0001702393768,   -0.000695751917,  -0.0006512679423,    0.008051636246,  -4.898174833e-05,     0.08522138856,   2.661974813e-05,      0.1089075919,     0.06625706697,  -0.0002569554795,   0.0003424387606,   0.0009525892779,                 0,      0.1161872533,       0.122524366,      0.3063693516,                 0,       1.180854046,       14.25615548,       2.292269192,    -0.06992681194
          0,           0,          75,       2.681116139,       2.740372828,      -11.51232248,      -11.47036811,      -12.22890101,      -12.20284203,      -11.51579044,                         3,      -1.495178194,    0.005581118472,       16.51291899,       76.06606384,               100,       99.99787407,      0.0039269908,      0.2978012603,      0.5255877184,    0.001038071433,   -0.004315696055,      -3.907945031,    0.006655623033,      0.2604126856,    0.001038071433,      0.5450809789,       1.764894204,      -5.859381852,      -5.848720098,       -6.10176896,      -6.174618839,      -5.866823059,     0.09311860692,    0.008573423057,      0.1300135445,     0.06609568582,      0.1099594842,      0.1222240522,      0.2980260426,   -0.004621860593,  -0.0002569554649,   0.0003424373748,   0.0009525895228,                 0,   -1.31517191e-05,   2.876244263e-05,   -0.004331306778,                 0,     -0.2414399472,     -0.7362337915,      -2.930441533,   0.0001702404922,  -0.0006957518938,  -0.0006512816621,    0.008051638709,   -4.89821195e-05,      0.0852213888,   2.661974069e-05,      0.1089075923,     0.06625708475,  -0.0002569554649,   0.0003424373748,   0.0009525895228,                 0,      0.1161872541,      0.1225243723,      0.3063693526,                 0,       1.180854051,       14.25615549,       2.292269191,    -0.06992681194
          0,           0,          76,       2.695754117,       2.739793364,      -11.58642301,      -11.53883121,      -12.31066401,      -12.28115616,      -11.58818729,                         3,      -1.501984582,    0.005581118473,       16.51291899,       79.86936703,               100,       99.99879246,      0.0039269908,      0.2978012765,      0.5255877244,    0.001038070457,   -0.004315695951,      -3.907945098,    0.006655613059,      0.2604127013,    0.001038070457,       0.545080986,       1.764894128,      -5.933482382,      -5.917183195,      -6.183531961,      -6.252932968,       -5.93921991,     0.09311860717,    0.008573423438,      0.1300135449,     0.06609570099,      0.1099594848,      0.1222240578,      0.2980260435,   -0.004621861653,  -0.0002569554526,   0.0003424361599,   0.0009525897498,                 0,  -1.315171928e-05,   2.876245539e-05,   -0.004331306687,                 0,     -0.2414399484,     -0.7362338491,      -2.930441541,   0.0001702413762,   -0.000695751874,  -0.0006512936889,    0.008051640991,  -4.898236987e-05,     0.08522138901,   2.661973413e-05,      0.1089075926,     0.06625709995,  -0.0002569554526,   0.0003424361599,   0.0009525897498,                 0,      0.1161872547,      0.1225243779,      0.3063693534,                 0,       1.180854054,       14.25615551,       2.292269191,    -0.06992681194
          0,           0,          77,       2.674208716,       2.738952536,      -11.65917262,      -11.60615312,      -12.39058533,      -12.35756042,      -11.65921268,                         3,      -1.510185087,    0.005581118474,       16.51291899,       83.86283538,               100,       99.99955335,      0.0039269908,      0.2978012905,      0.5255877297,     0.00103806956,   -0.004315695853,      -3.907945156,    0.006655603936,      0.2604127149,     0.00103806956,      0.5450809923,       1.764894063,      -6.006231991,      -5.984505106,      -6.263453281,      -6.329337236,      -6.010245301,     0.09311860739,    0.008573423778,      0.1300135453,     0.06609571409,      0.1099594854,      0.1222240627,      0.2980260442,   -0.004621862569,  -0.0002569554421,   0.0003424350733,   0.0009525899284,                 0,  -1.315171944e-05,   2.876246658e-05,     -0.0043313066,                 0,     -0.2414399494,     -0.7362339003,      -2.930441549,   0.0001702420809,  -0.0006957518573,   -0.000651304442,     0.00805164279,  -4.898255437e-05,     0.08522138919,   2.661972821e-05,      0.1089075929,     0.06625711308,  -0.0002569554421,   0.0003424350733,   0.0009525899284,                 0,      0.1161872553,      0.1225243828,      0.3063693542,                 0,       1.180854058,       14.25615552,       2.292269191,    -0.06992681194
          0,           0,          78,       2.639985453,       2.737699788,      -11.73000939,      -11.67196812,      -12.46885384,      -12.43173394,      -11.72856269,                         3,      -1.519558369,    0.005581118475,       16.51291899,       88.05597715,               100,       99.99990186,      0.0039269908,      0.2978013029,      0.5255877344,     0.00103806878,   -0.004315695766,      -3.907945208,    0.006655596049,      0.2604127269,     0.00103806878,      0.5450809978,       1.764894006,      -6.077068769,      -6.050320111,      -6.341721789,       -6.40351075,       -6.07959531,     0.09311860759,    0.008573424075,      0.1300135455,     0.06609572572,      0.1099594859,       0.122224067,      0.2980260449,   -0.004621863383,  -0.0002569554333,   0.0003424341171,   0.0009525900967,                 0,  -1.315171958e-05,   2.876247647e-05,   -0.004331306523,                 0,     -0.2414399503,     -0.7362339452,      -2.930441555,   0.0001702427208,  -0.0006957518434,  -0.0006513139071,    0.008051644484,  -4.898268491e-05,     0.08522138935,   2.661972309e-05,      0.1089075931,     0.06625712474,  -0.0002569554333,   0.0003424341171,   0.0009525900967,                 0,      0.1161872558,      0.1225243872,      0.3063693549,                 0,        1.18085406,       14.25615553,       2.292269191,    -0.06992681194
          0,           0,          79,       2.689632692,       2.737098949,      -11.80166897,      -11.73846039,      -12.54831014,      -12.50729877,      -11.79884135,                         3,      -1.526370198,    0.005581118476,       16.51291899,       92.45877601,               100,       99.99996425,      0.0039269908,      0.2978013135,      0.5255877385,    0.001038068062,    -0.00431569568,      -3.907945253,    0.006655588834,      0.2604127372,    0.001038068062,      0.5450810027,       1.764893957,      -6.148728349,       -6.11681238,      -6.421178093,       -6.47907558,      -6.149873969,     0.09311860775,     0.00857342434,      0.1300135458,     0.06609573566,      0.1099594863,      0.1222240709,      0.2980260454,   -0.004621864078,  -0.0002569554256,   0.0003424332594,   0.0009525902284,                 0,   -1.31517197e-05,   2.876248512e-05,   -0.004331306446,                 0,     -0.2414399511,     -0.7362339851,      -2.930441561,   0.0001702433792,   -0.000695751831,  -0.0006513223946,    0.008051645812,  -4.898275243e-05,     0.08522138949,   2.661971852e-05,      0.1089075933,     0.06625713471,  -0.0002569554256,   0.0003424332594,   0.0009525902284,                 0,      0.1161872562,       0.122524391,      0.3063693554,                 0,       1.180854063,       14.25615554,       2.292269191,    -0.06992681194
          0,           0,          80,       2.792940723,       2.737788354,      -11.87271069,      -11.80412168,      -12.62761754,      -12.58298383,      -11.86810324,                         3,      -1.531398794,    0.005581118477,       16.51291899,       97.08171481,               100,       99.99998616,      0.0039269908,      0.2978013228,      0.5255877421,    0.001038067444,    -0.00431569561,      -3.907945293,    0.006655582621,      0.2604127463,    0.001038067444,       0.545081007,       1.764893914,      -6.219770067,      -6.182473668,      -6.500485489,      -6.554760642,      -6.219135861,      0.0931186079,    0.008573424573,       0.130013546,      0.0660957444,      0.1099594867,      0.1222240743,      0.2980260459,   -0.004621864689,  -0.0002569554187,   0.0003424325108,   0.0009525903516,                 0,  -1.315171981e-05,   2.876249277e-05,   -0.004331306383,                 0,     -0.2414399517,     -0.7362340202,      -2.930441565,    0.000170243951,  -0.0006957518201,  -0.0006513298065,    0.008051647054,  -4.898280578e-05,      0.0852213896,   2.661971452e-05,      0.1089075935,     0.06625714347,  -0.0002569554187,   0.0003424325108,   0.0009525903516,                 0,      0.1161872566,      0.1225243944,       0.306369356,                 0,       1.180854065,       14.25615554,       2.292269192,    -0.06992681194
          0,           0,          81,       2.782516755,       2.738333822,      -11.94267105,      -11.86866537,      -12.70573731,      -12.65792379,      -11.93592962,                         3,      -1.535323114,    0.005581118477,       16.51291899,               100,               100,               100,      0.0039269908,       0.297801331,      0.5255877454,    0.001038066873,   -0.004315695543,      -3.907945329,    0.006655576904,      0.2604127542,    0.001038066873,      0.5450810108,       1.764893876,      -6.289730426,      -6.247017354,      -6.578605262,      -6.629700602,      -6.286962245,     0.09311860802,     0.00857342478,      0.1300135461,     0.06609575206,       0.109959487,      0.1222240773,      0.2980260463,   -0.004621865225,  -0.0002569554128,   0.0003424318391,   0.0009525904468,                 0,   -1.31517199e-05,   2.876249947e-05,   -0.004331306323,                 0,     -0.2414399523,     -0.7362340514,       -2.93044157,   0.0001702444539,  -0.0006957518106,  -0.0006513364546,    0.008051648014,  -4.898284487e-05,     0.08522138971,   2.661971096e-05,      0.1089075936,     0.06625715115,  -0.0002569554128,   0.0003424318391,   0.0009525904468,                 0,      0.1161872569,      0.1225243974,      0.3063693564,                 0,       1.180854067,       14.25615555,       2.292269192,    -0.06992681194
          0,           0,          82,       2.716644791,       2.738072508,      -12.01138294,      -11.93211795,      -12.78197356,      -12.73140476,      -12.00229742,                         3,      -1.538560472,    0.005581118478,       16.51291899,               100,               100,               100,      0.0039269908,      0.2978013382,      0.5255877482,    0.001038066383,   -0.004315695489,       -3.90794536,    0.006655571993,      0.2604127611,    0.001038066383,      0.5450810141,       1.764893843,       -6.35844232,       -6.31046994,       -6.65484151,      -6.703181574,      -6.353330047,     0.09311860813,    0.008573424963,      0.1300135463,     0.06609575879,      0.1099594872,      0.1222240799,      0.2980260467,   -0.004621865695,  -0.0002569554076,   0.0003424312534,   0.0009525905367,                 0,  -1.315171997e-05,    2.87625054e-05,   -0.004331306274,                 0,     -0.2414399528,      -0.736234079,      -2.930441573,    0.000170244885,  -0.0006957518024,  -0.0006513422503,    0.008051648922,  -4.898287665e-05,     0.08522138979,   2.661970783e-05,      0.1089075937,     0.06625715789,  -0.0002569554076,   0.0003424312534,   0.0009525905367,                 0,      0.1161872572,      0.1225244001,      0.3063693568,                 0,       1.180854068,       14.25615556,       2.292269192,    -0.06992681194
          0,           0,          83,       2.710972366,       2.737749888,      -12.07766264,      -11.99363376,      -12.85491004,      -12.80128162,      -12.06601189,                         3,      -1.542590754,    0.005581118478,       16.51291899,               100,               100,               100,      0.0039269908,      0.2978013445,      0.5255877507,     0.00103806593,   -0.004315695435,      -3.907945388,    0.006655567465,      0.2604127673,     0.00103806593,       0.545081017,       1.764893814,      -6.424722012,       -6.37198575,      -6.727777985,      -6.773058433,      -6.417044514,     0.09311860822,    0.008573425124,      0.1300135464,     0.06609576476,      0.1099594875,      0.1222240823,       0.298026047,   -0.004621866113,  -0.0002569554032,   0.0003424307257,   0.0009525906072,                 0,  -1.315172004e-05,   2.876251059e-05,   -0.004331306225,                 0,     -0.2414399532,     -0.7362341033,      -2.930441577,   0.0001702452726,  -0.0006957517955,  -0.0006513474735,    0.008051649634,  -4.898290005e-05,     0.08522138987,   2.661970509e-05,      0.1089075938,     0.06625716388,  -0.0002569554032,   0.0003424307257,   0.0009525906072,                 0,      0.1161872575,      0.1225244025,      0.3063693571,                 0,        1.18085407,       14.25615556,       2.292269192,    -0.06992681194
          0,           0,          84,       3.161475939,         2.7427349,       -12.1441155,      -12.05543625,      -12.92682861,      -12.87065691,      -12.12988163,                         3,      -1.545679218,    0.005581118478,       16.51291899,               100,               100,               100,      0.0039269908,        0.29780135,      0.5255877529,     0.00103806554,   -0.004315695389,      -3.907945412,    0.006655563584,      0.2604127725,     0.00103806554,      0.5450810196,       1.764893789,      -6.491174876,      -6.433788237,      -6.799696563,      -6.842433723,      -6.480914257,     0.09311860831,    0.008573425266,      0.1300135465,     0.06609576985,      0.1099594877,      0.1222240843,      0.2980260473,   -0.004621866469,  -0.0002569553993,    0.000342430263,   0.0009525906758,                 0,   -1.31517201e-05,   2.876251518e-05,   -0.004331306185,                 0,     -0.2414399536,     -0.7362341246,      -2.930441579,   0.0001702456525,  -0.0006957517892,  -0.0006513520524,    0.008051650326,  -4.898290034e-05,     0.08522138994,   2.661970271e-05,      0.1089075939,     0.06625716899,  -0.0002569553993,    0.000342430263,   0.0009525906758,                 0,      0.1161872577,      0.1225244045,      0.3063693574,                 0,       1.180854071,       14.25615557,       2.292269193,    -0.06992681194
          0,           0,          85,       2.662561413,        2.74180265,      -12.20950389,      -12.11650662,      -12.99712824,      -12.93857162,      -12.19270633,                         3,      -1.549091214,    0.005581118479,       16.51291899,               100,               100,               100,      0.0039269908,      0.2978013547,      0.5255877549,    0.001038065183,   -0.004315695346,      -3.907945433,    0.006655560029,      0.2604127771,    0.001038065183,      0.5450810219,       1.764893768,      -6.556563269,      -6.494858606,      -6.869996193,      -6.910348433,      -6.543738954,     0.09311860838,    0.008573425392,      0.1300135466,     0.06609577431,      0.1099594879,      0.1222240862,      0.2980260476,    -0.00462186678,  -0.0002569553959,   0.0003424298505,   0.0009525907281,                 0,  -1.315172016e-05,    2.87625192e-05,   -0.004331306145,                 0,     -0.2414399539,     -0.7362341435,      -2.930441582,   0.0001702459746,  -0.0006957517838,  -0.0006513561367,    0.008051650853,  -4.898290389e-05,        0.08522139,   2.661970058e-05,       0.108907594,     0.06625717345,  -0.0002569553959,   0.0003424298505,   0.0009525907281,                 0,      0.1161872579,      0.1225244064,      0.3063693577,                 0,       1.180854072,       14.25615557,       2.292269193,    -0.06992681194
          0,           0,          86,       2.727813562,       2.741641856,      -12.27391287,      -12.17700257,      -13.06610312,      -13.00529862,      -12.25478245,                         3,      -1.552659243,    0.005581118479,       16.51291899,               100,               100,               100,      0.0039269908,      0.2978013589,      0.5255877566,    0.001038064874,   -0.004315695311,      -3.907945452,    0.006655556961,      0.2604127812,    0.001038064874,      0.5450810239,       1.764893749,      -6.620972247,      -6.555354555,      -6.938971067,      -6.977075432,      -6.605815072,     0.09311860844,    0.008573425502,      0.1300135467,     0.06609577822,       0.109959488,      0.1222240878,      0.2980260478,   -0.004621867054,  -0.0002569553929,   0.0003424294881,   0.0009525907793,                 0,   -1.31517202e-05,   2.876252275e-05,   -0.004331306114,                 0,     -0.2414399542,     -0.7362341601,      -2.930441584,   0.0001702462555,  -0.0006957517791,  -0.0006513597242,     0.00805165137,  -4.898290594e-05,     0.08522139005,   2.661969874e-05,      0.1089075941,     0.06625717737,  -0.0002569553929,   0.0003424294881,   0.0009525907793,                 0,       0.116187258,       0.122524408,      0.3063693579,                 0,       1.180854073,       14.25615558,       2.292269193,    -0.06992681194
          0,           0,          87,       2.630587723,       2.740379877,      -12.33756762,      -12.23711115,       -13.1340847,      -13.07123272,      -12.31637782,                         3,      -1.555807741,    0.005581118479,       16.51291899,               100,               100,               100,      0.0039269908,      0.2978013625,      0.5255877581,    0.001038064594,   -0.004315695278,      -3.907945469,     0.00665555417,      0.2604127847,    0.001038064594,      0.5450810257,       1.764893732,      -6.684626991,      -6.615463138,      -7.006952646,      -7.043009528,       -6.66741044,      0.0931186085,      0.0085734256,      0.1300135468,     0.06609578165,      0.1099594882,      0.1222240892,       0.298026048,   -0.004621867293,  -0.0002569553904,   0.0003424291667,   0.0009525908178,                 0,  -1.315172024e-05,   2.876252587e-05,   -0.004331306083,                 0,     -0.2414399545,     -0.7362341749,      -2.930441586,   0.0001702464922,   -0.000695751775,   -0.000651362905,     0.00805165176,  -4.898290973e-05,      0.0852213901,   2.661969708e-05,      0.1089075941,     0.06625718081,  -0.0002569553904,   0.0003424291667,   0.0009525908178,                 0,      0.1161872582,      0.1225244094,      0.3063693581,                 0,       1.180854074,       14.25615558,       2.292269194,    -0.06992681194
          0,           0,          88,        2.68241017,       2.739728532,      -12.39935789,      -12.29592848,      -13.20001001,      -13.13458536,      -12.37622841,                         3,      -1.559162782,     0.00558111848,       16.51291899,               100,               100,               100,      0.0039269908,      0.2978013658,      0.5255877594,     0.00103806435,    -0.00431569525,      -3.907945483,     0.00665555174,      0.2604127879,     0.00103806435,      0.5450810272,       1.764893717,       -6.74641727,      -6.674280467,      -7.072877956,      -7.106362173,       -6.72726103,     0.09311860854,    0.008573425686,      0.1300135468,      0.0660957847,      0.1099594883,      0.1222240904,      0.2980260482,   -0.004621867507,  -0.0002569553882,   0.0003424288818,   0.0009525908565,                 0,  -1.315172028e-05,   2.876252861e-05,   -0.004331306059,                 0,     -0.2414399547,     -0.7362341878,      -2.930441588,    0.000170246705,  -0.0006957517716,  -0.0006513657258,     0.00805165215,  -4.898291234e-05,     0.08522139014,   2.661969567e-05,      0.1089075942,     0.06625718387,  -0.0002569553882,   0.0003424288818,   0.0009525908565,                 0,      0.1161872583,      0.1225244106,      0.3063693583,                 0,       1.180854074,       14.25615558,       2.292269194,    -0.06992681194
          0,           0,          89,       2.613280285,       2.738323552,      -12.46190187,      -12.35549175,      -13.26605118,      -13.19868855,      -12.43693664,                         3,      -1.561213277,     0.00558111848,       16.51291899,               100,               100,               100,      0.0039269908,      0.2978013685,      0.5255877606,    0.001038064129,   -0.004315695222,      -3.907945496,    0.006655549554,      0.2604127905,    0.001038064129,      0.5450810286,       1.764893705,       -6.80896125,      -6.733843737,      -7.138919132,      -7.170465366,      -6.787969266,     0.09311860859,    0.008573425762,      0.1300135469,      0.0660957873,      0.1099594884,      0.1222240915,      0.2980260483,   -0.004621867689,  -0.0002569553863,   0.0003424286295,   0.0009525908863,                 0,  -1.315172031e-05,   2.876253103e-05,   -0.004331306033,                 0,     -0.2414399549,     -0.7362341991,      -2.930441589,   0.0001702469091,  -0.0006957517685,  -0.0006513682225,    0.008051652451,  -4.898290565e-05,     0.08522139017,   2.661969441e-05,      0.1089075942,     0.06625718647,  -0.0002569553863,   0.0003424286295,   0.0009525908863,                 0,      0.1161872584,      0.1225244118,      0.3063693584,                 0,       1.180854075,       14.25615558,       2.292269194,    -0.06992681194
          0,           0,          90,       2.625389128,       2.737082514,      -12.52376684,      -12.41463356,       -13.3311893,      -13.26211614,      -12.49702989,                         3,      -1.563432813,     0.00558111848,       16.51291899,               100,               100,               100,      0.0039269908,       0.297801371,      0.5255877616,    0.001038063937,   -0.004315695201,      -3.907945507,    0.006655547639,      0.2604127929,    0.001038063937,      0.5450810298,       1.764893694,      -6.870826219,      -6.792985543,      -7.204057246,      -7.233892956,       -6.84806251,     0.09311860862,    0.008573425828,      0.1300135469,     0.06609578958,      0.1099594885,      0.1222240925,      0.2980260485,   -0.004621867848,  -0.0002569553846,   0.0003424284061,   0.0009525909151,                 0,  -1.315172034e-05,   2.876253315e-05,   -0.004331306014,                 0,     -0.2414399551,     -0.7362342091,       -2.93044159,   0.0001702470819,  -0.0006957517659,  -0.0006513704349,    0.008051652742,  -4.898290236e-05,      0.0852213902,   2.661969333e-05,      0.1089075942,     0.06625718876,  -0.0002569553846,   0.0003424284061,   0.0009525909151,                 0,      0.1161872585,      0.1225244127,      0.3063693586,                 0,       1.180854076,       14.25615559,       2.292269194,    -0.06992681194
          0,           0,          91,       2.779062885,       2.737538822,      -12.58498264,      -12.47343292,      -13.39542691,      -13.32482406,      -12.55667847,                         3,      -1.565831242,     0.00558111848,       16.51291899,               100,               100,               100,      0.0039269908,      0.2978013731,      0.5255877625,    0.001038063764,   -0.004315695179,      -3.907945517,    0.006655545929,      0.2604127949,    0.001038063764,      0.5450810308,       1.764893684,      -6.932042012,      -6.851784908,      -7.268294861,      -7.296600872,      -6.907711094,     0.09311860865,    0.008573425887,       0.130013547,     0.06609579158,      0.1099594886,      0.1222240934,      0.2980260486,   -0.004621867988,  -0.0002569553832,     0.00034242821,   0.0009525909375,                 0,  -1.315172036e-05,   2.876253503e-05,   -0.004331305994,                 0,     -0.2414399552,     -0.7362342179,      -2.930441591,   0.0001702472309,  -0.0006957517636,  -0.0006513723771,    0.008051652968,  -4.898289904e-05,     0.08522139023,   2.661969236e-05,      0.1089075943,     0.06625719076,  -0.0002569553832,     0.00034242821,   0.0009525909375,                 0,      0.1161872586,      0.1225244136,      0.3063693587,                 0,       1.180854076,       14.25615559,       2.292269194,    -0.06992681194
          0,           0,          92,       2.566937307,       2.735704397,      -12.64574272,      -12.53204054,      -13.45896164,      -13.38707499,      -12.61610298,                         3,      -1.568051255,     0.00558111848,       16.51291899,               100,               100,               100,      0.0039269908,      0.2978013749,      0.5255877633,    0.001038063612,   -0.004315695163,      -3.907945526,    0.006655544414,      0.2604127968,    0.001038063612,      0.5450810317,       1.764893676,        -6.9928021,      -6.910392526,      -7.331829588,      -7.358851799,      -6.967135608,     0.09311860868,    0.008573425938,       0.130013547,     0.06609579333,      0.1099594887,      0.1222240941,      0.2980260487,    -0.00462186811,   -0.000256955382,   0.0003424280351,   0.0009525909587,                 0,  -1.315172038e-05,   2.876253666e-05,   -0.004331305979,                 0,     -0.2414399553,     -0.7362342257,      -2.930441592,   0.0001702473563,  -0.0006957517616,   -0.000651374109,    0.008051653182,  -4.898289783e-05,     0.08522139025,   2.661969151e-05,      0.1089075943,     0.06625719252,   -0.000256955382,   0.0003424280351,   0.0009525909587,                 0,      0.1161872587,      0.1225244143,      0.3063693588,                 0,       1.180854077,       14.25615559,       2.292269195,    -0.06992681194
          0,           0,          93,       2.703574062,       2.735362585,      -12.70492045,      -12.58955908,      -13.52071826,      -13.44694029,      -12.67404248,                         3,      -1.570567076,     0.00558111848,       16.51291899,               100,               100,               100,      0.0039269908,      0.2978013766,       0.525587764,    0.001038063477,   -0.004315695145,      -3.907945534,    0.006655543079,      0.2604127984,    0.001038063477,      0.5450810326,       1.764893668,      -7.051979821,      -6.967911065,      -7.393586207,      -7.418717107,      -7.025075099,     0.09311860871,    0.008573425983,       0.130013547,     0.06609579489,      0.1099594887,      0.1222240948,      0.2980260488,   -0.004621868219,   -0.000256955381,   0.0003424278823,   0.0009525909759,                 0,   -1.31517204e-05,   2.876253812e-05,   -0.004331305963,                 0,     -0.2414399555,     -0.7362342325,      -2.930441593,   0.0001702474684,    -0.00069575176,   -0.000651375622,    0.008051653356,  -4.898289581e-05,     0.08522139027,   2.661969077e-05,      0.1089075943,     0.06625719408,   -0.000256955381,   0.0003424278823,   0.0009525909759,                 0,      0.1161872587,       0.122524415,      0.3063693589,                 0,       1.180854077,       14.25615559,       2.292269195,    -0.06992681194
          0,           0,          94,       2.559921835,       2.733515841,        -12.765194,      -12.64801612,      -13.58297905,      -13.50798993,      -12.73313093,                         3,      -1.572123794,     0.00558111848,       16.51291899,               100,               100,               100,      0.0039269908,       0.297801378,      0.5255877646,    0.001038063356,   -0.004315695133,       -3.90794554,    0.006655541881,      0.2604127997,    0.001038063356,      0.5450810333,       1.764893662,      -7.112253378,      -7.026368108,      -7.455846998,      -7.479766747,      -7.084163549,     0.09311860873,    0.008573426023,      0.1300135471,     0.06609579621,      0.1099594888,      0.1222240954,      0.2980260488,   -0.004621868312,  -0.0002569553801,   0.0003424277442,    0.000952590992,                 0,  -1.315172042e-05,   2.876253938e-05,   -0.004331305952,                 0,     -0.2414399556,     -0.7362342385,      -2.930441594,   0.0001702475756,  -0.0006957517585,  -0.0006513769892,    0.008051653519,  -4.898289033e-05,     0.08522139029,   2.661969013e-05,      0.1089075943,     0.06625719541,  -0.0002569553801,   0.0003424277442,    0.000952590992,                 0,      0.1161872588,      0.1225244156,      0.3063693589,                 0,       1.180854077,       14.25615559,       2.292269195,    -0.06992681194
          0,           0,          95,       2.682366974,        2.73298304,       -12.8250823,      -12.70623527,      -13.64475858,      -13.56874698,      -12.79185691,                         3,      -1.573953924,     0.00558111848,       16.51291899,               100,               100,               100,      0.0039269908,      0.2978013793,      0.5255877652,    0.001038063252,   -0.004315695118,      -3.907945546,    0.006655540847,      0.2604128009,    0.001038063252,      0.5450810339,       1.764893657,      -7.172141675,       -7.08458726,      -7.517626525,      -7.540523788,      -7.142889539,     0.09311860875,    0.008573426058,      0.1300135471,     0.06609579737,      0.1099594888,      0.1222240959,      0.2980260489,   -0.004621868393,  -0.0002569553793,   0.0003424276258,   0.0009525910052,                 0,  -1.315172043e-05,   2.876254051e-05,   -0.004331305939,                 0,     -0.2414399556,     -0.7362342437,      -2.930441595,    0.000170247666,  -0.0006957517572,  -0.0006513781623,    0.008051653653,  -4.898288591e-05,      0.0852213903,   2.661968956e-05,      0.1089075944,     0.06625719658,  -0.0002569553793,   0.0003424276258,   0.0009525910052,                 0,      0.1161872588,      0.1225244161,       0.306369359,                 0,       1.180854077,       14.25615559,       2.292269195,    -0.06992681194
          0,           0,          96,       2.717325709,       2.732821624,      -12.88459639,      -12.76427127,      -13.70609531,      -13.62916992,      -12.85036508,                         3,       -1.57625788,    0.005581118481,       16.51291899,               100,               100,               100,      0.0039269908,      0.2978013803,      0.5255877657,    0.001038063156,   -0.004315695109,      -3.907945552,    0.006655539898,       0.260412802,    0.001038063156,      0.5450810345,       1.764893652,      -7.231655768,      -7.142623256,      -7.578963256,      -7.600946736,      -7.201397701,     0.09311860876,    0.008573426089,      0.1300135471,     0.06609579839,      0.1099594889,      0.1222240963,       0.298026049,   -0.004621868464,  -0.0002569553786,   0.0003424275174,    0.000952591017,                 0,  -1.315172045e-05,   2.876254148e-05,    -0.00433130593,                 0,     -0.2414399557,     -0.7362342483,      -2.930441595,   0.0001702477442,  -0.0006957517561,  -0.0006513792352,    0.008051653772,   -4.89828828e-05,     0.08522139031,   2.661968906e-05,      0.1089075944,      0.0662571976,  -0.0002569553786,   0.0003424275174,    0.000952591017,                 0,      0.1161872589,      0.1225244165,      0.3063693591,                 0,       1.180854078,       14.25615559,       2.292269195,    -0.06992681194
          0,           0,          97,       2.805384359,        2.73356206,      -12.94392454,      -12.82226237,      -13.76717278,      -13.68950477,      -12.90885489,                         3,      -1.578255235,    0.005581118481,       16.51291899,               100,               100,               100,      0.0039269908,      0.2978013813,      0.5255877661,    0.001038063075,   -0.004315695098,      -3.907945556,    0.006655539096,      0.2604128029,    0.001038063075,      0.5450810349,       1.764893648,      -7.290983912,      -7.200614357,      -7.640040726,      -7.661281579,      -7.259887511,     0.09311860878,    0.008573426116,      0.1300135471,     0.06609579927,      0.1099594889,      0.1222240967,       0.298026049,   -0.004621868526,   -0.000256955378,   0.0003424274255,   0.0009525910273,                 0,  -1.315172046e-05,   2.876254236e-05,    -0.00433130592,                 0,     -0.2414399558,     -0.7362342524,      -2.930441596,   0.0001702478127,  -0.0006957517552,  -0.0006513801456,    0.008051653875,  -4.898287873e-05,     0.08522139033,   2.661968862e-05,      0.1089075944,     0.06625719848,   -0.000256955378,   0.0003424274255,   0.0009525910273,                 0,      0.1161872589,      0.1225244169,      0.3063693591,                 0,       1.180854078,        14.2561556,       2.292269195,    -0.06992681194
          0,           0,          98,       2.803375609,       2.734267248,        -13.002761,      -12.87994747,       -13.8277987,       -13.7491536,      -12.96695009,                         3,      -1.580471544,    0.005581118481,       16.51291899,               100,               100,               100,      0.0039269908,      0.2978013821,      0.5255877665,    0.001038062999,   -0.004315695091,       -3.90794556,    0.006655538344,      0.2604128037,    0.001038062999,      0.5450810354,       1.764893644,      -7.349820379,      -7.258299457,      -7.700666649,      -7.720930409,      -7.317982715,     0.09311860879,     0.00857342614,      0.1300135471,     0.06609580006,      0.1099594889,       0.122224097,       0.298026049,   -0.004621868581,  -0.0002569553775,   0.0003424273405,   0.0009525910359,                 0,  -1.315172047e-05,    2.87625431e-05,   -0.004331305913,                 0,     -0.2414399558,      -0.736234256,      -2.930441596,   0.0001702478723,  -0.0006957517544,   -0.000651380988,    0.008051653963,  -4.898287639e-05,     0.08522139033,   2.661968824e-05,      0.1089075944,     0.06625719927,  -0.0002569553775,   0.0003424273405,   0.0009525910359,                 0,      0.1161872589,      0.1225244173,      0.3063693592,                 0,       1.180854078,        14.2561556,       2.292269195,    -0.06992681194
          0,           0,          99,       2.754912241,       2.734473698,      -13.06183315,      -12.93783666,      -13.88845904,      -13.80895586,      -13.02524694,                         3,      -1.581918295,    0.005581118481,       16.51291899,               100,               100,               100,      0.0039269908,      0.2978013828,      0.5255877668,    0.001038062937,   -0.004315695081,      -3.907945564,    0.006655537731,      0.2604128044,    0.001038062937,      0.5450810357,       1.764893641,      -7.408892524,      -7.316188647,      -7.761326986,      -7.780732669,      -7.376279565,      0.0931186088,    0.008573426161,      0.1300135471,     0.06609580073,       0.109959489,      0.1222240974,      0.2980260491,   -0.004621868628,  -0.0002569553771,   0.0003424272699,    0.000952591044,                 0,  -1.315172048e-05,   2.876254379e-05,   -0.004331305905,                 0,     -0.2414399559,     -0.7362342591,      -2.930441597,   0.0001702479257,  -0.0006957517537,  -0.0006513816873,    0.008051654045,  -4.898287262e-05,     0.08522139034,   2.661968791e-05,      0.1089075944,     0.06625719994,  -0.0002569553771,   0.0003424272699,    0.000952591044,                 0,       0.116187259,      0.1225244176,      0.3063693592,                 0,       1.180854078,        14.2561556,       2.292269195,    -0.06992681194
          0,           0,         100,       2.583393981,       2.732977859,      -13.12073471,      -12.99561885,      -13.94884333,      -13.86853881,      -13.08336811,                         3,      -1.583564804,    0.005581118481,       16.51291899,               100,               100,               100,      0.0039269908,      0.2978013835,      0.5255877671,    0.001038062877,   -0.004315695076,      -3.907945567,    0.006655537135,       0.260412805,    0.001038062877,      0.5450810361,       1.764893638,      -7.467794088,      -7.373970839,      -7.821711278,      -7.840315623,      -7.434400732,     0.09311860881,    0.008573426179,      0.1300135471,     0.06609580133,       0.109959489,      0.1222240976,      0.2980260491,    -0.00462186867,  -0.0002569553767,   0.0003424272031,   0.0009525910503,                 0,  -1.315172048e-05,   2.876254436e-05,     -0.0043313059,                 0,     -0.2414399559,     -0.7362342619,      -2.930441597,   0.0001702479724,  -0.0006957517531,  -0.0006513823496,    0.008051654108,  -4.898287004e-05,     0.08522139035,   2.661968762e-05,      0.1089075944,     0.06625720054,  -0.0002569553767,   0.0003424272031,   0.0009525910503,                 0,       0.116187259,      0.1225244178,      0.3063693592,                 0,       1.180854078,        14.2561556,       2.292269196,    -0.06992681194
          0,           0,         101,       3.001060943,       2.735606124,      -13.17947363,      -13.05332546,      -14.00892973,      -13.92791643,      -13.14140338,                         3,      -1.585154757,    0.005581118481,       16.51291899,               100,               100,               100,      0.0039269908,       0.297801384,      0.5255877673,    0.001038062829,   -0.004315695069,      -3.907945569,    0.006655536665,      0.2604128055,    0.001038062829,      0.5450810363,       1.764893636,      -7.526533004,       -7.43167745,      -7.881797674,      -7.899693243,      -7.492436007,     0.09311860882,    0.008573426195,      0.1300135472,     0.06609580184,       0.109959489,      0.1222240979,      0.2980260492,   -0.004621868706,  -0.0002569553764,   0.0003424271487,   0.0009525910567,                 0,  -1.315172049e-05,   2.876254489e-05,   -0.004331305893,                 0,      -0.241439956,     -0.7362342643,      -2.930441597,   0.0001702480134,  -0.0006957517526,  -0.0006513828882,    0.008051654173,  -4.898286672e-05,     0.08522139036,   2.661968736e-05,      0.1089075944,     0.06625720106,  -0.0002569553764,   0.0003424271487,   0.0009525910567,                 0,       0.116187259,      0.1225244181,      0.3063693593,                 0,       1.180854079,        14.2561556,       2.292269196,    -0.06992681194
          0,           0,         102,       2.684452345,       2.735109486,      -13.23808525,      -13.11098195,       -14.0688543,       -13.9871795,      -13.19939702,                         3,      -1.586962113,    0.005581118481,       16.51291899,               100,               100,               100,      0.0039269908,      0.2978013845,      0.5255877675,    0.001038062781,   -0.004315695065,      -3.907945572,     0.00665553619,       0.260412806,    0.001038062781,      0.5450810366,       1.764893633,      -7.585144628,      -7.489333935,      -7.941722247,       -7.95895631,      -7.550429639,     0.09311860882,     0.00857342621,      0.1300135472,     0.06609580229,       0.109959489,      0.1222240981,      0.2980260492,   -0.004621868737,  -0.0002569553761,   0.0003424270959,   0.0009525910612,                 0,   -1.31517205e-05,   2.876254533e-05,    -0.00433130589,                 0,      -0.241439956,     -0.7362342664,      -2.930441597,   0.0001702480499,  -0.0006957517521,  -0.0006513834119,    0.008051654218,  -4.898286414e-05,     0.08522139036,   2.661968713e-05,      0.1089075944,      0.0662572015,  -0.0002569553761,   0.0003424270959,   0.0009525910612,                 0,       0.116187259,      0.1225244183,      0.3063693593,                 0,       1.180854079,        14.2561556,       2.292269196,    -0.06992681194
          0,           0,         103,       2.657671028,       2.734364885,      -13.29651447,      -13.16853556,      -14.12856428,      -14.04614982,      -13.25726702,                         3,      -1.588725528,    0.005581118481,       16.51291899,               100,               100,               100,      0.0039269908,      0.2978013849,      0.5255877677,    0.001038062745,   -0.004315695059,      -3.907945574,    0.006655535832,      0.2604128064,    0.001038062745,      0.5450810368,       1.764893632,       -7.64357385,      -7.546887546,      -8.001432233,      -8.017926637,      -7.608299641,     0.09311860883,    0.008573426222,      0.1300135472,     0.06609580269,       0.109959489,      0.1222240982,      0.2980260492,   -0.004621868765,  -0.0002569553759,   0.0003424270541,   0.0009525910664,                 0,   -1.31517205e-05,   2.876254574e-05,   -0.004331305884,                 0,      -0.241439956,     -0.7362342683,      -2.930441598,   0.0001702480814,  -0.0006957517518,  -0.0006513838254,    0.008051654271,  -4.898286133e-05,     0.08522139037,   2.661968694e-05,      0.1089075944,      0.0662572019,  -0.0002569553759,   0.0003424270541,   0.0009525910664,                 0,       0.116187259,      0.1225244185,      0.3063693593,                 0,       1.180854079,        14.2561556,       2.292269196,    -0.06992681194
          0,           0,         104,        2.74223269,       2.734439817,      -13.35494151,       -13.2261023,      -14.18817415,      -14.10504037,       -13.3151054,                         3,      -1.590518278,    0.005581118481,       16.51291899,               100,               100,               100,      0.0039269908,      0.2978013853,      0.5255877679,    0.001038062707,   -0.004315695056,      -3.907945576,    0.006655535457,      0.2604128067,    0.001038062707,       0.545081037,        1.76489363,      -7.702000888,      -7.604454284,      -8.061042099,      -8.076817178,      -7.666138027,     0.09311860884,    0.008573426233,      0.1300135472,     0.06609580304,      0.1099594891,      0.1222240984,      0.2980260492,   -0.004621868789,  -0.0002569553757,   0.0003424270128,   0.0009525910695,                 0,  -1.315172051e-05,   2.876254607e-05,   -0.004331305882,                 0,     -0.2414399561,     -0.7362342699,      -2.930441598,   0.0001702481093,  -0.0006957517514,   -0.000651384235,    0.008051654303,  -4.898285935e-05,     0.08522139037,   2.661968677e-05,      0.1089075944,     0.06625720225,  -0.0002569553757,   0.0003424270128,   0.0009525910695,                 0,      0.1161872591,      0.1225244186,      0.3063693593,                 0,       1.180854079,        14.2561556,       2.292269196,    -0.06992681194
          0,           0,         105,       2.683289015,       2.733957262,       -13.4132972,       -13.2836287,      -14.24760646,       -14.1637775,      -13.37286877,                         3,      -1.591877676,    0.005581118481,       16.51291899,               100,               100,               100,      0.0039269908,      0.2978013856,       0.525587768,    0.001038062679,   -0.004315695052,      -3.907945577,    0.006655535185,      0.2604128071,    0.001038062679,      0.5450810372,       1.764893629,      -7.760356577,      -7.661980685,      -8.120474411,      -8.135554309,      -7.723901389,     0.09311860884,    0.008573426242,      0.1300135472,     0.06609580334,      0.1099594891,      0.1222240985,      0.2980260492,    -0.00462186881,  -0.0002569553755,   0.0003424269808,   0.0009525910737,                 0,  -1.315172051e-05,    2.87625464e-05,   -0.004331305877,                 0,     -0.2414399561,     -0.7362342714,      -2.930441598,   0.0001702481338,  -0.0006957517511,   -0.000651384552,    0.008051654345,  -4.898285673e-05,     0.08522139038,   2.661968662e-05,      0.1089075944,     0.06625720255,  -0.0002569553755,   0.0003424269808,   0.0009525910737,                 0,      0.1161872591,      0.1225244188,      0.3063693594,                 0,       1.180854079,        14.2561556,       2.292269196,    -0.06992681194
          0,           0,         106,         3.0067524,       2.736506749,      -13.47155804,      -13.34111573,      -14.30696095,      -14.22246777,      -13.43061055,                         3,      -1.593757635,    0.005581118481,       16.51291899,               100,               100,               100,      0.0039269908,      0.2978013859,      0.5255877682,    0.001038062649,    -0.00431569505,      -3.907945579,    0.006655534887,      0.2604128073,    0.001038062649,      0.5450810373,       1.764893627,      -7.818617417,      -7.719467716,      -8.179828899,      -8.194244587,       -7.78164317,     0.09311860884,    0.008573426251,      0.1300135472,      0.0660958036,      0.1099594891,      0.1222240987,      0.2980260493,   -0.004621868829,  -0.0002569553754,   0.0003424269483,   0.0009525910759,                 0,  -1.315172051e-05,   2.876254665e-05,   -0.004331305876,                 0,     -0.2414399561,     -0.7362342726,      -2.930441598,   0.0001702481555,  -0.0006957517509,  -0.0006513848744,    0.008051654367,  -4.898285497e-05,     0.08522139038,   2.661968648e-05,      0.1089075944,     0.06625720282,  -0.0002569553754,   0.0003424269483,   0.0009525910759,                 0,      0.1161872591,      0.1225244189,      0.3063693594,                 0,       1.180854079,        14.2561556,       2.292269196,    -0.06992681194
          0,           0,         107,       2.818199894,       2.737263167,      -13.52977585,      -13.39859231,      -14.36629325,      -14.28115156,      -13.48835541,                         3,      -1.595148034,    0.005581118481,       16.51291899,               100,               100,               100,      0.0039269908,      0.2978013861,      0.5255877683,    0.001038062628,   -0.004315695046,       -3.90794558,     0.00665553468,      0.2604128076,    0.001038062628,      0.5450810375,       1.764893626,      -7.876835225,      -7.776944296,      -8.239161199,      -8.252928375,      -7.839388035,     0.09311860885,    0.008573426258,      0.1300135472,     0.06609580383,      0.1099594891,      0.1222240988,      0.2980260493,   -0.004621868844,  -0.0002569553752,   0.0003424269237,   0.0009525910793,                 0,  -1.315172052e-05,   2.876254691e-05,   -0.004331305872,                 0,     -0.2414399561,     -0.7362342737,      -2.930441598,   0.0001702481747,  -0.0006957517507,  -0.0006513851187,    0.008051654402,  -4.898285253e-05,     0.08522139038,   2.661968637e-05,      0.1089075944,     0.06625720304,  -0.0002569553752,   0.0003424269237,   0.0009525910793,                 0,      0.1161872591,       0.122524419,      0.3063693594,                 0,       1.180854079,        14.2561556,       2.292269196,    -0.06992681194
          0,           0,         108,       2.725657579,       2.737156694,      -13.58783693,      -13.45597418,      -14.42549467,      -14.33965855,      -13.54599581,                         3,      -1.597290737,    0.005581118482,       16.51291899,               100,               100,               100,      0.0039269908,      0.2978013863,      0.5255877684,    0.001038062604,   -0.004315695044,      -3.907945581,    0.006655534443,      0.2604128078,    0.001038062604,      0.5450810376,       1.764893625,      -7.934896309,      -7.834326171,      -8.298362621,      -8.311435361,      -7.897028429,     0.09311860885,    0.008573426265,      0.1300135472,     0.06609580403,      0.1099594891,      0.1222240989,      0.2980260493,   -0.004621868859,  -0.0002569553751,   0.0003424268981,   0.0009525910808,                 0,  -1.315172052e-05,    2.87625471e-05,   -0.004331305871,                 0,     -0.2414399561,     -0.7362342747,      -2.930441598,   0.0001702481914,  -0.0006957517505,   -0.000651385372,    0.008051654417,  -4.898285109e-05,     0.08522139039,   2.661968627e-05,      0.1089075944,     0.06625720325,  -0.0002569553751,   0.0003424268981,   0.0009525910808,                 0,      0.1161872591,      0.1225244191,      0.3063693594,                 0,       1.180854079,        14.2561556,       2.292269196,    -0.06992681194
          0,           0,         109,       2.746070937,       2.737237732,      -13.64595386,      -13.51340012,      -14.48460665,      -14.39814796,      -13.60364934,                         3,      -1.598563587,    0.005581118482,       16.51291899,               100,               100,               100,      0.0039269908,      0.2978013865,      0.5255877685,    0.001038062588,   -0.004315695041,      -3.907945582,    0.006655534287,      0.2604128079,    0.001038062588,      0.5450810377,       1.764893625,      -7.993013234,      -7.891752104,      -8.357474597,      -8.369924768,      -7.954681964,     0.09311860885,     0.00857342627,      0.1300135472,     0.06609580421,      0.1099594891,      0.1222240989,      0.2980260493,   -0.004621868871,   -0.000256955375,   0.0003424268794,   0.0009525910836,                 0,  -1.315172052e-05,    2.87625473e-05,   -0.004331305868,                 0,     -0.2414399561,     -0.7362342755,      -2.930441598,   0.0001702482061,  -0.0006957517503,  -0.0006513855579,    0.008051654445,  -4.898284916e-05,     0.08522139039,   2.661968618e-05,      0.1089075945,     0.06625720342,   -0.000256955375,   0.0003424268794,   0.0009525910836,                 0,      0.1161872591,      0.1225244192,      0.3063693594,                 0,       1.180854079,        14.2561556,       2.292269196,    -0.06992681194
          0,           0,         110,       2.587219029,       2.735886213,      -13.70399866,       -13.5707842,      -14.54362993,      -14.45654725,      -13.66123232,                         3,      -1.600407284,    0.005581118482,       16.51291899,               100,               100,               100,      0.0039269908,      0.2978013867,      0.5255877685,    0.001038062569,    -0.00431569504,      -3.907945583,      0.0066555341,      0.2604128081,    0.001038062569,      0.5450810378,       1.764893624,      -8.051058039,      -7.949136192,      -8.416497881,      -8.428324067,      -8.012264942,     0.09311860886,    0.008573426276,      0.1300135472,     0.06609580436,      0.1099594891,       0.122224099,      0.2980260493,   -0.004621868882,   -0.000256955375,   0.0003424268593,   0.0009525910846,                 0,  -1.315172052e-05,   2.876254744e-05,   -0.004331305867,                 0,     -0.2414399561,     -0.7362342763,      -2.930441599,   0.0001702482191,  -0.0006957517502,  -0.0006513857565,    0.008051654455,  -4.898284784e-05,     0.08522139039,    2.66196861e-05,      0.1089075945,     0.06625720358,   -0.000256955375,   0.0003424268593,   0.0009525910846,                 0,      0.1161872591,      0.1225244192,      0.3063693594,                 0,       1.180854079,        14.2561556,       2.292269196,    -0.06992681194
          0,           0,         111,       2.648205312,       2.735103347,      -13.76200002,      -13.62815681,      -14.60262207,      -14.51490005,       -13.7188258,                         3,      -1.601765135,    0.005581118482,       16.51291899,               100,               100,               100,      0.0039269908,      0.2978013868,      0.5255877686,    0.001038062557,   -0.004315695038,      -3.907945584,    0.006655533982,      0.2604128082,    0.001038062557,      0.5450810378,       1.764893623,      -8.109059394,      -8.006508793,      -8.475490023,       -8.48667686,       -8.06985842,     0.09311860886,     0.00857342628,      0.1300135472,     0.06609580449,      0.1099594891,      0.1222240991,      0.2980260493,   -0.004621868891,  -0.0002569553749,   0.0003424268449,   0.0009525910868,                 0,  -1.315172053e-05,    2.87625476e-05,   -0.004331305865,                 0,     -0.2414399562,      -0.736234277,      -2.930441599,   0.0001702482305,    -0.00069575175,  -0.0006513858992,    0.008051654477,  -4.898284621e-05,     0.08522139039,   2.661968604e-05,      0.1089075945,     0.06625720371,  -0.0002569553749,   0.0003424268449,   0.0009525910868,                 0,      0.1161872591,      0.1225244193,      0.3063693594,                 0,       1.180854079,        14.2561556,       2.292269196,    -0.06992681194
