"Time_Iter","Outer_Iter","Inner_Iter",    "Time(sec)"   ,    "Time(sec)"   ,    "rms[Rho]"    ,    "rms[RhoU]"   ,    "rms[RhoV]"   ,    "rms[RhoW]"   ,    "rms[RhoE]"   ,"Linear_Solver_Iterations",    "LinSolRes"   ,     "Min DT"     ,     "Max DT"     ,     "Min CFL"    ,     "Max CFL"    ,     "Avg CFL"    ,    "RefForce"    ,       "CD"       ,       "CL"       ,       "CSF"      ,       "CMx"      ,       "CMy"      ,       "CMz"      ,       "CFx"      ,       "CFy"      ,       "CFz"      ,      "CEff"      ,   "relrms[Rho]"  ,  "relrms[RhoU]"  ,  "relrms[RhoV]"  ,  "relrms[RhoW]"  ,  "relrms[RhoE]"  ,    "CD(nose)"    ,    "CD(body)"    ,    "CD(fins)"    ,    "CD(base)"    ,    "CL(nose)"    ,    "CL(body)"    ,    "CL(fins)"    ,    "CL(base)"    ,    "CSF(nose)"   ,    "CSF(body)"   ,    "CSF(fins)"   ,    "CSF(base)"   ,    "CMx(nose)"   ,    "CMx(body)"   ,    "CMx(fins)"   ,    "CMx(base)"   ,    "CMy(nose)"   ,    "CMy(body)"   ,    "CMy(fins)"   ,    "CMy(base)"   ,    "CMz(nose)"   ,    "CMz(body)"   ,    "CMz(fins)"   ,    "CMz(base)"   ,    "CFx(nose)"   ,    "CFx(body)"   ,    "CFx(fins)"   ,    "CFx(base)"   ,    "CFy(nose)"   ,    "CFy(body)"   ,    "CFy(fins)"   ,    "CFy(base)"   ,    "CFz(nose)"   ,    "CFz(body)"   ,    "CFz(fins)"   ,    "CFz(base)"   ,   "CEff(nose)"   ,   "CEff(body)"   ,   "CEff(fins)"   ,   "CEff(base)"   
          0,           0,           0,       9.811025798,       9.811025798,      -6.194359914,       -6.48848086,      -7.318245421,      -7.318653022,      -6.143207392,                         2,      -1.556982931,   0.0001077216527,      0.1032061521,               2.5,              5.25,       5.247768497,      0.0039269908,       0.100409084,    0.004599979423,   0.0004451323517,   -0.005759008521,    -0.02220944362,    0.005911543396,       0.100409084,   0.0004451323517,    0.004599979423,      0.0458123831,                 0,                 0,                 0,                 0,                 0,      0.1226977347,   3.318228231e-05,     0.07774619522,     -0.1000680282,    0.002904019622,   0.0008653625542,   0.0008305972462,                 0,  -0.0003384769351,  -0.0002111494423,   0.0009947587291,                 0,   -4.32832931e-06,  -3.498024942e-06,   -0.005751182167,                 0,   -0.006273573373,    -0.00846041236,    -0.00774930508,   0.0002738471934,   7.639421989e-05,   -0.003880615251,     0.00968221204,   3.355238753e-05,      0.1226977347,   3.318228231e-05,     0.07774619522,     -0.1000680282,  -0.0003384769351,  -0.0002111494423,   0.0009947587291,                 0,    0.002904019622,   0.0008653625542,   0.0008305972462,                 0,     0.02366807854,       26.07905466,     0.01068344559,                -0
          0,           0,           1,       6.858603227,       8.334814513,      -6.263970443,      -6.223784376,      -6.839511229,      -6.841068058,      -6.178405104,                         2,      -1.716978391,   0.0001053972181,      0.1083664602,               2.5,            5.5125,        5.50901372,      0.0039269908,       0.378987186,    0.005812759675,    0.001853750347,    -0.00922688701,    -0.03655304867,     0.01855825401,       0.378987186,    0.001853750347,    0.005812759675,     0.01533761533,                 0,                 0,                 0,                 0,                 0,      0.1507643373,   6.080905639e-05,      0.1095621651,      0.1185998746,    0.002220290768,    0.001910205145,    0.001682263761,                 0,  -0.0004081444098,  -0.0002596892642,    0.002521584021,                 0,  -6.305029916e-06,  -8.109611534e-06,   -0.009212472368,                 0,   -0.004447495629,    -0.01652161782,    -0.01589366347,   0.0003097282468,   0.0002407661513,   -0.006156391827,     0.02445121292,   2.266677002e-05,      0.1507643373,   6.080905639e-05,      0.1095621651,      0.1185998746,  -0.0004081444098,  -0.0002596892642,    0.002521584021,                 0,    0.002220290768,    0.001910205145,    0.001682263761,                 0,     0.01472689635,       31.41316867,     0.01535442239,                 0
          0,           0,           2,       5.997668006,       7.555765677,      -6.389057572,      -6.369324314,      -6.895024404,      -6.891539465,      -6.334939294,                         2,      -1.815211559,   0.0001161448882,      0.1137847958,               2.5,          5.788125,       5.783511296,      0.0039269908,      0.4498448991,    0.004741664982,    0.002796313589,   -0.009199769819,    -0.03691541918,      0.0287207432,      0.4498448991,    0.002796313589,    0.004741664982,     0.01054066633,     -0.1250871285,     -0.1455399378,    -0.05551317572,     -0.0504714074,     -0.1565341907,      0.1505871665,    6.97415749e-05,      0.1214942141,      0.1776937769,   0.0007420920301,    0.002039999569,    0.001959573383,                 0,  -0.0007152937456,   0.0001167055446,     0.00339490179,                 0,  -5.751606956e-06,  -1.119537522e-05,   -0.009182822837,                 0,   -0.001221677241,    -0.01672418509,    -0.01871434558,  -0.0002552112744,  -0.0005600808608,   -0.004302530873,     0.03290439191,    0.000678963027,      0.1505871665,    6.97415749e-05,      0.1214942141,      0.1776937769,  -0.0007152937456,   0.0001167055446,     0.00339490179,                 0,   0.0007420920301,    0.002039999569,    0.001959573383,                 0,    0.004927989865,       29.25083886,     0.01612894405,                 0
          0,           0,           3,       5.879020962,       7.136579498,      -6.427120336,      -6.385317136,      -6.914645856,      -6.914430087,      -6.375613448,                         2,      -1.895838164,    0.000124866668,      0.1194740484,               2.5,        6.07753125,       6.072032592,      0.0039269908,      0.4596602893,    0.003300963234,    0.003083457275,   -0.008238505887,    -0.03309901765,     0.03178222436,      0.4596602893,    0.003083457275,    0.003300963234,     0.00718131044,     -0.1631498925,     -0.1615327597,    -0.07513462698,    -0.07336202978,     -0.1972083442,      0.1382667666,   6.259579298e-05,      0.1248746379,       0.196456289,  -0.0004562815522,    0.001864395163,    0.001892849624,                 0,   -0.000957975272,   0.0003768298652,    0.003664602682,                 0,  -4.099808297e-06,  -1.274474011e-05,   -0.008221661339,                 0,    0.001375740722,    -0.01583686399,    -0.01824984116,  -0.0003880532238,   -0.001471159992,   -0.002995257076,     0.03563802358,   0.0006106178537,      0.1382667666,   6.259579298e-05,      0.1248746379,       0.196456289,   -0.000957975272,   0.0003768298652,    0.003664602682,                 0,  -0.0004562815522,    0.001864395163,    0.001892849624,                 0,   -0.003300008841,       29.78467201,      0.0151579989,                 0
          0,           0,           4,       5.563928121,       6.822049223,       -6.43244356,      -6.375038843,      -6.900670319,      -6.902120572,      -6.374189508,                         2,      -1.861437042,   0.0001321421071,       0.125447701,             2.625,       6.381407813,       6.375410332,      0.0039269908,      0.4566705936,    0.002194185206,    0.003177716486,   -0.007518296813,    -0.02808911129,     0.03105871027,      0.4566705936,    0.003177716486,    0.002194185206,    0.004804743806,     -0.1684731169,     -0.1512544664,    -0.06115909061,     -0.0610525146,     -0.1957844043,      0.1237828416,   4.909444307e-05,      0.1252328126,       0.207605845,  -0.0009445867641,    0.001445342471,    0.001693429499,                 0,  -0.0008547725042,   0.0004972322517,    0.003535256738,                 0,  -2.705732532e-06,  -1.298545738e-05,   -0.007502605623,                 0,    0.002463469078,    -0.01374056256,    -0.01649264325,  -0.0003193745571,   -0.001609624317,   -0.002395645251,     0.03460857745,   0.0004554023846,      0.1237828416,   4.909444307e-05,      0.1252328126,       0.207605845,  -0.0008547725042,   0.0004972322517,    0.003535256738,                 0,  -0.0009445867641,    0.001445342471,    0.001693429499,                 0,   -0.007630999193,       29.44004211,     0.01352225078,                 0
          0,           0,           5,       5.629428782,       6.623279149,      -6.440807336,      -6.377761226,      -6.875556769,       -6.87809024,      -6.382496852,                         2,      -1.778309333,   0.0001394738415,      0.1317199411,             2.625,       6.700478203,       6.694139038,      0.0039269908,      0.4503788534,    0.001683308637,    0.003190191995,   -0.007256478064,    -0.02414660097,      0.0283594958,      0.4503788534,    0.003190191995,    0.001683308637,    0.003737539239,     -0.1768368933,       -0.15397685,    -0.03604553997,    -0.03702218197,     -0.2040917485,      0.1108899252,   3.619688428e-05,      0.1247687686,      0.2146839627,   -0.000801186839,   0.0009960567959,     0.00148843868,                 0,  -0.0005912538713,   0.0006030804844,    0.003178365382,                 0,  -1.992211388e-06,  -1.242173993e-05,   -0.007242064113,                 0,    0.002091079187,    -0.01142281076,    -0.01463900905,    -0.00017586035,   -0.001234523717,   -0.002151564431,     0.03136047863,     0.00038510531,      0.1108899252,   3.619688428e-05,      0.1247687686,      0.2146839627,  -0.0005912538713,   0.0006030804844,    0.003178365382,                 0,   -0.000801186839,   0.0009960567959,     0.00148843868,                 0,   -0.007225064292,       27.51774955,     0.01192957739,                 0
          0,           0,           6,       5.745956234,       6.497947304,      -6.441113287,      -6.384328815,      -6.843743258,      -6.846060702,       -6.39144365,                         2,      -1.704136325,   0.0001471451465,      0.1383057117,             2.625,       7.035502113,       7.028776353,      0.0039269908,      0.4395420903,    0.001895792207,    0.003122273928,   -0.007259666748,    -0.02259248634,     0.02489773947,      0.4395420903,    0.003122273928,    0.001895792207,    0.004313107321,     -0.1771428439,      -0.160544439,   -0.004232029224,   -0.004992644683,     -0.2130385459,      0.1013802912,   2.605289101e-05,      0.1243025667,      0.2138331796,  -0.0001421677912,   0.0006831039441,    0.001354856054,                 0,  -0.0003240820128,   0.0006731790607,     0.00277317688,                 0,  -1.891839948e-06,  -1.164758149e-05,   -0.007246127326,                 0,   0.0004983471278,   -0.009704097684,    -0.01339312701,   6.391227191e-06,  -0.0007217214314,   -0.002318152448,     0.02753974578,   0.0003978675713,      0.1013802912,   2.605289101e-05,      0.1243025667,      0.2138331796,  -0.0003240820128,   0.0006731790607,     0.00277317688,                 0,  -0.0001421677912,   0.0006831039441,    0.001354856054,                 0,   -0.001402321788,       26.21989029,     0.01089966274,                 0
          0,           0,           7,        5.74028792,       6.403239881,       -6.42753581,      -6.392432162,      -6.820728195,      -6.821703058,      -6.395479833,                         2,      -1.650729332,   0.0001550637175,      0.1452206536,             2.625,       7.387277219,       7.380100161,      0.0039269908,      0.4249094287,    0.002532345493,     0.00294384033,   -0.007304894013,    -0.02334697047,      0.0213123399,      0.4249094287,     0.00294384033,    0.002532345493,    0.005959730056,     -0.1635653665,     -0.1686477861,                 0,                 0,     -0.2170747297,     0.09546656103,   1.926151599e-05,      0.1239467953,      0.2054768108,   0.0006232267216,   0.0005650902289,    0.001344028543,                 0,  -0.0001448832587,   0.0006304116843,    0.002458311905,                 0,  -1.994968675e-06,  -1.091999667e-05,   -0.007291979048,                 0,   -0.001354726562,   -0.008874146814,    -0.01326492667,   0.0001468295736,  -0.0003569674437,   -0.003235927609,     0.02450440613,   0.0004008288186,     0.09546656103,   1.926151599e-05,      0.1239467953,      0.2054768108,  -0.0001448832587,   0.0006304116843,    0.002458311905,                 0,   0.0006232267216,   0.0005650902289,    0.001344028543,                 0,     0.00652822009,       29.33778573,     0.01084359252,                 0
          0,           0,           8,       5.631566741,       6.317498421,      -6.390007797,      -6.379136989,      -6.801600862,      -6.801886562,      -6.374665741,                         2,      -1.621640093,   0.0001631758893,      0.1524811723,             2.625,        7.75664108,        7.74901059,      0.0039269908,      0.4085096355,    0.003227346806,    0.002605193597,   -0.007275165257,    -0.02561527851,     0.01777447943,      0.4085096355,    0.002605193597,    0.003227346806,    0.007900295427,     -0.1260373535,     -0.1553526129,                 0,                 0,     -0.1962606372,      0.0924906992,    1.53628177e-05,      0.1236245828,      0.1923789907,     0.00113109468,   0.0006534789203,    0.001442773206,                 0,  -7.891460489e-05,   0.0004068902389,    0.002277217963,                 0,  -2.060354285e-06,  -1.047613857e-05,   -0.007262628764,                 0,    -0.00259865017,   -0.009078152966,     -0.0141662805,   0.0002278051338,  -0.0002461121802,   -0.005066139206,     0.02271750918,    0.000369221632,      0.0924906992,    1.53628177e-05,      0.1236245828,      0.1923789907,  -7.891460489e-05,   0.0004068902389,    0.002277217963,                 0,     0.00113109468,   0.0006534789203,    0.001442773206,                 0,     0.01222928024,        42.5363975,     0.01167060121,                 0
          0,           0,           9,       5.065990311,        6.19234761,      -6.333687862,      -6.331482367,      -6.780131798,      -6.780610052,      -6.324003356,                         2,      -1.603053047,   0.0001715085651,      0.1601045203,           2.75625,       8.144473134,       8.136432793,      0.0039269908,      0.3958519533,    0.003708661581,    0.002187048204,   -0.007162196914,    -0.02806280568,     0.01472127616,      0.3958519533,    0.002187048204,    0.003708661581,    0.009368809601,    -0.06971741927,     -0.1076979913,                 0,                 0,     -0.1455982524,     0.09147541708,   1.336715249e-05,      0.1233256046,      0.1810375644,    0.001282113434,   0.0008492711501,    0.001577276997,                 0,  -9.260221258e-05,   8.267947489e-05,    0.002196970941,                 0,  -2.043214131e-06,  -1.032113604e-05,   -0.007149832564,                 0,   -0.002977875581,   -0.009939835353,    -0.01541753731,   0.0002724425546,  -0.0003081795985,   -0.007194950641,     0.02189068903,   0.0003337173728,     0.09147541708,   1.336715249e-05,      0.1233256046,      0.1810375644,  -9.260221258e-05,   8.267947489e-05,    0.002196970941,                 0,    0.001282113434,   0.0008492711501,    0.001577276997,                 0,     0.01401593428,        63.5341858,     0.01278953386,                 0
          0,           0,          10,       4.992412881,       6.083262635,      -6.302684971,      -6.301330603,      -6.783724161,      -6.784549672,      -6.294932026,                         2,      -1.559399811,   0.0001801540866,      0.1681090789,         2.8940625,       8.551696791,       8.543220362,      0.0039269908,        0.38561201,    0.004034432647,    0.001761580836,   -0.006978500002,    -0.03046652341,     0.01193797774,        0.38561201,    0.001761580836,    0.004034432647,      0.0104624144,    -0.03871452795,    -0.07754622712,   -0.003592363395,   -0.003939619754,     -0.1165269228,     0.09110349922,   1.173681578e-05,       0.123034805,       0.171461969,    0.001214044272,    0.001087250304,    0.001733138071,                 0,  -0.0001141658228,  -0.0002872623644,    0.002163009023,                 0,  -2.002767506e-06,  -1.036949366e-05,   -0.006966127741,                 0,   -0.002824849607,    -0.01110916638,    -0.01686570834,   0.0003332009243,  -0.0003811423717,   -0.009492029036,      0.0215102945,   0.0003008546516,     0.09110349922,   1.173681578e-05,       0.123034805,       0.171461969,  -0.0001141658228,  -0.0002872623644,    0.002163009023,                 0,    0.001214044272,    0.001087250304,    0.001733138071,                 0,     0.01332598947,       92.63588395,     0.01408656738,                 0
          0,           0,          11,       5.131161796,       6.003920898,      -6.263867095,      -6.256493127,      -6.769476512,      -6.769654935,       -6.25117736,                         2,      -1.525681801,   0.0001891996416,      0.1765139992,       3.038765625,        8.97928163,       8.970304717,      0.0039269908,      0.3779847774,    0.004218163478,     0.00140324925,    -0.00675504484,    -0.03262595014,    0.009531070392,      0.3779847774,     0.00140324925,    0.004218163478,     0.01115961205,                 0,    -0.03270875075,                 0,                 0,    -0.07277225599,     0.09090096308,    9.88413534e-06,      0.1227559179,      0.1643180124,    0.001002716049,    0.001328244638,    0.001887202791,                 0,  -0.0001226331313,  -0.0006101722302,    0.002136054611,                 0,  -1.932569806e-06,  -1.049904697e-05,   -0.006742613223,                 0,   -0.002322891897,    -0.01234795557,    -0.01829781444,   0.0003427117703,  -0.0004025143622,    -0.01152922268,     0.02120797389,   0.0002548335451,     0.09090096308,    9.88413534e-06,      0.1227559179,      0.1643180124,  -0.0001226331313,  -0.0006101722302,    0.002136054611,                 0,    0.001002716049,    0.001328244638,    0.001887202791,                 0,     0.01103086277,       134.3814701,     0.01537361965,                 0
          0,           0,          12,       4.992455236,       5.926115847,      -6.231350646,      -6.219649407,      -6.749985266,        -6.7492066,       -6.21458908,                         2,      -1.491243334,   0.0001986877015,      0.1853393872,       3.190703906,       9.428245712,       9.418660815,      0.0039269908,      0.3726790647,    0.004330958171,    0.001180205075,   -0.006524437811,    -0.03452507106,    0.007764331608,      0.3726790647,    0.001180205075,    0.004330958171,     0.01162114693,                 0,                 0,                 0,                 0,    -0.03618397631,     0.09068351561,   7.591815204e-06,      0.1224701249,      0.1595178324,   0.0007550241661,     0.00154503449,    0.002030899514,                 0,   -0.000107077999,  -0.0008063617896,    0.002093644863,                 0,  -1.846845641e-06,  -1.059841237e-05,   -0.006511992553,                 0,   -0.001732337473,    -0.01350906134,    -0.01963862846,   0.0003549562222,  -0.0003428703456,    -0.01287356109,     0.02077117901,   0.0002095840284,     0.09068351561,   7.591815204e-06,      0.1224701249,      0.1595178324,   -0.000107077999,  -0.0008063617896,    0.002093644863,                 0,   0.0007550241661,     0.00154503449,    0.002030899514,                 0,     0.00832592518,       203.5131848,     0.01658281573,                 0
          0,           0,          13,        5.09367418,       5.866655728,      -6.209354955,       -6.19736289,      -6.733562788,      -6.732365173,      -6.191945223,                         2,      -1.453102213,   0.0002086491661,       0.194606459,       3.350239102,       9.899657997,        9.88938695,      0.0039269908,       0.368099625,    0.004417704554,    0.001112201081,   -0.006325757365,    -0.03609433181,     0.00673380373,       0.368099625,    0.001112201081,    0.004417704554,     0.01200138292,                 0,                 0,                 0,                 0,    -0.01354011881,     0.09040600467,   4.779567695e-06,      0.1221616344,      0.1555272064,   0.0005400699458,    0.001727722859,    0.002149911749,                 0,   -7.35297813e-05,  -0.0008365298852,    0.002022260747,                 0,   -1.76764867e-06,   -1.05742307e-05,   -0.006313415485,                 0,    -0.00121950849,    -0.01447011769,    -0.02075692527,    0.000352219639,  -0.0002231905603,    -0.01324481283,      0.0200677168,   0.0001340903263,     0.09040600467,   4.779567695e-06,      0.1221616344,      0.1555272064,   -7.35297813e-05,  -0.0008365298852,    0.002022260747,                 0,   0.0005400699458,    0.001727722859,    0.002149911749,                 0,    0.005973828262,       361.4809894,     0.01759891115,                 0
          0,           0,          14,       4.925933162,        5.80394089,       -6.19916292,      -6.191376398,      -6.725059345,        -6.7241531,      -6.185134204,                         2,      -1.408710461,   0.0002191099995,      0.2043375629,       3.517751057,        10.3946409,       10.38364406,      0.0039269908,      0.3625500876,    0.004501886868,    0.001178387848,   -0.006171121343,    -0.03732036366,    0.006442425052,      0.3625500876,    0.001178387848,    0.004501886868,     0.01241728253,                 0,                 0,                 0,                 0,   -0.006729100737,     0.09010344656,   1.678557784e-06,      0.1218095101,      0.1506354524,   0.0003903809361,    0.001873863691,    0.002237642241,                 0,  -3.527319558e-05,  -0.0007179381675,    0.001931599211,                 0,  -1.710307828e-06,  -1.041073574e-05,   -0.006159000299,                 0,  -0.0008592171885,      -0.015211838,    -0.02158729323,   0.0003379847548,  -8.814474605e-05,    -0.01268706256,      0.0191843808,   3.325155211e-05,     0.09010344656,   1.678557784e-06,      0.1218095101,      0.1506354524,  -3.527319558e-05,  -0.0007179381675,    0.001931599211,                 0,   0.0003903809361,    0.001873863691,    0.002237642241,                 0,    0.004332586055,       1116.353401,     0.01837001264,                 0
          0,           0,          15,       4.962494706,       5.751350504,      -6.200725715,      -6.201774613,      -6.726475257,       -6.72628395,      -6.194185914,                         2,      -1.357372538,   0.0002300802187,      0.2145563641,       3.693638609,       10.91437294,       10.90264213,      0.0039269908,      0.3555927269,    0.004579558195,      0.0013273522,   -0.006063439276,    -0.03815156581,     0.00673829906,      0.3555927269,      0.0013273522,    0.004579558195,     0.01287866103,   -0.001562794897,    -0.01039821443,   -0.001415911912,   -0.002130850019,    -0.01578081009,     0.08982821819,  -1.261950386e-06,      0.1214080208,      0.1443577498,   0.0003068147794,     0.00197958518,    0.002293158236,                 0,  -6.597569761e-06,  -0.0005001791683,    0.001834128938,                 0,  -1.678503478e-06,  -1.019414751e-05,   -0.006051566625,                 0,  -0.0006500568831,    -0.01573419679,    -0.02211497352,   0.0003476613906,   1.573138999e-05,    -0.01146020977,     0.01823760825,   -5.48308175e-05,     0.08982821819,  -1.261950386e-06,      0.1214080208,      0.1443577498,  -6.597569761e-06,  -0.0005001791683,    0.001834128938,                 0,   0.0003068147794,     0.00197958518,    0.002293158236,                 0,    0.003415572362,      -1568.671163,     0.01888802915,                 0
          0,           0,          16,       4.905173897,       5.701575409,      -6.213459904,      -6.227515357,      -6.737701493,      -6.738387756,      -6.217469952,                         2,      -1.301715935,   0.0002415868447,      0.2252878662,        3.87832054,       11.46009159,       11.44762936,      0.0039269908,      0.3475843258,    0.004635591906,    0.001496013622,   -0.005996881402,    -0.03867614693,    0.007306436543,      0.3475843258,    0.001496013622,    0.004635591906,     0.01333659651,    -0.01429698407,    -0.03613895887,    -0.01264214796,    -0.01423465619,    -0.03906484801,     0.08962081767,   -3.47156372e-06,       0.120981142,      0.1369858377,   0.0002746687941,     0.00203703825,    0.002323884862,                 0,   2.592734222e-06,  -0.0002508911661,    0.001744312054,                 0,  -1.668039606e-06,  -1.000226747e-05,   -0.005985211095,                 0,  -0.0005574534061,    -0.01603973043,    -0.02240413684,    0.000325173746,   5.860372397e-05,   -0.009979172567,     0.01736479017,  -0.0001377847852,     0.08962081767,   -3.47156372e-06,       0.120981142,      0.1369858377,   2.592734222e-06,  -0.0002508911661,    0.001744312054,                 0,   0.0002746687941,     0.00203703825,    0.002323884862,                 0,    0.003064787861,      -586.7782978,     0.01920865371,                 0
          0,           0,          17,       5.349390549,       5.682009584,      -6.235832883,      -6.265707929,       -6.75716391,      -6.757732402,      -6.251168343,                         3,      -1.738785127,   0.0002536651432,      0.2365583494,       4.072236567,       12.03309617,       12.01989428,      0.0039269908,      0.3395628135,    0.004673218185,    0.001619071759,   -0.005963346713,    -0.03931929349,    0.007504300113,      0.3395628135,    0.001619071759,    0.004673218185,     0.01376245572,    -0.03666996247,    -0.07433153007,    -0.03210456439,    -0.03357930288,     -0.0727632394,      0.0894746822,  -4.593928256e-06,      0.1205585025,      0.1295342227,    0.000254937808,    0.002052275695,    0.002366004682,                 0,  -4.563686555e-06,  -3.746767117e-05,    0.001661103117,                 0,  -1.670889991e-06,  -9.907587971e-06,   -0.005951768235,                 0,  -0.0004922709294,    -0.01627570132,    -0.02279581989,   0.0002444986516,   4.881986314e-05,   -0.008760303624,     0.01655860311,  -0.0003428192384,      0.0894746822,  -4.593928256e-06,      0.1205585025,      0.1295342227,  -4.563686555e-06,  -3.746767117e-05,    0.001661103117,                 0,    0.000254937808,    0.002052275695,    0.002366004682,                 0,    0.002849273132,      -446.7365576,     0.01962536556,                 0
          0,           0,          18,       5.185391491,       5.655871789,      -6.263654585,      -6.310131432,      -6.780412872,      -6.781232896,       -6.28890363,                         3,      -1.696290697,   0.0002663441883,      0.2483949812,       4.275848395,       12.63475098,       12.62080929,      0.0039269908,      0.3322970271,    0.004713626332,    0.001723268552,   -0.005963153124,    -0.03994317703,    0.007905322276,      0.3322970271,    0.001723268552,    0.004713626332,     0.01418497894,    -0.06449166493,      -0.118755033,    -0.05535352693,    -0.05707979655,     -0.1104985265,     0.08940454889,  -4.460221643e-06,      0.1201989384,      0.1226980001,    0.000265454745,    0.002022882186,      0.0024252894,                 0,  -3.008048559e-05,   0.0001633430693,    0.001590005968,                 0,  -1.678470569e-06,  -9.862287456e-06,   -0.005951612366,                 0,  -0.0004980777196,    -0.01627697751,    -0.02335042365,   0.0001823018548,  -1.541700066e-05,   -0.007415752781,     0.01586769791,   -0.000531205856,     0.08940454889,  -4.460221643e-06,      0.1201989384,      0.1226980001,  -3.008048559e-05,   0.0001633430693,    0.001590005968,                 0,    0.000265454745,    0.002022882186,      0.0024252894,                 0,    0.002969141372,      -453.5384894,     0.02017729468,                 0
          0,           0,          19,       5.343862179,       5.640271309,      -6.290264598,      -6.349239466,      -6.803923196,      -6.804258389,      -6.319190716,                         3,      -1.634703641,   0.0002796712626,      0.2608272562,       4.489640815,       13.26648853,       13.25180697,      0.0039269908,      0.3266423829,    0.004756392489,    0.001786599182,   -0.005989719556,    -0.04054463008,    0.008225746762,      0.3266423829,    0.001786599182,    0.004756392489,     0.01456146764,    -0.09110167816,     -0.1578630672,    -0.07886385119,    -0.08010528943,     -0.1407856126,     0.08939648866,   -3.51283666e-06,      0.1199710942,       0.117278313,     0.00029407849,     0.00195283419,    0.002509479809,                 0,  -6.293204169e-05,   0.0003161324082,    0.001533398815,                 0,  -1.684940977e-06,  -9.880970654e-06,   -0.005978153645,                 0,  -0.0005510940924,      -0.015986788,    -0.02414741365,   0.0001406656638,  -0.0001016618106,   -0.006260247291,      0.0153152682,  -0.0007276123362,     0.08939648866,   -3.51283666e-06,      0.1199710942,       0.117278313,  -6.293204169e-05,   0.0003161324082,    0.001533398815,                 0,     0.00029407849,     0.00195283419,    0.002509479809,                 0,    0.003289597773,      -555.9137468,     0.02091737036,                 0
          0,           0,          20,       5.372605639,       5.627525325,      -6.312714704,      -6.377271898,      -6.824167596,      -6.824138524,       -6.33867432,                         3,      -1.572611207,   0.0002936673535,      0.2738849872,       4.714122856,       13.92981295,       13.91437441,      0.0039269908,      0.3227997345,    0.004806725278,    0.001777565724,   -0.006027269074,    -0.04114353018,    0.008040512259,      0.3227997345,    0.001777565724,    0.004806725278,     0.01489073492,     -0.1135517832,        -0.1858955,    -0.09910825043,    -0.09998542419,      -0.160269216,     0.08943248679,   -2.39025908e-06,      0.1199221636,      0.1134474743,   0.0003269130287,    0.001868511443,    0.002611300807,                 0,  -9.329741336e-05,   0.0003670984482,     0.00150376469,                 0,  -1.688731217e-06,  -9.948175163e-06,   -0.006015632168,                 0,  -0.0006211709975,    -0.01553068645,    -0.02512011385,   0.0001284411222,  -0.0001820257658,   -0.005845682521,     0.01502170385,  -0.0009534833054,     0.08943248679,   -2.39025908e-06,      0.1199221636,      0.1134474743,  -9.329741336e-05,   0.0003670984482,     0.00150376469,                 0,   0.0003269130287,    0.001868511443,    0.002611300807,                 0,    0.003655416956,      -781.7192113,      0.0217749641,                 0
          0,           0,          21,       5.214583202,       5.608755228,      -6.331993658,      -6.396489062,      -6.830771366,      -6.838865349,      -6.351007638,                         3,       -1.52773707,   0.0003083472338,      0.2875984825,       4.949828999,        14.6263036,       14.61006397,      0.0039269908,      0.3199396102,    0.004874424908,    0.001822344748,   -0.006056114896,    -0.04181090531,     0.00865232807,      0.3199396102,    0.001822344748,    0.004874424908,     0.01523545304,     -0.1328307379,     -0.2051126631,     -0.1057120204,      -0.114712249,     -0.1726025338,     0.08949434647,  -1.309835189e-06,      0.1200520198,      0.1103945538,   0.0003508063974,    0.001808652046,    0.002714966465,                 0,  -0.0001149661529,   0.0004150962335,    0.001522214668,                 0,  -1.689840152e-06,  -9.948069576e-06,   -0.006044476986,                 0,  -0.0006769046763,     -0.0151684105,    -0.02611517289,   0.0001495827587,  -0.0002388852752,   -0.005217863822,     0.01518828449,   -0.001079207323,     0.08949434647,  -1.309835189e-06,      0.1200520198,      0.1103945538,  -0.0001149661529,   0.0004150962335,    0.001522214668,                 0,   0.0003508063974,    0.001808652046,    0.002714966465,                 0,    0.003919872162,      -1380.824138,     0.02261491701,                 0
          0,           0,          22,       5.507591169,       5.604356791,      -6.352461077,      -6.413103022,      -6.848590721,      -6.849642951,      -6.363100906,                         3,      -1.503860579,   0.0003237539249,      0.3019982483,       5.197320449,       15.35761878,       15.34055934,      0.0039269908,      0.3179107356,    0.004959249289,    0.001887718908,   -0.006064050383,    -0.04256036595,    0.009510579876,      0.3179107356,    0.001887718908,    0.004959249289,     0.01559950242,     -0.1532981562,     -0.2217266232,     -0.1235313761,     -0.1254898512,     -0.1846958024,     0.08956565399,  -8.566673814e-07,      0.1203495449,      0.1079963934,    0.000358699256,    0.001795308408,    0.002805241625,                 0,  -0.0001262760986,   0.0004090931824,    0.001604901824,                 0,   -1.68730678e-06,  -9.952930257e-06,   -0.006052410146,                 0,  -0.0006991412099,    -0.01504826021,    -0.02698249314,   0.0001695286144,  -0.0002663977235,    -0.00495533173,     0.01596944609,   -0.001237136765,     0.08956565399,  -8.566673814e-07,      0.1203495449,      0.1079963934,  -0.0001262760986,   0.0004090931824,    0.001604901824,                 0,    0.000358699256,    0.001795308408,    0.002805241625,                 0,    0.004004875084,         -2095.689,     0.02330911702,                 0
          0,           0,          23,       5.232800371,       5.588875273,       -6.37188736,      -6.427941495,      -6.855870642,      -6.858859195,      -6.374793462,                         3,      -1.503847086,   0.0003400313239,      0.3171157495,       5.457186471,       16.12549972,        16.1075834,      0.0039269908,      0.3161886404,    0.005052829885,    0.001971362274,   -0.006048452829,    -0.04329412356,     0.01053968172,      0.3161886404,    0.001971362274,    0.005052829885,     0.01598042826,     -0.1727244401,     -0.2365650964,      -0.130811297,     -0.1347060956,     -0.1963883579,     0.08963469489,  -9.230884983e-07,      0.1206640542,      0.1058908144,   0.0003536666697,    0.001828400282,    0.002870762934,                 0,  -0.0001278206553,   0.0003640932504,    0.001735089679,                 0,  -1.682400528e-06,  -9.962510045e-06,   -0.006036807918,                 0,  -0.0006906256482,     -0.0151857099,    -0.02761401603,   0.0001962280121,   -0.000265771972,   -0.005026856287,     0.01720703837,   -0.001374728394,     0.08963469489,  -9.230884983e-07,      0.1206640542,      0.1058908144,  -0.0001278206553,   0.0003640932504,    0.001735089679,                 0,   0.0003536666697,    0.001828400282,    0.002870762934,                 0,    0.003945644821,      -1980.742134,     0.02379136812,                 0
          0,           0,          24,       5.503131575,       5.585445525,      -6.393391085,      -6.446062169,      -6.868003767,      -6.873659715,      -6.390876958,                         3,      -1.519382675,   0.0003571463384,      0.3329836308,       5.730045795,        16.9317747,       16.91296257,      0.0039269908,      0.3145280652,    0.005132524982,    0.002083961427,   -0.006011174132,    -0.04383965364,     0.01184645712,      0.3145280652,    0.002083961427,    0.005132524982,     0.01631817809,     -0.1942281651,     -0.2546857702,     -0.1429444217,     -0.1495066157,     -0.2124718542,     0.08970141466,   -1.40833372e-06,      0.1209277393,      0.1039003196,   0.0003424960711,      0.0018800761,    0.002909952811,                 0,  -0.0001234706613,   0.0003189423092,    0.001888489779,                 0,  -1.676530874e-06,  -9.942877993e-06,   -0.005999554723,                 0,  -0.0006661087687,    -0.01541545265,    -0.02798889108,   0.0002307988557,  -0.0002478680893,   -0.005106344902,     0.01866881021,     -0.0014681401,     0.08970141466,   -1.40833372e-06,      0.1209277393,      0.1039003196,  -0.0001234706613,   0.0003189423092,    0.001888489779,                 0,   0.0003424960711,      0.0018800761,    0.002909952811,                 0,    0.003818179149,      -1334.964912,     0.02406356745,                 0
          0,           0,          25,       5.222968292,       5.571504093,       -6.41881886,      -6.469514194,      -6.889135414,      -6.897424685,      -6.413179294,                         3,      -1.544028425,   0.0003750622913,      0.3496374865,       6.016548084,       17.77836344,        17.7586107,      0.0039269908,      0.3129195518,    0.005186582507,    0.002199978189,   -0.005958889332,    -0.04414652355,     0.01315882093,      0.3129195518,    0.002199978189,    0.005186582507,     0.01657481125,     -0.2196559395,     -0.2781377954,     -0.1640760683,      -0.173271585,     -0.2347741903,     0.08976500265,  -2.182394558e-06,      0.1211071455,       0.102049586,    0.000330975021,    0.001921573474,    0.002934034012,                 0,  -0.0001182439329,     0.00028096804,    0.002037254082,                 0,  -1.669797587e-06,  -9.921902782e-06,   -0.005947297632,                 0,  -0.0006407503016,    -0.01555283072,    -0.02821348564,   0.0002605431049,  -0.0002262110361,   -0.005187010851,     0.02008925141,   -0.001517208594,     0.08976500265,  -2.182394558e-06,      0.1211071455,       0.102049586,  -0.0001182439329,     0.00028096804,    0.002037254082,                 0,    0.000330975021,    0.001921573474,    0.002934034012,                 0,    0.003687127624,      -880.4885749,     0.02422676217,                 0
          0,           0,          26,       5.317186672,        5.56208493,      -6.452196392,      -6.501971486,      -6.921933641,      -6.932592798,      -6.445202752,                         3,      -1.571091269,   0.0003938202513,      0.3671162532,       6.317375488,       18.66728161,       18.64654124,      0.0039269908,      0.3112919617,    0.005206221027,    0.002291863931,   -0.005908486408,    -0.04415108263,     0.01420642288,      0.3112919617,    0.002291863931,    0.005206221027,     0.01672455979,     -0.2530334715,     -0.3105950876,     -0.1968742961,     -0.2084396983,     -0.2667976488,     0.08982575529,  -3.082482384e-06,      0.1211984737,      0.1002708152,   0.0003239388384,    0.001930352769,     0.00295192942,                 0,  -0.0001142830185,   0.0002591397368,    0.002147007212,                 0,  -1.663245715e-06,  -9.908713589e-06,   -0.005896914448,                 0,  -0.0006257125079,    -0.01543932558,    -0.02837669499,   0.0002906504515,  -0.0002077474305,   -0.005214787921,     0.02113898645,   -0.001510028226,     0.08982575529,  -3.082482384e-06,      0.1211984737,      0.1002708152,  -0.0001142830185,   0.0002591397368,    0.002147007212,                 0,   0.0003239388384,    0.001930352769,     0.00295192942,                 0,    0.003606302417,      -626.2331875,     0.02435616002,                 0
          0,           0,          27,       5.059249479,       5.544126521,      -6.498713683,      -6.548565453,      -6.969344973,      -6.981599901,      -6.491647768,                         3,       -1.59427891,   0.0004135040136,      0.3854623039,       6.633244263,       19.60064569,        19.5788683,      0.0039269908,      0.3095991819,    0.005192460056,    0.002348373296,   -0.005870235646,     -0.0438830129,     0.01489063666,      0.3095991819,    0.002348373296,    0.005192460056,     0.01677155612,     -0.2995507624,     -0.3571890548,     -0.2442856279,     -0.2574468014,     -0.3132426638,     0.08988651246,  -3.969751944e-06,      0.1212076689,     0.09850897037,   0.0003213891935,     0.00190325578,    0.002967815083,                 0,  -0.0001124786437,   0.0002613946115,    0.002199457328,                 0,  -1.657690254e-06,  -9.906549891e-06,   -0.005858671406,                 0,  -0.0006213961423,    -0.01507057371,    -0.02852182203,   0.0003307789936,  -0.0001961358799,   -0.005095824625,     0.02164122167,   -0.001458624504,     0.08988651246,  -3.969751944e-06,      0.1212076689,     0.09850897037,  -0.0001124786437,   0.0002613946115,    0.002199457328,                 0,   0.0003213891935,     0.00190325578,    0.002967815083,                 0,    0.003575499646,      -479.4394729,     0.02448537383,                 0
          0,           0,          28,       5.382043655,       5.538537456,      -6.560670631,      -6.611236712,      -7.031580867,      -7.045017537,      -6.554252116,                         3,      -1.610131798,   0.0004341694929,       0.404721066,       6.964906476,       20.58067798,       20.55781171,      0.0039269908,      0.3078954411,     0.00515508919,    0.002373090839,   -0.005847755112,    -0.04343334582,     0.01524507053,      0.3078954411,    0.002373090839,     0.00515508919,     0.01674298642,     -0.3615077112,     -0.4198603133,     -0.3065215219,     -0.3208644377,     -0.3758470123,     0.08994634962,  -4.748492752e-06,      0.1211531308,     0.09680070917,   0.0003212462551,     0.00185505963,    0.002978783304,                 0,  -0.0001123685086,   0.0002901466109,    0.002195312736,                 0,  -1.653980835e-06,  -9.913276311e-06,   -0.005836187854,                 0,  -0.0006232522448,    -0.01456883713,    -0.02862310884,   0.0003818523944,  -0.0001910350745,   -0.004785214304,     0.02160120258,   -0.001379882675,     0.08994634962,  -4.748492752e-06,      0.1211531308,     0.09680070917,  -0.0001123685086,   0.0002901466109,    0.002195312736,                 0,   0.0003212462551,     0.00185505963,    0.002978783304,                 0,    0.003571531879,      -390.6628328,       0.024586928,                 0
          0,           0,          29,       5.299989809,       5.530585868,      -6.640558854,      -6.692455393,      -7.111106448,      -7.124775285,       -6.63560184,                         3,      -1.612453645,   0.0004558633946,      0.4249407572,         7.3131518,       21.60971188,        21.5857023,      0.0039269908,      0.3062278138,    0.005107221871,    0.002370595967,   -0.005836191076,    -0.04291776686,     0.01532658725,      0.3062278138,    0.002370595967,    0.005107221871,     0.01667785107,     -0.4413959333,     -0.5010789946,     -0.3860471023,     -0.4006221854,     -0.4571967366,     0.09000430503,  -5.397748903e-06,      0.1210521058,     0.09517680071,   0.0003221864584,    0.001802952194,    0.002982083219,                 0,  -0.0001134601029,    0.000331878928,    0.002152177142,                 0,  -1.652069795e-06,  -9.920181662e-06,   -0.005824618825,                 0,   -0.000627292664,     -0.0140733414,    -0.02865358245,   0.0004364496552,  -0.0001911316693,   -0.004385464324,     0.02118609354,   -0.001282910301,     0.09000430503,  -5.397748903e-06,      0.1210521058,     0.09517680071,  -0.0001134601029,    0.000331878928,    0.002152177142,                 0,   0.0003221864584,    0.001802952194,    0.002982083219,                 0,    0.003579678309,      -334.0192785,     0.02463470751,                 0
          0,           0,          30,       5.352009106,       5.524825327,      -6.735779356,      -6.788613316,      -7.206377858,      -7.219668136,      -6.732459504,                         3,      -1.599086055,   0.0004786399427,        0.44617146,        7.67880939,       22.69019747,       22.66498741,      0.0039269908,      0.3046319799,    0.005056530303,    0.002347805806,   -0.005830480228,     -0.0424058495,      0.0152142547,      0.3046319799,    0.002347805806,    0.005056530303,     0.01659881639,      -0.536616436,     -0.5972369177,     -0.4813185125,     -0.4955150364,     -0.5540543999,     0.09005784314,  -5.922894686e-06,      0.1209152916,     0.09366476805,   0.0003224067385,    0.001759649311,    0.002974474254,                 0,  -0.0001155478107,   0.0003715577273,    0.002091795889,                 0,   -1.65138314e-06,  -9.926030424e-06,   -0.005818902814,                 0,  -0.0006298796471,    -0.01367768945,    -0.02858122807,   0.0004829476738,  -0.0001950340866,   -0.004019666336,     0.02060477459,   -0.001175819468,     0.09005784314,  -5.922894686e-06,      0.1209152916,     0.09366476805,  -0.0001155478107,   0.0003715577273,    0.002091795889,                 0,   0.0003224067385,    0.001759649311,    0.002974474254,                 0,    0.003579996226,      -297.0927907,      0.0245996533,                 0
          0,           0,          31,       5.680734073,       5.529697476,      -6.842022757,      -6.894447692,       -7.31447428,      -7.327027657,       -6.83991724,                         3,      -1.573019322,   0.0005025566364,      0.4684650031,       8.062749859,       23.82470734,       23.79823678,      0.0039269908,      0.3032366197,     0.00500586304,    0.002316808292,   -0.005828759985,    -0.04190932897,     0.01498936631,      0.3032366197,    0.002316808292,     0.00500586304,     0.01650810857,     -0.6428598369,     -0.7030712932,     -0.5894149345,     -0.6028745575,     -0.6615121367,     0.09010383545,  -6.310419192e-06,      0.1207481902,     0.09239090444,    0.000321741349,    0.001731357193,    0.002952764498,                 0,  -0.0001181328049,   0.0004039435086,    0.002030997589,                 0,  -1.650596039e-06,  -9.924397918e-06,   -0.005817184991,                 0,  -0.0006306475912,    -0.01341752849,    -0.02837514845,   0.0005139955664,  -0.0002005569866,   -0.003723611972,     0.02001947032,   -0.001105935054,     0.09010383545,  -6.310419192e-06,      0.1207481902,     0.09239090444,  -0.0001181328049,   0.0004039435086,    0.002030997589,                 0,    0.000321741349,    0.001731357193,    0.002952764498,                 0,    0.003570784167,      -274.3648465,     0.02445390272,                 0
          0,           0,          32,        5.50114639,       5.528832291,      -6.953248555,       -7.00331198,      -7.430938768,      -7.442416537,      -6.951279879,                         3,      -1.536539306,   0.0005276698314,      0.4918752291,       8.465887352,       25.01594271,       24.98814862,      0.0039269908,      0.3018591386,    0.004951994358,    0.002282303659,    -0.00583168636,     -0.0413833595,     0.01476678375,      0.3018591386,    0.002282303659,    0.004951994358,     0.01640498406,     -0.7540856347,      -0.811935582,     -0.7058794232,     -0.7182634377,     -0.7728747756,     0.09014161514,  -6.569890408e-06,      0.1205649407,     0.09115915266,   0.0003209384378,    0.001716591282,    0.002914464637,                 0,  -0.0001205694344,   0.0004244577392,    0.001978415354,                 0,  -1.649382496e-06,  -9.918118597e-06,   -0.005820118858,                 0,  -0.0006309025993,    -0.01327273138,    -0.02801148144,   0.0005317559339,   -0.000205744494,    -0.00353987931,      0.0195138884,   -0.001001480843,     0.09014161514,  -6.569890408e-06,      0.1205649407,     0.09115915266,  -0.0001205694344,   0.0004244577392,    0.001978415354,                 0,   0.0003209384378,    0.001716591282,    0.002914464637,                 0,    0.003560380378,      -261.2815703,     0.02417340084,                 0
          0,           0,          33,       5.427889599,       5.525863389,      -7.062357868,      -7.107948123,      -7.547336509,       -7.55719595,      -7.058504981,                         3,      -1.490135777,    0.000554039458,       0.516458091,        8.88918172,       26.26673985,       26.23755605,      0.0039269908,      0.3006313257,    0.004889941806,    0.002245568365,   -0.005839447327,    -0.04078673573,     0.01450771353,      0.3006313257,    0.002245568365,    0.004889941806,     0.01626557643,     -0.8631949474,      -0.916571725,     -0.8222771634,     -0.8330428505,     -0.8800998773,     0.09017189662,  -6.713787507e-06,        0.12038247,     0.09008367292,   0.0003203788513,    0.001709568307,    0.002859994648,                 0,  -0.0001222775798,   0.0004302433757,    0.001937602569,                 0,  -1.648038363e-06,  -9.914809255e-06,   -0.005827884479,                 0,  -0.0006312999085,    -0.01319279862,    -0.02749399969,   0.0005313624912,  -0.0002092856107,    -0.00349578573,     0.01912226014,  -0.0009094752735,     0.09017189662,  -6.713787507e-06,        0.12038247,     0.09008367292,  -0.0001222775798,   0.0004302433757,    0.001937602569,                 0,   0.0003203788513,    0.001709568307,    0.002859994648,                 0,    0.003552978958,      -254.6354505,     0.02375756743,                 0
          0,           0,          34,       5.870636059,       5.535714036,      -7.166657786,       -7.20669231,      -7.657676359,      -7.665844602,      -7.158750894,                         3,      -1.433663597,   0.0005817301008,      0.5422723182,       9.333640806,       27.58007684,       27.54943386,      0.0039269908,      0.2995767995,    0.004819275957,    0.002211336069,   -0.005850222716,    -0.04011805914,      0.0142469537,      0.2995767995,    0.002211336069,    0.004819275957,     0.01608694654,     -0.9674948658,      -1.015315912,     -0.9326170143,     -0.9416915027,       -0.98034579,     0.09019576582,  -6.754019148e-06,      0.1202111578,     0.08917662987,   0.0003199858556,    0.001705327694,    0.002793962408,                 0,  -0.0001230948016,   0.0004262544213,    0.001908176449,                 0,  -1.646834656e-06,  -9.919473979e-06,   -0.005838656407,                 0,  -0.0006317128451,     -0.0131368443,    -0.02686623447,   0.0005167324744,   -0.000210901517,   -0.003543305443,     0.01884038758,  -0.0008392269272,     0.09019576582,  -6.754019148e-06,      0.1202111578,     0.08917662987,  -0.0001230948016,   0.0004262544213,    0.001908176449,                 0,   0.0003199858556,    0.001705327694,    0.002793962408,                 0,    0.003547681564,      -252.4907994,      0.0232421221,                 0
          0,           0,          35,       5.402237299,       5.532006349,      -7.264568897,      -7.298479259,      -7.757489443,      -7.765689877,      -7.250944552,                         3,      -1.375420644,   0.0006108095173,      0.5693793032,       9.800322846,       28.95908068,       28.92690555,      0.0039269908,      0.2986931443,    0.004745343818,    0.002182943098,   -0.005860700199,     -0.0394262283,     0.01401459867,      0.2986931443,    0.002182943098,    0.004745343818,     0.01588701953,      -1.065405977,      -1.107102861,      -1.032430098,      -1.041536778,      -1.072539448,     0.09021380747,  -6.707262502e-06,      0.1200546866,     0.08843135744,   0.0003195783737,    0.001701535509,    0.002724229935,                 0,  -0.0001232830863,   0.0004182690284,    0.001887957156,                 0,  -1.645828622e-06,  -9.932378818e-06,   -0.005849121992,                 0,    -0.00063186088,    -0.01308541357,    -0.02620266953,   0.0004937156803,  -0.0002111612421,   -0.003626517493,     0.01864672478,  -0.0007944473708,     0.09021380747,  -6.707262502e-06,      0.1200546866,     0.08843135744,  -0.0001232830863,   0.0004182690284,    0.001887957156,                 0,   0.0003195783737,    0.001701535509,    0.002724229935,                 0,    0.003542455226,      -253.6855398,     0.02269157508,                 0
          0,           0,          36,       5.466831886,       5.530244877,      -7.356592673,      -7.384178634,        -7.8482559,      -7.858135909,      -7.336932878,                         3,      -1.324014096,   0.0006413467699,      0.5978434432,       10.29033899,       30.40703471,       30.37325083,      0.0039269908,      0.2979675071,    0.004676748148,    0.002161238673,   -0.005868019843,    -0.03878714174,     0.01382494342,      0.2979675071,    0.002161238673,    0.004676748148,     0.01569549712,      -1.157429753,      -1.192802235,      -1.123196555,      -1.133982809,      -1.158527774,     0.09022642145,  -6.592150475e-06,      0.1199148758,     0.08783280195,   0.0003190415707,     0.00169814099,    0.002659565587,                 0,  -0.0001232166599,   0.0004102002325,    0.001874255101,                 0,  -1.645033055e-06,  -9.950226514e-06,   -0.005856424584,                 0,  -0.0006316039848,    -0.01303730559,    -0.02558659267,   0.0004683605057,   -0.000210823504,    -0.00370755393,     0.01851510343,  -0.0007717825731,     0.09022642145,  -6.592150475e-06,      0.1199148758,     0.08783280195,  -0.0001232166599,   0.0004102002325,    0.001874255101,                 0,   0.0003190415707,     0.00169814099,    0.002659565587,                 0,    0.003536010467,      -257.6004593,     0.02217877948,                 0
          0,           0,          37,        5.64699515,       5.533317253,      -7.444360717,      -7.464835136,      -7.934307011,      -7.945765893,      -7.418487818,                         4,      -1.587906468,   0.0006734136274,      0.6277323843,       10.80485594,       31.92738645,       31.89191337,      0.0039269908,      0.2973856839,    0.004624441334,    0.002143076539,   -0.005871080524,    -0.03831268765,     0.01365382169,      0.2973856839,    0.002143076539,    0.004624441334,     0.01555031592,      -1.245197797,      -1.273458737,      -1.209247666,      -1.221612794,      -1.240082715,     0.09023416028,  -6.440378405e-06,      0.1197907603,     0.08736720364,   0.0003183219775,    0.001692196039,    0.002613923318,                 0,   -0.000123177467,    0.000404964291,    0.001861289715,                 0,  -1.644389257e-06,   -9.96729004e-06,   -0.005859468845,                 0,  -0.0006308413726,    -0.01297742164,    -0.02514955143,   0.0004451267944,  -0.0002104675835,   -0.003761222002,     0.01839110413,  -0.0007655928556,     0.09023416028,  -6.440378405e-06,      0.1197907603,     0.08736720364,   -0.000123177467,    0.000404964291,    0.001861289715,                 0,   0.0003183219775,    0.001692196039,    0.002613923318,                 0,    0.003527732474,      -262.7479213,     0.02182074236,                 0
          0,           0,          38,       5.728758535,       5.538328568,      -7.529828687,      -7.543179783,      -8.017477491,      -8.028119347,       -7.49775354,                         4,      -1.546358312,   0.0007070856929,      0.6591171495,       11.34509873,       33.52375577,       33.48650904,      0.0039269908,      0.2969261849,    0.004592394838,    0.002130299548,   -0.005870607676,    -0.03800740677,     0.01353300572,      0.2969261849,    0.002130299548,    0.004592394838,     0.01546645285,      -1.330665766,      -1.351803385,      -1.292418146,      -1.303966248,      -1.319348436,      0.0902382437,  -6.233157443e-06,      0.1196856291,     0.08700854523,   0.0003176875574,    0.001695151789,    0.002579555492,                 0,  -0.0001232589416,   0.0003994629634,    0.001854095526,                 0,  -1.643896658e-06,  -9.978276014e-06,   -0.005858985503,                 0,  -0.0006302206062,    -0.01298415641,     -0.0248212265,   0.0004281967445,   -0.000210314257,    -0.00381202269,     0.01832105367,  -0.0007657110071,      0.0902382437,  -6.233157443e-06,      0.1196856291,     0.08700854523,  -0.0001232589416,   0.0003994629634,    0.001854095526,                 0,   0.0003176875574,    0.001695151789,    0.002579555492,                 0,    0.003520542337,      -271.9571589,     0.02155275877,                 0
          0,           0,          39,       5.842307371,       5.545928038,       -7.61244706,      -7.614588604,      -8.102384293,       -8.10971641,       -7.57028405,                         4,      -1.522685841,   0.0007424415317,      0.6920723718,       11.91235367,       35.19994356,       35.16083449,      0.0039269908,      0.2965458846,     0.00456848052,    0.002124993327,   -0.005868060526,      -0.037769548,     0.01348550414,      0.2965458846,    0.002124993327,     0.00456848052,     0.01540564465,       -1.41328414,      -1.423212205,      -1.377324948,      -1.385563311,      -1.391878946,     0.09024005249,  -6.020290123e-06,      0.1196007318,     0.08671112069,   0.0003171951741,    0.001699071152,    0.002552214195,                 0,  -0.0001233568075,   0.0003965066597,    0.001851843475,                 0,  -1.643540716e-06,  -9.980286476e-06,   -0.005856436699,                 0,  -0.0006296946291,    -0.01299685446,    -0.02455972028,    0.000416721362,   -0.000210218686,    -0.00383639317,     0.01829837899,  -0.0007662629946,     0.09024005249,  -6.020290123e-06,      0.1196007318,     0.08671112069,  -0.0001233568075,   0.0003965066597,    0.001851843475,                 0,   0.0003171951741,    0.001699071152,    0.002552214195,                 0,    0.003515015399,      -282.2241315,       0.021339453,                 0
          0,           0,          40,       5.912129014,       5.554859769,      -7.693967519,      -7.679356107,      -8.187620313,      -8.190821944,      -7.636582316,                         4,      -1.510931017,   0.0007795649482,      0.7266762974,       12.50797136,       36.95994074,       36.91887621,      0.0039269908,      0.2962164574,    0.004549353885,    0.002124171678,   -0.005865243652,    -0.03757472708,     0.01348480844,      0.2962164574,    0.002124171678,    0.004549353885,     0.01535820773,      -1.494804599,      -1.487979708,      -1.462560968,      -1.466668844,      -1.458177212,     0.09024065471,  -5.826089017e-06,      0.1195342879,     0.08644734082,   0.0003168089173,    0.001701940122,    0.002530604846,                 0,  -0.0001234185653,    0.000395410171,    0.001852180072,                 0,  -1.643281582e-06,  -9.974735189e-06,   -0.005853625635,                 0,  -0.0006292343603,    -0.01300217478,    -0.02435219184,   0.0004088738993,  -0.0002101262884,   -0.003842519621,      0.0183011193,   -0.000763664955,     0.09024065471,  -5.826089017e-06,      0.1195342879,     0.08644734082,  -0.0001234185653,    0.000395410171,    0.001852180072,                 0,   0.0003168089173,    0.001701940122,    0.002530604846,                 0,    0.003510711645,      -292.1239475,     0.02117053517,                 0
          0,           0,          41,       5.844190794,       5.561748603,      -7.777218805,       -7.74154586,      -8.276368018,      -8.273623153,      -7.700478185,                         4,      -1.504317404,   0.0008185443579,      0.7630111551,       13.13336992,       38.80793778,       38.76482002,      0.0039269908,      0.2959229032,    0.004536103522,    0.002124692032,   -0.005863077922,    -0.03743825571,     0.01350130266,      0.2959229032,    0.002124692032,    0.004536103522,      0.0153286666,      -1.578055884,      -1.550169461,      -1.551308673,      -1.549470053,      -1.522073081,     0.09024088865,  -5.655668154e-06,       0.119483055,     0.08620461521,    0.000316501059,    0.001704461535,    0.002515140928,                 0,  -0.0001233938462,   0.0003946950141,    0.001853390865,                 0,   -1.64310925e-06,  -9.963813227e-06,      -0.005851471,                 0,  -0.0006288402538,    -0.01300929598,    -0.02420281914,   0.0004026996708,  -0.0002099483962,   -0.003844849128,      0.0183126895,  -0.0007565893132,     0.09024088865,  -5.655668154e-06,       0.119483055,     0.08620461521,  -0.0001233938462,   0.0003946950141,    0.001853390865,                 0,    0.000316501059,    0.001704461535,    0.002515140928,                 0,    0.003507291026,      -301.3722673,     0.02105018932,                 0
          0,           0,          42,       5.673161257,       5.564339595,      -7.864936247,      -7.805877526,      -8.366051071,      -8.361447213,      -7.766673731,                         4,      -1.490470815,   0.0008594741153,      0.8011632655,       13.79003842,       40.74833466,       40.70306103,      0.0039269908,      0.2956508659,    0.004529392323,    0.002125485859,   -0.005861107015,    -0.03736848103,     0.01352604722,      0.2956508659,    0.002125485859,    0.004529392323,     0.01532007122,      -1.665773327,      -1.614501127,      -1.640991726,      -1.637294113,      -1.588268627,     0.09024081578,   -5.50976647e-06,      0.1194435456,     0.08597201434,   0.0003161782612,    0.001707211127,    0.002506002935,                 0,  -0.0001233967116,   0.0003936852673,    0.001855197303,                 0,  -1.642956459e-06,  -9.950742764e-06,   -0.005849513315,                 0,  -0.0006284193191,    -0.01302338975,    -0.02411378166,   0.0003971096947,  -0.0002098802039,   -0.003849819315,     0.01833008943,  -0.0007443426921,     0.09024081578,   -5.50976647e-06,      0.1194435456,     0.08597201434,  -0.0001233967116,   0.0003936852673,    0.001855197303,                 0,   0.0003161782612,    0.001707211127,    0.002506002935,                 0,    0.003503716788,      -309.8518125,     0.02098064758,                 0
          0,           0,          43,       5.576123016,         5.5646074,      -7.954941532,      -7.870636754,      -8.457799795,      -8.454275176,       -7.83342525,                         4,      -1.466597958,   0.0009024500011,      0.8412233045,       14.47954034,        42.7857514,       42.73821408,      0.0039269908,      0.2953946757,    0.004527656914,     0.00212608584,   -0.005859296823,    -0.03735008943,     0.01355237609,      0.2953946757,     0.00212608584,    0.004527656914,     0.01532748315,      -1.755778612,      -1.679260355,       -1.73274045,      -1.730122076,      -1.655020146,     0.09024041205,  -5.389983958e-06,       0.119413333,     0.08574632068,    0.000315857351,    0.001709929501,    0.002501870061,                 0,  -0.0001234513851,    0.000392268956,    0.001857268269,                 0,  -1.642793011e-06,  -9.937151189e-06,   -0.005847716879,                 0,   -0.000628000122,    -0.01304088681,    -0.02407290166,   0.0003916991681,  -0.0002099115713,   -0.003859396804,     0.01834999491,  -0.0007283104421,     0.09024041205,  -5.389983958e-06,       0.119413333,     0.08574632068,  -0.0001234513851,    0.000392268956,    0.001857268269,                 0,    0.000315857351,    0.001709929501,    0.002501870061,                 0,    0.003500176293,      -317.2420391,     0.02095134604,                 0
          0,           0,          44,       5.978651815,       5.573808387,      -8.046924394,      -7.937608879,      -8.553995737,      -8.551951991,      -7.902594691,                         4,       -1.43354101,   0.0009475736216,      0.8832864762,       15.20351736,       44.92503897,       44.87512478,      0.0039269908,      0.2951522706,    0.004528361533,    0.002126252158,   -0.005857823994,    -0.03735786836,     0.01357531818,      0.2951522706,    0.002126252158,    0.004528361533,     0.01534245874,      -1.847761474,      -1.746232481,      -1.828936391,      -1.827798891,      -1.724189587,     0.09023985531,  -5.296611884e-06,      0.1193907905,     0.08552692145,   0.0003155619295,    0.001712239791,    0.002500559812,                 0,  -0.0001235271258,   0.0003906134298,    0.001859165854,                 0,  -1.642637275e-06,   -9.92377815e-06,   -0.005846257578,                 0,  -0.0006276080282,    -0.01305720896,    -0.02405950635,   0.0003864549847,  -0.0002099703564,    -0.00387242486,     0.01836824283,  -0.0007105294319,     0.09023985531,  -5.296611884e-06,      0.1193907905,     0.08552692145,  -0.0001235271258,   0.0003906134298,    0.001859165854,                 0,   0.0003155619295,    0.001712239791,    0.002500559812,                 0,    0.003496924152,       -323.270768,     0.02094432746,                 0
          0,           0,          45,       5.692217454,       5.576382497,      -8.135515686,      -8.003479495,      -8.649028717,      -8.648400955,      -7.970931006,                         4,      -1.403195418,   0.0009949529952,      0.9274527936,       15.96369322,       47.17129092,       47.11888102,      0.0039269908,       0.294923956,     0.00452968891,    0.002125917704,   -0.005856701527,    -0.03737362423,     0.01359206889,       0.294923956,    0.002125917704,     0.00452968891,     0.01535883681,      -1.936352766,      -1.812103096,      -1.923969372,      -1.924247855,      -1.792525902,     0.09023929753,   -5.22728238e-06,      0.1193744058,     0.08531547997,   0.0003152855161,    0.001714046751,    0.002500356642,                 0,   -0.000123603238,   0.0003888010356,    0.001860719906,                 0,  -1.642508045e-06,  -9.911898131e-06,   -0.005845147121,                 0,  -0.0006272364982,    -0.01307059718,    -0.02405715195,   0.0003813614072,  -0.0002100306895,   -0.003888113043,     0.01838322725,  -0.0006930146275,     0.09023929753,   -5.22728238e-06,      0.1193744058,     0.08531547997,   -0.000123603238,   0.0003888010356,    0.001860719906,                 0,   0.0003152855161,    0.001714046751,    0.002500356642,                 0,    0.003493882651,      -327.9039904,     0.02094550022,                 0
          0,           0,          46,       5.605757852,       5.577007505,      -8.214627055,      -8.066037683,      -8.736129298,      -8.737870344,      -8.036045614,                         4,      -1.384328734,    0.001044701217,      0.9738273055,       16.76187789,       49.52985546,       49.47482507,      0.0039269908,      0.2947117856,    0.004530809834,    0.002125533768,   -0.005855830089,    -0.03738849509,     0.01360581746,      0.2947117856,    0.002125533768,    0.004530809834,     0.01537369748,      -2.015464135,      -1.874661285,      -2.011069953,      -2.013717244,       -1.85764051,     0.09023878262,  -5.178233398e-06,       0.119362716,     0.08511546516,   0.0003150274959,    0.001715384007,    0.002500398331,                 0,  -0.0001236716188,   0.0003872090063,     0.00186199638,                 0,  -1.642399889e-06,  -9.902136782e-06,   -0.005844285553,                 0,   -0.000626891135,    -0.01308072177,    -0.02405744535,   0.0003765631628,  -0.0002100866066,   -0.003902465396,     0.01839557609,  -0.0006772066285,     0.09023878262,  -5.178233398e-06,       0.119362716,     0.08511546516,  -0.0001236716188,   0.0003872090063,     0.00186199638,                 0,   0.0003150274959,    0.001715384007,    0.002500398331,                 0,    0.003491043283,      -331.2681904,     0.02094790077,                 0
          0,           0,          47,       5.772749801,       5.581085469,      -8.282126579,      -8.126708672,      -8.812160853,      -8.816864201,      -8.099106912,                         4,      -1.376569488,    0.001096936841,       1.022520329,       17.59997178,       52.00634823,       51.94856632,      0.0039269908,       0.294517182,    0.004531618396,    0.002125350554,   -0.005855116378,    -0.03740063363,     0.01361846148,       0.294517182,    0.002125350554,    0.004531618396,      0.0153866011,      -2.082963658,      -1.935332273,      -2.087101508,      -2.092711101,      -1.920701809,      0.0902383097,    -5.1452748e-06,       0.119354474,     0.08492954362,   0.0003147945854,    0.001716401834,    0.002500421978,                 0,  -0.0001237306784,   0.0003860561298,    0.001863025102,                 0,  -1.642302771e-06,  -9.894646446e-06,   -0.005843579429,                 0,  -0.0006265830273,    -0.01308861678,    -0.02405771517,   0.0003722813488,  -0.0002101349958,   -0.003912976922,     0.01840557865,  -0.0006640052582,      0.0902383097,    -5.1452748e-06,       0.119354474,     0.08492954362,  -0.0001237306784,   0.0003860561298,    0.001863025102,                 0,   0.0003147945854,    0.001716401834,    0.002500421978,                 0,    0.003488480518,      -333.5879812,     0.02094954545,                 0
          0,           0,          48,       5.830465838,       5.586174864,      -8.339463879,       -8.18629569,      -8.876917846,      -8.883788254,      -8.160815592,                         4,      -1.377555752,    0.001151784205,       1.073647733,       18.47997037,       54.60666565,       54.54599464,      0.0039269908,      0.2943429619,    0.004532148111,    0.002125430536,    -0.00585455474,    -0.03741003292,     0.01363043503,      0.2943429619,    0.002125430536,    0.004532148111,       0.015397508,      -2.140300959,      -1.994919292,      -2.151858501,      -2.159635154,      -1.982410488,     0.09023788765,  -5.124568165e-06,      0.1193487856,     0.08476141324,   0.0003145949219,    0.001717132968,    0.002500420222,                 0,  -0.0001237804627,    0.000385376128,    0.001863834871,                 0,  -1.642214111e-06,  -9.889107932e-06,   -0.005843023418,                 0,  -0.0006263224229,    -0.01309430672,    -0.02405779873,   0.0003683949511,  -0.0002101746695,    -0.00391907158,      0.0184135034,    -0.00065382212,     0.09023788765,  -5.124568165e-06,      0.1193487856,     0.08476141324,  -0.0001237804627,    0.000385376128,    0.001863834871,                 0,   0.0003145949219,    0.001717132968,    0.002500420222,                 0,      0.0034862842,      -335.0785691,     0.02095052924,                 0
          0,           0,          49,       5.919994961,       5.592851266,      -8.394811491,       -8.25101099,      -8.937372626,      -8.944422972,      -8.227716255,                         4,      -1.379998234,    0.001209373767,       1.127331195,       19.40396889,       57.33699893,       57.27329437,      0.0039269908,      0.2941902076,    0.004532443544,    0.002125694476,    -0.00585413305,    -0.03741719537,      0.0136411265,      0.2941902076,    0.002125694476,    0.004532443544,     0.01540650718,       -2.19564857,      -2.059634591,      -2.212313281,      -2.220269872,      -2.049311151,     0.09023753137,  -5.112533751e-06,      0.1193449237,     0.08461286499,   0.0003144312573,    0.001717577284,    0.002500435002,                 0,  -0.0001238204083,   0.0003850825123,    0.001864432372,                 0,  -1.642135748e-06,  -9.885085489e-06,   -0.005842605829,                 0,  -0.0006261108398,     -0.0130975771,    -0.02405805036,   0.0003645429243,  -0.0002102044859,   -0.003921510031,     0.01841940372,  -0.0006465627041,     0.09023753137,  -5.112533751e-06,      0.1193449237,     0.08461286499,  -0.0001238204083,   0.0003850825123,    0.001864432372,                 0,   0.0003144312573,    0.001717577284,    0.002500435002,                 0,    0.003484484256,      -335.9542192,     0.02095133102,                 0
          0,           0,          50,       6.068644289,       5.602180541,        -8.4516125,      -8.320867001,      -8.997461268,       -9.00298234,      -8.300012538,                         4,      -1.384013884,    0.001269842639,       1.183698524,       20.37416733,       60.20384888,       60.13695909,      0.0039269908,       0.294058311,    0.004532520957,    0.002126041179,   -0.005853833358,    -0.03742255752,     0.01365000043,       0.294058311,    0.002126041179,    0.004532520957,     0.01541368085,       -2.25244958,      -2.129490603,      -2.272401923,       -2.27882924,      -2.121607434,     0.09023724831,  -5.106306817e-06,      0.1193423262,     0.08448384277,    0.000314299142,    0.001717739149,    0.002500482665,                 0,  -0.0001238498054,   0.0003850355456,    0.001864855438,                 0,  -1.642069026e-06,  -9.882196251e-06,   -0.005842309092,                 0,  -0.0006259412696,    -0.01309832216,    -0.02405861209,   0.0003603179995,   -0.000210223823,   -0.003921641411,     0.01842362768,  -0.0006417620185,     0.09023724831,  -5.106306817e-06,      0.1193423262,     0.08448384277,  -0.0001238498054,   0.0003850355456,    0.001864855438,                 0,    0.000314299142,    0.001717739149,    0.002500482665,                 0,    0.003483031098,      -336.3956008,     0.02095218641,                 0
          0,           0,          51,       5.699526776,       5.604052584,      -8.511302553,      -8.394988625,      -9.059103443,      -9.062773828,      -8.376912149,                         4,      -1.389389203,    0.001333334866,       1.242883952,        21.3928757,       63.21404132,       63.14380705,      0.0039269908,      0.2939464889,    0.004532404888,    0.002126431293,   -0.005853638253,    -0.03742655571,     0.01365727673,      0.2939464889,    0.002126431293,    0.004532404888,     0.01541914961,      -2.312139633,      -2.203612226,      -2.334044098,      -2.338620728,      -2.198507046,     0.09023702858,  -5.103796247e-06,      0.1193405619,     0.08437400218,   0.0003141910097,    0.001717646262,    0.002500567616,                 0,  -0.0001238708172,    0.000385124767,    0.001865177344,                 0,  -1.642012725e-06,  -9.880185884e-06,   -0.005842116054,                 0,  -0.0006258032535,    -0.01309673062,    -0.02405951967,   0.0003554978324,  -0.0002102360445,   -0.003920511766,     0.01842686935,  -0.0006388448031,     0.09023702858,  -5.103796247e-06,      0.1193405619,     0.08437400218,  -0.0001238708172,    0.000385124767,    0.001865177344,                 0,   0.0003141910097,    0.001717646262,    0.002500567616,                 0,    0.003481841265,      -336.5428751,       0.020953208,                 0
          0,           0,          52,        5.91651263,       5.609948057,      -8.574219094,      -8.472429802,      -9.123260513,      -9.125416076,      -8.457332779,                         4,        -1.3942544,     0.00140000167,       1.305028437,       22.46251948,       66.37474338,        66.3009974,      0.0039269908,      0.2938527991,    0.004532152411,    0.002126839193,   -0.005853515769,    -0.03742984529,     0.01366324485,      0.2938527991,    0.002126839193,    0.004532152411,     0.01542320654,      -2.375056173,      -2.281053403,      -2.398201168,      -2.401262977,      -2.278927675,     0.09023685207,  -5.103505224e-06,      0.1193393172,     0.08428173326,   0.0003141013107,    0.001717359001,    0.002500692099,                 0,  -0.0001238864409,   0.0003852842804,    0.001865441353,                 0,  -1.641964291e-06,  -9.878865522e-06,   -0.005841994939,                 0,  -0.0006256890671,    -0.01309334917,    -0.02406079278,   0.0003499857202,  -0.0002102440912,   -0.003918739695,     0.01842954022,   -0.000637311587,     0.09023685207,  -5.103505224e-06,      0.1193393172,     0.08428173326,  -0.0001238864409,   0.0003852842804,    0.001865441353,                 0,   0.0003141013107,    0.001717359001,    0.002500692099,                 0,    0.003480854036,       -336.505779,     0.02095446964,                 0
          0,           0,          53,       5.605598207,       5.609867504,       -8.63777945,       -8.54967245,      -9.187925426,       -9.18867409,      -8.537469914,                         4,      -1.400010763,    0.001470001756,       1.370279991,       23.58564546,       69.69348055,       69.61604727,      0.0039269908,      0.2937752267,    0.004531801539,    0.002127218549,   -0.005853453996,    -0.03743270039,     0.01366792475,      0.2937752267,    0.002127218549,    0.004531801539,     0.01542608473,       -2.43861653,      -2.358296052,      -2.462866081,      -2.464520991,       -2.35906481,     0.09023670908,  -5.104417692e-06,      0.1193384117,     0.08420521026,   0.0003140291142,    0.001716928986,    0.002500843439,                 0,  -0.0001238978322,   0.0003854570696,    0.001865659312,                 0,  -1.641922571e-06,  -9.878052724e-06,   -0.005841934021,                 0,  -0.0006255972403,    -0.01308866333,    -0.02406231421,   0.0003438743839,   -0.000210248117,   -0.003916882591,      0.0184317492,   -0.000636693746,     0.09023670908,  -5.104417692e-06,      0.1193384117,     0.08420521026,  -0.0001238978322,   0.0003854570696,    0.001865659312,                 0,   0.0003140291142,    0.001716928986,    0.002500843439,                 0,    0.003480059473,      -336.3613814,     0.02095589678,                 0
          0,           0,          54,       5.591334035,       5.609530532,      -8.702734453,      -8.627355837,      -9.254149034,      -9.253217678,      -8.617656733,                         4,      -1.402352378,    0.001543501768,       1.438794024,       24.76492773,       73.17815458,       73.09684963,      0.0039269908,      0.2937112358,    0.004531370817,    0.002127549934,   -0.005853435845,    -0.03743513629,     0.01367153615,      0.2937112358,    0.002127549934,    0.004531370817,     0.01542797913,      -2.503571533,      -2.435979438,      -2.529089689,      -2.529064578,      -2.439251629,     0.09023659599,  -5.105902457e-06,      0.1193377348,     0.08414201094,   0.0003139729523,    0.001716399668,    0.002500998197,                 0,  -0.0001239055939,    0.000385614012,    0.001865841516,                 0,  -1.641887396e-06,   -9.87759567e-06,   -0.005841916362,                 0,  -0.0006255259153,      -0.013083081,    -0.02406385997,   0.0003373305907,   -0.000210248323,   -0.003915225685,     0.01843359855,  -0.0006365883849,     0.09023659599,  -5.105902457e-06,      0.1193377348,     0.08414201094,  -0.0001239055939,    0.000385614012,    0.001865841516,                 0,   0.0003139729523,    0.001716399668,    0.002500998197,                 0,    0.003479441448,      -336.1599017,     0.02095731246,                 0
          0,           0,          55,       5.623431542,       5.609778764,      -8.767235384,      -8.703110331,      -9.319705491,      -9.317007858,      -8.695258416,                         4,      -1.402554649,    0.001620676697,       1.510733702,       26.00317412,       76.83706231,       76.75169211,      0.0039269908,      0.2936584541,    0.004530876118,    0.002127825267,   -0.005853440607,    -0.03743718712,     0.01367422244,      0.2936584541,    0.002127825267,    0.004530876118,     0.01542906753,      -2.568072464,      -2.511733933,      -2.594646146,      -2.592854758,      -2.516853312,     0.09023650971,  -5.107584671e-06,      0.1193372148,     0.08408983721,   0.0003139301574,    0.001715802242,    0.002501143719,                 0,  -0.0001239105336,   0.0003857417802,    0.001865994021,                 0,  -1.641858352e-06,  -9.877376016e-06,   -0.005841921373,                 0,  -0.0006254716822,    -0.01307689606,    -0.02406530951,   0.0003304901301,  -0.0002102460753,   -0.003913891967,     0.01843514867,   -0.000636788187,     0.09023650971,  -5.107584671e-06,      0.1193372148,     0.08408983721,  -0.0001239105336,   0.0003857417802,    0.001865994021,                 0,   0.0003139301574,    0.001715802242,    0.002501143719,                 0,    0.003478970523,      -335.9322169,     0.02095862321,                 0
          0,           0,          56,        5.76046027,       5.612422299,      -8.830624584,      -8.775937436,      -9.383888841,       -9.37949504,      -8.769249278,                         4,      -1.400581102,    0.001701710295,       1.586270337,       27.30333282,       80.67891543,       80.58927672,      0.0039269908,      0.2936151537,    0.004530332165,    0.002128055205,   -0.005853454623,    -0.03743890798,     0.01367622313,      0.2936151537,    0.002128055205,    0.004530332165,      0.0154294903,      -2.631461664,      -2.584561038,      -2.658829496,       -2.65534194,      -2.590844174,     0.09023644545,  -5.109270298e-06,      0.1193368055,     0.08404701201,   0.0003138978733,    0.001715160083,    0.002501274209,                 0,  -0.0001239133069,   0.0003858476425,     0.00186612087,                 0,  -1.641834533e-06,  -9.877302591e-06,   -0.005841935486,                 0,  -0.0006254309167,    -0.01307031999,    -0.02406660781,     0.00032345074,  -0.0002102423465,   -0.003912798484,     0.01843643996,  -0.0006371759998,     0.09023644545,  -5.109270298e-06,      0.1193368055,     0.08404701201,  -0.0001239133069,   0.0003858476425,     0.00186612087,                 0,   0.0003138978733,    0.001715160083,    0.002501274209,                 0,    0.003478615229,      -335.6957027,     0.02095978855,                 0
          0,           0,          57,       5.600336359,       5.612213921,       -8.89348787,       -8.84634396,      -9.447511402,       -9.44147288,       -8.84026051,                         4,      -1.395252202,    0.001786795525,       1.665583797,       28.66849946,        84.7128612,       84.61874055,      0.0039269908,      0.2935796191,    0.004529752613,    0.002128249275,   -0.005853469216,    -0.03744037673,     0.01367774769,      0.2935796191,    0.002128249275,    0.004529752613,     0.01542938378,       -2.69432495,      -2.654967562,      -2.722452056,       -2.71731978,      -2.661855406,     0.09023639773,  -5.110892115e-06,      0.1193364756,     0.08401185665,   0.0003138735191,    0.001714490136,    0.002501388958,                 0,   -0.000123914509,   0.0003859357894,    0.001866227994,                 0,  -1.641814869e-06,  -9.877308981e-06,   -0.005841950092,                 0,  -0.0006254004015,    -0.01306350774,    -0.02406774953,   0.0003162809396,   -0.000210237743,   -0.003911894924,     0.01843753175,  -0.0006376513919,     0.09023639773,  -5.110892115e-06,      0.1193364756,     0.08401185665,   -0.000123914509,   0.0003859357894,    0.001866227994,                 0,   0.0003138735191,    0.001714490136,    0.002501388958,                 0,    0.003478347175,      -335.4580957,     0.02096080804,                 0
          0,           0,          58,       5.564930839,       5.611412513,      -8.955085034,      -8.913545993,      -9.509629902,      -9.501991443,      -8.907681421,                         4,      -1.388697437,    0.001876134989,       1.748862931,       30.10192444,       88.94850426,       88.84967758,      0.0039269908,      0.2935504883,    0.004529143129,    0.002128412655,   -0.005853480449,    -0.03744162343,     0.01367895506,      0.2935504883,    0.002128412655,    0.004529143129,     0.01542883868,      -2.755922114,      -2.722169594,      -2.784570556,      -2.777838344,      -2.729276317,     0.09023636267,  -5.112395048e-06,      0.1193362068,     0.08398303127,   0.0003138555743,    0.001713799766,    0.002501487789,                 0,  -0.0001239144805,   0.0003860080013,    0.001866319134,                 0,  -1.641798455e-06,  -9.877349514e-06,   -0.005841961301,                 0,    -0.00062537832,    -0.01305652166,    -0.02406873418,   0.0003090107293,  -0.0002102324637,   -0.003911158859,     0.01843846106,  -0.0006381146748,     0.09023636267,  -5.112395048e-06,      0.1193362068,     0.08398303127,  -0.0001239144805,   0.0003860080013,    0.001866319134,                 0,   0.0003138555743,    0.001713799766,    0.002501487789,                 0,    0.003478149662,      -335.2244398,     0.02096168343,                 0
          0,           0,          59,       5.512074296,       5.609756876,      -9.017736445,      -8.980261296,      -9.573034468,      -9.563892347,      -8.974409323,                         4,      -1.378096513,    0.001969941432,       1.836306028,       31.60702066,       93.39592947,       93.29216146,      0.0039269908,      0.2935265589,    0.004528476422,    0.002128555778,   -0.005853487092,    -0.03744234375,     0.01368001237,      0.2935265589,    0.002128555778,    0.004528476422,     0.01542782513,      -2.818573525,      -2.788884897,      -2.847975123,      -2.839739247,       -2.79600422,     0.09023633776,  -5.113712654e-06,      0.1193359871,     0.08395934772,   0.0003138427268,    0.001713062253,    0.002501571442,                 0,  -0.0001239134532,    0.000386072891,     0.00186639634,                 0,  -1.641784636e-06,   -9.87739274e-06,   -0.005841967914,                 0,  -0.0006253629613,    -0.01304909059,    -0.02406956964,   0.0003016794363,  -0.0002102265943,   -0.003910501879,     0.01843924894,   -0.000638508094,     0.09023633776,  -5.113712654e-06,      0.1193359871,     0.08395934772,  -0.0001239134532,    0.000386072891,     0.00186639634,                 0,   0.0003138427268,    0.001713062253,    0.002501571442,                 0,    0.003478008245,      -334.9938428,     0.02096242301,                 0
          0,           0,          60,       5.614119295,       5.609828391,      -9.080564216,      -9.045817898,      -9.636790675,      -9.626160751,      -9.039896106,                         4,      -1.365467042,    0.002068438211,       1.928121287,       33.18737169,       98.06572594,       97.95676954,      0.0039269908,      0.2935066363,    0.004527771967,    0.002128677056,   -0.005853492593,    -0.03744269259,     0.01368090071,      0.2935066363,    0.002128677056,    0.004527771967,      0.0154264722,      -2.881401295,        -2.8544415,       -2.91173133,      -2.902007652,      -2.861491002,      0.0902363207,  -5.114764486e-06,       0.119335806,     0.08393962445,   0.0003138337227,    0.001712298911,    0.002501639333,                 0,  -0.0001239116352,   0.0003861293048,    0.001866459386,                 0,   -1.64177289e-06,  -9.877460783e-06,   -0.005841973359,                 0,  -0.0006253526698,    -0.01304142148,    -0.02407025014,   0.0002943316991,  -0.0002102202479,   -0.003909932691,     0.01843989392,  -0.0006388402641,      0.0902363207,  -5.114764486e-06,       0.119335806,     0.08393962445,  -0.0001239116352,   0.0003861293048,    0.001866459386,                 0,   0.0003138337227,    0.001712298911,    0.002501639333,                 0,     0.00347790912,      -334.7757097,     0.02096302374,                 0
          0,           0,          61,       5.574234964,       5.609254303,      -9.142804108,      -9.109687289,      -9.700068443,      -9.687779945,      -9.103730844,                         4,       -1.35158923,     0.00217185984,       2.024527316,       34.84674028,               100,       99.91331835,      0.0039269908,      0.2934897688,    0.004527116727,    0.002128777615,   -0.005853496329,    -0.03744344857,     0.01368160417,      0.2934897688,    0.002128777615,    0.004527116727,     0.01542512621,      -2.943641188,       -2.91831089,      -2.975009098,      -2.963626846,      -2.925325741,     0.09023631018,  -5.115663768e-06,       0.119335657,     0.08392291732,   0.0003138278079,    0.001711594631,    0.002501694288,                 0,  -0.0001239091829,   0.0003861794299,    0.001866507368,                 0,  -1.641762705e-06,  -9.877545788e-06,    -0.00584197702,                 0,  -0.0006253463444,    -0.01303435502,    -0.02407080347,   0.0002870562726,  -0.0002102135701,   -0.003909430362,     0.01844038677,  -0.0006391386669,     0.09023631018,  -5.115663768e-06,       0.119335657,     0.08392291732,  -0.0001239091829,   0.0003861794299,    0.001866507368,                 0,   0.0003138278079,    0.001711594631,    0.002501694288,                 0,    0.003477843978,      -334.5791883,     0.02096351041,                 0
          0,           0,          62,       5.656984059,       5.610011919,      -9.204565579,      -9.172396484,      -9.763076387,      -9.748929549,      -9.166411591,                         4,      -1.350330145,    0.002280452581,       2.064459595,       36.58907729,               100,       99.94136612,      0.0039269908,      0.2934758474,    0.004526496769,      0.0021288611,   -0.005853499777,    -0.03744434974,     0.01368218388,      0.2934758474,      0.0021288611,    0.004526496769,     0.01542374546,      -3.005402659,      -2.981020085,      -3.038017042,       -3.02477645,      -2.988006487,     0.09023630417,  -5.116549304e-06,      0.1193355332,      0.0839091266,   0.0003138236178,    0.001710936789,    0.002501736362,                 0,  -0.0001239063793,   0.0003862200912,    0.001866547389,                 0,  -1.641753853e-06,  -9.877579954e-06,   -0.005841980443,                 0,  -0.0006253421588,    -0.01302776211,    -0.02407123021,   0.0002799847346,  -0.0002102069101,   -0.003909026004,      0.0184407984,  -0.0006393816024,     0.09023630417,  -5.116549304e-06,      0.1193355332,      0.0839091266,  -0.0001239063793,   0.0003862200912,    0.001866547389,                 0,   0.0003138236178,    0.001710936789,    0.002501736362,                 0,    0.003477797774,      -334.3927102,     0.02096388474,                 0
          0,           0,          63,       5.680008882,       5.611105621,      -9.265865462,      -9.234369461,      -9.825235409,      -9.809036913,      -9.228372419,                         4,      -1.354707899,    0.002325432599,       2.064459571,       38.41853116,               100,       99.95686607,      0.0039269908,      0.2934644583,    0.004525923536,    0.002128925473,   -0.005853504613,    -0.03744547178,      0.0136826235,      0.2934644583,    0.002128925473,    0.004525923536,     0.01542239071,      -3.066702541,      -3.042993063,      -3.100176064,      -3.084883813,      -3.049967315,     0.09023630128,  -5.117361574e-06,      0.1193354291,     0.08389784522,   0.0003138206652,    0.001710336802,    0.002501766068,                 0,  -0.0001239031963,   0.0003862513449,    0.001866577324,                 0,  -1.641746033e-06,  -9.877558163e-06,   -0.005841985308,                 0,  -0.0006253395574,    -0.01302175062,    -0.02407153558,   0.0002731539795,  -0.0002102000143,   -0.003908719109,     0.01844110823,  -0.0006395656025,     0.09023630128,  -5.117361574e-06,      0.1193354291,     0.08389784522,  -0.0001239031963,   0.0003862513449,    0.001866577324,                 0,   0.0003138206652,    0.001710336802,    0.002501766068,                 0,    0.003477765165,      -334.2223874,     0.02096415194,                 0
          0,           0,          64,       5.638686694,       5.611529945,      -9.328500409,      -9.297590582,      -9.889116777,      -9.870693279,      -9.291688065,                         4,      -1.352515567,    0.002325432408,       2.064459551,       40.33945771,               100,       99.96788603,      0.0039269908,      0.2934550332,    0.004525366468,    0.002128973467,   -0.005853511732,    -0.03744657547,     0.01368294865,      0.2934550332,    0.002128973467,    0.004525366468,     0.01542098774,      -3.129337488,      -3.106214184,      -3.164057432,      -3.146540179,      -3.113282961,     0.09023630117,  -5.118085824e-06,       0.119335343,     0.08388850715,   0.0003138189598,    0.001709762069,    0.002501785439,                 0,  -0.0001238996414,   0.0003862750242,    0.001866598085,                 0,   -1.64173909e-06,  -9.877545007e-06,   -0.005841992448,                 0,  -0.0006253386028,    -0.01301599739,    -0.02407173914,   0.0002664996638,  -0.0002101928436,   -0.003908490625,     0.01844132558,  -0.0006396934682,     0.09023630117,  -5.118085824e-06,       0.119335343,     0.08388850715,  -0.0001238996414,   0.0003862750242,    0.001866598085,                 0,   0.0003138189598,    0.001709762069,    0.002501785439,                 0,     0.00347774627,      -334.0627977,      0.0209643294,                 0
          0,           0,          65,       5.834284015,       5.614905007,      -9.390470292,       -9.35976055,      -9.952530521,      -9.931726966,       -9.35401486,                         4,      -1.348182847,    0.002325432242,       2.064459533,        42.3564306,               100,       99.97596496,      0.0039269908,      0.2934470738,    0.004524801701,    0.002129009187,   -0.005853520221,    -0.03744749295,     0.01368320009,      0.2934470738,    0.002129009187,    0.004524801701,     0.01541948142,      -3.191307371,      -3.168384151,      -3.227471176,      -3.207573866,      -3.175609756,     0.09023630363,  -5.118719472e-06,      0.1193352729,     0.08388061592,   0.0003138184918,    0.001709185977,    0.002501797232,                 0,   -0.000123895837,   0.0003862938777,    0.001866611146,                 0,  -1.641732949e-06,  -9.877562963e-06,   -0.005842000925,                 0,  -0.0006253392521,    -0.01301023842,    -0.02407186765,   0.0002599523759,  -0.0002101855764,   -0.003908312153,     0.01844146532,  -0.0006397675082,     0.09023630363,  -5.118719472e-06,      0.1193352729,     0.08388061592,   -0.000123895837,   0.0003862938777,    0.001866611146,                 0,   0.0003138184918,    0.001709185977,    0.002501797232,                 0,    0.003477740989,      -333.9088978,     0.02096444053,                 0
          0,           0,          66,        5.77285225,       5.617262429,      -9.450876677,      -9.420131596,      -10.01426174,       -9.99076119,      -9.414546175,                         4,      -1.343847106,      0.0023254321,       2.064459518,       44.47425213,               100,       99.98191289,      0.0039269908,      0.2934402203,     0.00452422732,     0.00212903571,   -0.005853529249,    -0.03744822382,     0.01368339658,      0.2934402203,     0.00212903571,     0.00452422732,     0.01541788415,      -3.251713757,      -3.228755198,      -3.289202398,       -3.26660809,      -3.236141071,     0.09023630825,  -5.119279731e-06,      0.1193352166,     0.08387381469,   0.0003138190275,    0.001708604658,    0.002501803634,                 0,  -0.0001238919441,   0.0003863093727,    0.001866618281,                 0,  -1.641727462e-06,   -9.87759708e-06,   -0.005842009924,                 0,  -0.0006253411009,    -0.01300443463,    -0.02407194235,   0.0002534942645,  -0.0002101784379,   -0.003908167825,     0.01844154516,  -0.0006398023184,     0.09023630825,  -5.119279731e-06,      0.1193352166,     0.08387381469,  -0.0001238919441,   0.0003863093727,    0.001866618281,                 0,   0.0003138190275,    0.001708604658,    0.002501803634,                 0,    0.003477746747,      -333.7587996,     0.02096450407,                 0
          0,           0,          67,       5.529298589,       5.615968843,      -9.509622791,      -9.478822002,      -10.07419039,      -10.04739791,      -9.473404797,                         4,      -1.338548945,    0.002325431987,       2.064459506,       46.69796474,               100,        99.9861033,      0.0039269908,      0.2934342515,    0.004523650562,    0.002129053492,   -0.005853539078,    -0.03744885665,     0.01368353846,      0.2934342515,    0.002129053492,    0.004523650562,     0.01541623222,      -3.310459871,      -3.287445603,      -3.349131046,      -3.323244809,      -3.294999693,     0.09023631447,  -5.119790873e-06,      0.1193351715,     0.08386788526,   0.0003138202488,    0.001708024245,    0.002501806068,                 0,  -0.0001238880258,   0.0003863209349,    0.001866620583,                 0,  -1.641722565e-06,   -9.87764028e-06,   -0.005842019715,                 0,  -0.0006253437271,    -0.01299864472,    -0.02407197726,   0.0002471090536,  -0.0002101714698,   -0.003908063899,     0.01844157625,  -0.0006398024138,     0.09023631447,  -5.119790873e-06,      0.1193351715,     0.08386788526,  -0.0001238880258,   0.0003863209349,    0.001866620583,                 0,   0.0003138202488,    0.001708024245,    0.002501806068,                 0,    0.003477760042,      -333.6121118,     0.02096453238,                 0
          0,           0,          68,       5.849582641,        5.61935455,      -9.565074825,      -9.534106489,      -10.13063685,      -10.09983021,      -9.528887796,                         4,      -1.334678445,    0.002325431896,       2.064459495,       49.03286297,               100,       99.98872602,      0.0039269908,      0.2934290792,    0.004523076805,    0.002129063388,   -0.005853549529,    -0.03744940709,     0.01368364123,      0.2934290792,    0.002129063388,    0.004523076805,     0.01541454861,      -3.365911905,      -3.342730091,      -3.405577509,       -3.37567711,      -3.350482692,     0.09023632177,  -5.120261031e-06,      0.1193351356,     0.08386274211,   0.0003138218633,    0.001707449741,      0.0025018052,                 0,  -0.0001238841105,   0.0003863285023,    0.001866618996,                 0,  -1.641718132e-06,   -9.87768657e-06,   -0.005842030125,                 0,  -0.0006253467709,    -0.01299291602,     -0.0240719791,   0.0002408348047,  -0.0002101646565,   -0.003908000416,     0.01844156802,  -0.0006397617138,     0.09023632177,  -5.120261031e-06,      0.1193351356,     0.08386274211,  -0.0001238841105,   0.0003863285023,    0.001866618996,                 0,   0.0003138218633,    0.001707449741,      0.0025018052,                 0,    0.003477777653,      -333.4692764,     0.02096453143,                 0
          0,           0,          69,       5.497787862,       5.617617883,       -9.61916982,      -9.587975441,      -10.18613202,      -10.15067217,      -9.583051608,                         4,      -1.330073808,    0.002325431836,       2.064459486,       51.48450612,               100,       99.99030251,      0.0039269908,      0.2934245468,     0.00452251302,    0.002129063939,   -0.005853560565,    -0.03744993666,     0.01368369166,      0.2934245468,    0.002129063939,     0.00452251302,     0.01541286532,      -3.420006899,      -3.396599043,      -3.461072678,      -3.426519072,      -3.404646504,     0.09023632983,  -5.120699796e-06,      0.1193351071,     0.08385823058,   0.0003138237684,    0.001706887598,    0.002501801653,                 0,  -0.0001238801796,   0.0003863299549,    0.001866614164,                 0,  -1.641714102e-06,  -9.877735258e-06,   -0.005842041116,                 0,  -0.0006253501493,    -0.01298731224,    -0.02407195418,   0.0002346799144,  -0.0002101579341,   -0.003907998394,     0.01844152703,  -0.0006396790424,     0.09023632983,  -5.120699796e-06,      0.1193351071,     0.08385823058,  -0.0001238801796,   0.0003863299549,    0.001866614164,                 0,   0.0003138237684,    0.001706887598,    0.002501801653,                 0,    0.003477798454,      -333.3309247,     0.02096450671,                 0
          0,           0,          70,       5.734850833,       5.619269051,      -9.671245256,      -9.639653394,      -10.23957748,      -10.19886928,      -9.635105299,                         4,      -1.326225614,    0.002325431798,       2.064459477,       54.05873143,               100,       99.99139401,      0.0039269908,      0.2934205454,    0.004521958065,     0.00212905555,   -0.005853572327,      -0.037450442,     0.01368371305,      0.2934205454,     0.00212905555,    0.004521958065,     0.01541118417,      -3.472082335,      -3.448276995,      -3.514518131,      -3.474716185,      -3.456700196,     0.09023633841,  -5.121113032e-06,      0.1193350847,     0.08385424335,    0.000313825905,    0.001706336299,     0.00250179586,                 0,  -0.0001238762367,   0.0003863250861,    0.001866606701,                 0,  -1.641710375e-06,  -9.877787449e-06,    -0.00584205283,                 0,  -0.0006253538097,    -0.01298181822,    -0.02407190682,   0.0002286368443,  -0.0002101512813,   -0.003908059955,     0.01844145955,  -0.0006395352646,     0.09023633841,  -5.121113032e-06,      0.1193350847,     0.08385424335,  -0.0001238762367,   0.0003863250861,    0.001866606701,                 0,    0.000313825905,    0.001706336299,     0.00250179586,                 0,    0.003477821802,      -333.1963752,      0.0209644621,                 0
          0,           0,          71,         5.6072199,       5.619101702,      -9.721217169,      -9.689091151,      -10.29082772,       -10.2441785,      -9.684994872,                         4,      -1.323422711,    0.002325431777,        2.06445947,         56.761668,               100,       99.99231593,      0.0039269908,      0.2934170052,    0.004521413096,    0.002129038168,    -0.00585358446,    -0.03745092144,     0.01368371682,      0.2934170052,    0.002129038168,    0.004521413096,      0.0154095128,      -3.522054249,      -3.497714752,      -3.565768379,      -3.520025403,      -3.506589769,      0.0902363474,  -5.121504443e-06,      0.1193350677,      0.0838507116,   0.0003138282123,    0.001705796606,    0.002501788278,                 0,  -0.0001238723103,   0.0003863135343,    0.001866596944,                 0,  -1.641706893e-06,  -9.877839819e-06,   -0.005842064914,                 0,  -0.0006253576555,    -0.01297644123,    -0.02407184159,   0.0002227190376,  -0.0002101447365,   -0.003908188681,     0.01844136897,  -0.0006393187324,      0.0902363474,  -5.121504443e-06,      0.1193350677,      0.0838507116,  -0.0001238723103,   0.0003863135343,    0.001866596944,                 0,   0.0003138282123,    0.001705796606,    0.002501788278,                 0,    0.003477847025,      -333.0655327,     0.02096440156,                 0
          0,           0,          72,       5.701007865,       5.620223704,      -9.769461165,      -9.736710196,      -10.34046027,      -10.28708101,      -9.733132622,                         4,      -1.320753709,    0.002325431774,       2.064459464,        59.5997514,               100,       99.99322199,      0.0039269908,      0.2934138848,    0.004520876223,    0.002129011374,   -0.005853597085,    -0.03745138741,     0.01368370861,      0.2934138848,    0.002129011374,    0.004520876223,     0.01540784692,      -3.570298244,      -3.545333798,      -3.615400929,      -3.562927911,      -3.554727518,      0.0902363568,  -5.121879244e-06,      0.1193350549,     0.08384759498,   0.0003138306663,     0.00170526661,    0.002501778946,                 0,  -0.0001238683859,   0.0003862942992,    0.001866585461,                 0,  -1.641703648e-06,  -9.877894243e-06,   -0.005842077487,                 0,  -0.0006253616726,    -0.01297116219,    -0.02407175899,   0.0002168954333,  -0.0002101382708,   -0.003908394986,     0.01844126104,  -0.0006390191752,      0.0902363568,  -5.121879244e-06,      0.1193350549,     0.08384759498,  -0.0001238683859,   0.0003862942992,    0.001866585461,                 0,   0.0003138306663,     0.00170526661,    0.002501778946,                 0,    0.003477873858,      -332.9376834,     0.02096432559,                 0
          0,           0,          73,       5.499150207,       5.618587576,      -9.814664147,      -9.781084305,      -10.38692745,      -10.32619022,      -9.778084136,                         4,      -1.319392436,    0.002325431784,       2.064459458,       62.57973897,               100,        99.9941611,      0.0039269908,      0.2934111135,     0.00452034849,    0.002128975942,   -0.005853609763,    -0.03745182691,     0.01368369319,      0.2934111135,    0.002128975942,     0.00452034849,     0.01540619384,      -3.615501226,      -3.589707907,      -3.661868106,      -3.602037125,      -3.599679032,     0.09023636641,  -5.122231384e-06,      0.1193350457,     0.08384482357,    0.000313833155,    0.001704746702,    0.002501768633,                 0,  -0.0001238644921,   0.0003862677172,    0.001866572717,                 0,  -1.641700557e-06,  -9.877948868e-06,   -0.005842090114,                 0,  -0.0006253656976,    -0.01296598431,    -0.02407166654,   0.0002111896305,  -0.0002101319096,   -0.003908674373,     0.01844114037,  -0.0006386408952,     0.09023636641,  -5.122231384e-06,      0.1193350457,     0.08384482357,  -0.0001238644921,   0.0003862677172,    0.001866572717,                 0,    0.000313833155,    0.001704746702,    0.002501768633,                 0,    0.003477901067,      -332.8132944,     0.02096424079,                 0
          0,           0,          74,        5.58437525,       5.618131411,      -9.858896945,      -9.824419634,      -10.43279951,      -10.36415458,      -9.822120104,                         4,        -1.3162082,    0.002325431813,       2.064459453,       65.70872592,               100,       99.99514221,      0.0039269908,      0.2934086723,    0.004519830424,    0.002128930744,   -0.005853622553,    -0.03745225494,     0.01368366941,      0.2934086723,    0.002128930744,    0.004519830424,     0.01540455634,      -3.659734024,      -3.633043236,      -3.707740169,      -3.640001477,         -3.643715,     0.09023637612,  -5.122564386e-06,      0.1193350395,     0.08384237923,    0.000313835652,    0.001704237322,     0.00250175745,                 0,  -0.0001238606316,    0.000386232441,    0.001866558934,                 0,  -1.641697615e-06,  -9.878006873e-06,   -0.005842102848,                 0,  -0.0006253697023,    -0.01296091191,    -0.02407156539,   0.0002055920654,   -0.000210125644,   -0.003909040455,     0.01844100922,  -0.0006381737148,     0.09023637612,  -5.122564386e-06,      0.1193350395,     0.08384237923,  -0.0001238606316,    0.000386232441,    0.001866558934,                 0,    0.000313835652,    0.001704237322,     0.00250175745,                 0,    0.003477928365,      -332.6922207,     0.02096414817,                 0
          0,           0,          75,       5.679579219,       5.618939935,      -9.900933963,      -9.865444055,      -10.47656527,      -10.39952419,      -9.863934586,                         4,      -1.312431764,    0.002325431856,       2.064459448,       68.99416221,               100,       99.99617236,      0.0039269908,      0.2934065301,    0.004519321182,    0.002128876945,   -0.005853635563,     -0.0374526724,     0.01368363932,      0.2934065301,    0.002128876945,    0.004519321182,     0.01540293319,      -3.701771042,      -3.674067656,      -3.751505926,      -3.675371086,      -3.685529483,     0.09023638588,  -5.122879024e-06,       0.119335036,     0.08384023115,   0.0003138381301,    0.001703737506,    0.002501745546,                 0,   -0.000123856783,   0.0003861896194,    0.001866544109,                 0,  -1.641694801e-06,   -9.87806614e-06,   -0.005842115802,                 0,  -0.0006253736603,    -0.01295593525,    -0.02407145708,   0.0002000935882,  -0.0002101194216,   -0.003909482096,     0.01844086769,   -0.000637626855,     0.09023638588,  -5.122879024e-06,       0.119335036,     0.08384023115,   -0.000123856783,   0.0003861896194,    0.001866544109,                 0,   0.0003138381301,    0.001703737506,    0.002501745546,                 0,     0.00347795545,       -332.574222,     0.02096404904,                 0
          0,           0,          76,       5.775798201,       5.620977056,      -9.940161229,      -9.903568258,      -10.51736395,      -10.43178289,      -9.902899749,                         4,      -1.308766749,    0.002325431913,       2.064459444,       72.44387032,               100,       99.99725403,      0.0039269908,      0.2934046206,    0.004518820696,    0.002128816039,   -0.005853648596,    -0.03745306693,     0.01368361421,      0.2934046206,    0.002128816039,    0.004518820696,     0.01540132765,      -3.740998309,       -3.71219186,        -3.7923046,      -3.707629792,      -3.724494646,     0.09023639566,  -5.123175783e-06,      0.1193350348,     0.08383831325,   0.0003138405569,    0.001703247108,    0.002501733031,                 0,  -0.0001238529696,   0.0003861405186,     0.00186652849,                 0,  -1.641692085e-06,  -9.878126533e-06,   -0.005842128778,                 0,   -0.000625377523,    -0.01295105262,    -0.02407134267,   0.0001947058905,  -0.0002101132887,   -0.003909986412,     0.01844071824,  -0.0006370043257,     0.09023639566,  -5.123175783e-06,      0.1193350348,     0.08383831325,  -0.0001238529696,   0.0003861405186,     0.00186652849,                 0,   0.0003138405569,    0.001703247108,    0.002501733031,                 0,    0.003477981967,      -332.4592363,     0.02096394436,                 0
          0,           0,          77,       5.838133753,       5.623761116,      -9.976785664,      -9.939026493,      -10.55527764,      -10.46132936,       -9.93923756,                         4,      -1.304907576,    0.002325431984,        2.06445944,       76.06606384,               100,       99.99828551,      0.0039269908,      0.2934029092,    0.004518327707,    0.002128748377,   -0.005853661645,    -0.03745345247,     0.01368359239,      0.2934029092,    0.002128748377,    0.004518327707,     0.01539973724,      -3.777622743,      -3.747650095,      -3.830218291,      -3.737176256,      -3.760832456,     0.09023640548,  -5.123458112e-06,      0.1193350358,     0.08383659141,   0.0003138429493,    0.001702764753,    0.002501720005,                 0,   -0.000123849178,   0.0003860852925,    0.001866512263,                 0,  -1.641689475e-06,  -9.878186477e-06,   -0.005842141769,                 0,  -0.0006253813293,    -0.01294625034,    -0.02407122327,   0.0001894024769,  -0.0002101072267,   -0.003910552438,     0.01844056272,  -0.0006363106704,     0.09023640548,  -5.123458112e-06,      0.1193350358,     0.08383659141,   -0.000123849178,   0.0003860852925,    0.001866512263,                 0,   0.0003138429493,    0.001702764753,    0.002501720005,                 0,    0.003478008102,      -332.3467697,     0.02096383505,                 0
          0,           0,          78,       5.749086557,       5.625347514,      -10.00940571,      -9.970394982,      -10.58875676,      -10.48674777,      -9.971451333,                         4,      -1.302635169,    0.002325432066,       2.064459437,       79.86936703,               100,       99.99900923,      0.0039269908,      0.2934013752,    0.004517842851,    0.002128674428,   -0.005853674628,    -0.03745380999,     0.01368356287,      0.2934013752,    0.002128674428,    0.004517842851,     0.01539816522,      -3.810242793,      -3.779018583,      -3.863697416,      -3.762594672,      -3.793046229,     0.09023641523,  -5.123719364e-06,      0.1193350384,     0.08383504532,   0.0003138452764,    0.001702290865,     0.00250170671,                 0,  -0.0001238454117,   0.0003860242682,    0.001866495571,                 0,   -1.64168691e-06,  -9.878247157e-06,   -0.005842154694,                 0,  -0.0006253850322,    -0.01294153234,    -0.02407110124,   0.0001842086185,  -0.0002101012215,   -0.003911176418,     0.01844040261,  -0.0006355621018,     0.09023641523,  -5.123719364e-06,      0.1193350384,     0.08383504532,  -0.0001238454117,   0.0003860242682,    0.001866495571,                 0,   0.0003138452764,    0.001702290865,     0.00250170671,                 0,    0.003478033515,      -332.2373346,     0.02096372318,                 0
          0,           0,          79,       5.862110068,       5.628307046,      -10.04046117,      -10.00016025,      -10.62079698,      -10.51111338,       -10.0020827,                         5,       -1.56075643,    0.002325432166,       2.064459434,       83.86283538,               100,        99.9994047,      0.0039269908,      0.2933996732,    0.004517362134,    0.002128593716,   -0.005853687657,    -0.03745408976,     0.01368352861,      0.2933996732,    0.002128593716,    0.004517362134,     0.01539661611,      -3.841298254,      -3.808783855,      -3.895737637,      -3.786960282,      -3.823677592,      0.0902364251,  -5.123988855e-06,      0.1193350427,      0.0838333294,   0.0003138472884,    0.001701822022,    0.002501692823,                 0,  -0.0001238418291,   0.0003859574352,     0.00186647811,                 0,  -1.641684451e-06,  -9.878312083e-06,    -0.00584216766,                 0,  -0.0006253883199,    -0.01293686219,    -0.02407097352,   0.0001791342727,  -0.0002100956047,   -0.003911854893,     0.01844023517,  -0.0006347560598,      0.0902364251,  -5.123988855e-06,      0.1193350427,      0.0838333294,  -0.0001238418291,   0.0003859574352,     0.00186647811,                 0,   0.0003138472884,    0.001701822022,    0.002501692823,                 0,    0.003478055431,      -332.1283614,     0.02096360606,                 0
          0,           0,          80,       5.737766375,       5.629658395,      -10.06333429,      -10.02142151,      -10.64523356,       -10.5275684,      -10.02449246,                         5,      -1.556537805,    0.002325432287,       2.064459432,       88.05597715,               100,       99.99970148,      0.0039269908,      0.2933983892,    0.004516894892,    0.002128509086,   -0.005853700608,    -0.03745445448,     0.01368350605,      0.2933983892,    0.002128509086,    0.004516894892,     0.01539509097,      -3.864171372,      -3.830045113,      -3.920174219,      -3.803415298,      -3.846087355,     0.09023643425,  -5.124222128e-06,      0.1193350484,     0.08383203077,   0.0003138490374,    0.001701366074,    0.002501679781,                 0,  -0.0001238381096,   0.0003858863309,    0.001866460864,                 0,  -1.641681978e-06,  -9.878370355e-06,   -0.005842180556,                 0,  -0.0006253911424,    -0.01293232108,    -0.02407085413,   0.0001741118716,  -0.0002100896451,   -0.003912578671,     0.01844006961,   -0.000633895248,     0.09023643425,  -5.124222128e-06,      0.1193350484,     0.08383203077,  -0.0001238381096,   0.0003858863309,    0.001866460864,                 0,   0.0003138490374,    0.001701366074,    0.002501679781,                 0,     0.00347807446,      -332.0242627,     0.02096349575,                 0
          0,           0,          81,       5.610635526,       5.629426409,      -10.08641899,      -10.04261465,       -10.6669972,      -10.54485757,      -10.04729915,                         4,      -1.301557384,    0.002325432415,        2.06445943,       92.45877601,               100,       99.99990175,      0.0039269908,      0.2933974527,    0.004516437613,    0.002128421004,   -0.005853712714,    -0.03745484675,     0.01368349814,      0.2933974527,    0.002128421004,    0.004516437613,     0.01539358154,      -3.887256074,      -3.851238253,      -3.941937855,      -3.820704472,      -3.868894046,     0.09023644364,   -5.12442538e-06,      0.1193350566,     0.08383107689,   0.0003138513713,    0.001700920079,    0.002501666163,                 0,    -0.00012383422,   0.0003858118345,     0.00186644339,                 0,  -1.641679569e-06,  -9.878420062e-06,   -0.005842192614,                 0,    -0.00062539476,    -0.01292788467,    -0.02407072887,   0.0001691615456,  -0.0002100833774,   -0.003913340702,     0.01843990161,  -0.0006329793842,     0.09023644364,   -5.12442538e-06,      0.1193350566,     0.08383107689,    -0.00012383422,   0.0003858118345,     0.00186644339,                 0,   0.0003138513713,    0.001700920079,    0.002501666163,                 0,    0.003478099963,      -331.9240603,      0.0209633802,                 0
          0,           0,          82,       5.871906679,       5.632347858,      -10.11587928,      -10.07141431,       -10.6944908,      -10.56910724,      -10.07660887,                         5,      -1.524037157,    0.002325432539,       2.064459427,       97.08171481,               100,       99.99997857,      0.0039269908,      0.2933961722,    0.004515975154,    0.002128327563,   -0.005853725012,    -0.03745506489,     0.01368349541,      0.2933961722,    0.002128327563,    0.004515975154,      0.0153920725,      -3.916716357,       -3.88003791,      -3.969431459,      -3.844954143,      -3.898203763,     0.09023645383,   -5.12465838e-06,      0.1193350658,     0.08382977727,   0.0003138535593,    0.001700471004,    0.002501650591,                 0,  -0.0001238307064,   0.0003857332425,    0.001866425027,                 0,   -1.64167731e-06,  -9.878480138e-06,   -0.005842204854,                 0,  -0.0006253982984,    -0.01292341462,     -0.0240705845,    0.000164332531,  -0.0002100779603,   -0.003914137295,     0.01843972521,  -0.0006320145427,     0.09023645383,   -5.12465838e-06,      0.1193350658,     0.08382977727,  -0.0001238307064,   0.0003857332425,    0.001866425027,                 0,   0.0003138535593,    0.001700471004,    0.002501650591,                 0,    0.003478123818,      -331.8213387,      0.0209632481,                 0
          0,           0,          83,       5.670498492,       5.632802033,      -10.13686307,      -10.09182038,      -10.71855039,       -10.5844962,      -10.09672487,                         4,      -1.303013683,    0.002325432678,       2.064459425,               100,               100,               100,      0.0039269908,      0.2933953747,    0.004515534144,    0.002128234455,   -0.005853737835,    -0.03745541354,      0.0136835028,      0.2933953747,    0.002128234455,    0.004515534144,     0.01539061122,      -3.937700149,      -3.900443982,      -3.993491046,        -3.8603431,      -3.918319769,     0.09023646264,  -5.124842909e-06,      0.1193350748,     0.08382896203,    0.000313855193,    0.001700042058,    0.002501636893,                 0,  -0.0001238270386,   0.0003856543663,    0.001866407128,                 0,  -1.641674964e-06,  -9.878530335e-06,   -0.005842217629,                 0,  -0.0006254008283,    -0.01291914451,    -0.02407045824,   0.0001595900362,  -0.0002100721181,   -0.003914940107,     0.01843955294,   -0.000631037911,     0.09023646264,  -5.124842909e-06,      0.1193350748,     0.08382896203,  -0.0001238270386,   0.0003856543663,    0.001866407128,                 0,    0.000313855193,    0.001700042058,    0.002501636893,                 0,    0.003478141583,      -331.7256916,     0.02096313172,                 0
          0,           0,          84,       6.415352709,       5.642008511,      -10.16449226,      -10.11849304,      -10.74259747,      -10.60488791,      -10.12418544,                         5,      -1.503029138,    0.002325432822,       2.064459423,               100,               100,               100,      0.0039269908,      0.2933942969,    0.004515090579,    0.002128134253,   -0.005853749983,    -0.03745560554,     0.01368350385,      0.2933942969,    0.002128134253,    0.004515090579,     0.01538915591,       -3.96532934,      -3.927116644,      -4.017538129,      -3.880734814,      -3.945780334,     0.09023647192,  -5.125053084e-06,      0.1193350849,     0.08382786514,   0.0003138569952,    0.001699612063,     0.00250162152,                 0,  -0.0001238236848,   0.0003855689639,    0.001866388974,                 0,  -1.641672778e-06,  -9.878589582e-06,   -0.005842229721,                 0,   -0.000625403799,    -0.01291486333,    -0.02407031544,   0.0001549770284,  -0.0002100669138,   -0.003915804483,     0.01843937837,  -0.0006300031204,     0.09023647192,  -5.125053084e-06,      0.1193350849,     0.08382786514,  -0.0001238236848,   0.0003855689639,    0.001866388974,                 0,   0.0003138569952,    0.001699612063,     0.00250162152,                 0,    0.003478161197,      -331.6281872,     0.02096300114,                 0
          0,           0,          85,        5.89715823,       5.644975368,      -10.18213035,       -10.1346282,      -10.76078875,      -10.61755976,      -10.14097365,                         5,      -1.503253299,    0.002325432977,       2.064459422,               100,               100,               100,      0.0039269908,       0.293393466,    0.004514666074,    0.002128034314,   -0.005853762337,    -0.03745591546,     0.01368353071,       0.293393466,    0.002128034314,    0.004514666074,     0.01538775262,      -3.982967433,      -3.943251797,      -4.035729408,      -3.893406656,      -3.962568551,     0.09023648025,  -5.125238081e-06,      0.1193350951,     0.08382701588,   0.0003138582655,    0.001699199624,    0.002501608184,                 0,   -0.000123820293,   0.0003854830472,     0.00186637156,                 0,  -1.641670508e-06,  -9.878645217e-06,   -0.005842242021,                 0,  -0.0006254059029,    -0.01291075529,    -0.02407019253,   0.0001504382574,  -0.0002100615173,   -0.003916674417,     0.01843921104,  -0.0006289443999,     0.09023648025,  -5.125238081e-06,      0.1193350951,     0.08382701588,   -0.000123820293,   0.0003854830472,     0.00186637156,                 0,   0.0003138582655,    0.001699199624,    0.002501608184,                 0,    0.003478174953,      -331.5357446,      0.0209628876,                 0
          0,           0,          86,       6.071930163,       5.649882895,      -10.19896271,      -10.14955135,      -10.77416717,      -10.62959551,      -10.15751932,                         5,      -1.494125237,    0.002325433135,        2.06445942,               100,               100,               100,      0.0039269908,      0.2933927221,    0.004514245696,    0.002127929098,   -0.005853774048,    -0.03745620436,     0.01368355779,      0.2933927221,    0.002127929098,    0.004514245696,     0.01538635881,       -3.99979979,       -3.95817495,      -4.049107826,      -3.905442415,      -3.979114221,     0.09023648857,  -5.125419387e-06,      0.1193351061,     0.08382625288,   0.0003138597937,    0.001698791501,    0.002501594401,                 0,  -0.0001238169106,    0.000385391906,    0.001866354103,                 0,  -1.641668335e-06,  -9.878698393e-06,   -0.005842253681,                 0,  -0.0006254083957,    -0.01290669257,    -0.02407006518,   0.0001459617794,  -0.0002100561313,   -0.003917598178,     0.01843904319,  -0.0006278310875,     0.09023648857,  -5.125419387e-06,      0.1193351061,     0.08382625288,  -0.0001238169106,    0.000385391906,    0.001866354103,                 0,   0.0003138597937,    0.001698791501,    0.002501594401,                 0,    0.003478191568,      -331.4443898,     0.02096277016,                 0
          0,           0,          87,       5.986081077,       5.653703329,      -10.21519206,      -10.16469777,      -10.78766472,      -10.64293853,      -10.17364209,                         5,      -1.484094321,    0.002325433294,       2.064459419,               100,               100,               100,      0.0039269908,      0.2933920234,     0.00451383051,    0.002127821621,   -0.005853785731,    -0.03745647486,     0.01368360637,      0.2933920234,    0.002127821621,     0.00451383051,     0.01538498033,      -4.016029143,      -3.973321375,       -4.06260538,      -3.918785435,      -3.995236989,       0.090236497,    -5.1255937e-06,      0.1193351177,     0.08382553428,   0.0003138613142,    0.001698388895,      0.0025015803,                 0,  -0.0001238135614,   0.0003852986504,    0.001866336532,                 0,   -1.64166619e-06,  -9.878750264e-06,   -0.005842265315,                 0,  -0.0006254108863,    -0.01290268462,    -0.02406993477,   0.0001415554126,  -0.0002100508352,   -0.003918543196,     0.01843887433,  -0.0006266739332,       0.090236497,    -5.1255937e-06,      0.1193351177,     0.08382553428,  -0.0001238135614,   0.0003852986504,    0.001866336532,                 0,   0.0003138613142,    0.001698388895,      0.0025015803,                 0,    0.003478208093,      -331.3545698,     0.02096264996,                 0
          0,           0,          88,       6.081444938,       5.658509414,      -10.22974235,      -10.17888426,      -10.80059613,      -10.65526205,      -10.18797661,                         5,      -1.477409115,    0.002325433455,       2.064459418,               100,               100,               100,      0.0039269908,      0.2933913854,    0.004513422359,    0.002127712225,   -0.005853797487,    -0.03745672682,     0.01368366193,      0.2933913854,    0.002127712225,    0.004513422359,     0.01538362264,      -4.030579433,      -3.987507857,      -4.075536788,      -3.931108946,      -4.009571505,     0.09023650533,  -5.125758803e-06,      0.1193351296,     0.08382487629,   0.0003138626802,     0.00169799352,    0.002501566159,                 0,  -0.0001238102389,   0.0003852035008,    0.001866318963,                 0,  -1.641664059e-06,  -9.878800732e-06,   -0.005842277022,                 0,  -0.0006254131435,    -0.01289874775,    -0.02406980401,   0.0001372380751,   -0.000210045593,   -0.003919506627,     0.01843870552,  -0.0006254913729,     0.09023650533,  -5.125758803e-06,      0.1193351296,     0.08382487629,  -0.0001238102389,   0.0003852035008,    0.001866318963,                 0,   0.0003138626802,     0.00169799352,    0.002501566159,                 0,     0.00347822291,      -331.2667618,     0.02096252937,                 0
          0,           0,          89,       6.028559783,       5.662621085,      -10.24525902,      -10.19413761,      -10.81414754,      -10.66815002,      -10.20319972,                         5,      -1.470837803,    0.002325433624,       2.064459416,               100,               100,               100,      0.0039269908,      0.2933908083,    0.004513023679,    0.002127600995,   -0.005853809173,    -0.03745697742,     0.01368372534,      0.2933908083,    0.002127600995,    0.004513023679,     0.01538229403,      -4.046096104,      -4.002761211,      -4.089088192,      -3.943996916,      -4.024794621,     0.09023651351,  -5.125916023e-06,      0.1193351418,     0.08382427893,   0.0003138639446,     0.00169760767,    0.002501552065,                 0,  -0.0001238069353,   0.0003851064824,    0.001866301448,                 0,   -1.64166195e-06,  -9.878850611e-06,   -0.005842288661,                 0,  -0.0006254152648,    -0.01289490547,    -0.02406967373,   0.0001330170488,  -0.0002100403869,   -0.003920488601,     0.01843853723,  -0.0006242829024,     0.09023651351,  -5.125916023e-06,      0.1193351418,     0.08382427893,  -0.0001238069353,   0.0003851064824,    0.001866301448,                 0,   0.0003138639446,     0.00169760767,    0.002501552065,                 0,    0.003478236607,      -331.1813269,     0.02096240913,                 0
          0,           0,          90,       6.085223533,       5.667265068,      -10.25998995,      -10.20842789,      -10.82598369,      -10.68015196,      -10.21760592,                         5,       -1.46452927,    0.002325433798,       2.064459415,               100,               100,               100,      0.0039269908,      0.2933902903,    0.004512632892,    0.002127487672,   -0.005853820846,     -0.0374572198,     0.01368380075,      0.2933902903,    0.002127487672,    0.004512632892,     0.01538098922,      -4.060827029,       -4.01705149,      -4.100924344,      -3.955998863,      -4.039200812,     0.09023652153,  -5.126065582e-06,      0.1193351542,     0.08382374067,   0.0003138651037,    0.001697229771,    0.002501538018,                 0,  -0.0001238036549,   0.0003850072728,    0.001866284054,                 0,  -1.641659852e-06,  -9.878899269e-06,   -0.005842300287,                 0,  -0.0006254172427,    -0.01289114237,    -0.02406954391,   0.0001288837279,  -0.0002100352127,   -0.003921492296,     0.01843837013,  -0.0006230418778,     0.09023652153,  -5.126065582e-06,      0.1193351542,     0.08382374067,  -0.0001238036549,   0.0003850072728,    0.001866284054,                 0,   0.0003138651037,    0.001697229771,    0.002501538018,                 0,    0.003478249143,      -331.0979432,     0.02096228923,                 0
          0,           0,          91,       6.069242295,       5.671634385,       -10.2731457,      -10.22103713,      -10.83563918,      -10.69125779,      -10.23050488,                         5,      -1.459501431,    0.002325433975,       2.064459415,               100,               100,               100,      0.0039269908,      0.2933898226,    0.004512250499,    0.002127373885,   -0.005853832297,    -0.03745745469,     0.01368389854,      0.2933898226,    0.002127373885,    0.004512250499,     0.01537971038,       -4.07398278,      -4.029660728,      -4.110579831,      -3.967104691,      -4.052099777,     0.09023652932,  -5.126207012e-06,      0.1193351666,     0.08382325293,   0.0003138661344,    0.001696860205,     0.00250152416,                 0,  -0.0001238004417,   0.0003849074388,    0.001866266888,                 0,   -1.64165776e-06,  -9.878944893e-06,   -0.005842311695,                 0,  -0.0006254190292,    -0.01288746202,    -0.02406941584,   0.0001248421936,  -0.0002100301453,   -0.003922501621,     0.01843820523,  -0.0006217749323,     0.09023652932,  -5.126207012e-06,      0.1193351666,     0.08382325293,  -0.0001238004417,   0.0003849074388,    0.001866266888,                 0,   0.0003138661344,    0.001696860205,     0.00250152416,                 0,    0.003478260265,      -331.0167149,     0.02096217093,                 0
          0,           0,          92,       5.967353517,       5.674814161,      -10.28505227,      -10.23238892,      -10.84435917,      -10.70203825,       -10.2421907,                         5,      -1.455119878,    0.002325434156,       2.064459414,               100,               100,               100,      0.0039269908,      0.2933894029,    0.004511875541,    0.002127258718,   -0.005853843719,    -0.03745768017,     0.01368400363,      0.2933894029,    0.002127258718,    0.004511875541,     0.01537845436,      -4.085889354,      -4.041012525,      -4.119299826,      -3.977885149,      -4.063785597,     0.09023653689,  -5.126342192e-06,       0.119335179,     0.08382281328,   0.0003138670828,    0.001696498145,    0.002501510313,                 0,  -0.0001237972651,   0.0003848061671,    0.001866249816,                 0,  -1.641655678e-06,  -9.878988521e-06,   -0.005842323075,                 0,  -0.0006254207002,    -0.01288385602,    -0.02406928788,   0.0001208844317,  -0.0002100251284,   -0.003923525809,      0.0184380413,  -0.0006204867369,     0.09023653689,  -5.126342192e-06,       0.119335179,     0.08382281328,  -0.0001237972651,   0.0003848061671,    0.001866249816,                 0,   0.0003138670828,    0.001696498145,    0.002501510313,                 0,    0.003478270484,      -330.9373588,     0.02096205271,                 0
          0,           0,          93,       5.900963638,       5.677220007,      -10.29586497,      -10.24270134,      -10.85189875,      -10.71209611,      -10.25279949,                         5,      -1.451552066,    0.002325434339,       2.064459413,               100,               100,               100,      0.0039269908,       0.293389019,    0.004511507983,    0.002127141322,   -0.005853855145,    -0.03745789466,     0.01368411082,       0.293389019,    0.002127141322,    0.004511507983,     0.01537722168,      -4.096702047,      -4.051324946,      -4.126839403,      -3.987943015,      -4.074394383,     0.09023654444,  -5.126471092e-06,      0.1193351919,     0.08382240914,   0.0003138679806,    0.001696143586,    0.002501496417,                 0,  -0.0001237940828,   0.0003847027315,    0.001866232674,                 0,  -1.641653619e-06,  -9.879031009e-06,   -0.005842334461,                 0,  -0.0006254223039,    -0.01288032454,    -0.02406915951,   0.0001170116986,  -0.0002100200977,   -0.003924571939,     0.01843787677,  -0.0006191739104,     0.09023654444,  -5.126471092e-06,      0.1193351919,     0.08382240914,  -0.0001237940828,   0.0003847027315,    0.001866232674,                 0,   0.0003138679806,    0.001696143586,    0.002501496417,                 0,    0.003478280142,      -330.8598752,       0.020961934,                 0
          0,           0,          94,       5.808774133,       5.678604787,      -10.30630316,      -10.25275846,      -10.85906455,      -10.72210811,      -10.26307808,                         5,      -1.448105994,    0.002325434526,       2.064459412,               100,               100,               100,      0.0039269908,      0.2933886638,    0.004511147779,    0.002127022193,   -0.005853866448,    -0.03745810011,     0.01368422477,      0.2933886638,    0.002127022193,    0.004511147779,     0.01537601256,      -4.107140243,      -4.061382058,      -4.134005208,      -3.997955006,      -4.084672976,     0.09023655193,   -5.12659488e-06,      0.1193352049,     0.08382203356,   0.0003138688021,    0.001695796474,    0.002501482503,                 0,  -0.0001237909211,   0.0003845973495,    0.001866215765,                 0,  -1.641651581e-06,  -9.879072182e-06,   -0.005842345724,                 0,   -0.000625423799,    -0.01287686726,    -0.02406903097,   0.0001132219322,  -0.0002100151134,   -0.003925637145,     0.01843771453,   -0.000617837503,     0.09023655193,   -5.12659488e-06,      0.1193352049,     0.08382203356,  -0.0001237909211,   0.0003845973495,    0.001866215765,                 0,   0.0003138688021,    0.001695796474,    0.002501482503,                 0,    0.003478288957,       -330.784178,     0.02096181513,                 0
          0,           0,          95,       5.960131478,       5.681537357,      -10.31628131,      -10.26244884,      -10.86580155,      -10.73189988,      -10.27291696,                         5,      -1.444802627,    0.002325434717,       2.064459412,               100,               100,               100,      0.0039269908,      0.2933883506,    0.004510793883,    0.002126902103,   -0.005853877451,    -0.03745829316,     0.01368435281,      0.2933883506,    0.002126902103,    0.004510793883,     0.01537482273,      -4.117118393,       -4.07107244,      -4.140742206,      -4.007746776,      -4.094511855,     0.09023655923,  -5.126714684e-06,      0.1193352178,     0.08382170028,   0.0003138695153,    0.001695455789,    0.002501468579,                 0,  -0.0001237878025,    0.000384490719,    0.001866199187,                 0,  -1.641649552e-06,  -9.879111229e-06,    -0.00584235669,                 0,  -0.0006254251366,    -0.01287347397,    -0.02406890222,   0.0001095081645,  -0.0002100101974,   -0.003926714341,      0.0184375555,  -0.0006164781516,     0.09023655923,  -5.126714684e-06,      0.1193352178,     0.08382170028,  -0.0001237878025,    0.000384490719,    0.001866199187,                 0,   0.0003138695153,    0.001695455789,    0.002501468579,                 0,    0.003478296579,      -330.7099953,     0.02096169617,                 0
          0,           0,          96,       6.212733121,       5.687013602,      -10.32555717,      -10.27151542,      -10.87180412,      -10.74126917,      -10.28208811,                         5,      -1.442269926,    0.002325434909,       2.064459411,               100,               100,               100,      0.0039269908,      0.2933880623,    0.004510447344,    0.002126781134,   -0.005853888166,    -0.03745847771,     0.01368449047,      0.2933880623,    0.002126781134,    0.004510447344,     0.01537365668,      -4.126394252,      -4.080139025,      -4.146744777,      -4.017116069,      -4.103683004,     0.09023656625,  -5.126830786e-06,      0.1193352305,     0.08382139245,   0.0003138701144,     0.00169512239,    0.002501454839,                 0,  -0.0001237847625,   0.0003843829649,    0.001866182932,                 0,  -1.641647524e-06,  -9.879148149e-06,    -0.00584236737,                 0,  -0.0006254263018,    -0.01287015287,    -0.02406877511,   0.0001058765641,  -0.0002100054002,   -0.003927802243,      0.0184373996,  -0.0006151014883,     0.09023656625,  -5.126830786e-06,      0.1193352305,     0.08382139245,  -0.0001237847625,   0.0003843829649,    0.001866182932,                 0,   0.0003138701144,     0.00169512239,    0.002501454839,                 0,    0.003478302948,      -330.6374758,     0.02096157882,                 0
          0,           0,          97,       6.097920417,       5.691206528,      -10.33447227,      -10.28021546,      -10.87753212,      -10.75052018,      -10.29090842,                         5,      -1.439991622,    0.002325435102,       2.064459411,               100,               100,               100,      0.0039269908,      0.2933877999,    0.004510107874,    0.002126659309,    -0.00585389862,    -0.03745865361,     0.01368463664,      0.2933877999,    0.002126659309,    0.004510107874,     0.01537251336,      -4.135309345,      -4.088839061,      -4.152472778,      -4.026367077,      -4.112503315,     0.09023657301,  -5.126943237e-06,      0.1193352429,     0.08382111093,   0.0003138706127,    0.001694795876,    0.002501441386,                 0,  -0.0001237817926,   0.0003842740404,    0.001866167061,                 0,  -1.641645508e-06,  -9.879183588e-06,   -0.005842377791,                 0,  -0.0006254273205,    -0.01286689999,    -0.02406865069,   0.0001023243819,  -0.0002100007014,    -0.00392890167,     0.01843724746,  -0.0006137084521,     0.09023657301,  -5.126943237e-06,      0.1193352429,     0.08382111093,  -0.0001237817926,   0.0003842740404,    0.001866167061,                 0,   0.0003138706127,    0.001694795876,    0.002501441386,                 0,    0.003478308209,      -330.5665379,      0.0209614639,                 0
          0,           0,          98,       6.081371585,       5.695147589,      -10.34304023,       -10.2885722,      -10.88291102,      -10.75959951,      -10.29938849,                         5,      -1.438023462,    0.002325435294,        2.06445941,               100,               100,               100,      0.0039269908,      0.2933875683,    0.004509775161,    0.002126536341,   -0.005853908879,    -0.03745881941,     0.01368478613,      0.2933875683,    0.002126536341,    0.004509775161,     0.01537139146,      -4.143877306,      -4.097195797,      -4.157851673,      -4.035446405,      -4.120983386,     0.09023657954,  -5.127051632e-06,      0.1193352551,     0.08382086072,   0.0003138710201,    0.001694476035,    0.002501428105,                 0,  -0.0001237788845,   0.0003841637259,    0.001866151499,                 0,  -1.641643512e-06,   -9.87921784e-06,   -0.005842388017,                 0,  -0.0006254282094,    -0.01286371329,    -0.02406852787,   9.884995222e-05,  -0.0002099960907,   -0.003930014785,     0.01843709834,  -0.0006123013342,     0.09023657954,  -5.127051632e-06,      0.1193352551,     0.08382086072,  -0.0001237788845,   0.0003841637259,    0.001866151499,                 0,   0.0003138710201,    0.001694476035,    0.002501428105,                 0,    0.003478312472,      -330.4971662,     0.02096135047,                 0
          0,           0,          99,       5.970005395,       5.697896167,      -10.35123147,      -10.29664792,      -10.88797036,      -10.76853117,       -10.3075374,                         5,      -1.436215374,    0.002325435487,        2.06445941,               100,               100,               100,      0.0039269908,      0.2933873657,    0.004509449172,    0.002126412199,     -0.0058539189,    -0.03745897683,     0.01368493948,      0.2933873657,    0.002126412199,    0.004509449172,     0.01537029095,      -4.152068554,      -4.105271524,      -4.162911015,      -4.044378069,      -4.129132299,     0.09023658583,  -5.127156432e-06,      0.1193352671,     0.08382063989,   0.0003138713455,     0.00169416281,    0.002501415017,                 0,  -0.0001237760383,   0.0003840519572,     0.00186613628,                 0,  -1.641641535e-06,  -9.879251045e-06,   -0.005842398007,                 0,  -0.0006254289814,    -0.01286059225,    -0.02406840683,   9.545123663e-05,  -0.0002099915718,   -0.003931142165,     0.01843695256,  -0.0006108793405,     0.09023658583,  -5.127156432e-06,      0.1193352671,     0.08382063989,  -0.0001237760383,   0.0003840519572,     0.00186613628,                 0,   0.0003138713455,     0.00169416281,    0.002501415017,                 0,    0.003478315836,      -330.4293193,     0.02096123867,                 0
          0,           0,         100,        6.06448583,       5.701525768,      -10.35918888,      -10.30449306,      -10.89282447,      -10.77734993,      -10.31544903,                         5,      -1.434223398,     0.00232543568,        2.06445941,               100,               100,               100,      0.0039269908,      0.2933871724,    0.004509128958,    0.002126286805,   -0.005853928807,    -0.03745912672,      0.0136850988,      0.2933871724,    0.002126286805,    0.004509128958,     0.01536920964,      -4.160025964,      -4.113116662,      -4.167765126,      -4.053196833,      -4.137043922,     0.09023659192,  -5.127257833e-06,       0.119335279,     0.08382042877,   0.0003138715987,    0.001693855306,    0.002501402054,                 0,   -0.000123773239,   0.0003839387442,      0.0018661213,                 0,  -1.641639578e-06,  -9.879283549e-06,   -0.005842407884,                 0,  -0.0006254296536,    -0.01285752815,    -0.02406828694,   9.211801901e-05,  -0.0002099871149,   -0.003932283722,      0.0184368091,  -0.0006094394677,     0.09023659192,  -5.127257833e-06,       0.119335279,     0.08382042877,   -0.000123773239,   0.0003839387442,      0.0018661213,                 0,   0.0003138715987,    0.001693855306,    0.002501402054,                 0,    0.003478318408,      -330.3628101,     0.02096112797,                 0
          0,           0,         101,       6.083147635,       5.705267159,      -10.36664158,      -10.31192966,      -10.89723512,      -10.78583994,      -10.32286866,                         5,        -1.4328917,    0.002325435871,       2.064459409,               100,               100,               100,      0.0039269908,      0.2933869965,    0.004508816519,    0.002126160522,   -0.005853938462,    -0.03745927555,     0.01368526215,      0.2933869965,    0.002126160522,    0.004508816519,     0.01536815391,      -4.167478662,      -4.120553258,      -4.172175777,      -4.061686839,      -4.144463555,     0.09023659779,  -5.127355043e-06,      0.1193352906,     0.08382023555,   0.0003138717798,    0.001693555398,    0.002501389341,                 0,  -0.0001237705085,    0.000383824355,    0.001866106675,                 0,  -1.641637635e-06,  -9.879314835e-06,   -0.005842417509,                 0,  -0.0006254302184,    -0.01285453948,    -0.02406816939,   8.886354145e-05,  -0.0002099827658,   -0.003933436636,     0.01843666911,  -0.0006079875594,     0.09023659779,  -5.127355043e-06,      0.1193352906,     0.08382023555,  -0.0001237705085,    0.000383824355,    0.001866106675,                 0,   0.0003138717798,    0.001693555398,    0.002501389341,                 0,    0.003478320189,       -330.298055,     0.02096101941,                 0
          0,           0,         102,       6.217168258,       5.710237072,      -10.37382686,      -10.31909991,      -10.90166217,      -10.79430327,      -10.33004566,                         5,       -1.43180952,    0.002325436062,       2.064459409,               100,               100,               100,      0.0039269908,      0.2933868315,    0.004508511195,    0.002126033594,   -0.005853947914,    -0.03745942027,     0.01368542981,      0.2933868315,    0.002126033594,    0.004508511195,     0.01536712187,      -4.174663937,      -4.127723508,       -4.17660282,      -4.070150171,      -4.151640558,     0.09023660345,  -5.127448556e-06,      0.1193353018,     0.08382005367,   0.0003138718757,    0.001693262457,    0.002501376863,                 0,  -0.0001237678434,   0.0003837089989,    0.001866092439,                 0,  -1.641635709e-06,  -9.879344834e-06,   -0.005842426933,                 0,  -0.0006254306604,    -0.01285161993,    -0.02406805402,   8.568434123e-05,  -0.0002099785167,   -0.003934598981,     0.01843653291,  -0.0006065256091,     0.09023660345,  -5.127448556e-06,      0.1193353018,     0.08382005367,  -0.0001237678434,   0.0003837089989,    0.001866092439,                 0,   0.0003138718757,    0.001693262457,    0.002501376863,                 0,    0.003478321033,      -330.2348991,     0.02096091286,                 0
          0,           0,         103,       6.114493115,        5.71412415,       -10.3808749,      -10.32611444,      -10.90590376,      -10.80269938,      -10.33711534,                         5,      -1.430714999,    0.002325436253,       2.064459409,               100,               100,               100,      0.0039269908,      0.2933866788,    0.004508212264,    0.002125906285,   -0.005853957158,    -0.03745956037,     0.01368560182,      0.2933866788,    0.002125906285,    0.004508212264,     0.01536611098,      -4.181711979,      -4.134738046,      -4.180844413,      -4.078546285,      -4.158710238,     0.09023660888,  -5.127538034e-06,      0.1193353128,      0.0838198846,   0.0003138718873,    0.001692975773,    0.002501364604,                 0,  -0.0001237652392,   0.0003835929691,    0.001866078555,                 0,  -1.641633801e-06,  -9.879373942e-06,    -0.00584243615,                 0,  -0.0006254309834,    -0.01284876242,    -0.02406794071,    8.25737353e-05,  -0.0002099743572,   -0.003935767788,     0.01843640015,  -0.0006050561824,     0.09023660888,  -5.127538034e-06,      0.1193353128,      0.0838198846,  -0.0001237652392,   0.0003835929691,    0.001866078555,                 0,   0.0003138718873,    0.001692975773,    0.002501364604,                 0,    0.003478320952,      -330.1732258,     0.02096080821,                 0
          0,           0,         104,       6.199635505,       5.718748067,      -10.38787077,      -10.33308677,      -10.90998744,      -10.81104317,      -10.34404182,                         5,      -1.429507368,    0.002325436443,       2.064459409,               100,               100,               100,      0.0039269908,      0.2933865307,    0.004507919241,    0.002125778669,   -0.005853966259,    -0.03745969342,     0.01368578079,      0.2933865307,    0.002125778669,    0.004507919241,     0.01536511997,      -4.188707852,      -4.141710371,      -4.184928095,      -4.086890067,       -4.16563672,     0.09023661408,  -5.127624132e-06,      0.1193353235,      0.0838197207,   0.0003138718262,    0.001692694897,    0.002501352517,                 0,  -0.0001237626942,   0.0003834764028,     0.00186606496,                 0,  -1.641631906e-06,  -9.879402477e-06,   -0.005842445225,                 0,  -0.0006254312042,    -0.01284596254,    -0.02406782897,    7.95292998e-05,  -0.0002099702835,   -0.003936941691,     0.01843627019,  -0.0006035774318,     0.09023661408,  -5.127624132e-06,      0.1193353235,      0.0838197207,  -0.0001237626942,   0.0003834764028,     0.00186606496,                 0,   0.0003138718262,    0.001692694897,    0.002501352517,                 0,    0.003478320074,      -330.1129049,     0.02096070504,                 0
          0,           0,         105,       6.228964247,       5.723561428,      -10.39477343,      -10.33999591,       -10.9139708,      -10.81931886,      -10.35088441,                         5,      -1.428174633,    0.002325436633,       2.064459409,               100,               100,               100,      0.0039269908,       0.293386397,    0.004507631494,    0.002125650468,   -0.005853975239,    -0.03745981884,     0.01368596305,       0.293386397,    0.002125650468,    0.004507631494,     0.01536414619,      -4.195610508,      -4.148619511,      -4.188911454,      -4.095165757,       -4.17247931,     0.09023661909,  -5.127707127e-06,       0.119335334,     0.08381957163,   0.0003138716964,    0.001692419217,     0.00250134058,                 0,  -0.0001237601916,   0.0003833590998,     0.00186605156,                 0,  -1.641630027e-06,  -9.879430333e-06,   -0.005842454179,                 0,  -0.0006254313304,    -0.01284321435,    -0.02406771864,   7.654548282e-05,  -0.0002099662639,   -0.003938122756,     0.01843614213,  -0.0006020900602,     0.09023661909,  -5.127707127e-06,       0.119335334,     0.08381957163,  -0.0001237601916,   0.0003833590998,     0.00186605156,                 0,   0.0003138716964,    0.001692419217,     0.00250134058,                 0,    0.003478318442,      -330.0537989,     0.02096060317,                 0
          0,           0,         106,       6.138832835,       5.727442469,      -10.40121134,      -10.34651661,      -10.91752386,       -10.8273067,      -10.35734953,                         5,      -1.427607276,    0.002325436822,       2.064459409,               100,               100,               100,      0.0039269908,      0.2933862774,    0.004507350046,    0.002125522246,   -0.005853984068,    -0.03745993977,     0.01368614825,      0.2933862774,    0.002125522246,    0.004507350046,     0.01536319315,      -4.202048419,      -4.155140213,      -4.192464511,      -4.103153603,      -4.178944423,     0.09023662392,   -5.12778691e-06,      0.1193353442,     0.08381943701,   0.0003138715027,    0.001692149741,    0.002501328802,                 0,  -0.0001237577485,   0.0003832415615,    0.001866038433,                 0,  -1.641628162e-06,  -9.879457467e-06,   -0.005842462982,                 0,  -0.0006254313623,    -0.01284052771,    -0.02406760974,   7.362904398e-05,   -0.000209962337,   -0.003939305848,     0.01843601672,  -0.0006006002763,     0.09023662392,   -5.12778691e-06,      0.1193353442,     0.08381943701,  -0.0001237577485,   0.0003832415615,    0.001866038433,                 0,   0.0003138715027,    0.001692149741,    0.002501328802,                 0,    0.003478316111,      -329.9961115,     0.02096050267,                 0
          0,           0,         107,       6.327949914,       5.733002723,      -10.40763457,      -10.35300817,      -10.92119056,      -10.83536443,      -10.36379829,                         5,      -1.427201874,    0.002325437011,       2.064459409,               100,               100,               100,      0.0039269908,      0.2933861667,    0.004507074542,    0.002125394155,   -0.005853992685,     -0.0374600579,     0.01368633719,      0.2933861667,    0.002125394155,    0.004507074542,     0.01536225989,      -4.208471652,      -4.161631771,      -4.196131211,      -4.111211328,       -4.18539319,     0.09023662855,  -5.127863637e-06,      0.1193353542,     0.08381931173,   0.0003138712398,    0.001691886023,    0.002501317279,                 0,  -0.0001237553631,   0.0003831238356,    0.001866025682,                 0,  -1.641626312e-06,  -9.879483603e-06,   -0.005842471575,                 0,  -0.0006254312946,    -0.01283789814,    -0.02406750326,     7.0774798e-05,  -0.0002099584993,   -0.003940490628,     0.01843589498,  -0.0005991086636,     0.09023662855,  -5.127863637e-06,      0.1193353542,     0.08381931173,  -0.0001237553631,   0.0003831238356,    0.001866025682,                 0,   0.0003138712398,    0.001691886023,    0.002501317279,                 0,    0.003478313018,      -329.9397453,     0.02096040436,                 0
          0,           0,         108,       6.072563525,        5.73611796,       -10.4140002,      -10.35939975,      -10.92492785,      -10.84337938,      -10.37017947,                         5,      -1.426741409,    0.002325437199,       2.064459409,               100,               100,               100,      0.0039269908,      0.2933860755,    0.004506804396,     0.00212526607,   -0.005854001209,     -0.0374601666,     0.01368652944,      0.2933860755,     0.00212526607,    0.004506804396,     0.01536134388,      -4.214837278,      -4.168023347,      -4.199868508,      -4.119226277,      -4.191774371,       0.090236633,  -5.127937058e-06,      0.1193353639,     0.08381920653,   0.0003138708395,    0.001691627663,    0.002501305893,                 0,  -0.0001237530418,   0.0003830059092,    0.001866013203,                 0,  -1.641624484e-06,   -9.87950908e-06,   -0.005842480075,                 0,  -0.0006254310231,    -0.01283532178,    -0.02406739805,   6.798424705e-05,  -0.0002099547662,    -0.00394167717,     0.01843577593,  -0.0005976145536,       0.090236633,  -5.127937058e-06,      0.1193353639,     0.08381920653,  -0.0001237530418,   0.0003830059092,    0.001866013203,                 0,   0.0003138708395,    0.001691627663,    0.002501305893,                 0,     0.00347830841,      -329.8846386,     0.02096030725,                 0
          0,           0,         109,       5.931611118,        5.73789517,      -10.42021105,      -10.36570575,      -10.92870441,      -10.85135161,      -10.37642012,                         5,      -1.426158134,    0.002325437387,       2.064459409,               100,               100,               100,      0.0039269908,      0.2933859975,    0.004506539795,    0.002125138067,   -0.005854009599,    -0.03746026846,     0.01368672457,      0.2933859975,    0.002125138067,    0.004506539795,     0.01536044608,      -4.221048132,      -4.174329351,      -4.203645066,      -4.127198509,      -4.198015015,     0.09023663716,   -5.12800767e-06,      0.1193353731,      0.0838191152,   0.0003138703259,    0.001691374884,    0.002501294585,                 0,  -0.0001237507673,   0.0003828877491,    0.001866001085,                 0,   -1.64162267e-06,   -9.87953363e-06,   -0.005842488442,                 0,  -0.0006254306019,    -0.01283280019,    -0.02406729355,   6.525588026e-05,  -0.0002099510915,   -0.003942865874,     0.01843566039,  -0.0005961188509,     0.09023663716,   -5.12800767e-06,      0.1193353731,      0.0838191152,  -0.0001237507673,   0.0003828877491,    0.001866001085,                 0,   0.0003138703259,    0.001691374884,    0.002501294585,                 0,    0.003478302558,      -329.8308023,     0.02096021087,                 0
          0,           0,         110,       6.107575395,       5.741225623,      -10.42614886,      -10.37187979,      -10.93257995,       -10.8593283,      -10.38240645,                         5,      -1.425499489,    0.002325437576,       2.064459409,               100,               100,               100,      0.0039269908,      0.2933859322,    0.004506279866,    0.002125009895,   -0.005854017921,    -0.03746036259,      0.0136869211,      0.2933859322,    0.002125009895,    0.004506279866,     0.01535956354,      -4.226985936,       -4.18050339,      -4.207520607,      -4.135175204,      -4.204001342,     0.09023664113,  -5.128075423e-06,      0.1193353822,     0.08381903694,   0.0003138697894,    0.001691126748,    0.002501283329,                 0,  -0.0001237485205,   0.0003827692951,     0.00186598912,                 0,  -1.641620857e-06,  -9.879557545e-06,   -0.005842496742,                 0,  -0.0006254301616,    -0.01283032498,    -0.02406718948,   6.258203918e-05,   -0.000209947445,   -0.003944057368,     0.01843554631,  -0.0005946203989,     0.09023664113,  -5.128075423e-06,      0.1193353822,     0.08381903694,  -0.0001237485205,   0.0003827692951,     0.00186598912,                 0,   0.0003138697894,    0.001691126748,    0.002501283329,                 0,     0.00347829646,      -329.7780567,     0.02096011496,                 0
          0,           0,         111,       6.186724387,        5.74520329,       -10.4319189,      -10.37779119,      -10.93601977,      -10.86695782,      -10.38821518,                         5,      -1.425447332,    0.002325437764,       2.064459409,               100,               100,               100,      0.0039269908,       0.293385864,    0.004506026139,    0.002124882067,   -0.005854026069,    -0.03746045593,       0.013687119,       0.293385864,    0.002124882067,    0.004506026139,     0.01535870228,      -4.232755979,      -4.186414795,      -4.210960427,      -4.142804721,      -4.209810078,     0.09023664497,  -5.128140379e-06,      0.1193353911,     0.08381895612,   0.0003138692222,    0.001690884621,    0.002501272296,                 0,   -0.000123746329,   0.0003826509902,    0.001865977405,                 0,  -1.641619054e-06,  -9.879580236e-06,    -0.00584250487,                 0,  -0.0006254296691,    -0.01282790966,    -0.02406708747,   5.997086722e-05,   -0.000209943889,   -0.003945247019,     0.01843543467,  -0.0005931247668,     0.09023664497,  -5.128140379e-06,      0.1193353911,     0.08381895612,   -0.000123746329,   0.0003826509902,    0.001865977405,                 0,   0.0003138692222,    0.001690884621,    0.002501272296,                 0,    0.003478290027,      -329.7266643,     0.02096002094,                 0
          0,           0,         112,       6.201380598,       5.749240258,      -10.43767967,      -10.38366793,      -10.93957711,      -10.87461539,      -10.39400355,                         5,      -1.425466472,    0.002325437951,       2.064459409,               100,               100,               100,      0.0039269908,      0.2933857936,    0.004505777857,    0.002124754788,   -0.005854034062,    -0.03746054519,     0.01368732109,      0.2933857936,    0.002124754788,    0.004505777857,      0.0153578597,      -4.238516754,      -4.192291531,      -4.214517764,      -4.150462294,      -4.215598445,     0.09023664867,  -5.128203334e-06,      0.1193353997,      0.0838188734,   0.0003138685935,     0.00169064776,    0.002501261503,                 0,  -0.0001237441965,   0.0003825329582,    0.001865966026,                 0,  -1.641617274e-06,  -9.879602172e-06,   -0.005842512842,                 0,  -0.0006254290799,    -0.01282554655,     -0.0240669877,   5.741812845e-05,  -0.0002099404266,   -0.003946433748,     0.01843532628,  -0.0005916310202,     0.09023664867,  -5.128203334e-06,      0.1193353997,      0.0838188734,  -0.0001237441965,   0.0003825329582,    0.001865966026,                 0,   0.0003138685935,     0.00169064776,    0.002501261503,                 0,    0.003478282917,      -329.6764286,     0.02095992898,                 0
          0,           0,         113,       6.485506211,       5.755698731,      -10.44335148,      -10.38946641,      -10.94312884,      -10.88225487,      -10.39969209,                         5,      -1.425652546,    0.002325438137,       2.064459409,               100,               100,               100,      0.0039269908,      0.2933857352,    0.004505534982,    0.002124627706,    -0.00585404191,    -0.03746062993,     0.01368752504,      0.2933857352,    0.002124627706,    0.004505534982,     0.01535703493,       -4.24418856,      -4.198090012,      -4.218069499,      -4.158101774,      -4.221286987,     0.09023665218,  -5.128263907e-06,      0.1193354081,     0.08381880315,   0.0003138679104,    0.001690416129,    0.002501250943,                 0,   -0.000123742117,    0.000382414879,    0.001865954944,                 0,  -1.641615514e-06,  -9.879623508e-06,   -0.005842520671,                 0,  -0.0006254284109,    -0.01282323534,    -0.02406689009,   5.492391594e-05,   -0.000209937043,   -0.003947620756,     0.01843522078,  -0.0005901379461,     0.09023665218,  -5.128263907e-06,      0.1193354081,     0.08381880315,   -0.000123742117,    0.000382414879,    0.001865954944,                 0,   0.0003138679104,    0.001690416129,    0.002501250943,                 0,    0.003478275211,      -329.6273671,     0.02095983901,                 0
          0,           0,         114,       6.007404204,       5.757887474,      -10.44906633,      -10.39529745,      -10.94685073,      -10.88989061,      -10.40541692,                         5,      -1.425477875,    0.002325438321,       2.064459409,               100,               100,               100,      0.0039269908,      0.2933856852,    0.004505297247,    0.002124500699,   -0.005854049657,    -0.03746070946,      0.0136877294,      0.2933856852,    0.002124500699,    0.004505297247,     0.01535622723,      -4.249903414,      -4.203921051,      -4.221791388,      -4.165737514,      -4.227011814,     0.09023665554,  -5.128322105e-06,      0.1193354163,     0.08381874168,   0.0003138671894,    0.001690189553,    0.002501240504,                 0,  -0.0001237400849,   0.0003822967285,    0.001865944056,                 0,  -1.641613773e-06,  -9.879644542e-06,   -0.005842528398,                 0,  -0.0006254276884,    -0.01282097438,    -0.02406679357,   5.248617451e-05,  -0.0002099337289,   -0.003948808311,     0.01843511714,   -0.000588645699,     0.09023665554,  -5.128322105e-06,      0.1193354163,     0.08381874168,  -0.0001237400849,   0.0003822967285,    0.001865944056,                 0,   0.0003138671894,    0.001690189553,    0.002501240504,                 0,    0.003478267091,       -329.579445,     0.02095975011,                 0
          0,           0,         115,       6.140204139,       5.761183307,      -10.45479267,      -10.40115696,      -10.95065769,      -10.89758661,      -10.41117031,                         5,      -1.425198651,    0.002325438504,       2.064459409,               100,               100,               100,      0.0039269908,      0.2933856413,    0.004505063952,    0.002124373386,   -0.005854057323,     -0.0374607818,     0.01368793282,      0.2933856413,    0.002124373386,    0.004505063952,     0.01535543434,       -4.25562975,      -4.209780566,      -4.225598342,      -4.173433508,      -4.232765204,     0.09023665876,  -5.128377958e-06,      0.1193354243,     0.08381868662,   0.0003138664349,    0.001689967371,    0.002501230146,                 0,  -0.0001237380862,   0.0003821782001,    0.001865933272,                 0,  -1.641612053e-06,  -9.879665049e-06,   -0.005842536046,                 0,  -0.0006254269196,    -0.01281875721,    -0.02406669777,   5.010010275e-05,  -0.0002099304587,    -0.00394999949,      0.0184350145,  -0.0005871517338,     0.09023665876,  -5.128377958e-06,      0.1193354243,     0.08381868662,  -0.0001237380862,   0.0003821782001,    0.001865933272,                 0,   0.0003138664349,    0.001689967371,    0.002501230146,                 0,    0.003478258606,      -329.5325316,      0.0209596619,                 0
          0,           0,         116,       6.022876108,       5.763419998,      -10.46026036,      -10.40677997,       -10.9541467,       -10.9050187,      -10.41668126,                         5,      -1.425341759,    0.002325438685,       2.064459409,               100,               100,               100,      0.0039269908,      0.2933856072,    0.004504836051,    0.002124246463,    -0.00585406487,    -0.03746085119,     0.01368813673,      0.2933856072,    0.002124246463,    0.004504836051,     0.01535465933,      -4.261097439,      -4.215403573,      -4.229087355,        -4.1808656,      -4.238276152,     0.09023666186,  -5.128431532e-06,      0.1193354322,     0.08381864162,   0.0003138656601,    0.001689750459,    0.002501219932,                 0,  -0.0001237361338,   0.0003820598824,    0.001865922715,                 0,  -1.641610353e-06,  -9.879684824e-06,   -0.005842543575,                 0,  -0.0006254261177,    -0.01281659242,    -0.02406660326,   4.777060579e-05,  -0.0002099272632,   -0.003951188306,     0.01843491404,   -0.000585661747,     0.09023666186,  -5.128431532e-06,      0.1193354322,     0.08381864162,  -0.0001237361338,   0.0003820598824,    0.001865922715,                 0,   0.0003138656601,    0.001689750459,    0.002501219932,                 0,    0.003478249901,      -329.4867931,     0.02095957492,                 0
          0,           0,         117,       6.026244798,       5.765647327,      -10.46577962,      -10.41239839,      -10.95786652,      -10.91254328,       -10.4222161,                         5,      -1.425642892,    0.002325438864,       2.064459409,               100,               100,               100,      0.0039269908,      0.2933855795,    0.004504613274,    0.002124119974,   -0.005854072244,    -0.03746091763,     0.01368834309,      0.2933855795,    0.002124119974,    0.004504613274,     0.01535390145,      -4.266616701,      -4.221021993,      -4.232807179,       -4.18839018,      -4.243810995,     0.09023666485,  -5.128483607e-06,      0.1193354398,     0.08381860329,    0.000313864852,    0.001689538463,    0.002501209959,                 0,  -0.0001237342285,   0.0003819417382,    0.001865912465,                 0,  -1.641608672e-06,  -9.879703624e-06,   -0.005842550932,                 0,  -0.0006254252642,    -0.01281447653,    -0.02406651104,   4.549519597e-05,  -0.0002099241437,   -0.003952375233,     0.01843481657,  -0.0005841741097,     0.09023666485,  -5.128483607e-06,      0.1193354398,     0.08381860329,  -0.0001237342285,   0.0003819417382,    0.001865912465,                 0,    0.000313864852,    0.001689538463,    0.002501209959,                 0,    0.003478240829,      -329.4421106,     0.02095949001,                 0
          0,           0,         118,       6.022497051,       5.767805728,      -10.47131115,      -10.41801624,      -10.96167336,      -10.92002628,       -10.4277722,                         5,      -1.426054198,    0.002325439042,        2.06445941,               100,               100,               100,      0.0039269908,       0.293385561,    0.004504395035,    0.002123993884,   -0.005854079517,    -0.03746097678,     0.01368855183,       0.293385561,    0.002123993884,    0.004504395035,     0.01535315855,      -4.272148234,      -4.226639838,      -4.236614011,      -4.195873178,      -4.249367094,     0.09023666771,  -5.128533944e-06,      0.1193354473,     0.08381857451,   0.0003138640168,    0.001689330891,    0.002501200127,                 0,  -0.0001237323605,   0.0003818238002,    0.001865902444,                 0,  -1.641607011e-06,  -9.879722076e-06,   -0.005842558188,                 0,  -0.0006254243727,    -0.01281240449,    -0.02406642011,   4.327219821e-05,   -0.000209921079,   -0.003953560038,     0.01843472133,  -0.0005826883775,     0.09023666771,  -5.128533944e-06,      0.1193354473,     0.08381857451,  -0.0001237323605,   0.0003818238002,    0.001865902444,                 0,   0.0003138640168,    0.001689330891,    0.002501200127,                 0,    0.003478231463,       -329.398403,     0.02095940631,                 0
          0,           0,         119,         6.2214616,       5.771586193,      -10.47708712,      -10.42385872,      -10.96556148,      -10.92753395,      -10.43356784,                         5,      -1.426338613,    0.002325439217,        2.06445941,               100,               100,               100,      0.0039269908,      0.2933855452,     0.00450418123,    0.002123868404,   -0.005854086659,    -0.03746102926,     0.01368876185,      0.2933855452,    0.002123868404,     0.00450418123,     0.01535243063,      -4.277924197,      -4.232482326,      -4.240502138,      -4.203380846,      -4.255162732,      0.0902366705,  -5.128582177e-06,      0.1193354547,     0.08381854857,   0.0003138631986,     0.00168912757,    0.002501190462,                 0,  -0.0001237305203,   0.0003817062855,    0.001865892639,                 0,  -1.641605369e-06,  -9.879739953e-06,   -0.005842565313,                 0,  -0.0006254235063,    -0.01281037493,    -0.02406633074,   4.109991682e-05,  -0.0002099180548,   -0.003954740504,     0.01843462816,  -0.0005812077487,      0.0902366705,  -5.128582177e-06,      0.1193354547,     0.08381854857,  -0.0001237305203,   0.0003817062855,    0.001865892639,                 0,   0.0003138631986,     0.00168912757,    0.002501190462,                 0,    0.003478222289,      -329.3556604,     0.02095932402,                 0
          0,           0,         120,       6.224169945,       5.775326555,      -10.48270977,      -10.42960493,      -10.96952197,      -10.93514937,      -10.43922192,                         5,      -1.426625312,    0.002325439389,        2.06445941,               100,               100,               100,      0.0039269908,      0.2933855374,     0.00450397135,    0.002123743179,   -0.005854093708,    -0.03746107516,     0.01368897248,      0.2933855374,    0.002123743179,     0.00450397135,     0.01535171566,      -4.283546852,      -4.238228531,      -4.244462626,      -4.210996268,      -4.260816812,     0.09023667325,  -5.128628935e-06,       0.119335462,     0.08381853078,   0.0003138624002,    0.001688928016,    0.002501180934,                 0,  -0.0001237287036,   0.0003815889378,    0.001865882945,                 0,  -1.641603748e-06,  -9.879757431e-06,   -0.005842572346,                 0,  -0.0006254226641,    -0.01280838321,    -0.02406624263,   3.897334307e-05,  -0.0002099150653,   -0.003955919097,     0.01843453603,  -0.0005797293923,     0.09023667325,  -5.128628935e-06,       0.119335462,     0.08381853078,  -0.0001237287036,   0.0003815889378,    0.001865882945,                 0,   0.0003138624002,    0.001688928016,    0.002501180934,                 0,    0.003478213334,      -329.3137478,      0.0209592429,                 0
          0,           0,         121,        5.88778369,       5.776248335,      -10.48811363,      -10.43519049,      -10.97327302,      -10.94253983,      -10.44468239,                         5,      -1.427301197,    0.002325439559,        2.06445941,               100,               100,               100,      0.0039269908,      0.2933855364,    0.004503766688,    0.002123618691,   -0.005854100591,    -0.03746112244,      0.0136891823,      0.2933855364,    0.002123618691,    0.004503766688,     0.01535101813,       -4.28895071,      -4.243814091,      -4.248213678,       -4.21838673,      -4.266277284,     0.09023667594,  -5.128674123e-06,       0.119335469,     0.08381852007,   0.0003138616011,    0.001688733446,     0.00250117164,                 0,  -0.0001237269307,   0.0003814721076,    0.001865873514,                 0,  -1.641602148e-06,  -9.879774168e-06,   -0.005842579215,                 0,  -0.0006254218109,    -0.01280644108,    -0.02406615672,   3.689716293e-05,  -0.0002099121504,   -0.003957092321,     0.01843444645,  -0.0005782596743,     0.09023667594,  -5.128674123e-06,       0.119335469,     0.08381852007,  -0.0001237269307,   0.0003814721076,    0.001865873514,                 0,   0.0003138616011,    0.001688733446,     0.00250117164,                 0,    0.003478204376,      -329.2729087,     0.02095916378,                 0
          0,           0,         122,       5.866740358,       5.776984042,      -10.49375342,      -10.44096344,      -10.97734227,      -10.95008377,      -10.45035824,                         5,      -1.427932053,    0.002325439726,       2.064459411,               100,               100,               100,      0.0039269908,       0.293385535,    0.004503566697,    0.002123495066,   -0.005854107332,    -0.03746116844,       0.013689393,       0.293385535,    0.002123495066,    0.004503566697,     0.01535033654,      -4.294590497,      -4.249587044,      -4.252282929,       -4.22593067,      -4.271953137,     0.09023667854,   -5.12871755e-06,      0.1193354759,     0.08381850924,   0.0003138607825,    0.001688543356,    0.002501162558,                 0,  -0.0001237251982,   0.0003813559168,    0.001865864347,                 0,  -1.641600573e-06,  -9.879790423e-06,   -0.005842585941,                 0,  -0.0006254209243,    -0.01280454355,    -0.02406607278,   3.486881144e-05,  -0.0002099093007,   -0.003958259039,     0.01843435944,     -0.0005767981,     0.09023667854,   -5.12871755e-06,      0.1193354759,     0.08381850924,  -0.0001237251982,   0.0003813559168,    0.001865864347,                 0,   0.0003138607825,    0.001688543356,    0.002501162558,                 0,    0.003478195204,      -329.2330568,     0.02095908647,                 0
          0,           0,         123,        6.11019522,       5.779671229,      -10.49950714,      -10.44685033,      -10.98157066,      -10.95769395,      -10.45615604,                         5,      -1.428415209,    0.002325439891,       2.064459411,               100,               100,               100,      0.0039269908,      0.2933855305,    0.004503370989,    0.002123372015,   -0.005854113927,    -0.03746121164,      0.0136896032,      0.2933855305,    0.002123372015,    0.004503370989,      0.0153496697,      -4.300344223,      -4.255473928,      -4.256511314,      -4.233540848,      -4.277750935,     0.09023668103,  -5.128759193e-06,      0.1193354825,     0.08381849571,   0.0003138599295,      0.0016883574,    0.002501153659,                 0,  -0.0001237235059,   0.0003812400975,    0.001865855423,                 0,  -1.641599019e-06,   -9.87980634e-06,   -0.005842592522,                 0,  -0.0006254199868,     -0.0128026871,    -0.02406599055,    3.28859886e-05,  -0.0002099065139,   -0.003959421836,     0.01843427476,  -0.0005753432154,     0.09023668103,  -5.128759193e-06,      0.1193354825,     0.08381849571,  -0.0001237235059,   0.0003812400975,    0.001865855423,                 0,   0.0003138599295,      0.0016883574,    0.002501153659,                 0,    0.003478185655,       -329.194126,     0.02095901073,                 0
          0,           0,         124,       5.914106066,       5.780746708,      -10.50539844,      -10.45288326,      -10.98593213,       -10.9653564,      -10.46210126,                         5,      -1.428605252,    0.002325440054,       2.064459411,               100,               100,               100,      0.0039269908,      0.2933855313,     0.00450317931,    0.002123249515,   -0.005854120397,    -0.03746125084,     0.01368981128,      0.2933855313,    0.002123249515,     0.00450317931,     0.01534901633,      -4.306235517,      -4.261506861,      -4.260872784,      -4.241203296,      -4.283696157,     0.09023668339,  -5.128799324e-06,      0.1193354889,     0.08381848779,    0.000313859045,    0.001688175361,    0.002501144904,                 0,   -0.000123721854,   0.0003811246387,     0.00186584673,                 0,  -1.641597481e-06,  -9.879822221e-06,   -0.005842598977,                 0,  -0.0006254190041,    -0.01280086955,    -0.02406590964,    3.09473583e-05,  -0.0002099037876,   -0.003960580828,     0.01843419233,  -0.0005738964318,     0.09023668339,  -5.128799324e-06,      0.1193354889,     0.08381848779,   -0.000123721854,   0.0003811246387,     0.00186584673,                 0,    0.000313859045,    0.001688175361,    0.002501144904,                 0,    0.003478175762,      -329.1560567,     0.02095893624,                 0
          0,           0,         125,       6.207156768,       5.784130915,      -10.51135532,      -10.45899689,      -10.99047113,      -10.97306825,      -10.46812057,                         5,      -1.428521961,    0.002325440215,       2.064459411,               100,               100,               100,      0.0039269908,       0.293385536,    0.004502991169,    0.002123127396,   -0.005854126719,    -0.03746128498,     0.01369001806,       0.293385536,    0.002123127396,    0.004502991169,      0.0153483748,        -4.3121924,      -4.267620487,      -4.265411784,      -4.248915148,      -4.289715466,     0.09023668562,  -5.128838016e-06,      0.1193354951,     0.08381848416,   0.0003138581331,    0.001687996739,    0.002501136296,                 0,  -0.0001237202342,   0.0003810094055,    0.001865838224,                 0,  -1.641595959e-06,  -9.879837815e-06,   -0.005842605285,                 0,  -0.0006254179837,    -0.01279908608,    -0.02406583012,   2.904920726e-05,  -0.0002099011033,   -0.003961737395,     0.01843411169,  -0.0005724551324,     0.09023668562,  -5.128838016e-06,      0.1193354951,     0.08381848416,  -0.0001237202342,   0.0003810094055,    0.001865838224,                 0,   0.0003138581331,    0.001687996739,    0.002501136296,                 0,    0.003478165571,      -329.1187466,     0.02095886303,                 0
          0,           0,         126,       6.179387864,       5.787243174,      -10.51709542,      -10.46494089,      -10.99473569,      -10.98054236,      -10.47390641,                         5,      -1.428967561,    0.002325440375,       2.064459412,               100,               100,               100,      0.0039269908,      0.2933855403,    0.004502807525,    0.002123006252,   -0.005854132904,    -0.03746131825,     0.01369022476,      0.2933855403,    0.002123006252,    0.004502807525,     0.01534774863,      -4.317932501,      -4.273564489,      -4.269676346,      -4.256389256,      -4.295501303,     0.09023668774,  -5.128875302e-06,       0.119335501,     0.08381848042,   0.0003138572025,    0.001687822492,     0.00250112783,                 0,  -0.0001237186571,   0.0003808949597,    0.001865829949,                 0,  -1.641594453e-06,  -9.879852923e-06,   -0.005842611457,                 0,  -0.0006254169322,    -0.01279734608,    -0.02406575188,   2.719664969e-05,  -0.0002098984867,   -0.003962885888,     0.01843403329,  -0.0005710241545,     0.09023668774,  -5.128875302e-06,       0.119335501,     0.08381848042,  -0.0001237186571,   0.0003808949597,    0.001865829949,                 0,   0.0003138572025,    0.001687822492,     0.00250112783,                 0,    0.003478155175,      -329.0823802,     0.02095879105,                 0
          0,           0,         127,       6.056422322,       5.789346136,      -10.52289468,      -10.47091687,      -10.99921176,      -10.98817232,      -10.47971257,                         5,      -1.429283545,    0.002325440533,       2.064459412,               100,               100,               100,      0.0039269908,      0.2933855469,    0.004502627978,    0.002122886119,   -0.005854138957,    -0.03746135063,     0.01369043155,      0.2933855469,    0.002122886119,    0.004502627978,      0.0153471363,      -4.323731758,      -4.279540469,      -4.274152414,      -4.264019223,       -4.30130747,     0.09023668976,  -5.128911491e-06,      0.1193355068,     0.08381847932,   0.0003138562474,    0.001687652185,    0.002501119546,                 0,  -0.0001237171199,    0.000380781307,    0.001865821932,                 0,  -1.641592965e-06,  -9.879867436e-06,   -0.005842617496,                 0,  -0.0006254158437,    -0.01279564524,    -0.02406567534,   2.538579277e-05,  -0.0002098959322,   -0.003964026365,      0.0184339574,  -0.0005696035503,     0.09023668976,  -5.128911491e-06,      0.1193355068,     0.08381847932,  -0.0001237171199,    0.000380781307,    0.001865821932,                 0,   0.0003138562474,    0.001687652185,    0.002501119546,                 0,    0.003478144514,      -329.0468529,     0.02095872061,                 0
          0,           0,         128,       5.919965667,       5.790358691,      -10.52870515,      -10.47684343,       -11.0037184,      -10.99583174,       -10.4855585,                         5,      -1.429673998,    0.002325440689,       2.064459412,               100,               100,               100,      0.0039269908,      0.2933855543,    0.004502452331,    0.002122766938,   -0.005854144899,    -0.03746138086,     0.01369063715,      0.2933855543,    0.002122766938,    0.004502452331,     0.01534653723,      -4.329542226,      -4.285467032,      -4.278659051,      -4.271678639,      -4.307153395,     0.09023669168,  -5.128946257e-06,      0.1193355123,     0.08381847927,   0.0003138552673,    0.001687485676,    0.002501111387,                 0,  -0.0001237156186,   0.0003806684467,     0.00186581411,                 0,  -1.641591496e-06,  -9.879881602e-06,   -0.005842623426,                 0,  -0.0006254147175,    -0.01279398216,    -0.02406559996,   2.361597456e-05,  -0.0002098934332,   -0.003965158784,     0.01843388338,   -0.000568194014,     0.09023669168,  -5.128946257e-06,      0.1193355123,     0.08381847927,  -0.0001237156186,   0.0003806684467,     0.00186581411,                 0,   0.0003138552673,    0.001687485676,    0.002501111387,                 0,    0.003478133578,       -329.012158,     0.02095865127,                 0
          0,           0,         129,        5.96079748,       5.791669758,       -10.5345405,      -10.48281092,      -11.00834613,      -11.00347605,      -10.49143493,                         5,      -1.430010943,    0.002325440843,       2.064459413,               100,               100,               100,      0.0039269908,       0.293385555,    0.004502280406,    0.002122648771,   -0.005854150708,     -0.0374614086,     0.01369084216,       0.293385555,    0.002122648771,    0.004502280406,     0.01534595119,      -4.335377575,      -4.291434524,       -4.28328678,      -4.279322949,      -4.313029823,     0.09023669349,   -5.12897988e-06,      0.1193355177,      0.0838184728,   0.0003138542617,    0.001687322763,    0.002501103381,                 0,  -0.0001237141542,   0.0003805564251,      0.0018658065,                 0,  -1.641590044e-06,  -9.879895243e-06,   -0.005842629223,                 0,  -0.0006254135535,    -0.01279235483,    -0.02406552598,    2.18857635e-05,  -0.0002098909914,   -0.003966282657,     0.01843381142,  -0.0005667956115,     0.09023669349,   -5.12897988e-06,      0.1193355177,      0.0838184728,  -0.0001237141542,   0.0003805564251,      0.0018658065,                 0,   0.0003138542617,    0.001687322763,    0.002501103381,                 0,    0.003478122364,      -328.9782379,     0.02095858325,                 0
          0,           0,         130,       5.959385335,        5.79295003,      -10.54039933,       -10.4888043,      -11.01304555,      -11.01119577,      -10.49733566,                         5,       -1.43023669,    0.002325440996,       2.064459413,               100,               100,               100,      0.0039269908,      0.2933855668,    0.004502111512,    0.002122531197,   -0.005854156437,    -0.03746143091,     0.01369104535,      0.2933855668,    0.002122531197,    0.004502111512,      0.0153453749,      -4.341236411,        -4.2974279,      -4.287986205,      -4.287042671,       -4.31893056,      0.0902366952,  -5.129012128e-06,      0.1193355229,     0.08381847772,   0.0003138532322,    0.001687162819,    0.002501095461,                 0,  -0.0001237127168,   0.0003804449274,    0.001865798987,                 0,   -1.64158861e-06,  -9.879908668e-06,    -0.00584263494,                 0,  -0.0006254123558,    -0.01279075708,    -0.02406545279,   2.019131503e-05,  -0.0002098885855,   -0.003967401164,     0.01843374036,  -0.0005654052643,      0.0902366952,  -5.129012128e-06,      0.1193355229,     0.08381847772,  -0.0001237127168,   0.0003804449274,    0.001865798987,                 0,   0.0003138532322,    0.001687162819,    0.002501095461,                 0,    0.003478110889,      -328.9449852,     0.02095851596,                 0
          0,           0,         131,       6.059179585,       5.794966921,       -10.5460121,      -10.49458786,      -11.01749245,       -11.0185756,      -10.50301032,                         5,      -1.430883952,    0.002325441147,       2.064459413,               100,               100,               100,      0.0039269908,      0.2933855853,    0.004501946701,    0.002122414828,   -0.005854162036,    -0.03746145339,     0.01369124835,      0.2933855853,    0.002122414828,    0.004501946701,     0.01534481218,      -4.346849177,      -4.303211462,      -4.292433107,      -4.294422501,      -4.324605215,     0.09023669682,  -5.129042792e-06,      0.1193355279,     0.08381848961,   0.0003138521904,    0.001687006823,    0.002501087687,                 0,  -0.0001237113159,   0.0003803344522,    0.001865791692,                 0,  -1.641587192e-06,  -9.879921464e-06,   -0.005842640528,                 0,  -0.0006254111367,    -0.01278919858,    -0.02406538094,   1.853726352e-05,  -0.0002098862386,   -0.003968509286,     0.01843367142,  -0.0005640275379,     0.09023669682,  -5.129042792e-06,      0.1193355279,     0.08381848961,  -0.0001237113159,   0.0003803344522,    0.001865791692,                 0,   0.0003138521904,    0.001687006823,    0.002501087687,                 0,    0.003478099282,      -328.9126045,     0.02095844994,                 0
          0,           0,         132,       5.965237006,       5.796247147,      -10.55175072,      -10.50044115,      -11.02223261,      -11.02608873,      -10.50878961,                         5,       -1.43139155,    0.002325441296,       2.064459413,               100,               100,               100,      0.0039269908,       0.293385602,    0.004501785598,    0.002122299484,   -0.005854167565,    -0.03746147419,     0.01369145039,       0.293385602,    0.002122299484,    0.004501785598,     0.01534426219,      -4.352587796,      -4.309064748,      -4.297173264,      -4.301935631,      -4.330384506,     0.09023669835,  -5.129072207e-06,      0.1193355327,     0.08381849997,   0.0003138511346,    0.001686854437,    0.002501080026,                 0,  -0.0001237099496,   0.0003802248653,    0.001865784569,                 0,  -1.641585791e-06,   -9.87993392e-06,   -0.005842646045,                 0,  -0.0006254098952,    -0.01278767598,    -0.02406531012,   1.692180737e-05,  -0.0002098839468,   -0.003969608443,     0.01843360412,  -0.0005626613391,     0.09023669835,  -5.129072207e-06,      0.1193355327,     0.08381849997,  -0.0001237099496,   0.0003802248653,    0.001865784569,                 0,   0.0003138511346,    0.001686854437,    0.002501080026,                 0,    0.003478087522,       -328.881008,     0.02095838489,                 0
          0,           0,         133,       6.091115561,       5.798447657,      -10.55749225,       -10.5063098,      -11.02702943,      -11.03363977,      -10.51458136,                         5,      -1.431859928,    0.002325441444,       2.064459414,               100,               100,               100,      0.0039269908,      0.2933856192,    0.004501628063,    0.002122185035,   -0.005854173003,    -0.03746149312,     0.01369165131,      0.2933856192,    0.002122185035,    0.004501628063,     0.01534372433,      -4.358329325,      -4.314933397,      -4.301970088,      -4.309486675,      -4.336176261,      0.0902366998,  -5.129100386e-06,      0.1193355374,     0.08381851108,    0.000313850063,    0.001686705506,    0.002501072495,                 0,  -0.0001237086156,    0.000380116047,    0.001865777604,                 0,  -1.641584408e-06,  -9.879945979e-06,   -0.005842651473,                 0,  -0.0006254086287,    -0.01278618777,    -0.02406524049,   1.534375735e-05,  -0.0002098817055,   -0.003970699797,     0.01843353835,  -0.0005613055323,      0.0902366998,  -5.129100386e-06,      0.1193355374,     0.08381851108,  -0.0001237086156,    0.000380116047,    0.001865777604,                 0,    0.000313850063,    0.001686705506,    0.002501072495,                 0,    0.003478075591,      -328.8501644,     0.02095832095,                 0
          0,           0,         134,        6.54980568,       5.804013272,       -10.5632681,      -10.51221791,      -11.03192254,      -11.04125607,      -10.52041992,                         5,      -1.432325665,     0.00232544159,       2.064459414,               100,               100,               100,      0.0039269908,       0.293385638,    0.004501474037,    0.002122071662,   -0.005854178288,     -0.0374615098,     0.01369185322,       0.293385638,    0.002122071662,    0.004501474037,     0.01534319835,      -4.364105177,      -4.320841508,      -4.306863194,      -4.317102972,      -4.342014818,     0.09023670117,  -5.129127421e-06,       0.119335542,     0.08381852393,   0.0003138489762,    0.001686559901,    0.002501065159,                 0,  -0.0001237073137,   0.0003800081011,    0.001865770874,                 0,  -1.641583044e-06,  -9.879957579e-06,   -0.005842656748,                 0,  -0.0006254073381,    -0.01278473266,     -0.0240651727,   1.380290028e-05,  -0.0002098795142,   -0.003971782301,     0.01843347486,  -0.0005599598201,     0.09023670117,  -5.129127421e-06,       0.119335542,     0.08381852393,  -0.0001237073137,   0.0003800081011,    0.001865770874,                 0,   0.0003138489762,    0.001686559901,    0.002501065159,                 0,    0.003478063494,      -328.8200434,     0.02095825868,                 0
          0,           0,         135,        6.64963242,        5.81023106,      -10.56909736,      -10.51815398,      -11.03690089,      -11.04889529,      -10.52630823,                         5,      -1.432740389,    0.002325441734,       2.064459415,               100,               100,               100,      0.0039269908,      0.2933856588,    0.004501323051,    0.002121958786,    -0.00585418344,    -0.03746152283,     0.01369205445,      0.2933856588,    0.002121958786,    0.004501323051,     0.01534268263,      -4.369934436,      -4.326777585,      -4.311841546,      -4.324742187,      -4.347903131,     0.09023670246,  -5.129153274e-06,      0.1193355464,     0.08381853913,   0.0003138478725,    0.001686417199,     0.00250105798,                 0,  -0.0001237060359,   0.0003799005268,    0.001865764295,                 0,  -1.641581697e-06,  -9.879968861e-06,    -0.00584266189,                 0,  -0.0006254060231,     -0.0127833065,    -0.02406510641,   1.229610496e-05,  -0.0002098773558,   -0.003972860981,     0.01843341282,  -0.0005586200295,     0.09023670246,  -5.129153274e-06,      0.1193355464,     0.08381853913,  -0.0001237060359,   0.0003799005268,    0.001865764295,                 0,   0.0003138478725,    0.001686417199,     0.00250105798,                 0,    0.003478051214,      -328.7905641,     0.02095819774,                 0
          0,           0,         136,       6.441114218,       5.814836047,      -10.57467727,      -10.52389165,      -11.04157983,       -11.0562646,        -10.531966,                         5,       -1.43388455,    0.002325441877,       2.064459415,               100,               100,               100,      0.0039269908,      0.2933856828,    0.004501175926,      0.0021218472,   -0.005854188464,    -0.03746153706,     0.01369225454,      0.2933856828,      0.0021218472,    0.004501175926,     0.01534217991,      -4.375514347,      -4.332515247,      -4.316520489,      -4.332111503,        -4.3535609,     0.09023670367,  -5.129177736e-06,      0.1193355507,     0.08381855757,   0.0003138467615,     0.00168627821,    0.002501050955,                 0,    -0.00012370479,   0.0003797940553,    0.001865757935,                 0,  -1.641580367e-06,  -9.879979657e-06,   -0.005842666904,                 0,  -0.0006254046933,    -0.01278191727,    -0.02406504156,   1.082645781e-05,  -0.0002098752499,   -0.003973928498,     0.01843335291,  -0.0005572946214,     0.09023670367,  -5.129177736e-06,      0.1193355507,     0.08381855757,    -0.00012370479,   0.0003797940553,    0.001865757935,                 0,   0.0003138467615,     0.00168627821,    0.002501050955,                 0,    0.003478038854,      -328.7618984,     0.02095813813,                 0
          0,           0,         137,       6.441017363,       5.819373592,      -10.58036295,       -10.5297129,      -11.04657993,      -11.06379356,      -10.53770754,                         5,      -1.434826121,    0.002325442017,       2.064459415,               100,               100,               100,      0.0039269908,      0.2933857064,    0.004501032234,    0.002121736991,   -0.005854193367,    -0.03746155032,     0.01369245409,      0.2933857064,    0.002121736991,    0.004501032234,      0.0153416889,      -4.381200025,      -4.338336499,      -4.321520583,      -4.339640464,      -4.359302435,     0.09023670482,   -5.12920106e-06,      0.1193355548,     0.08381857595,   0.0003138456411,     0.00168614249,    0.002501044102,                 0,  -0.0001237035753,   0.0003796887669,    0.001865751799,                 0,  -1.641579055e-06,  -9.879989922e-06,   -0.005842671798,                 0,  -0.0006254033477,    -0.01278056057,    -0.02406497832,   9.391916128e-06,  -0.0002098731943,   -0.003974984114,     0.01843329517,  -0.0005559837638,     0.09023670482,   -5.12920106e-06,      0.1193355548,     0.08381857595,  -0.0001237035753,   0.0003796887669,    0.001865751799,                 0,   0.0003138456411,     0.00168614249,    0.002501044102,                 0,    0.003478026395,      -328.7339432,     0.02095807998,                 0
          0,           0,         138,        6.35371289,        5.82321776,      -10.58608407,      -10.53555401,      -11.05167318,      -11.07148035,       -10.5435133,                         5,      -1.435459325,    0.002325442156,       2.064459416,               100,               100,               100,      0.0039269908,       0.293385732,    0.004500891793,    0.002121628065,   -0.005854198172,    -0.03746156124,     0.01369265293,       0.293385732,    0.002121628065,    0.004500891793,     0.01534120886,      -4.386921145,      -4.344177608,      -4.326613836,      -4.347327249,      -4.365108192,     0.09023670589,   -5.12922322e-06,      0.1193355588,     0.08381859653,   0.0003138445141,    0.001686009899,     0.00250103738,                 0,  -0.0001237023901,   0.0003795846295,    0.001865745826,                 0,  -1.641577761e-06,  -9.879999832e-06,   -0.005842676594,                 0,    -0.00062540199,    -0.01277923502,    -0.02406491628,   7.992050086e-06,  -0.0002098711855,   -0.003976028125,     0.01843323899,  -0.0005546867398,     0.09023670589,   -5.12922322e-06,      0.1193355588,     0.08381859653,  -0.0001237023901,   0.0003795846295,    0.001865745826,                 0,   0.0003138445141,    0.001686009899,     0.00250103738,                 0,    0.003478013863,      -328.7066729,     0.02095802294,                 0
          0,           0,         139,       6.131293134,       5.825418298,      -10.59192893,      -10.54158776,      -11.05688899,      -11.07919898,      -10.54944766,                         5,      -1.436119913,    0.002325442294,       2.064459416,               100,               100,               100,      0.0039269908,      0.2933857582,    0.004500754576,     0.00212152046,   -0.005854202874,    -0.03746156991,     0.01369285057,      0.2933857582,     0.00212152046,    0.004500754576,     0.01534073979,      -4.392766007,      -4.350211362,      -4.331829647,      -4.355045884,      -4.371042554,      0.0902367069,   -5.12924433e-06,      0.1193355627,     0.08381861786,   0.0003138433854,    0.001685880403,    0.002501030788,                 0,  -0.0001237012335,   0.0003794816896,    0.001865740004,                 0,  -1.641576486e-06,  -9.880009354e-06,   -0.005842681288,                 0,  -0.0006254006269,    -0.01277794033,    -0.02406485544,    6.62648055e-06,  -0.0002098692212,   -0.003977060059,     0.01843318425,  -0.0005534043956,      0.0902367069,   -5.12924433e-06,      0.1193355627,     0.08381861786,  -0.0001237012335,   0.0003794816896,    0.001865740004,                 0,   0.0003138433854,    0.001685880403,    0.002501030788,                 0,    0.003478001316,      -328.6800734,     0.02095796702,                 0
          0,           0,         140,       7.923873351,       5.840300958,      -10.59792499,      -10.54774292,      -11.06224121,      -11.08704629,      -10.55550887,                         5,      -1.436675388,    0.002325442429,       2.064459416,               100,               100,               100,      0.0039269908,      0.2933857886,    0.004500619998,    0.002121413824,   -0.005854207502,    -0.03746157388,     0.01369304649,      0.2933857886,    0.002121413824,    0.004500619998,      0.0153402795,      -4.398762071,      -4.356366517,      -4.337181864,       -4.36289319,      -4.377103765,     0.09023670784,   -5.12926429e-06,      0.1193355665,     0.08381864354,   0.0003138422501,    0.001685753471,    0.002501024276,                 0,  -0.0001237001017,   0.0003793796832,    0.001865734243,                 0,   -1.64157523e-06,  -9.880018615e-06,   -0.005842685908,                 0,  -0.0006253992526,    -0.01277667126,    -0.02406479533,   5.291963273e-06,  -0.0002098672929,   -0.003978082563,     0.01843313008,  -0.0005521337316,     0.09023670784,   -5.12926429e-06,      0.1193355665,     0.08381864354,  -0.0001237001017,   0.0003793796832,    0.001865734243,                 0,   0.0003138422501,    0.001685753471,    0.002501024276,                 0,    0.003477988699,      -328.6540478,      0.0209579118,                 0
          0,           0,         141,       5.799139852,       5.840011091,      -10.60373564,      -10.55374051,      -11.06733209,      -11.09465662,      -10.56138686,                         5,      -1.437872115,    0.002325442562,       2.064459417,               100,               100,               100,      0.0039269908,      0.2933858244,    0.004500489045,    0.002121308697,   -0.005854212027,     -0.0374615788,     0.01369324125,      0.2933858244,    0.002121308697,    0.004500489045,     0.01533983128,      -4.404572722,      -4.362364108,      -4.342272741,      -4.370503522,      -4.382981758,     0.09023670873,     -5.129283e-06,      0.1193355701,     0.08381867484,   0.0003138411183,    0.001685630025,    0.002501017902,                 0,  -0.0001236989977,   0.0003792790388,    0.001865728656,                 0,  -1.641573994e-06,  -9.880027354e-06,   -0.005842690425,                 0,  -0.0006253978783,    -0.01277543686,    -0.02406473648,   3.992425149e-06,  -0.0002098654106,   -0.003979091366,     0.01843307758,   -0.000550879557,     0.09023670873,     -5.129283e-06,      0.1193355701,     0.08381867484,  -0.0001236989977,   0.0003792790388,    0.001865728656,                 0,   0.0003138411183,    0.001685630025,    0.002501017902,                 0,    0.003477976123,       -328.628782,     0.02095785774,                 0
          0,           0,         142,       6.146166661,        5.84215204,      -10.60972681,      -10.55988023,      -11.07272671,      -11.10241893,       -10.5674145,                         5,      -1.438733056,    0.002325442694,       2.064459417,               100,               100,               100,      0.0039269908,      0.2933858574,    0.004500361388,    0.002121205044,    -0.00585421645,    -0.03746158302,     0.01369343562,      0.2933858574,    0.002121205044,    0.004500361388,     0.01533939444,      -4.410563888,      -4.368503828,      -4.347667366,      -4.378265828,      -4.389009397,     0.09023670957,  -5.129300715e-06,      0.1193355737,     0.08381870342,   0.0003138399848,    0.001685509723,     0.00250101168,                 0,  -0.0001236979196,   0.0003791797101,    0.001865723253,                 0,  -1.641572779e-06,  -9.880035678e-06,   -0.005842694841,                 0,  -0.0006253964986,     -0.0127742338,    -0.02406467908,   2.726361895e-06,  -0.0002098635716,   -0.003980086961,     0.01843302688,  -0.0005496407221,     0.09023670957,  -5.129300715e-06,      0.1193355737,     0.08381870342,  -0.0001236979196,   0.0003791797101,    0.001865723253,                 0,   0.0003138399848,    0.001685509723,     0.00250101168,                 0,    0.003477963528,      -328.6041932,     0.02095780498,                 0
          0,           0,         143,        6.20255351,       5.844654828,      -10.61578451,      -10.56610283,      -11.07824812,      -11.11019793,      -10.57350653,                         5,      -1.439289922,    0.002325442823,       2.064459417,               100,               100,               100,      0.0039269908,      0.2933858869,    0.004500236769,    0.002121102628,   -0.005854220811,    -0.03746158555,      0.0136936278,      0.2933858869,    0.002121102628,    0.004500236769,     0.01533896813,      -4.416621587,      -4.374726432,      -4.353188778,      -4.386044826,      -4.395101424,     0.09023671036,  -5.129317689e-06,      0.1193355771,     0.08381872881,   0.0003138388094,    0.001685392404,    0.002501005556,                 0,  -0.0001236968729,   0.0003790815222,    0.001865717979,                 0,  -1.641571582e-06,  -9.880043687e-06,   -0.005842699195,                 0,  -0.0006253950533,    -0.01277306045,    -0.02406462257,    1.49252256e-06,  -0.0002098617872,   -0.003981071035,     0.01843297741,  -0.0005484167921,     0.09023671036,  -5.129317689e-06,      0.1193355771,     0.08381872881,  -0.0001236968729,   0.0003790815222,    0.001865717979,                 0,   0.0003138388094,    0.001685392404,    0.002501005556,                 0,    0.003477950472,      -328.5802335,     0.02095775306,                 0
          0,           0,         144,       6.250830855,       5.847456041,       -10.6219885,      -10.57241292,       -11.0838745,      -11.11802096,      -10.57976312,                         5,      -1.439914083,    0.002325442952,       2.064459418,               100,               100,               100,      0.0039269908,       0.293385916,    0.004500115066,    0.002121001506,   -0.005854225136,     -0.0374615856,     0.01369381822,       0.293385916,    0.002121001506,    0.004500115066,     0.01533855179,      -4.422825577,      -4.381036526,      -4.358815155,      -4.393867862,      -4.401358017,     0.09023671103,  -5.129333988e-06,      0.1193355802,     0.08381875407,   0.0003138375681,    0.001685278049,    0.002500999449,                 0,  -0.0001236958552,   0.0003789845078,    0.001865712854,                 0,  -1.641570401e-06,  -9.880051501e-06,   -0.005842703514,                 0,  -0.0006253935141,     -0.0127719163,     -0.0240645662,   2.904178359e-07,  -0.0002098600468,   -0.003982043283,     0.01843292938,   -0.000547207839,     0.09023671103,  -5.129333988e-06,      0.1193355802,     0.08381875407,  -0.0001236958552,   0.0003789845078,    0.001865712854,                 0,   0.0003138375681,    0.001685278049,    0.002500999449,                 0,    0.003477936691,       -328.556895,     0.02095770133,                 0
          0,           0,         145,       6.061793096,       5.848924104,      -10.62833432,      -10.57882276,      -11.08958693,      -11.12587745,      -10.58615593,                         5,      -1.440724129,     0.00232544308,       2.064459418,               100,               100,               100,      0.0039269908,      0.2933859467,      0.0044999959,    0.002120901327,   -0.005854229375,    -0.03746158191,     0.01369400703,      0.2933859467,    0.002120901327,      0.0044999959,     0.01533814401,      -4.429171403,      -4.387446357,      -4.364527583,      -4.401724348,      -4.407750822,     0.09023671157,  -5.129349377e-06,      0.1193355832,     0.08381878128,   0.0003138363174,    0.001685166185,    0.002500993397,                 0,  -0.0001236948509,   0.0003788883321,    0.001865707845,                 0,  -1.641569227e-06,  -9.880059148e-06,   -0.005842707747,                 0,  -0.0006253919708,    -0.01277079687,    -0.02406451034,  -8.827305266e-07,  -0.0002098583167,   -0.003983007086,     0.01843288246,  -0.0005460100298,     0.09023671157,  -5.129349377e-06,      0.1193355832,     0.08381878128,  -0.0001236948509,   0.0003788883321,    0.001865707845,                 0,   0.0003138363174,    0.001685166185,    0.002500993397,                 0,    0.003477922809,      -328.5341008,      0.0209576501,                 0
          0,           0,         146,       6.137837478,       5.850889501,      -10.63447252,       -10.5850557,      -11.09511103,      -11.13364674,      -10.59233971,                         5,      -1.442114653,    0.002325443208,       2.064459419,               100,               100,               100,      0.0039269908,      0.2933859761,    0.004499880023,     0.00212080258,   -0.005854233519,    -0.03746157819,     0.01369419521,      0.2933859761,     0.00212080258,    0.004499880023,     0.01533774751,      -4.435309597,      -4.393679302,       -4.37005168,       -4.40949364,      -4.413934602,     0.09023671208,  -5.129363719e-06,      0.1193355861,     0.08381880722,   0.0003138350893,     0.00168505746,    0.002500987474,                 0,  -0.0001236938716,   0.0003787934517,    0.001865702999,                 0,   -1.64156806e-06,  -9.880066482e-06,   -0.005842711884,                 0,  -0.0006253904571,    -0.01276970884,    -0.02406445565,  -2.023236469e-06,  -0.0002098566281,   -0.003983957832,      0.0184328371,  -0.0005448274259,     0.09023671208,  -5.129363719e-06,      0.1193355861,     0.08381880722,  -0.0001236938716,   0.0003787934517,    0.001865702999,                 0,   0.0003138350893,     0.00168505746,    0.002500987474,                 0,     0.00347790918,      -328.5119856,     0.02095759995,                 0
          0,           0,         147,       6.034717109,       5.852131579,      -10.64081971,      -10.59147416,      -11.10082549,      -11.14169112,      -10.59870593,                         5,      -1.442918896,    0.002325443334,       2.064459419,               100,               100,               100,      0.0039269908,      0.2933860045,    0.004499767216,    0.002120705168,   -0.005854237562,    -0.03746157453,     0.01369438193,      0.2933860045,    0.002120705168,    0.004499767216,     0.01533736152,      -4.441656792,      -4.400097766,      -4.375766143,      -4.417538015,      -4.420300827,     0.09023671256,  -5.129377237e-06,      0.1193355889,     0.08381883241,   0.0003138338628,    0.001684951637,    0.002500981717,                 0,  -0.0001236929203,   0.0003786997582,     0.00186569833,                 0,  -1.641566911e-06,  -9.880073418e-06,   -0.005842715922,                 0,  -0.0006253889378,    -0.01276864976,    -0.02406440251,  -3.133317733e-06,  -0.0002098549865,   -0.003984896662,     0.01843279344,   -0.000543659868,     0.09023671256,  -5.129377237e-06,      0.1193355889,     0.08381883241,  -0.0001236929203,   0.0003786997582,     0.00186569833,                 0,   0.0003138338628,    0.001684951637,    0.002500981717,                 0,    0.003477895569,       -328.490489,     0.02095755121,                 0
          0,           0,         148,       7.051063412,       5.860178101,      -10.64731362,      -10.59806758,      -11.10663763,      -11.14981334,      -10.60524129,                         5,      -1.443777234,    0.002325443457,       2.064459419,               100,               100,               100,      0.0039269908,       0.293386033,    0.004499657299,     0.00212060904,   -0.005854241518,    -0.03746156993,     0.01369456709,       0.293386033,     0.00212060904,    0.004499657299,     0.01533698538,      -4.448150702,      -4.406691182,       -4.38157828,      -4.425660236,       -4.42683619,     0.09023671299,  -5.129389962e-06,      0.1193355916,      0.0838188577,   0.0003138326314,     0.00168484858,    0.002500976088,                 0,  -0.0001236919939,   0.0003786072326,    0.001865693802,                 0,  -1.641565784e-06,  -9.880080025e-06,   -0.005842719872,                 0,   -0.000625387406,    -0.01276761822,    -0.02406435058,  -4.213726543e-06,  -0.0002098533857,   -0.003985823755,     0.01843275115,  -0.0005425069144,     0.09023671299,  -5.129389962e-06,      0.1193355916,      0.0838188577,  -0.0001236919939,   0.0003786072326,    0.001865693802,                 0,   0.0003138326314,     0.00168484858,    0.002500976088,                 0,    0.003477881906,      -328.4695827,     0.02095750357,                 0
          0,           0,         149,       7.088857066,       5.868369295,      -10.65385825,      -10.60473467,      -11.11265731,      -11.15807044,      -10.61182997,                         5,      -1.444728731,    0.002325443578,        2.06445942,               100,               100,               100,      0.0039269908,      0.2933860596,    0.004499550214,    0.002120514172,   -0.005854245377,    -0.03746156434,     0.01369475035,      0.2933860596,    0.002120514172,    0.004499550214,     0.01533661899,      -4.454695332,      -4.413358276,      -4.387597968,       -4.43391734,      -4.433424868,     0.09023671337,  -5.129401968e-06,      0.1193355942,     0.08381888143,   0.0003138313972,     0.00168474823,    0.002500970586,                 0,  -0.0001236910912,   0.0003785158467,    0.001865689417,                 0,  -1.641564676e-06,  -9.880086335e-06,   -0.005842723726,                 0,   -0.000625385868,    -0.01276661365,    -0.02406429982,  -5.264999668e-06,  -0.0002098518232,   -0.003986739379,     0.01843271022,  -0.0005413686696,     0.09023671337,  -5.129401968e-06,      0.1193355942,     0.08381888143,  -0.0001236910912,   0.0003785158467,    0.001865689417,                 0,   0.0003138313972,     0.00168474823,    0.002500970586,                 0,    0.003477868215,      -328.4492501,     0.02095745701,                 0
