"Time_Iter","Outer_Iter","Inner_Iter",    "Time(sec)"   ,    "Time(sec)"   ,    "rms[Rho]"    ,    "rms[RhoU]"   ,    "rms[RhoV]"   ,    "rms[RhoW]"   ,    "rms[RhoE]"   ,"Linear_Solver_Iterations",    "LinSolRes"   ,     "Min DT"     ,     "Max DT"     ,     "Min CFL"    ,     "Max CFL"    ,     "Avg CFL"    ,    "RefForce"    ,       "CD"       ,       "CL"       ,       "CSF"      ,       "CMx"      ,       "CMy"      ,       "CMz"      ,       "CFx"      ,       "CFy"      ,       "CFz"      ,      "CEff"      ,   "relrms[Rho]"  ,  "relrms[RhoU]"  ,  "relrms[RhoV]"  ,  "relrms[RhoW]"  ,  "relrms[RhoE]"  ,    "CD(nose)"    ,    "CD(body)"    ,    "CD(fins)"    ,    "CD(base)"    ,    "CL(nose)"    ,    "CL(body)"    ,    "CL(fins)"    ,    "CL(base)"    ,    "CSF(nose)"   ,    "CSF(body)"   ,    "CSF(fins)"   ,    "CSF(base)"   ,    "CMx(nose)"   ,    "CMx(body)"   ,    "CMx(fins)"   ,    "CMx(base)"   ,    "CMy(nose)"   ,    "CMy(body)"   ,    "CMy(fins)"   ,    "CMy(base)"   ,    "CMz(nose)"   ,    "CMz(body)"   ,    "CMz(fins)"   ,    "CMz(base)"   ,    "CFx(nose)"   ,    "CFx(body)"   ,    "CFx(fins)"   ,    "CFx(base)"   ,    "CFy(nose)"   ,    "CFy(body)"   ,    "CFy(fins)"   ,    "CFy(base)"   ,    "CFz(nose)"   ,    "CFz(body)"   ,    "CFz(fins)"   ,    "CFz(base)"   ,   "CEff(nose)"   ,   "CEff(body)"   ,   "CEff(fins)"   ,   "CEff(base)"   
          0,           0,           0,       7.701749588,       7.701749588,      -6.156950941,      -6.370873045,      -7.282445033,       -7.20783925,      -6.105798418,                         2,      -1.566839384,   0.0001064522074,      0.1039658097,               2.5,              5.25,       5.247668734,      0.0039269908,      0.2018269431,       1.036932994,   -0.001095930796,   -0.006706011354,      -6.808647329,   -0.003162424754,      0.1290025136,   -0.001095930796,       1.048485813,       5.137733238,                 0,                 0,                 0,                 0,                 0,      0.1332009881,     0.04796113178,     0.09303270975,     -0.0723678866,      0.1458079483,      0.6851921403,      0.2008724495,    0.005060455597,  -0.0001371983753,   -0.001918472654,   0.0009597402332,                 0,  -7.733852134e-07,   -2.24318708e-05,   -0.006682806098,                 0,     -0.3213080463,      -4.511218993,      -1.977111387,    0.000991097502,   0.0007653360845,     -0.0133809408,    0.009459207714,  -6.027753256e-06,      0.1227054689,   4.771332694e-05,       0.078793933,     -0.0725446016,  -0.0001371983753,   -0.001918472654,   0.0009597402332,                 0,      0.1547443987,      0.6868686461,      0.2068727681,                 0,       1.094646146,       14.28640474,       2.159159397,    -0.06992681194
          0,           0,           1,       6.265800051,       6.983774819,      -6.224792084,      -6.193715163,      -6.772233949,      -6.725943261,      -6.140110794,                         2,      -1.738470318,    0.000111379222,       0.109164105,               2.5,            5.5125,       5.508910376,      0.0039269908,      0.4792346893,       1.245853863,   0.0008073507176,   -0.009344196886,      -8.283819536,     0.01295794921,      0.3911609255,   0.0008073507176,       1.276248747,       2.599673793,                 0,                 0,                 0,                 0,                 0,      0.1651367568,     0.05641523209,      0.1281530047,      0.1295296957,      0.1939829968,      0.8057473031,      0.2551811613,   -0.009057598669,  -0.0004015664219,   -0.001009599046,    0.002218516185,                 0,   1.099515768e-06,  -1.968184709e-05,   -0.009325614555,                 0,     -0.4281844667,       -5.33619588,      -2.520998033,    0.001558843204,   0.0006503768814,   -0.009621622746,     0.02175298908,   0.0001762059975,      0.1512029222,   7.171682546e-05,      0.1100402925,       0.129845994,  -0.0004015664219,   -0.001009599046,    0.002218516185,                 0,      0.2050298218,      0.8077198708,      0.2634990546,                 0,       1.174680916,       14.28244241,       1.991222616,    -0.06992681194
          0,           0,           2,       5.953967453,       6.640505697,      -6.354294415,      -6.337897651,      -6.821554468,      -6.792645208,      -6.296847645,                         2,      -1.805841844,   0.0001229513033,      0.1146223414,               2.5,          5.788125,       5.783442324,      0.0039269908,      0.5392076379,       1.226180897,    0.002580234154,   -0.008659290094,      -8.223930333,     0.02712217476,      0.4523600996,    0.002580234154,       1.260807206,       2.274042153,     -0.1295023309,     -0.1441824882,    -0.04932051923,    -0.06670194688,     -0.1567368508,      0.1653304779,      0.0539963315,      0.1405356064,      0.1793452221,       0.199877391,      0.7710820727,      0.2677624734,    -0.01254103962,  -0.0005995497972,   0.0002182425222,    0.002961541429,                 0,   2.796045412e-06,  -2.002474768e-05,   -0.008642061392,                 0,     -0.4413952883,      -5.133821942,      -2.650028289,    0.001315186605,   7.335389271e-05,   -0.002605291579,      0.0289473302,   0.0007067822523,      0.1509849992,   7.683278945e-05,      0.1215151028,      0.1797831649,  -0.0005995497972,   0.0002182425222,    0.002961541429,                 0,      0.2109233708,      0.7729703492,      0.2769134858,                 0,       1.208956712,       14.28026778,       1.905299876,    -0.06992681194
          0,           0,           3,       5.662429344,       6.395986609,      -6.395171659,      -6.356922943,      -6.842108924,      -6.822300688,      -6.341486192,                         2,      -1.833286403,   0.0001319736309,      0.1203535044,               2.5,        6.07753125,       6.072015406,      0.0039269908,      0.5393452785,       1.112620789,    0.003396640286,   -0.007436473305,      -7.552413792,     0.03266554573,      0.4604189577,    0.003396640286,       1.147533325,       2.062910038,      -0.170379575,     -0.1632077799,     -0.0698749749,    -0.09635742698,     -0.2013753978,      0.1527402289,     0.04730383489,      0.1432963362,      0.1960048785,      0.1868257255,      0.6755245728,      0.2639764868,    -0.01370599628,  -0.0006678485771,   0.0008377943405,    0.003226694523,                 0,   4.456865015e-06,  -1.962270143e-05,   -0.007421307468,                 0,     -0.4123506334,      -4.526157557,      -2.615376742,    0.001471141166,  -0.0005704976534,    0.001106235702,     0.03159814554,   0.0005316621342,      0.1393358576,   6.639299663e-05,      0.1245332047,      0.1964835024,  -0.0006678485771,   0.0008377943405,    0.003226694523,                 0,      0.1970252472,      0.6771787776,      0.2733293004,                 0,       1.223159915,       14.28054563,        1.84217192,    -0.06992681194
          0,           0,           4,       5.855595064,         6.2879083,      -6.409395667,      -6.359885381,      -6.853556006,      -6.840104231,      -6.352921328,                         2,      -1.789467396,   0.0001395731796,      0.1263711329,             2.625,       6.381407813,       6.375417954,      0.0039269908,      0.5261945316,      0.9705347224,    0.003467870437,   -0.006689808092,        -6.7014524,     0.03219521671,      0.4572116683,    0.003467870437,       1.004876024,       1.844440913,     -0.1846035833,     -0.1661702179,    -0.08132205681,     -0.1141609696,     -0.2128105336,      0.1368095259,     0.03909065111,       0.143107772,      0.2071865826,      0.1682964174,      0.5583145535,      0.2584116487,     -0.0144878972,  -0.0006637450912,   0.0009212391665,    0.003210376361,                 0,   5.309181094e-06,  -1.823337695e-05,   -0.006676883896,                 0,     -0.3708785362,      -3.771314918,      -2.561093185,    0.001834238233,   -0.001073481711,    0.001285061306,     0.03161408813,   0.0003695489841,      0.1247365002,   4.937375643e-05,      0.1247332832,      0.2076925111,  -0.0006637450912,   0.0009212391665,    0.003210376361,                 0,      0.1774298059,      0.5596813533,      0.2677648645,                 0,       1.230151309,       14.28255958,        1.80571359,    -0.06992681194
          0,           0,           5,       5.708217032,       6.191293089,      -6.411188819,      -6.355363798,      -6.838033012,      -6.827875194,      -6.353979983,                         2,      -1.719231555,   0.0001473500704,      0.1326895811,             2.625,       6.700478203,       6.694153061,      0.0039269908,      0.5094793316,      0.8395072017,    0.003174173155,    -0.00646737078,      -5.916725498,     0.02842708363,      0.4496772034,    0.003174173155,       0.873001686,       1.647774796,     -0.1863967348,     -0.1616486356,    -0.06579906327,     -0.1019319329,     -0.2138691889,      0.1224444018,     0.03124394919,      0.1425108706,        0.21328011,      0.1511217118,      0.4463417413,      0.2569577468,    -0.01491399814,  -0.0005232048864,   0.0006528904127,    0.003044487629,                 0,    5.24037712e-06,  -1.634390579e-05,   -0.006456267251,                 0,     -0.3324078286,      -3.041044237,      -2.545489894,    0.002216462132,   -0.001107628358,   -0.000960939843,     0.03015856319,   0.0003370886409,      0.1116044157,   3.261454605e-05,       0.124239255,      0.2138009183,  -0.0005232048864,   0.0006528904127,    0.003044487629,                 0,      0.1592948766,       0.447433943,      0.2662728664,                 0,       1.234206788,        14.2857018,       1.803074711,    -0.06992681194
          0,           0,           6,       5.738192366,       6.126564414,      -6.410335549,      -6.358960276,      -6.815023804,       -6.80423035,      -6.360145484,                         2,      -1.638623559,   0.0001554788294,      0.1393238358,             2.625,       7.035502113,       7.028788881,      0.0039269908,      0.4901992323,      0.7374239482,    0.002802079119,    -0.00653916928,       -5.30854278,     0.02438812819,      0.4375650373,    0.002802079119,      0.7698221904,       1.504335176,     -0.1855434648,     -0.1652451127,    -0.04278985505,    -0.07828708818,     -0.2200346897,      0.1117428179,     0.02475747247,      0.1423212524,      0.2113776896,      0.1375589434,      0.3537762817,      0.2608696911,    -0.01478096795,  -0.0004208827325,   0.0003361515461,    0.002886810305,                 0,   4.678320758e-06,  -1.431042615e-05,   -0.006529537175,                 0,     -0.3021926342,       -2.42730095,      -2.581394076,    0.002344880064,   -0.001045180293,   -0.003636787191,     0.02868373456,   0.0003863611124,      0.1018749912,   1.897860357e-05,      0.1237772152,      0.2118938524,  -0.0004208827325,   0.0003361515461,    0.002886810305,                 0,      0.1450186417,      0.3546414944,      0.2701620543,                 0,       1.231031632,       14.28967687,       1.832963712,    -0.06992681194
          0,           0,           7,       6.135152036,       6.127637867,      -6.399134401,      -6.365820396,      -6.798152828,      -6.784527561,      -6.363812089,                         2,      -1.560824424,   0.0001638757566,      0.1462895533,             2.625,       7.387277219,       7.380120504,      0.0039269908,      0.4696528109,      0.6644309707,    0.002393673507,    -0.00670726341,      -4.873158736,     0.02078997953,      0.4221603987,    0.002393673507,      0.6955737742,       1.414727976,     -0.1743423177,     -0.1721052334,    -0.02591887894,    -0.05858429978,     -0.2237012947,      0.1048924396,     0.01965538325,      0.1425489626,      0.2025560254,       0.128203578,      0.2809520905,      0.2694393993,     -0.0141640971,  -0.0004149054513,    2.77128281e-05,     0.00278086613,                 0,    4.11696796e-06,   -1.24745715e-05,   -0.006698905807,                 0,      -0.281472281,      -1.931622611,      -2.662188093,    0.002124249408,   -0.001090489021,   -0.006154315397,     0.02761974146,   0.0004150424921,     0.09569389738,   9.276602461e-06,      0.1234065781,      0.2030506466,  -0.0004149054513,    2.77128281e-05,     0.00278086613,                 0,      0.1352082073,      0.2816387955,      0.2787267714,                 0,         1.2222385,        14.2939004,       1.890153351,    -0.06992681194
          0,           0,           8,        5.25534316,       6.030716233,      -6.364113544,      -6.350613379,      -6.781003024,      -6.765123273,      -6.342974595,                         2,      -1.498246564,   0.0001725173918,      0.1536031817,             2.625,        7.75664108,       7.749037613,      0.0039269908,      0.4539573413,      0.6243218033,    0.001983871842,   -0.006839253319,      -4.631598353,     0.01801748168,      0.4093010366,    0.001983871842,      0.6544674501,       1.375287381,     -0.1393214605,     -0.1568982156,   -0.008769074638,    -0.03918001211,     -0.2028638012,      0.1017843355,     0.01652864295,      0.1428147624,      0.1928296005,      0.1233883054,      0.2363120717,      0.2781053853,    -0.01348395921,  -0.0004720615738,  -0.0002456058056,    0.002701539221,                 0,   3.848785935e-06,  -1.112389736e-05,   -0.006831978208,                 0,     -0.2708677392,        -1.6182097,      -2.744297246,    0.001776332392,   -0.001220212713,   -0.007969381796,     0.02678870994,   0.0004183662451,     0.09292926088,   4.083176376e-06,      0.1230672218,      0.1933004707,  -0.0004720615738,  -0.0002456058056,    0.002701539221,                 0,       0.130187854,      0.2368894073,      0.2873901888,                 0,       1.212252404,       14.29712484,       1.947315394,    -0.06992681194
          0,           0,           9,       5.020655162,       5.929710126,      -6.343014484,      -6.343077205,      -6.789757223,      -6.772642206,      -6.333723127,                         2,      -1.430208909,   0.0001813855624,      0.1612822205,           2.75625,       8.144473134,       8.136455946,      0.0039269908,      0.4393223504,      0.5966821607,    0.001566932176,    -0.00694278856,      -4.459535108,     0.01549473658,      0.3966297397,    0.001566932176,      0.6258742509,       1.358187582,     -0.1182224003,     -0.1493620417,     -0.0175232744,    -0.04669894475,     -0.1936123327,      0.1002300664,     0.01412058707,      0.1430843814,      0.1818873156,      0.1204797059,      0.2019267302,      0.2869945247,    -0.01271880011,  -0.0005224351914,  -0.0005468474683,    0.002636214836,                 0,   3.704942031e-06,   -1.01030345e-05,   -0.006936390467,                 0,     -0.2644328885,       -1.36780524,      -2.828622187,    0.001325207033,   -0.001324442504,   -0.009680069986,     0.02608107772,   0.0004181713519,     0.09158167151,   4.933751361e-07,       0.122716109,      0.1823314658,  -0.0005224351914,  -0.0005468474683,    0.002636214836,                 0,      0.1271779194,      0.2024198492,      0.2962764824,                 0,       1.202031589,       14.30016537,       2.005771154,    -0.06992681194
          0,           0,          10,       4.940939745,       5.839821909,      -6.302643313,       -6.30149353,      -6.777675418,      -6.761004399,      -6.293516848,                         2,      -1.391394084,   0.0001905952222,       0.169344801,         2.8940625,       8.551696791,       8.543250905,      0.0039269908,      0.4271520274,      0.5764586611,    0.001180705448,   -0.006986055357,      -4.327189629,     0.01304538816,      0.3858997831,    0.001180705448,       0.604851056,       1.349539799,    -0.07785122964,      -0.107778367,   -0.005441469378,    -0.03506113768,      -0.153406054,     0.09949374734,      0.0121873645,      0.1433211664,      0.1721497492,      0.1187345592,      0.1743205489,      0.2954414362,    -0.01203788314,  -0.0005277259701,  -0.0008586756886,    0.002567107107,                 0,   3.682286898e-06,  -9.296277439e-06,   -0.006980441367,                 0,     -0.2604699497,       -1.15886563,      -2.908711064,   0.0008570151657,   -0.001319473836,    -0.01139134235,     0.02534673536,   0.0004094689869,     0.09096888141,  -2.310098204e-06,      0.1223630905,      0.1725701213,  -0.0005277259701,  -0.0008586756886,    0.002567107107,                 0,      0.1253856607,      0.1747460604,      0.3047193349,                 0,       1.193387146,       14.30338355,       2.061394304,    -0.06992681194
          0,           0,          11,       5.251523481,        5.79079704,      -6.259708303,      -6.251924056,      -6.755095858,      -6.738866761,      -6.245591558,                         2,      -1.367336848,   0.0002002088284,      0.1778099215,       3.038765625,        8.97928163,       8.970346852,      0.0039269908,       0.418101444,      0.5608243285,    0.000845235584,   -0.006961541392,      -4.219033397,      0.0105356439,      0.3779618424,    0.000845235584,       0.588623471,       1.341359463,    -0.03491621972,    -0.05820889322,                 0,    -0.01292349939,     -0.1054807642,      0.0990893755,     0.01060661234,      0.1434672595,      0.1649381967,      0.1176824008,      0.1517511309,       0.302924399,    -0.01153360226,  -0.0004766474635,   -0.001154170475,    0.002476053523,                 0,   3.746411802e-06,  -8.572271088e-06,   -0.006956715533,                 0,     -0.2579395365,     -0.9820090443,      -2.979504389,   0.0004195735207,   -0.001172851225,    -0.01310067994,      0.0244177705,   0.0003914045717,     0.09063888946,  -4.848613437e-06,      0.1219868426,       0.165340959,  -0.0004766474635,   -0.001154170475,    0.002476053523,                 0,      0.1243078578,      0.1521213527,      0.3121942605,                 0,       1.187638939,        14.3072195,       2.111453164,    -0.06992681194
          0,           0,          12,       5.157289825,       5.742065716,      -6.223700986,      -6.210476501,      -6.730520709,      -6.713316003,      -6.204610445,                         2,       -1.34874332,   0.0002102714155,      0.1866974374,       3.190703906,       9.428245712,       9.418719487,      0.0039269908,      0.4119208424,      0.5484488256,    0.000567377793,   -0.006897667172,      -4.128883648,    0.007902911505,      0.3726595679,    0.000567377793,      0.5758469773,        1.33144228,                 0,    -0.01676133798,                 0,                 0,    -0.06449965069,     0.09875448803,    0.009325104405,      0.1434818431,      0.1603594069,       0.117061059,      0.1334614126,      0.3091397762,    -0.01121342209,  -0.0003819507676,   -0.001397267368,    0.002346595928,                 0,   3.854443125e-06,  -7.834392266e-06,   -0.006893687223,                 0,     -0.2563023723,     -0.8344645111,      -3.038085652,  -3.111334664e-05,  -0.0009079707217,     -0.0146775451,     0.02313398038,   0.0003544469442,     0.09034816037,  -7.408602331e-06,      0.1215678279,      0.1607509882,  -0.0003819507676,   -0.001397267368,    0.002346595928,                 0,       0.123664669,      0.1337867937,      0.3183955146,                 0,       1.185374572,       14.31205558,       2.154556768,    -0.06992681194
          0,           0,          13,       5.153129312,        5.69999883,      -6.198435159,      -6.183447263,      -6.709713678,      -6.688832886,      -6.176946769,                         2,      -1.330321018,   0.0002208291288,       0.196028138,       3.350239102,       9.899657997,       9.889449593,      0.0039269908,      0.4069721421,      0.5390097643,   0.0003525913967,   -0.006823496678,      -4.056583775,    0.005283121765,      0.3683813579,   0.0003525913967,      0.5660857052,       1.324438969,                 0,                 0,                 0,                 0,    -0.03683597549,     0.09839942048,    0.008327391128,      0.1433565571,      0.1568887734,      0.1167207031,      0.1192325086,      0.3140272844,    -0.01097073175,   -0.000271227846,   -0.001560586592,    0.002184405835,                 0,   3.963479029e-06,   -7.05181733e-06,    -0.00682040834,                 0,     -0.2552796364,     -0.7167536619,      -3.083935015,  -0.0006154612206,   -0.000593067543,    -0.01593695549,     0.02154277884,   0.0002703659644,     0.09001769978,  -1.013333555e-05,      0.1211019117,      0.1572718797,   -0.000271227846,   -0.001560586592,    0.002184405835,                 0,      0.1233003739,      0.1195229537,      0.3232623776,                 0,       1.186192993,       14.31811077,       2.190533107,    -0.06992681194
          0,           0,          14,       5.043160134,       5.656209584,      -6.184554167,       -6.17231573,      -6.696107162,      -6.668487514,       -6.16442916,                         2,      -1.307788575,   0.0002319070185,      0.2058238427,       3.517751057,        10.3946409,       10.38371314,      0.0039269908,       0.401345106,      0.5325532158,   0.0002231323708,    -0.00675714622,      -4.003937349,    0.003163240664,      0.3632184151,   0.0002231323708,      0.5592523623,       1.326920916,                 0,                 0,                 0,                 0,     -0.0243183662,     0.09803345982,    0.007608995069,      0.1430985045,      0.1526041466,      0.1165620996,      0.1089988931,      0.3176633446,    -0.01067112146,  -0.0001724758653,   -0.001623968939,    0.002019577175,                 0,   4.045199608e-06,  -6.260394076e-06,   -0.006754931025,                 0,     -0.2546933974,     -0.6299093814,      -3.117875758,   -0.001458812245,  -0.0003043382318,    -0.01663676966,     0.01992948151,   0.0001748670474,      0.0896636942,  -1.291848356e-05,       0.120590849,      0.1529767903,  -0.0001724758653,   -0.001623968939,    0.002019577175,                 0,      0.1231166286,      0.1092641539,      0.3268715798,                 0,       1.189003222,       14.32500509,       2.219892833,    -0.06992681194
          0,           0,          15,       5.529799449,        5.64830895,       -6.18140975,      -6.176726085,      -6.691993373,       -6.65421872,        -6.1670264,                         3,      -1.789245775,    0.000243513343,      0.2161075454,       3.693638609,       10.91437294,       10.90272185,      0.0039269908,      0.3942703336,      0.5288294429,   0.0002058123227,   -0.006709741672,      -3.970348477,    0.001975232795,      0.3564206337,   0.0002058123227,      0.5550441491,       1.341286417,                 0,   -0.004410354301,                 0,                 0,     -0.0269156057,     0.09768264699,    0.007153980145,      0.1427532248,      0.1466804817,      0.1164741529,      0.1025299471,      0.3200822414,    -0.01025689846,  -9.937633175e-05,   -0.001579417974,    0.001884606629,                 0,   4.088915646e-06,  -5.539562788e-06,   -0.006708291025,                 0,     -0.2543131032,     -0.5732137327,      -3.140351239,   -0.002470402151,  -8.463173607e-05,    -0.01663999918,     0.01860857847,   9.128524316e-05,     0.08931987079,  -1.557415366e-05,      0.1200776767,      0.1470386604,  -9.937633175e-05,   -0.001579417974,    0.001884606629,                 0,      0.1230044247,      0.1027792257,      0.3292604987,                 0,       1.192373021,       14.33187471,        2.24220673,    -0.06992681194
          0,           0,          16,       6.049148089,       5.671887723,      -6.190518373,      -6.198468978,      -6.697997916,      -6.647632803,      -6.186475189,                         3,      -1.749811879,   0.0002556956842,      0.2269030528,        3.87832054,       11.46009159,       11.44772883,      0.0039269908,      0.3865086828,      0.5275944031,   0.0002482212556,   -0.006658044524,      -3.955544651,    0.001565036549,       0.348764042,   0.0002482212556,      0.5532706925,       1.365026005,   -0.009108622459,    -0.02615324711,   -0.006004543117,                 0,     -0.0463643948,     0.09740832528,    0.006930803329,      0.1423568338,      0.1398127204,      0.1164447251,     0.09936743141,      0.3215589044,   -0.009776657806,  -7.082875465e-05,   -0.001474353426,    0.001793403436,                 0,   4.102328532e-06,  -4.988663232e-06,    -0.00665715819,                 0,     -0.2541211702,      -0.543941349,      -3.154077121,   -0.003405011103,   1.317086099e-05,    -0.01621038152,     0.01770857627,   5.367094047e-05,     0.08904827008,    -1.7601379e-05,      0.1195792445,      0.1401541288,  -7.082875465e-05,   -0.001474353426,    0.001793403436,                 0,      0.1229559329,     0.09960884574,      0.3307059138,                 0,        1.19542888,       14.33707273,       2.258823098,    -0.06992681194
          0,           0,          17,       5.551436441,       5.665195985,      -6.207855438,      -6.230771693,      -6.713719889,      -6.648222649,      -6.215080687,                         3,      -1.700306852,   0.0002685013069,       0.238236658,       4.072236567,       12.03309617,       12.01999775,      0.0039269908,      0.3790859428,      0.5281580212,    0.000361079202,   -0.006584128433,      -3.955404061,    0.002063735096,      0.3413200674,    0.000361079202,      0.5533151534,        1.39324085,    -0.02644568795,    -0.05845596231,    -0.02172651564,  -0.0005898457172,    -0.07496989291,      0.0972258986,    0.006888939141,      0.1419375733,      0.1330335318,      0.1164323044,     0.09878362022,      0.3222447073,   -0.009302610757,  -8.131519742e-05,   -0.001317585644,    0.001759980044,                 0,   4.095744418e-06,  -4.648497869e-06,   -0.006583575679,                 0,     -0.2540222222,     -0.5368415422,      -3.160529609,   -0.004010686837,   2.253673152e-06,    -0.01530198656,       0.017372011,  -8.543020347e-06,     0.08886715422,  -1.863897898e-05,      0.1191131661,      0.1333583861,  -8.131519742e-05,   -0.001317585644,    0.001759980044,                 0,       0.122930817,     0.09902353639,         0.3313608,                 0,       1.197544133,       14.33945317,       2.270327016,    -0.06992681194
          0,           0,          18,       5.642820378,       5.664018322,      -6.229724292,      -6.266691684,      -6.735936677,       -6.65664101,       -6.24563472,                         3,      -1.650745395,   0.0002819540663,      0.2501366338,       4.275848395,       12.63475098,       12.62090796,      0.0039269908,      0.3729085772,      0.5297791807,   0.0005287912761,    -0.00647321999,       -3.96506473,    0.003277499499,      0.3350446631,   0.0005287912761,      0.5545014527,       1.420667727,    -0.04831454212,    -0.09437595384,    -0.04394330394,   -0.009008207169,     -0.1055239262,     0.09713103154,    0.006972590722,      0.1415424512,      0.1272625037,      0.1164219525,     0.09997938261,      0.3222769068,   -0.008899061164,  -0.0001172449533,   -0.001130752813,    0.001776789043,                 0,   4.079755984e-06,  -4.523966835e-06,   -0.006472775779,                 0,     -0.2539717857,     -0.5458073151,      -3.161004943,   -0.004280686935,  -8.234720551e-05,    -0.01404281138,     0.01753194789,  -0.0001292898037,     0.08877324036,  -1.860333669e-05,      0.1187167604,      0.1275732658,  -0.0001172449533,   -0.001130752813,    0.001776789043,                 0,      0.1229138727,      0.1002222212,      0.3313653587,                 0,       1.198607187,       14.33891456,       2.276892226,    -0.06992681194
          0,           0,          19,       5.349374115,       5.648286111,      -6.252155137,       -6.29867137,      -6.759859685,      -6.673698688,      -6.271326046,                         3,      -1.606365453,   0.0002960725581,       0.262633028,       4.489640815,       13.26648853,        13.2518841,      0.0039269908,      0.3682281222,      0.5318296809,   0.0007072701648,   -0.006322010641,      -3.979856672,    0.004718466041,      0.3302325738,   0.0007072701648,      0.5562204659,       1.444294036,    -0.07074538672,     -0.1263556391,    -0.06786631158,    -0.02606588504,     -0.1312152525,     0.09710718924,    0.007128558102,      0.1412386081,      0.1227537667,      0.1164106949,      0.1021974301,      0.3218053354,    -0.00858377956,  -0.0001623912237,  -0.0009532760642,    0.001822937453,                 0,   4.060951869e-06,  -4.542920533e-06,   -0.006321528672,                 0,     -0.2539486173,      -0.564733445,      -3.156887367,   -0.004287242389,  -0.0001982805088,    -0.01276395319,     0.01798578774,  -0.0003050879974,     0.08875024142,  -1.773905731e-05,      0.1184465525,      0.1230535189,  -0.0001623912237,  -0.0009532760642,    0.001822937453,                 0,      0.1229009794,      0.1024457454,      0.3308737411,                 0,       1.198785547,       14.33633964,        2.27845162,    -0.06992681194
          0,           0,          20,       5.592292306,        5.64561974,      -6.272924847,      -6.322550158,      -6.780639572,      -6.699477261,       -6.28950091,                         3,       -1.56986544,   0.0003108782558,      0.2757574518,       4.714122856,       13.92981295,       13.91443124,      0.0039269908,      0.3648190845,       0.533856789,   0.0008528697631,   -0.006139312185,      -3.995874221,    0.005992282403,      0.3266904365,   0.0008528697631,      0.5580048336,       1.463346661,    -0.09151509721,     -0.1502344272,    -0.08864619877,    -0.05184445739,     -0.1493901157,     0.09713344069,    0.007311626516,      0.1410867228,      0.1192872945,      0.1163975056,      0.1047981206,       0.321002543,   -0.008341380207,  -0.0002030982235,  -0.0008232786828,    0.001879246669,                 0,   4.040523542e-06,  -4.621735679e-06,   -0.006138730972,                 0,     -0.2539372746,     -0.5881074166,      -3.149757364,   -0.004072165441,  -0.0003086585943,    -0.01179147668,     0.01854252257,  -0.0004501048963,     0.08877734896,  -1.653158573e-05,      0.1183510372,      0.1195785819,  -0.0002030982235,  -0.0008232786828,    0.001879246669,                 0,      0.1228896535,      0.1050528709,      0.3300623092,                 0,       1.198325776,       14.33307902,       2.275214397,    -0.06992681194
          0,           0,          21,       5.563052493,       5.641866683,      -6.292864848,      -6.340339579,      -6.794850184,      -6.732653977,      -6.303095525,                         3,      -1.541558167,   0.0003264019536,       0.289542791,       4.949828999,        14.6263036,       14.61010883,      0.0039269908,      0.3621992852,      0.5355878379,   0.0009302467051,   -0.005942256799,      -4.010368288,    0.006662490285,       0.323956267,   0.0009302467051,      0.5595489177,       1.478710367,      -0.111455098,     -0.1680238487,     -0.1028568111,    -0.08502117378,     -0.1629847312,     0.09718910362,    0.007487683379,      0.1411081185,      0.1164143796,      0.1163756801,      0.1073009291,       0.320051715,   -0.008140486433,  -0.0002310878201,  -0.0007781822018,    0.001939516727,                 0,   4.018634057e-06,  -4.706426892e-06,   -0.005941569006,                 0,     -0.2539141704,     -0.6114889622,      -3.141284286,   -0.003680870074,  -0.0003888329746,    -0.01145188371,     0.01913371477,  -0.0006305077928,     0.08883439877,  -1.549068721e-05,      0.1184387072,      0.1166986517,  -0.0002310878201,  -0.0007781822018,    0.001939516727,                 0,       0.122871764,      0.1075618639,      0.3291152899,                 0,       1.197414893,       14.33032404,       2.268131121,    -0.06992681194
          0,           0,          22,        5.73841155,       5.646064286,      -6.314719936,      -6.358056436,       -6.80344928,      -6.769250663,      -6.317495411,                         3,      -1.520645548,   0.0003426881012,      0.3040228204,       5.197320449,       15.35761878,       15.34058545,      0.0039269908,      0.3600684271,      0.5368783788,   0.0009707144721,   -0.005752649215,      -4.021748622,     0.00702533268,       0.321740576,   0.0009707144721,      0.5606876739,       1.491045419,     -0.1333101857,     -0.1857407052,     -0.1114559074,     -0.1216178602,     -0.1773846167,     0.09725716963,    0.007633770687,      0.1412888937,      0.1138885931,      0.1163398921,      0.1093819983,      0.3191203547,   -0.007963866232,  -0.0002447369072,  -0.0007939095985,    0.002009360978,                 0,   3.995700336e-06,  -4.753601538e-06,   -0.005751891313,                 0,     -0.2538605767,     -0.6316530786,      -3.132998707,   -0.003236259516,  -0.0004302905369,    -0.01149242442,     0.01980770112,  -0.0008596534865,     0.08890479543,  -1.492728489e-05,      0.1186840104,      0.1141666974,  -0.0002447369072,  -0.0007939095985,    0.002009360978,                 0,      0.1228408112,      0.1096480541,      0.3281988086,                 0,       1.196208902,       14.32869846,       2.258637224,    -0.06992681194
          0,           0,          23,       5.602171116,       5.644235404,      -6.339033341,      -6.379229954,      -6.811936214,      -6.804681446,      -6.335434931,                         3,      -1.508747353,   0.0003598118268,      0.3192319145,       5.457186471,       16.12549972,       16.10760366,      0.0039269908,      0.3580711535,      0.5376891292,    0.001026141906,   -0.005593845183,      -4.029200999,    0.007720397507,      0.3196916126,    0.001026141906,      0.5613571265,       1.501626489,     -0.1576235912,     -0.2069142236,     -0.1199428411,     -0.1570486423,     -0.1953241373,     0.09732982462,     0.00773832703,      0.1415449141,      0.1114580878,      0.1162926803,      0.1108764379,      0.3183139198,   -0.007793908745,  -0.0002461137431,  -0.0008194553324,    0.002091710982,                 0,   3.976015413e-06,  -4.743231682e-06,   -0.005593077967,                 0,     -0.2537778526,     -0.6467636636,      -3.125828148,   -0.002831335016,  -0.0004359299374,    -0.01143283075,     0.02059296909,   -0.001003810895,     0.08898056676,  -1.487247608e-05,      0.1189956612,      0.1117302571,  -0.0002461137431,  -0.0008194553324,    0.002091710982,                 0,      0.1227987825,      0.1111461469,      0.3274121971,                 0,       1.194830883,       14.32821816,        2.24885452,    -0.06992681194
          0,           0,          24,       5.380532409,       5.633687284,      -6.363885063,      -6.403422089,      -6.824166889,      -6.832869247,      -6.355971685,                         3,      -1.509864601,   0.0003778127674,      0.3352052246,       5.730045795,        16.9317747,       16.91297734,      0.0039269908,      0.3565302435,      0.5380269545,     0.00102701838,   -0.005487710999,      -4.032736988,    0.007892663162,      0.3181308907,     0.00102701838,      0.5615866405,       1.509063997,     -0.1824753129,     -0.2311063588,     -0.1321735159,     -0.1852364442,     -0.2158608913,     0.09740445217,    0.007796727512,      0.1417961633,      0.1095329006,      0.1162469589,      0.1117188451,      0.3177204371,   -0.007659286538,  -0.0002394559271,  -0.0009121441061,    0.002178618413,                 0,   3.963883653e-06,  -4.743004809e-06,   -0.005486931877,                 0,     -0.2536917123,     -0.6559185315,      -3.120555344,   -0.002571400366,  -0.0004166380145,    -0.01193387644,      0.0214190827,   -0.001175905084,     0.08905820188,  -1.537760712e-05,      0.1192876977,      0.1098003687,  -0.0002394559271,  -0.0009121441061,    0.002178618413,                 0,      0.1227583782,      0.1119905758,      0.3268376864,                 0,       1.193446052,       14.32894056,       2.240684301,    -0.06992681194
          0,           0,          25,        5.47628011,       5.627633162,       -6.39049455,      -6.431760987,      -6.848232989,      -6.856838995,      -6.380793177,                         3,        -1.5237524,   0.0003967107133,      0.3519786498,       6.016548084,       17.77836344,       17.75862466,      0.0039269908,      0.3551070258,      0.5380527304,   0.0009907604587,   -0.005438940431,      -4.033505282,    0.007691350826,      0.3167093418,   0.0009907604587,      0.5615130749,       1.515184694,     -0.2090847999,     -0.2594452562,     -0.1562396164,     -0.2092061921,     -0.2406823831,      0.0974807145,    0.007814288546,       0.141997082,      0.1078149407,      0.1162052535,      0.1119825269,      0.3174041051,   -0.007539155086,  -0.0002295746485,   -0.001040764339,    0.002261099446,                 0,    3.95980098e-06,  -4.771688344e-06,   -0.005438128544,                 0,     -0.2536096354,       -0.65965546,      -3.117779884,   -0.002460302672,  -0.0003867496963,    -0.01279097691,      0.0222049876,   -0.001335910171,     0.08913718766,  -1.625286563e-05,      0.1195101932,      0.1080782138,  -0.0002295746485,   -0.001040764339,    0.002261099446,                 0,      0.1227220943,      0.1122548403,      0.3265361403,                 0,       1.192084548,       14.33048271,       2.235286109,    -0.06992681194
          0,           0,          26,       5.593385364,       5.626364725,      -6.420500077,      -6.463799342,      -6.884958102,      -6.882940899,      -6.410183611,                         3,      -1.549675749,   0.0004165411537,      0.3695899786,       6.317375488,       18.66728161,       18.64655434,      0.0039269908,      0.3538314558,      0.5379739862,   0.0008889771455,   -0.005439894444,       -4.03343826,    0.006723415846,      0.3154423719,   0.0008889771455,      0.5613455433,       1.520424421,     -0.2390903264,     -0.2914836113,     -0.1929647289,     -0.2353080962,     -0.2700728172,     0.09755775644,    0.007802238386,      0.1421367958,      0.1063346652,      0.1161676397,      0.1118269461,      0.3174150445,   -0.007435644133,  -0.0002205697795,   -0.001215592892,    0.002325139817,                 0,    3.96087133e-06,  -4.894095637e-06,    -0.00543896122,                 0,     -0.2535345207,     -0.6593912695,       -3.11799907,   -0.002513400017,  -0.0003587076004,      -0.014200546,     0.02281845964,   -0.001535790195,     0.08921666574,  -1.742090099e-05,      0.1196488035,      0.1065943236,  -0.0002205697795,   -0.001215592892,    0.002325139817,                 0,      0.1226899463,      0.1120987979,      0.3265567991,                 0,       1.190757598,       14.33267487,       2.233165892,    -0.06992681194
          0,           0,          27,       5.507099878,       5.622105266,      -6.457676907,      -6.501906487,      -6.929341434,      -6.920376541,       -6.44698902,                         3,      -1.582834777,   0.0004373531177,      0.3880793893,       6.633244263,       19.60064569,       19.57885602,      0.0039269908,      0.3521466332,      0.5380040804,   0.0009125941159,   -0.005474323747,      -4.034058672,    0.007037239108,      0.3137595542,   0.0009125941159,      0.5612580368,       1.527784251,     -0.2762671573,     -0.3295907566,      -0.237348061,     -0.2727437379,     -0.3068782266,      0.0976326627,    0.007772370597,      0.1422268031,      0.1045147968,      0.1161299147,      0.1114128707,      0.3177696815,   -0.007308386542,  -0.0002147607644,   -0.001233634364,    0.002360989244,                 0,   3.963122302e-06,  -4.847565852e-06,   -0.005473439303,                 0,     -0.2534606797,     -0.6565386451,      -3.121408197,   -0.002651150237,  -0.0003395026803,    -0.01418074955,     0.02316615618,   -0.001608664838,      0.0892940211,  -1.833149729e-05,      0.1197138533,      0.1047700113,  -0.0002147607644,   -0.001233634364,    0.002360989244,                 0,      0.1226575383,      0.1116836477,      0.3269168508,                 0,       1.189457621,        14.3344774,       2.234246109,    -0.06992681194
          0,           0,          28,       5.232360957,       5.608665807,      -6.508689833,      -6.552480185,      -6.992736709,      -6.976513341,      -6.497985111,                         3,      -1.612076475,    0.000459220764,      0.4074897826,       6.964906476,       20.58067798,       20.55779332,      0.0039269908,      0.3504369615,      0.5382886047,   0.0009491186008,   -0.005525188616,      -4.036958677,    0.007429538191,      0.3120341998,   0.0009491186008,      0.5614226074,       1.536049743,     -0.3272800827,     -0.3801644543,     -0.3007433365,     -0.3288805377,      -0.357874317,     0.09770320696,    0.007738603086,      0.1422669572,      0.1027281943,      0.1160923718,      0.1109428754,      0.3184368126,   -0.007183455122,  -0.0002124477371,   -0.001200131828,    0.002361698166,                 0,   3.964935554e-06,  -4.839129976e-06,   -0.005524314422,                 0,     -0.2533888531,     -0.6529892864,      -3.127738852,    -0.00284168522,  -0.0003298194083,    -0.01378448125,     0.02318064564,   -0.001636806789,     0.08936701238,  -1.923153562e-05,      0.1197073729,       0.102979046,  -0.0002124477371,   -0.001200131828,    0.002361698166,                 0,      0.1226250078,      0.1112124418,      0.3275851578,                 0,       1.188214547,       14.33629224,       2.238304796,    -0.06992681194
          0,           0,          29,       5.176179894,        5.59424961,      -6.574397923,      -6.617376657,      -7.062700674,       -7.05095284,        -6.5642976,                         3,      -1.629027897,   0.0004821831123,      0.4278670102,         7.3131518,       21.60971188,       21.58567867,      0.0039269908,      0.3487677087,      0.5388701901,    0.000903470614,   -0.005582615198,        -4.0424847,    0.006961136595,      0.3103284439,    0.000903470614,      0.5618863349,       1.545069043,     -0.3929881733,     -0.4450609266,     -0.3707073009,     -0.4033200373,     -0.4241868062,     0.09776908919,    0.007710801305,      0.1422607088,      0.1010271095,      0.1160603133,      0.1105575598,      0.3193168206,   -0.007064503685,  -0.0002116828213,   -0.001211113342,    0.002326266777,                 0,   3.967664982e-06,  -4.881800897e-06,   -0.005581701062,                 0,     -0.2533274974,     -0.6500743105,      -3.136064825,   -0.003018067175,  -0.0003253262865,    -0.01393005837,     0.02285006815,   -0.001633546895,      0.0894349704,  -2.008733965e-05,      0.1196397534,      0.1012738074,  -0.0002116828213,   -0.001211113342,    0.002326266777,                 0,      0.1225976231,      0.1108261255,      0.3284625863,                 0,       1.187085962,       14.33801177,        2.24458899,    -0.06992681194
          0,           0,          30,       5.323887325,       5.585528246,      -6.657028801,      -6.699587604,      -7.145814602,      -7.142876099,       -6.64872696,                         3,      -1.624259349,   0.0005062789716,      0.4492597448,         7.3131518,       22.69019747,       22.66496016,      0.0039269908,      0.3472218381,      0.5396875889,   0.0009127651344,   -0.005640778228,       -4.05011372,    0.007045003571,      0.3087293201,   0.0009127651344,      0.5625939081,       1.554301975,     -0.4756190512,     -0.5272718732,     -0.4538212288,      -0.495243296,     -0.5086161666,      0.0978279778,    0.007694099527,      0.1422255456,     0.09947421518,      0.1160285015,      0.1103271992,       0.320287803,   -0.006955914738,  -0.0002119305928,   -0.001145650158,    0.002270345885,                 0,   3.969045298e-06,  -4.894230227e-06,   -0.005639853043,                 0,     -0.2532657751,     -0.6484570795,      -3.145250089,   -0.003140776644,   -0.000324410107,    -0.01335094429,     0.02232099335,   -0.001600635383,     0.08949593464,   -2.06792844e-05,      0.1195369436,     0.09971712108,  -0.0002119305928,   -0.001145650158,    0.002270345885,                 0,      0.1225699966,      0.1105951609,      0.3294287506,                 0,       1.186046202,       14.33919574,       2.251970992,    -0.06992681194
          0,           0,          31,       5.296454937,       5.576494705,      -6.753373305,      -6.795852143,      -7.243221136,      -7.246596779,      -6.747526897,                         3,      -1.600827067,   0.0005315880294,      0.4717194384,         7.3131518,       23.82470734,       23.79820344,      0.0039269908,      0.3458517716,      0.5406384807,   0.0009006916025,   -0.005701264796,      -4.058918273,    0.006938414054,      0.3072962601,   0.0009006916025,      0.5634469126,       1.563208649,     -0.5719635552,     -0.6235364127,     -0.5512277631,     -0.5989639762,     -0.6074161036,      0.0978792894,    0.007689466024,      0.1421602494,     0.09812276674,      0.1159984273,      0.1102674827,       0.321233983,   -0.006861412258,  -0.0002124669292,   -0.001096295556,    0.002209454087,                 0,   3.969826272e-06,  -4.935253815e-06,   -0.005700299368,                 0,      -0.253205488,     -0.6483203454,       -3.15419338,   -0.003199059454,  -0.0003249490668,     -0.0129295786,     0.02174045897,   -0.001547517251,     0.08954921912,  -2.113588945e-05,      0.1194058043,     0.09836237254,  -0.0002124669292,   -0.001096295556,    0.002209454087,                 0,      0.1225435751,      0.1105352667,      0.3303680708,                 0,       1.185117179,       14.34007021,       2.259661081,    -0.06992681194
          0,           0,          32,       5.257341306,        5.56682339,      -6.859068016,      -6.901436158,      -7.351582532,      -7.356539897,      -6.855537152,                         3,      -1.567706606,    0.000558167866,       0.495300216,         7.3131518,       25.01594271,       24.98810889,      0.0039269908,      0.3446129556,      0.5416120942,   0.0008692481485,   -0.005766307715,      -4.067824949,    0.006676193599,      0.3059925459,   0.0008692481485,      0.5643317389,       1.571653315,     -0.6776582654,     -0.7291204278,     -0.6595891586,     -0.7089070939,      -0.715426358,     0.09792283971,    0.007695066736,      0.1420713007,     0.09692374848,      0.1159716335,      0.1103520499,      0.3220659795,   -0.006777568733,  -0.0002128467377,   -0.001076271272,    0.002158366158,                 0,   3.970633001e-06,  -4.984763478e-06,   -0.005765293584,                 0,     -0.2531492933,     -0.6494484601,      -3.162044303,   -0.003182892297,  -0.0003256314254,    -0.01277589864,     0.02125014323,   -0.001472419558,     0.08959453239,  -2.144792896e-05,      0.1192590351,     0.09716042639,  -0.0002128467377,   -0.001076271272,    0.002158366158,                 0,      0.1225198845,      0.1106200185,      0.3311918359,                 0,       1.184316487,       14.34062285,       2.266932012,    -0.06992681194
          0,           0,          33,       5.370976138,       5.561063177,      -6.969577817,      -7.011146125,      -7.464060343,      -7.468691305,      -6.967095739,                         3,      -1.529601779,    0.000586067617,      0.5200589086,         7.3131518,       26.26673985,       26.23751189,      0.0039269908,      0.3437825437,      0.5425078081,   0.0008344184628,   -0.005835537871,      -4.076138501,    0.006269257107,       0.305101675,   0.0008344184628,      0.5651673443,       1.578055134,     -0.7881680669,     -0.8388303945,     -0.7720669704,     -0.8210585021,      -0.826984945,     0.09795922784,    0.007707473116,      0.1419690557,     0.09614678698,      0.1159492268,      0.1105318794,      0.3227499401,   -0.006723238292,  -0.0002129216051,   -0.001077903035,    0.002125243103,                 0,   3.971463587e-06,  -5.024217434e-06,   -0.005834485117,                 0,     -0.2530996915,      -0.651408703,      -3.168482324,   -0.003147782252,   -0.000325944357,    -0.01281142865,     0.02092958619,   -0.001522956076,     0.08963239489,  -2.161604689e-05,      0.1191093285,     0.09638156764,  -0.0002129216051,   -0.001077903035,    0.002125243103,                 0,      0.1225000706,      0.1108002755,      0.3318669982,                 0,       1.183647823,       14.34087123,       2.273382312,    -0.06992681194
          0,           0,          34,        5.31488025,       5.554029379,      -7.078539001,      -7.120076595,      -7.547623508,      -7.575555946,      -7.073112091,                         3,      -1.487252181,    0.000615355378,      0.5460550385,         3.6565759,       27.58007684,       27.54936554,      0.0039269908,      0.3424315038,      0.5433298273,   0.0009621548485,   -0.005903937382,      -4.083233414,    0.007724981165,      0.3036965851,   0.0009621548485,      0.5658931174,       1.586681778,     -0.8971292506,     -0.9477608648,     -0.8556301353,     -0.9279231432,      -0.933001297,     0.09798751334,    0.007722475728,      0.1418759481,     0.09484556669,      0.1159292624,      0.1107441832,      0.3232886299,   -0.006632248106,  -0.0002131008991,  -0.0009388764991,    0.002114132247,                 0,   3.971365251e-06,    -4.9630439e-06,   -0.005902945703,                 0,     -0.2530541414,     -0.6536189168,      -3.173546646,   -0.003013710717,  -0.0003264705027,    -0.01142254851,     0.02081914059,   -0.001345140405,     0.08966200414,  -2.145954344e-05,      0.1189788706,      0.0950771699,  -0.0002131008991,  -0.0009388764991,    0.002114132247,                 0,      0.1224821279,      0.1110131086,      0.3323978809,                 0,       1.183102402,       14.34050259,       2.278671151,    -0.06992681194
          0,           0,          35,       6.011969111,       5.566749927,      -7.184277715,       -7.21973767,        -7.6530302,      -7.678288879,      -7.172939866,                         3,      -1.435467355,   0.0006461438155,      0.5733510809,        1.82828795,       28.95908068,       28.92682661,      0.0039269908,      0.3417167843,      0.5439822107,   0.0009902020736,   -0.005963981308,      -4.089116757,    0.008174671735,      0.3029380986,   0.0009902020736,      0.5664940553,       1.591909545,      -1.002867964,       -1.04742194,     -0.9610368266,      -1.030656076,      -1.032829072,     0.09800589483,    0.007737409207,      0.1417831322,     0.09419034808,      0.1159054622,      0.1109567434,      0.3237064359,   -0.006586430757,  -0.0002140988538,  -0.0009174522945,    0.002121753222,                 0,   3.969014418e-06,  -4.986644452e-06,   -0.005962963678,                 0,     -0.2530022973,     -0.6557820005,      -3.177465384,   -0.002867074758,  -0.0003282962605,    -0.01118799178,     0.02088856545,   -0.001197605671,     0.08968200107,  -2.138989053e-05,      0.1188571361,     0.09442035131,  -0.0002140988538,  -0.0009174522945,    0.002121753222,                 0,      0.1224596679,      0.1112261927,      0.3328081946,                 0,       1.182637661,       14.34029666,       2.283109641,    -0.06992681194
          0,           0,          36,       5.430999397,       5.563080994,      -7.281621363,      -7.312604497,      -7.742882073,      -7.770483176,      -7.262139204,                         3,      -1.380540205,   0.0006784937373,      0.6020124589,        1.82828795,       30.40703471,       30.37316543,      0.0039269908,      0.3409108981,      0.5445138714,    0.001021138375,   -0.006007233272,      -4.093816969,    0.008796626931,      0.3020970887,    0.001021138375,      0.5669682051,       1.597232223,      -1.100211613,      -1.140288766,        -1.0508887,      -1.122850373,       -1.12202841,     0.09801053085,    0.007750969744,        0.14169033,     0.09345906749,      0.1158688523,      0.1111486543,      0.3240316594,   -0.006535294637,  -0.0002176175144,  -0.0009075696605,     0.00214632555,                 0,   3.960363212e-06,  -5.008318352e-06,   -0.006006185317,                 0,     -0.2529289269,     -0.6576711665,      -3.180509801,   -0.002707074158,  -0.0003342179176,     -0.0110638388,     0.02112086307,  -0.0009261794173,     0.08968917957,  -2.124941788e-05,      0.1187418735,     0.09368728501,  -0.0002176175144,  -0.0009075696605,     0.00214632555,                 0,      0.1224234706,      0.1114185821,      0.3331261524,                 0,        1.18220819,       14.33996752,       2.286900309,    -0.06992681194
          0,           0,          37,         5.4792755,       5.560875586,      -7.363446918,      -7.386312396,      -7.814821031,      -7.853880131,      -7.339483415,                         3,      -1.335225309,   0.0007124508611,      0.6321077249,        1.82828795,       31.92738645,       31.89182119,      0.0039269908,      0.3398959913,      0.5449340243,     0.00107301268,    -0.00603296692,      -4.097309637,    0.009718480898,      0.3010553458,     0.00107301268,      0.5673165382,       1.603237573,      -1.182037168,      -1.213996666,      -1.122827658,      -1.206247328,      -1.199372621,     0.09800103772,    0.007762721695,      0.1415809507,     0.09255128119,      0.1158186717,      0.1113135487,        0.32427362,   -0.006471816035,  -0.0002240094119,  -0.0008802453128,    0.002177267405,                 0,    3.94381545e-06,  -5.051595403e-06,    -0.00603185914,                 0,     -0.2528340499,     -0.6591692232,      -3.182757838,    -0.00254852677,  -0.0003443749296,    -0.01077613495,     0.02141566599,  -0.0005766752106,     0.08968320999,  -2.102854083e-05,      0.1186158824,     0.09277728199,  -0.0002240094119,  -0.0008802453128,    0.002177267405,                 0,        0.12237275,      0.1115838946,      0.3333598936,                 0,       1.181810666,       14.33950012,       2.290376059,    -0.06992681194
          0,           0,          38,       5.773764186,       5.566334268,      -7.442499575,      -7.456942654,      -7.889813927,      -7.930749706,      -7.411209463,                         4,      -1.545868465,   0.0007480421304,      0.6637087494,        1.82828795,       33.52375577,       33.48641203,      0.0039269908,      0.3390330698,      0.5452358669,    0.001119203543,   -0.006049424628,      -4.099768794,     0.01053143732,      0.3001734708,    0.001119203543,      0.5675574512,       1.608208507,      -1.261089825,      -1.284626923,      -1.197820554,      -1.283116903,      -1.271098669,     0.09797923393,     0.00777411571,      0.1414738471,     0.09180587305,      0.1157539583,      0.1114730603,      0.3244285404,    -0.00641969202,  -0.0002322221908,  -0.0008523620778,    0.002203787812,                 0,   3.922876696e-06,   -5.09455587e-06,   -0.006048252949,                 0,     -0.2527155697,        -0.6604766,      -3.184179186,   -0.002397437487,  -0.0003572546322,    -0.01048944996,     0.02167104214,  -0.0002929002245,     0.08966597349,  -2.078924668e-05,      0.1184982329,     0.09203005363,  -0.0002322221908,  -0.0008523620778,    0.002203787812,                 0,      0.1223066734,      0.1117438124,      0.3335069655,                 0,        1.18141318,       14.33900194,       2.293205049,    -0.06992681194
          0,           0,          39,       5.998001408,       5.577125946,      -7.517450323,      -7.526871595,      -7.951778919,      -7.997688373,      -7.480392065,                         4,      -1.511813849,   0.0007854109268,      0.6968907594,       1.919702347,       35.19994356,       35.16073263,      0.0039269908,      0.3382891412,       0.545415787,     0.00113729151,   -0.006061232546,      -4.101140995,     0.01100812984,      0.2994188038,     0.00113729151,      0.5676850391,       1.612276956,      -1.336040573,      -1.354555865,      -1.259785546,       -1.35005557,      -1.340281271,     0.09794990572,    0.007783377603,       0.141378763,     0.09117709494,        0.11568277,      0.1116026671,      0.3245060734,   -0.006375723571,  -0.0002402463976,  -0.0008505563733,    0.002228094281,                 0,    3.90090598e-06,  -5.141003107e-06,   -0.006059992449,                 0,     -0.2525865113,     -0.6614239174,      -3.184874491,   -0.002256075246,  -0.0003692802256,    -0.01046933447,     0.02190605233,  -5.930779621e-05,     0.08964168257,  -2.059083354e-05,       0.118397972,     0.09139974011,  -0.0002402463976,  -0.0008505563733,    0.002228094281,                 0,      0.1222336126,      0.1118737496,      0.3335776769,                 0,       1.181040136,       14.33859088,       2.295295748,    -0.06992681194
          0,           0,          40,       6.730685974,       5.605261557,       -7.58642428,      -7.593593498,       -8.04896255,      -8.063005969,      -7.543876908,                         4,      -1.497926186,   0.0008246860599,        0.73173287,       2.015687465,       36.95994074,       36.91876926,      0.0039269908,       0.337684456,      0.5454818322,    0.001134889007,   -0.006074550094,      -4.101371164,     0.01119079498,      0.2988109846,    0.001134889007,      0.5677087428,       1.615359613,       -1.40501453,      -1.421277768,      -1.356969177,      -1.415373166,      -1.403766114,      0.0979299398,    0.007788968567,       0.141304126,     0.09066142172,       0.115639605,      0.1116802336,      0.3245016579,   -0.006339664187,  -0.0002438030792,  -0.0008633227749,    0.002242014861,                 0,   3.890515359e-06,  -5.179008242e-06,   -0.006073261601,                 0,        -0.2525089,     -0.6619340727,      -3.184799282,   -0.002128909248,  -0.0003726584742,    -0.01059448087,     0.02204269338,   0.0001152409495,     0.08962477632,   -2.04242486e-05,      0.1183238248,     0.09088280767,  -0.0002438030792,  -0.0008633227749,    0.002242014861,                 0,        0.12218916,      0.1119515171,      0.3335680657,                 0,       1.180840152,       14.33825706,       2.296476877,    -0.06992681194
          0,           0,          41,       5.805554683,       5.610030441,      -7.652881173,       -7.65038385,      -8.144319398,      -8.130675589,      -7.601607367,                         4,       -1.49739462,   0.0008659313515,      0.7683181297,       2.116471838,       38.80793778,       38.76470773,      0.0039269908,      0.3372238944,       0.545452015,    0.001130100207,   -0.006086541666,      -4.100667924,     0.01125858995,      0.2983536248,    0.001130100207,       0.567646871,       1.617477361,      -1.471471423,       -1.47806812,      -1.452326025,      -1.483042786,      -1.461496573,     0.09792323829,    0.007790613168,      0.1412488805,     0.09026116249,      0.1156239588,       0.111701532,      0.3244381996,   -0.006311675335,  -0.0002435753712,  -0.0008751959403,    0.002248871518,                 0,   3.888992577e-06,   -5.19944388e-06,   -0.006085231215,                 0,     -0.2524814502,     -0.6620008037,       -3.18416893,   -0.002016740074,  -0.0003703523118,    -0.01070015841,     0.02211126217,   0.0002178385081,     0.08961918255,   -2.02693548e-05,      0.1182731406,     0.09048157105,  -0.0002435753712,  -0.0008751959403,    0.002248871518,                 0,      0.1221730844,      0.1119728783,      0.3335009083,                 0,       1.180761184,        14.3379641,       2.296925813,    -0.06992681194
          0,           0,          42,       6.042860659,        5.62009626,      -7.728888242,      -7.712544373,      -8.222905147,      -8.199545682,      -7.664056333,                         4,      -1.494815106,   0.0009092266742,      0.8067337013,        2.22229543,       40.74833466,       40.70294311,      0.0039269908,      0.3368478177,      0.5453668704,    0.001129552188,   -0.006094526666,      -4.099485113,     0.01131069485,      0.2979844036,    0.001129552188,      0.5675357001,        1.61903044,      -1.547478492,      -1.540228643,      -1.530911774,      -1.551912879,      -1.523945539,     0.09792167379,    0.007789522218,      0.1412072929,     0.08992932882,      0.1156171584,      0.1116839548,      0.3243542285,   -0.006288471265,  -0.0002429996136,  -0.0008817414506,    0.002254293252,                 0,   3.888647976e-06,  -5.213403237e-06,   -0.006093201911,                 0,     -0.2524701933,      -0.661745714,      -3.183347673,    -0.00192153219,  -0.0003689908234,    -0.01074846761,     0.02216526074,   0.0002628925416,     0.08961809624,  -2.013152525e-05,      0.1182375118,     0.09014892708,  -0.0002429996136,  -0.0008817414506,    0.002254293252,                 0,      0.1221661915,      0.1119552679,      0.3334142407,                 0,       1.180710602,       14.33771567,       2.297007625,    -0.06992681194
          0,           0,          43,       5.810696763,        5.62442809,      -7.813931315,      -7.785773968,      -8.305682965,      -8.270720618,      -7.732516017,                         4,      -1.484738184,   0.0009546932447,       0.847070913,       2.333410201,        42.7857514,       42.73809027,      0.0039269908,      0.3365258901,       0.545263292,    0.001130915445,   -0.006100570307,      -4.098181652,     0.01134227523,      0.2976704854,    0.001130915445,      0.5674099175,        1.62027145,      -1.632521564,      -1.613458237,      -1.613689592,      -1.623087815,      -1.592405223,     0.09792028718,    0.007787260417,      0.1411709838,     0.08964735864,      0.1156123616,      0.1116499573,      0.3242697271,   -0.006268753989,   -0.000243017312,  -0.0008848413232,     0.00225877408,                 0,   3.888338712e-06,   -5.22233938e-06,   -0.006099236306,                 0,     -0.2524630657,     -0.6613527954,      -3.182522511,   -0.001843279547,  -0.0003692275722,     -0.0107629974,     0.02220996381,   0.0002645363977,     0.08961704762,  -2.001627494e-05,      0.1182071857,     0.08986626835,   -0.000243017312,  -0.0008848413232,     0.00225877408,                 0,      0.1221613096,      0.1119211955,      0.3333274124,                 0,       1.180678335,       14.33751427,       2.296999838,    -0.06992681194
          0,           0,          44,       6.144751568,       5.635990833,      -7.890712245,      -7.842345807,      -8.394012826,      -8.343238686,       -7.79213479,                         4,       -1.48138597,    0.001002454441,      0.8894256257,       2.450080712,       44.92503897,       44.87499478,      0.0039269908,       0.336292158,      0.5451572485,    0.001142813546,   -0.006106354732,      -4.096929041,     0.01143209291,      0.2974447199,    0.001142813546,      0.5672878279,       1.621082251,      -1.709302495,      -1.670030077,      -1.702019453,      -1.695605883,      -1.652023996,     0.09791791324,    0.007785098507,      0.1411333022,     0.08945584397,      0.1156075068,      0.1116173482,      0.3241877554,   -0.006255361978,  -0.0002432951337,  -0.0008754905121,    0.002261599191,                 0,   3.888238625e-06,  -5.219902977e-06,   -0.006105023067,                 0,     -0.2524565203,     -0.6609728539,      -3.181719865,   -0.001779801624,  -0.0003697862141,    -0.01065448777,     0.02223872855,   0.0002176383412,     0.08961501811,  -1.989822159e-05,       0.118175314,     0.08967428602,  -0.0002432951337,  -0.0008754905121,    0.002261599191,                 0,      0.1221563011,       0.111888515,      0.3332430119,                 0,       1.180657379,       14.33730711,       2.297032311,    -0.06992681194
          0,           0,          45,       5.590875355,       5.635010062,      -7.959912908,      -7.889386235,        -8.4950161,      -8.416051332,      -7.852036321,                         4,      -1.482042614,    0.001052595883,      0.9338985399,       2.572584747,       47.17129092,       47.11874452,      0.0039269908,      0.3360022338,       0.545073347,    0.001150776822,   -0.006112512623,      -4.095851016,     0.01150244042,      0.2971613547,    0.001150776822,      0.5671839068,       1.622231319,      -1.778503158,      -1.717070504,      -1.803022727,      -1.768418529,      -1.711925527,     0.09791470149,    0.007783945534,      0.1410976439,      0.0892059429,      0.1156015313,      0.1115995567,      0.3241101462,   -0.006237887194,  -0.0002435154788,  -0.0008688744475,    0.002263166748,                 0,   3.888101694e-06,   -5.21473831e-06,   -0.006111185986,                 0,     -0.2524485914,     -0.6607202952,      -3.180959755,     -0.0017223745,  -0.0003699969488,      -0.010574958,     0.02225545632,   0.0001919390423,     0.08961223102,  -1.980731576e-05,      0.1181451562,     0.08942377472,  -0.0002435154788,  -0.0008688744475,    0.002263166748,                 0,      0.1221501161,      0.1118706864,      0.3331631043,                 0,       1.180635078,       14.33714512,        2.29706278,    -0.06992681194
          0,           0,          46,       5.727201113,       5.636971574,      -8.036710025,      -7.947982959,      -8.590751471,       -8.48243832,      -7.918997735,                         4,      -1.475844503,    0.001105232289,       0.980595404,       2.701213984,       49.52985546,       49.47468175,      0.0039269908,      0.3356991487,      0.5450124781,    0.001153331399,   -0.006119640186,      -4.094969811,     0.01152637139,      0.2968632538,    0.001153331399,       0.567102044,       1.623514627,      -1.855300275,      -1.775667229,      -1.898758098,      -1.834805517,      -1.778886941,     0.09791105835,    0.007783820722,      0.1410663734,     0.08893789623,      0.1155948395,      0.1115967365,      0.3240400457,   -0.006219143544,  -0.0002435608808,  -0.0008674436321,    0.002264335912,                 0,   3.887936618e-06,  -5.214020596e-06,   -0.006118314102,                 0,      -0.252440132,     -0.6605887136,      -3.180274102,   -0.001666863152,  -0.0003696858193,    -0.01054943046,     0.02226841516,   0.0001770725091,     0.08960906355,   -1.97350938e-05,      0.1181188519,     0.08915507351,  -0.0002435608808,  -0.0008674436321,    0.002264335912,                 0,      0.1221431864,      0.1118678643,      0.3330909932,                 0,       1.180610662,       14.33701269,       2.297075043,    -0.06992681194
          0,           0,          47,       5.679196868,       5.637851268,      -8.114354634,      -8.017385421,      -8.682862492,      -8.527453747,      -7.988982882,                         4,      -1.465457974,    0.001160519941,       1.029627229,       2.836274684,       52.00634823,       51.94841584,      0.0039269908,      0.3353848837,      0.5449788042,    0.001154657611,   -0.006128516635,      -4.094305642,     0.01154265246,      0.2965521034,    0.001154657611,      0.5670465301,       1.624935501,      -1.932944883,       -1.84506969,      -1.990869119,      -1.879820944,      -1.848872088,     0.09790748605,    0.007784860703,      0.1410399669,     0.08865257011,      0.1155885734,      0.1116107695,      0.3239786528,   -0.006199191598,  -0.0002433239849,  -0.0008671042343,     0.00226508583,                 0,   3.888050678e-06,  -5.214670307e-06,   -0.006127190016,                 0,     -0.2524337919,     -0.6605916951,      -3.179674884,   -0.001605271372,  -0.0003687124413,    -0.01053676506,     0.02227750145,   0.0001706285156,     0.08960593705,  -1.967654032e-05,      0.1180967922,     0.08886905065,  -0.0002433239849,  -0.0008671042343,     0.00226508583,                 0,      0.1221366865,      0.1118819357,      0.3330279079,                 0,       1.180589739,       14.33690001,       2.297069831,    -0.06992681194
          0,           0,          48,       6.055825759,       5.646381359,      -8.210531406,      -8.113550378,      -8.762115507,      -8.538136574,      -8.078783606,                         4,      -1.430638675,    0.001218587609,        1.08111058,       2.978088418,       54.60666565,       54.54583663,      0.0039269908,      0.3350845389,      0.5449734813,    0.001156149777,   -0.006138210657,      -4.093895777,     0.01156187182,      0.2962528614,    0.001156149777,      0.5670202691,       1.626376087,      -2.029121656,      -1.941234648,      -2.070122134,      -1.890503771,      -1.938672813,     0.09790381457,    0.007787167155,      0.1410192732,     0.08837428395,      0.1155819731,      0.1116432208,      0.3239280193,   -0.006179731935,  -0.0002430017048,  -0.0008668899081,     0.00226604139,                 0,   3.887475731e-06,  -5.220613158e-06,   -0.006136877519,                 0,     -0.2524285353,     -0.6607392968,      -3.179182074,    -0.00154587118,  -0.0003675896443,    -0.01052946718,     0.02228862978,   0.0001702988576,     0.08960273493,  -1.963939009e-05,       0.118079681,     0.08859008495,  -0.0002430017048,  -0.0008668899081,     0.00226604139,                 0,      0.1221298461,      0.1119144688,      0.3329759542,                 0,       1.180566596,       14.33682089,       2.297047857,    -0.06992681194
          0,           0,          49,       5.540320337,       5.644260139,      -8.266061145,       -8.18711011,      -8.832823825,      -8.567895739,      -8.150183848,                         4,      -1.430750553,    0.001279570916,       1.135167892,       3.126992839,       57.33699893,       57.27312846,      0.0039269908,      0.3348258892,      0.5449802368,    0.001158289853,   -0.006146876707,      -4.093666854,      0.0115834226,      0.2959943706,    0.001158289853,      0.5670089657,       1.627652623,      -2.084651395,      -2.014794379,      -2.140830452,      -1.920262936,      -2.010073054,     0.09789931034,    0.007789968477,      0.1410010235,     0.08813558692,      0.1155733051,      0.1116829513,       0.323887021,   -0.006163040612,  -0.0002427115495,  -0.0008670169859,    0.002268018389,                 0,   3.886640717e-06,   -5.22666231e-06,   -0.006145536686,                 0,      -0.252419072,     -0.6609677848,       -3.17878237,   -0.001497627487,  -0.0003665744798,    -0.01052792387,     0.02230916671,   0.0001687542408,     0.08959884632,  -1.961635319e-05,      0.1180643356,     0.08835080504,  -0.0002427115495,  -0.0008670169859,    0.002268018389,                 0,       0.122120885,       0.111954298,      0.3329337827,                 0,       1.180532373,        14.3367655,       2.297054398,    -0.06992681194
          0,           0,          50,        5.83511079,       5.648002308,      -8.310816539,      -8.249474709,      -8.897081832,      -8.678909356,      -8.215775393,                         4,      -1.466354696,    0.001343595817,       1.191927763,       3.283342481,       60.20384888,       60.13678488,      0.0039269908,      0.3346158136,      0.5449797906,    0.001160749429,   -0.006153249394,      -4.093462436,      0.0116028636,      0.2957848378,    0.001160749429,      0.5669938664,       1.628673148,      -2.129406789,      -2.077158979,      -2.205088459,      -2.031276553,        -2.0756646,     0.09789534085,    0.007791813003,      0.1409877658,     0.08794089393,      0.1155653183,       0.111709115,      0.3238547837,   -0.006149426352,  -0.0002424333313,  -0.0008671401091,    0.002270322869,                 0,   3.886199417e-06,  -5.231710335e-06,   -0.006151903883,                 0,       -0.25240815,     -0.6611218469,      -3.178468031,     -0.0014644081,  -0.0003656565048,    -0.01052556164,     0.02233222525,    0.000161856488,     0.08959544363,  -1.960140651e-05,       0.118053359,     0.08815563663,  -0.0002424333313,  -0.0008671401091,    0.002270322869,                 0,      0.1221126407,      0.1119805266,      0.3329006991,                 0,       1.180498656,       14.33672945,       2.297041746,    -0.06992681194
          0,           0,          51,       6.235819522,       5.659306486,      -8.386851523,      -8.331834579,      -8.968571245,      -8.811565258,      -8.301942523,                         4,      -1.489595082,    0.001410801113,       1.251525305,       3.447509605,       63.21404132,       63.14362413,      0.0039269908,      0.3344428748,      0.5449725595,    0.001162332347,   -0.006157416736,      -4.093251705,     0.01161260712,      0.2956128247,    0.001162332347,      0.5669745893,       1.629493706,      -2.205441773,      -2.159518849,      -2.276577872,      -2.163932454,      -2.161831729,     0.09789297468,    0.007792511103,      0.1409804898,     0.08777689923,       0.115559972,      0.1117189699,      0.3238315763,   -0.006137958726,  -0.0002422709721,  -0.0008678181972,    0.002272421517,                 0,    3.88603095e-06,  -5.235015802e-06,   -0.006156067752,                 0,     -0.2523996858,     -0.6611667851,       -3.17824224,   -0.001442993704,  -0.0003650901403,    -0.01052663396,     0.02235285503,   0.0001514761939,     0.08959345616,  -1.959245247e-05,      0.1180477195,     0.08799124147,  -0.0002422709721,  -0.0008678181972,    0.002272421517,                 0,      0.1221071424,      0.1119904062,      0.3328770407,                 0,       1.180472576,       14.33670975,       2.296995682,    -0.06992681194
          0,           0,          52,       5.808695582,       5.662125148,      -8.487201602,      -8.431793486,      -9.067035089,       -8.91758632,       -8.40541193,                         4,      -1.488602842,    0.001481349375,       1.314102402,       3.619885085,       66.37474338,       66.30080533,      0.0039269908,      0.3342981319,      0.5449665313,    0.001162711442,   -0.006160355531,      -4.093081969,     0.01161168209,       0.295468855,    0.001162711442,      0.5669584791,       1.630181204,      -2.305791852,      -2.259477755,      -2.375041716,      -2.269953517,      -2.265301136,     0.09789176892,    0.007792710498,      0.1409761289,     0.08763752365,      0.1155566381,      0.1117217581,      0.3238163478,   -0.006128212636,  -0.0002422790732,  -0.0008691698331,    0.002274160348,                 0,   3.885879466e-06,  -5.237528525e-06,   -0.006159003882,                 0,     -0.2523940215,     -0.6611649662,      -3.178093676,   -0.001429304715,  -0.0003649623164,    -0.01053402877,     0.02236984174,   0.0001408314248,      0.0895924859,   -1.95880355e-05,      0.1180444315,     0.08785152555,  -0.0002422790732,  -0.0008691698331,    0.002274160348,                 0,      0.1221037325,      0.1119932015,      0.3328615451,                 0,       1.180453059,        14.3367007,       2.296958715,    -0.06992681194
          0,           0,          53,       8.260027275,       5.710234446,      -8.589085588,      -8.533367295,      -9.178312535,      -9.009073308,      -8.512128458,                         4,      -1.484814284,    0.001555419079,       1.379808052,       3.800879339,       69.69348055,        69.6158456,      0.0039269908,      0.3341773896,      0.5449653233,    0.001162537513,   -0.006162770491,      -4.092979674,     0.01160630243,       0.295348491,    0.001162537513,      0.5669488514,       1.630766594,      -2.407675838,      -2.361051564,      -2.486319162,      -2.361440505,      -2.372017664,     0.09789086175,    0.007792934244,      0.1409724695,     0.08752112404,      0.1155540414,      0.1117249312,      0.3238064238,   -0.006120073182,  -0.0002423754626,  -0.0008707321247,      0.0022756451,                 0,   3.885700046e-06,  -5.240132626e-06,   -0.006161416059,                 0,     -0.2523896559,     -0.6611730517,      -3.177996086,   -0.001420880393,  -0.0003650574211,    -0.01054501647,     0.02238429321,   0.0001320831056,     0.08959176207,  -1.958618215e-05,      0.1180414734,     0.08773484171,  -0.0002423754626,  -0.0008707321247,      0.0022756451,                 0,      0.1221010789,      0.1119963825,        0.33285139,                 0,       1.180437473,       14.33669626,       2.296947942,    -0.06992681194
          0,           0,          54,         6.9340094,         5.7324849,      -8.682962135,      -8.629064834,      -9.275469265,      -9.109538466,      -8.614392436,                         4,      -1.495285496,    0.001633192376,       1.448798754,       3.990923306,       73.17815458,       73.09663788,      0.0039269908,      0.3340795799,      0.5449670502,    0.001162311177,   -0.006164914947,      -4.092925898,     0.01160155689,      0.2952507991,    0.001162311177,      0.5669437513,       1.631249208,      -2.501552385,      -2.456749103,      -2.583475892,      -2.461905663,      -2.474281643,     0.09789000847,    0.007793250543,      0.1409693859,     0.08742693499,      0.1155518713,      0.1117294443,      0.3237992213,   -0.006113486842,  -0.0002424567531,  -0.0008721930813,    0.002276961012,                 0,   3.885563761e-06,  -5.243015937e-06,   -0.006163557495,                 0,      -0.252386033,     -0.6611983542,      -3.177925044,   -0.001416467125,  -0.0003651438881,    -0.01055667513,     0.02239702107,   0.0001263548359,     0.08959106225,  -1.958547147e-05,      0.1180388997,     0.08764042265,  -0.0002424567531,  -0.0008721930813,    0.002276961012,                 0,      0.1220988546,      0.1120009067,        0.33284399,                 0,       1.180425594,       14.33669349,       2.296947095,    -0.06992681194
          0,           0,          55,       6.156388561,       5.740054608,      -8.780161552,      -8.727810844,      -9.359038291,      -9.223491724,       -8.71903356,                         4,      -1.516903118,    0.001714854267,       1.521238847,       4.190469472,       76.83706231,       76.75146977,      0.0039269908,      0.3340028656,      0.5449687179,    0.001162139824,   -0.006166854977,      -4.092888666,     0.01159904892,      0.2951741554,    0.001162139824,      0.5669400636,       1.631628869,      -2.598751801,      -2.555495113,      -2.667044919,      -2.575858921,      -2.578922766,     0.09788936862,    0.007793526858,      0.1409672811,     0.08735268909,      0.1155503283,      0.1117333898,      0.3237932949,   -0.006108295063,   -0.000242497065,  -0.0008734526514,     0.00227808954,                 0,   3.885492546e-06,  -5.245878634e-06,   -0.006165494591,                 0,     -0.2523833782,     -0.6612231491,      -3.177867015,   -0.001415123361,  -0.0003651672952,    -0.01056717349,     0.02240786302,   0.0001235266904,     0.08959053159,  -1.958505181e-05,      0.1180372134,     0.08756599545,   -0.000242497065,  -0.0008734526514,     0.00227808954,                 0,      0.1220972707,      0.1120048618,      0.3328379312,                 0,       1.180417546,       14.33669144,        2.29693935,    -0.06992681194
          0,           0,          56,       6.525609643,       5.753836276,      -8.885538113,      -8.832681939,      -9.444759762,      -9.339692627,      -8.828091139,                         4,      -1.549595651,    0.001800597866,       1.597300856,       4.399992945,       80.67891543,       80.58904326,      0.0039269908,       0.333944161,      0.5449689512,    0.001161943488,   -0.006168625538,      -4.092851377,     0.01159787611,      0.2951155775,    0.001161943488,      0.5669362013,       1.631916394,      -2.704128363,      -2.660366209,      -2.752766389,      -2.692059824,      -2.687980345,     0.09788901894,    0.007793680754,       0.140966037,     0.08729542438,      0.1155494353,      0.1117355872,      0.3237882194,   -0.006104290724,  -0.0002425193917,  -0.0008745414404,     0.00227900432,                 0,   3.885462736e-06,  -5.248345937e-06,   -0.006167262655,                 0,     -0.2523817501,      -0.661235681,      -3.177817763,   -0.001416183259,  -0.0003651748947,    -0.01057631929,      0.0224166127,   0.0001227575899,     0.08959024506,  -1.958481417e-05,      0.1180363263,     0.08750859091,  -0.0002425193917,  -0.0008745414404,     0.00227900432,                 0,      0.1220963555,      0.1120070646,      0.3328327812,                 0,       1.180412641,       14.33669029,       2.296923616,    -0.06992681194
          0,           0,          57,       5.891937865,       5.756217338,      -8.998493312,      -8.943391172,      -9.541027462,      -9.455652659,      -8.941764482,                         4,      -1.594672162,    0.001890627208,       1.677165903,       4.619992592,        84.7128612,       84.61849542,      0.0039269908,      0.3339005407,      0.5449678752,    0.001161720356,   -0.006170167741,      -4.092813662,     0.01159734372,      0.2950721385,    0.001161720356,      0.5669320852,       1.632126363,      -2.817083562,      -2.771075442,      -2.849034089,      -2.808019856,      -2.801653688,     0.09788887869,    0.007793718275,      0.1409653165,     0.08725262724,      0.1155489995,      0.1117361238,      0.3237840499,   -0.006101298057,  -0.0002425405568,  -0.0008754471859,    0.002279708099,                 0,   3.885451818e-06,  -5.250255823e-06,   -0.006168802937,                 0,     -0.2523808774,      -0.661235976,      -3.177777526,   -0.001419283102,  -0.0003651972307,    -0.01058402077,     0.02242333382,   0.0001232278987,     0.08959013555,  -1.958482086e-05,      0.1180358985,     0.08746568926,  -0.0002425405568,  -0.0008754471859,    0.002279708099,                 0,      0.1220959109,      0.1120076026,      0.3328285717,                 0,        1.18040988,       14.33669013,       2.296905778,    -0.06992681194
          0,           0,          58,       6.701300159,        5.77223569,      -9.119513128,      -9.060617599,      -9.647391254,      -9.574990373,      -9.061995752,                         4,      -1.649608064,    0.001985157398,        1.76102416,       4.850992222,       88.94850426,        88.8494202,      0.0039269908,      0.3338689395,      0.5449662023,     0.00116151475,   -0.006171398789,      -4.092780386,     0.01159740564,       0.295040731,     0.00116151475,       0.566928212,       1.632275836,      -2.938103378,      -2.888301869,      -2.955397881,       -2.92735757,      -2.921884958,      0.0978888397,    0.007793689033,      0.1409648934,     0.08722151741,       0.115548811,      0.1117357088,      0.3237808051,   -0.006099122646,  -0.0002425604546,  -0.0008761601314,    0.002280235336,                 0,   3.885451139e-06,  -5.251648853e-06,   -0.006170032591,                 0,     -0.2523804341,     -0.6612297191,      -3.177746318,   -0.001423915294,  -0.0003652284193,    -0.01059026133,     0.02242837626,   0.0001245191258,      0.0895901098,  -1.958504187e-05,      0.1180357027,     0.08743450347,  -0.0002425604546,  -0.0008761601314,    0.002280235336,                 0,      0.1220957202,      0.1120071865,      0.3328253052,                 0,       1.180408424,       14.33669067,       2.296889654,    -0.06992681194
          0,           0,          59,       5.245204574,       5.763451838,      -9.247675315,      -9.183019331,      -9.760620696,      -9.696664878,      -9.188315415,                         3,      -1.313472651,    0.002084414124,       1.849075308,       5.093541833,       93.39592947,        93.2918912,      0.0039269908,      0.3338463474,      0.5449650057,    0.001161324045,    -0.00617222223,      -4.092759313,     0.01159778007,      0.2950182773,    0.001161324045,      0.5669254423,       1.632382712,      -3.066265565,      -3.010703601,      -3.068627324,      -3.049032075,      -3.048204621,     0.09788884679,    0.007793648423,      0.1409647245,      0.0871991276,      0.1155487535,      0.1117351345,      0.3237786747,   -0.006097556997,   -0.000242573461,  -0.0008766631762,    0.002280560683,                 0,   3.885454664e-06,  -5.252587484e-06,   -0.006170855098,                 0,     -0.2523802289,     -0.6612237701,       -3.17772592,   -0.001429393936,  -0.0003652524888,    -0.01059482093,     0.02243149912,   0.0001263543716,     0.08959012089,  -1.958549193e-05,      0.1180356829,     0.08741205898,   -0.000242573461,  -0.0008766631762,    0.002280560683,                 0,      0.1220956633,      0.1120066108,      0.3328231682,                 0,       1.180407751,       14.33669169,       2.296877291,    -0.06992681194
          0,           0,          60,       5.464586223,       5.758552402,      -9.380319757,      -9.308390345,      -9.883457448,      -9.819379722,       -9.31806542,                         3,      -1.302839933,     0.00218863389,       1.941529004,       5.348218925,       98.06572594,       97.95648577,      0.0039269908,      0.3338326761,      0.5449635258,    0.001161133678,   -0.006172811748,      -4.092742252,     0.01159829564,      0.2950047426,    0.001161133678,      0.5669230124,       1.632445128,      -3.198910007,      -3.136074615,      -3.191464075,      -3.171746918,      -3.177954626,     0.09788888903,    0.007793582868,      0.1409647138,     0.08718549047,      0.1155487929,      0.1117342053,       0.323777131,   -0.006096603396,  -0.0002425823038,  -0.0008770889399,    0.002280804921,                 0,   3.885458884e-06,  -5.253295762e-06,   -0.006171443911,                 0,     -0.2523802134,     -0.6612149821,      -3.177711252,    -0.00143580518,  -0.0003652727835,    -0.01059886619,     0.02243384514,   0.0001285894796,     0.08959016028,  -1.958606671e-05,      0.1180357799,     0.08739838855,  -0.0002425823038,  -0.0008770889399,    0.002280804921,                 0,      0.1220957056,      0.1120056793,      0.3328216275,                 0,       1.180407645,       14.33669305,       2.296866516,    -0.06992681194
          0,           0,          61,       5.891342272,       5.760694174,      -9.498784726,      -9.421958281,      -10.00226597,       -9.92762449,      -9.435687074,                         4,      -1.583529015,    0.002298064784,         2.0386054,       5.615629871,               100,       99.91411068,      0.0039269908,       0.333827997,      0.5449617032,    0.001160968237,   -0.006173258249,      -4.092728371,       0.011599081,       0.295000202,    0.001160968237,      0.5669208678,        1.63246255,      -3.317374976,       -3.24964255,        -3.3102726,      -3.279991687,      -3.295576281,     0.09788895836,    0.007793507318,      0.1409648077,      0.0871807236,      0.1155489061,      0.1117331286,      0.3237759386,   -0.006096270064,  -0.0002425867586,  -0.0008774229852,     0.00228097798,                 0,   3.885459195e-06,  -5.253951136e-06,   -0.006171889757,                 0,     -0.2523803521,     -0.6612048279,      -3.177700023,   -0.001443168799,  -0.0003652874129,    -0.01060209564,     0.02243551039,   0.0001309536634,     0.08959022154,  -1.958632242e-05,      0.1180359568,     0.08739361004,  -0.0002425867586,  -0.0008774229852,     0.00228097798,                 0,      0.1220958233,      0.1120045999,      0.3328204446,                 0,       1.180407965,       14.33669387,       2.296856527,    -0.06992681194
          0,           0,          62,       5.576326702,       5.757767706,      -9.568967959,      -9.498403036,      -10.09057899,      -10.00173195,      -9.512775157,                         4,      -1.433914672,    0.002343391798,       2.078815341,       5.896411364,               100,       99.94275492,      0.0039269908,      0.3338270867,      0.5449602701,    0.001160843373,   -0.006173558283,      -4.092721045,     0.01160000935,       0.294999394,    0.001160843373,      0.5669193747,       1.632462708,      -3.387558209,      -3.326087306,      -3.398585614,      -3.354099142,      -3.372664363,     0.09788903466,    0.007793445028,      0.1409649966,      0.0871796105,      0.1155490345,      0.1117322404,      0.3237751874,   -0.006096192229,  -0.0002425881238,  -0.0008776332648,    0.002281064762,                 0,    3.88544828e-06,  -5.254471656e-06,   -0.006172189259,                 0,      -0.252380532,     -0.6611967868,      -3.177693057,   -0.001450669144,  -0.0003652975201,    -0.01060418358,     0.02243634977,   0.0001331406767,      0.0895902887,  -1.958650678e-05,      0.1180361975,     0.08739249423,  -0.0002425881238,  -0.0008776332648,    0.002281064762,                 0,      0.1220959567,      0.1120037095,      0.3328197084,                 0,       1.180408356,       14.33669449,       2.296848121,    -0.06992681194
          0,           0,          63,       5.804265317,       5.758494232,      -9.588446514,      -9.531830626,      -10.13616515,      -10.04225598,      -9.542420863,                         4,      -1.366424931,    0.002343391399,       2.078815302,       6.191231933,               100,       99.95791882,      0.0039269908,      0.3338302234,      0.5449588877,    0.001160705978,   -0.006173743897,      -4.092717547,     0.01160087349,      0.2950026195,    0.001160705978,      0.5669182144,       1.632443228,      -3.407036763,      -3.359514895,      -3.444171777,      -3.394623179,      -3.402310069,     0.09788907337,    0.007793385697,      0.1409652221,     0.08718254231,      0.1155490733,      0.1117313967,      0.3237748149,   -0.006096397241,  -0.0002426002432,  -0.0008778164814,    0.002281122703,                 0,   3.885394111e-06,  -5.254905606e-06,   -0.006172374386,                 0,     -0.2523805579,     -0.6611891349,      -3.177689724,    -0.00145812982,  -0.0003653294859,    -0.01060608766,     0.02243690908,   0.0001353815643,     0.08959032461,  -1.958683937e-05,      0.1180364485,     0.08739543319,  -0.0002426002432,  -0.0008778164814,    0.002281122703,                 0,      0.1220959981,      0.1120028637,      0.3328193526,                 0,       1.180408285,       14.33669538,       2.296841804,    -0.06992681194
          0,           0,          64,       5.521460764,       5.754847563,      -9.584010441,      -9.540173336,      -10.14502688,      -10.05916723,      -9.545413853,                         4,      -1.353991381,    0.002343391045,       2.078815274,       6.500793529,               100,       99.96856988,      0.0039269908,      0.3338364235,      0.5449576625,    0.001160588581,   -0.006173843627,       -4.09271757,     0.01160175903,      0.2950088899,    0.001160588581,      0.5669174247,        1.63240924,      -3.402600691,      -3.367857606,      -3.453033511,      -3.411534431,      -3.405303059,     0.09788906222,     0.00779333909,       0.140965433,     0.08718858925,       0.115549026,      0.1117307351,      0.3237747214,   -0.006096820084,  -0.0002426237845,  -0.0008779414081,    0.002281153774,                 0,   3.885305157e-06,  -5.255347292e-06,   -0.006172473585,                 0,     -0.2523804364,     -0.6611829658,      -3.177689052,   -0.001465116486,  -0.0003653785275,    -0.01060749446,      0.0224372083,   0.0001374237175,     0.08959031679,  -1.958718493e-05,      0.1180366654,      0.0874014949,  -0.0002426237845,  -0.0008779414081,    0.002281153774,                 0,      0.1220959502,      0.1120022005,       0.332819274,                 0,       1.180407937,       14.33669623,       2.296837704,    -0.06992681194
          0,           0,          65,       5.780551669,       5.755237019,      -9.582028165,      -9.546969708,      -10.14477052,      -10.06902973,      -9.547980547,                         4,      -1.366959469,    0.002343390471,       2.078815256,       6.825833206,               100,       99.97642941,      0.0039269908,      0.3338446618,      0.5449565043,     0.00116049228,   -0.006173900778,      -4.092718748,     0.01160235038,      0.2950171889,     0.00116049228,      0.5669168441,       1.632365488,      -3.400618415,      -3.374653977,      -3.452777146,      -3.421396927,      -3.407869753,     0.09788905906,    0.007793297208,      0.1409656349,     0.08719667062,      0.1155490042,        0.11173014,      0.3237747453,   -0.006097385188,    -0.00024263929,  -0.0008780094605,    0.002281141031,                 0,   3.885232886e-06,  -5.255745527e-06,   -0.006172530265,                 0,     -0.2523803669,     -0.6611776273,      -3.177689486,   -0.001471267295,  -0.0003654075635,    -0.01060833116,     0.02243708731,   0.0001390017936,     0.08959031515,  -1.958744681e-05,      0.1180368651,       0.087409596,    -0.00024263929,  -0.0008780094605,    0.002281141031,                 0,      0.1220959282,      0.1120016039,      0.3328193119,                 0,       1.180407753,        14.3366969,       2.296834584,    -0.06992681194
          0,           0,          66,       6.406601359,       5.764958875,      -9.589694764,      -9.559688925,      -10.15254956,      -10.08324648,      -9.557498226,                         4,      -1.392023416,    0.002343389924,       2.078815246,       7.167124866,               100,       99.98218328,      0.0039269908,      0.3338541925,      0.5449554239,    0.001160426813,   -0.006173934747,      -4.092720454,     0.01160281317,      0.2950267718,    0.001160426813,      0.5669164311,       1.632315652,      -3.408285014,      -3.387373195,       -3.46055619,      -3.435613681,      -3.417387432,     0.09788907312,    0.007793261893,       0.140965822,     0.08720603553,      0.1155490169,      0.1117296367,      0.3237748103,   -0.006098040047,  -0.0002426470567,  -0.0008780322832,    0.002281106153,                 0,   3.885180684e-06,  -5.256082343e-06,   -0.006172563846,                 0,     -0.2523803689,     -0.6611732983,      -3.177690297,   -0.001476489666,  -0.0003654225947,    -0.01060867958,     0.02243675301,   0.0001401623423,     0.08959032829,  -1.958756991e-05,      0.1180370473,     0.08741898378,  -0.0002426470567,  -0.0008780322832,    0.002281106153,                 0,      0.1220959419,      0.1120010994,      0.3328193898,                 0,       1.180407713,       14.33669729,       2.296831996,    -0.06992681194
          0,           0,          67,       6.087905772,       5.769708094,      -9.608448069,      -9.580549377,      -10.17038375,      -10.10676061,      -9.576760594,                         4,      -1.422971541,    0.002343389561,       2.078815241,       7.525481109,               100,       99.98629005,      0.0039269908,      0.3338642746,      0.5449544613,     0.00116037669,   -0.006173962715,      -4.092722489,     0.01160314399,      0.2950368964,     0.00116037669,      0.5669161742,       1.632263476,      -3.427038319,      -3.408233646,      -3.478390378,      -3.459127806,        -3.4366498,     0.09788909383,    0.007793235594,      0.1409659732,     0.08721597193,      0.1155490497,      0.1117292605,      0.3237748861,   -0.006098734868,   -0.000242650835,  -0.0008780328356,    0.002281060361,                 0,   3.885142708e-06,  -5.256357002e-06,   -0.006172591501,                 0,     -0.2523804187,     -0.6611701335,      -3.177691182,   -0.001480754816,  -0.0003654317815,    -0.01060878191,     0.02243631206,   0.0001410456158,     0.08959034667,  -1.958755917e-05,      0.1180371929,     0.08742894444,   -0.000242650835,  -0.0008780328356,    0.002281060361,                 0,       0.122095976,      0.1120007222,      0.3328194759,                 0,       1.180407798,        14.3366974,       2.296830069,    -0.06992681194
          0,           0,          68,       5.860327084,       5.771021413,      -9.640484881,      -9.612907541,      -10.19848883,      -10.14075613,      -9.608767079,                         4,      -1.453651385,    0.002343389386,       2.078815239,       7.901755165,               100,        99.9888544,      0.0039269908,      0.3338743129,       0.544953625,    0.001160327414,   -0.006173998386,      -4.092724667,     0.01160332823,      0.2950469686,    0.001160327414,      0.5669160401,       1.632211895,      -3.459075131,       -3.44059181,      -3.506495459,      -3.493123322,      -3.468656285,     0.09788911594,    0.007793217864,      0.1409660929,     0.08722588616,      0.1155490925,      0.1117290053,      0.3237749554,   -0.006099428138,  -0.0002426513033,  -0.0008780265564,    0.002281005274,                 0,   3.885118828e-06,  -5.256587495e-06,   -0.006172626918,                 0,     -0.2523804956,     -0.6611680691,      -3.177691978,   -0.001484124453,  -0.0003654349039,    -0.01060879201,     0.02243578097,   0.0001417741719,     0.08959036573,   -1.95874502e-05,      0.1180373075,     0.08743888289,  -0.0002426513033,  -0.0008780265564,    0.002281005274,                 0,      0.1220960203,      0.1120004665,      0.3328195534,                 0,       1.180407969,       14.33669728,        2.29682861,    -0.06992681194
          0,           0,          69,       7.471208333,       5.795309797,      -9.681368962,      -9.652983169,      -10.23541985,      -10.18339444,      -9.649196089,                         4,      -1.485499306,    0.002343389376,        2.07881524,       8.296842923,               100,       99.99035124,      0.0039269908,      0.3338837992,      0.5449529265,    0.001160274194,   -0.006174043701,       -4.09272684,     0.01160338601,      0.2950564806,    0.001160274194,       0.566916005,       1.632163429,      -3.499959212,      -3.480667438,      -3.543426481,      -3.535761632,      -3.509085295,     0.09788913915,    0.007793207175,       0.140966193,     0.08723525993,       0.115549141,      0.1117288501,      0.3237750189,   -0.006100083616,  -0.0002426496037,  -0.0008780221519,     0.00228094595,                 0,   3.885104037e-06,  -5.256793738e-06,   -0.006172672011,                 0,     -0.2523805887,     -0.6611668896,      -3.177692699,   -0.001486663351,  -0.0003654337155,    -0.01060880225,     0.02243520884,   0.0001424131282,     0.08959038551,  -1.958728775e-05,      0.1180374028,     0.08744827955,  -0.0002426496037,  -0.0008780221519,     0.00228094595,                 0,      0.1220960703,      0.1120003109,      0.3328196238,                 0,       1.180408185,       14.33669703,       2.296827432,    -0.06992681194
          0,           0,          70,       5.820199695,       5.795660359,      -9.733270752,      -9.703586973,      -10.28298558,      -10.23699588,      -9.700644348,                         4,      -1.515150959,    0.002343389466,       2.078815242,       8.711685069,               100,       99.99141305,      0.0039269908,       0.333892475,       0.544952352,    0.001160214724,   -0.006174096138,      -4.092728863,     0.01160334072,      0.2950651753,    0.001160214724,      0.5669160371,       1.632119298,      -3.551861002,      -3.531271243,      -3.590992207,      -3.589363078,      -3.560533554,     0.09788916154,    0.007793201916,      0.1409662748,      0.0872438367,      0.1155491889,      0.1117287722,      0.3237750742,   -0.006100683362,  -0.0002426468989,  -0.0008780255999,    0.002280887223,                 0,   3.885094233e-06,   -5.25697935e-06,   -0.006172724253,                 0,     -0.2523806845,     -0.6611663786,      -3.177693321,   -0.001488478444,  -0.0003654303592,    -0.01060887503,     0.02243464295,   0.0001430031599,      0.0895904045,   -1.95870982e-05,      0.1180374806,     0.08745687726,  -0.0002426468989,  -0.0008780255999,    0.002280887223,                 0,      0.1220961197,      0.1120002328,      0.3328196846,                 0,       1.180408404,        14.3366967,       2.296826489,    -0.06992681194
          0,           0,          71,        5.76608987,       5.795249658,      -9.795765247,      -9.764455571,       -10.3398106,      -10.30043647,      -9.762638249,                         3,      -1.311231256,    0.002343389607,       2.078815244,       9.147269323,               100,       99.99234549,      0.0039269908,      0.3338991152,      0.5449519775,    0.001160158932,   -0.006174150922,      -4.092730728,     0.01160333444,      0.2950718254,    0.001160158932,      0.5669161267,       1.632085719,      -3.614355497,       -3.59213984,      -3.647817226,       -3.65280367,      -3.622527455,     0.09788918185,     0.00779320169,      0.1409663342,     0.08725039743,       0.115549234,       0.111728767,      0.3237751186,   -0.006101142133,  -0.0002426444694,  -0.0008780291973,    0.002280832598,                 0,   3.885087865e-06,   -5.25713325e-06,   -0.006172778877,                 0,     -0.2523807802,     -0.6611663996,      -3.177693821,   -0.001489726747,  -0.0003654271841,     -0.0106089313,     0.02243411669,   0.0001435762346,     0.08959042162,   -1.95869587e-05,      0.1180375368,     0.08746345401,  -0.0002426444694,  -0.0008780291973,    0.002280832598,                 0,       0.122096166,      0.1120002276,      0.3328197331,                 0,        1.18040862,       14.33669645,       2.296825837,    -0.06992681194
          0,           0,          72,       5.435521276,       5.790321872,      -9.874788502,      -9.841771805,      -10.41175919,      -10.37921202,      -9.840841421,                         3,      -1.351594794,    0.002343389767,       2.078815248,       9.604632789,               100,        99.9932775,      0.0039269908,      0.3339057362,      0.5449515833,    0.001160076513,   -0.006174212483,      -4.092732015,     0.01160309194,      0.2950784578,    0.001160076513,      0.5669161953,       1.632052176,      -3.693378752,      -3.669456075,      -3.719765814,      -3.731579213,      -3.700730627,     0.09788919555,    0.007793202433,      0.1409663771,     0.08725696105,      0.1155492653,      0.1117287749,      0.3237751442,   -0.006101601106,  -0.0002426416226,  -0.0008780597933,    0.002280777929,                 0,   3.885084316e-06,  -5.257274133e-06,   -0.006172840293,                 0,     -0.2523808477,      -0.661166602,      -3.177694124,   -0.001490440635,  -0.0003654227239,    -0.01060924133,     0.02243359194,    0.000144164051,      0.0895904331,   -1.95867703e-05,      0.1180375778,     0.08747003366,  -0.0002426416226,  -0.0008780597933,    0.002280777929,                 0,      0.1220961982,      0.1120002356,      0.3328197616,                 0,       1.180408774,        14.3366961,        2.29682532,    -0.06992681194
          0,           0,          73,       5.572157221,       5.787373701,      -9.960769041,      -9.925721738,      -10.49211281,      -10.46526383,      -9.926735564,                         3,      -1.372949138,    0.002343389931,       2.078815251,       10.08486443,               100,       99.99422934,      0.0039269908,      0.3339114731,      0.5449512789,    0.001159996251,   -0.006174275084,      -4.092733186,     0.01160282868,       0.295084202,    0.001159996251,      0.5669162919,       1.632023224,      -3.779359291,      -3.753406007,      -3.800119442,      -3.817631024,       -3.78662477,     0.09788920692,    0.007793205851,      0.1409664112,     0.08726264911,      0.1155492914,      0.1117288211,      0.3237751653,   -0.006101998854,  -0.0002426383009,  -0.0008780902459,    0.002280724797,                 0,     3.8850824e-06,  -5.257406741e-06,    -0.00617290276,                 0,     -0.2523809056,     -0.6611671776,      -3.177694375,   -0.001490727181,  -0.0003654168765,    -0.01060956153,     0.02243308287,   0.0001447242112,     0.08959044262,  -1.958657994e-05,      0.1180376103,      0.0874757356,  -0.0002426383009,  -0.0008780902459,    0.002280724797,                 0,       0.122096225,      0.1120002818,      0.3328197851,                 0,       1.180408903,       14.33669573,       2.296824914,    -0.06992681194
          0,           0,          74,       5.796823131,       5.787499693,      -10.05109287,      -10.01223959,      -10.57676305,      -10.55736886,      -10.01652889,                         3,      -1.394979939,    0.002343390084,       2.078815253,       10.58910765,               100,       99.99519932,      0.0039269908,      0.3339161644,      0.5449510674,    0.001159913799,   -0.006174337858,      -4.092734225,     0.01160252135,      0.2950888966,    0.001159913799,      0.5669164081,       1.631999662,      -3.869683124,      -3.839923863,      -3.884769682,      -3.909736054,      -3.876418099,       0.097889216,    0.007793211409,      0.1409664346,      0.0872673024,      0.1155493129,       0.111728898,      0.3237751807,   -0.006102324244,  -0.0002426354112,   -0.000878125524,    0.002280674734,                 0,   3.885081475e-06,  -5.257526411e-06,   -0.006172965413,                 0,     -0.2523809553,     -0.6611679947,      -3.177694562,   -0.001490713194,  -0.0003654117863,     -0.0106099265,     0.02243260387,   0.0001452557625,     0.08959045018,  -1.958640499e-05,      0.1180376326,     0.08748040026,  -0.0002426354112,   -0.000878125524,    0.002280674734,                 0,      0.1220962471,       0.112000359,       0.332819802,                 0,       1.180409013,       14.33669538,       2.296824642,    -0.06992681194
          0,           0,          75,       5.467317381,       5.783286768,      -10.14655209,      -10.10172772,       -10.6655559,      -10.65537425,      -10.11053958,                         3,        -1.4176089,    0.002343390233,       2.078815255,       11.11856303,               100,       99.99620785,      0.0039269908,      0.3339199044,      0.5449509266,    0.001159827276,   -0.006174400904,      -4.092735101,     0.01160216711,      0.2950926373,    0.001159827276,      0.5669165286,       1.631980962,      -3.965142335,      -3.929411987,      -3.973562525,      -4.007741447,      -3.970428789,     0.09788922278,    0.007793217967,      0.1409664493,     0.08727101435,      0.1155493294,      0.1117289896,      0.3237751915,   -0.006102583809,  -0.0002426328061,  -0.0008781663443,    0.002280626426,                 0,   3.885081515e-06,  -5.257633599e-06,   -0.006173028352,                 0,     -0.2523809953,     -0.6611689211,      -3.177694698,   -0.001490486495,  -0.0003654070928,    -0.01061033803,     0.02243214217,   0.0001457700717,     0.08959045579,  -1.958624689e-05,      0.1180376464,     0.08748412128,  -0.0002426328061,  -0.0008781663443,    0.002280626426,                 0,       0.122096264,      0.1120004508,      0.3328198138,                 0,         1.1804091,       14.33669506,        2.29682448,    -0.06992681194
          0,           0,          76,       6.185322451,       5.788508011,      -10.24419446,      -10.19229591,      -10.75727738,      -10.75711112,      -10.20675227,                         3,      -1.427362722,    0.002343390369,       2.078815256,       11.67449118,               100,       99.99725006,      0.0039269908,      0.3339228202,      0.5449508413,    0.001159738071,   -0.006174463636,       -4.09273582,     0.01160177904,       0.295095552,    0.001159738071,      0.5669166469,       1.631966456,      -4.062784712,      -4.019980178,      -4.065284003,      -4.109478316,      -4.066641474,     0.09788922779,    0.007793224826,      0.1409664586,     0.08727390906,      0.1155493419,      0.1117290856,         0.3237752,   -0.006102786226,  -0.0002426305011,  -0.0008782106126,    0.002280579185,                 0,   3.885082064e-06,  -5.257729567e-06,   -0.006173090988,                 0,     -0.2523810272,     -0.6611698751,      -3.177694806,   -0.001490111675,  -0.0003654028534,    -0.01061078029,     0.02243169085,   0.0001462713283,     0.08959045992,  -1.958610711e-05,      0.1180376551,     0.08748702305,  -0.0002426305011,  -0.0008782106126,    0.002280579185,                 0,      0.1220962769,      0.1120005471,       0.332819823,                 0,       1.180409168,       14.33669477,       2.296824389,    -0.06992681194
          0,           0,          77,       6.187576439,       5.793624273,      -10.34150762,      -10.28239216,      -10.85099871,      -10.86124371,       -10.3034402,                         3,      -1.407059195,    0.002343390488,       2.078815257,       12.25821574,               100,       99.99820592,      0.0039269908,       0.333925023,       0.544950803,    0.001159647044,   -0.006174526197,      -4.092736419,     0.01160135911,       0.295097752,    0.001159647044,      0.5669167623,       1.631955575,      -4.160097867,       -4.11007643,       -4.15900534,      -4.213610903,      -4.163329401,     0.09788923137,    0.007793231757,      0.1409664639,     0.08727609594,      0.1155493512,       0.111729183,      0.3237752079,   -0.006102939148,  -0.0002426285489,  -0.0008782571285,    0.002280532721,                 0,   3.885082755e-06,   -5.25781721e-06,   -0.006173153463,                 0,     -0.2523810522,     -0.6611708257,      -3.177694905,   -0.001489636504,  -0.0003653992061,    -0.01061124339,     0.02243124682,   0.0001467548846,     0.08959046284,  -1.958598569e-05,      0.1180376599,     0.08748921527,  -0.0002426285489,  -0.0008782571285,    0.002280532721,                 0,      0.1220962864,      0.1120006447,      0.3328198312,                 0,       1.180409219,       14.33669452,       2.296824358,    -0.06992681194
          0,           0,          78,         5.3994015,       5.788634111,      -10.43501139,      -10.36899476,      -10.94371003,      -10.96349988,      -10.39710813,                         3,      -1.356282106,     0.00234339059,       2.078815257,       12.87112653,               100,       99.99883247,      0.0039269908,      0.3339266288,       0.544950803,    0.001159554336,   -0.006174589006,      -4.092736933,     0.01160091107,      0.2950993539,    0.001159554336,      0.5669168744,       1.631947727,      -4.253601637,      -4.196679033,      -4.251716657,      -4.315867075,       -4.25699734,     0.09788923367,    0.007793238708,      0.1409664662,     0.08727769023,      0.1155493576,      0.1117292809,      0.3237752152,   -0.006103050632,  -0.0002426269238,  -0.0008783054583,    0.002280486718,                 0,   3.885083378e-06,  -5.257898561e-06,   -0.006173216191,                 0,     -0.2523810712,      -0.661171765,      -3.177694995,   -0.001489101823,  -0.0003653961054,    -0.01061172329,     0.02243080716,   0.0001472233088,     0.08959046469,  -1.958587966e-05,      0.1180376617,     0.08749081346,  -0.0002426269238,  -0.0008783054583,    0.002280486718,                 0,      0.1220962929,      0.1120007428,      0.3328198386,                 0,       1.180409257,       14.33669429,       2.296824372,    -0.06992681194
          0,           0,          79,       6.212421841,       5.793931458,      -10.51767667,      -10.44581605,      -11.02821954,      -11.05469615,      -10.48049505,                         4,      -1.561879121,    0.002343390679,       2.078815257,       13.51468286,               100,       99.99918081,      0.0039269908,      0.3339278822,      0.5449508307,    0.001159454933,   -0.006174651809,      -4.092737412,     0.01160036796,      0.2951006023,    0.001159454933,      0.5669169894,       1.631941685,      -4.336266922,      -4.273500319,      -4.336226163,      -4.407063346,      -4.340384257,     0.09788923469,    0.007793245969,      0.1409664668,     0.08727893475,      0.1155493608,      0.1117293832,      0.3237752244,   -0.006103137657,  -0.0002426254608,   -0.000878360834,    0.002280441228,                 0,   3.885083877e-06,  -5.257977151e-06,   -0.006173278915,                 0,     -0.2523810834,     -0.6611727535,      -3.177695102,   -0.001488473674,  -0.0003653932034,    -0.01061227364,     0.02243037222,   0.0001476625807,     0.08959046548,  -1.958577183e-05,      0.1180376616,     0.08749206102,  -0.0002426254608,   -0.000878360834,    0.002280441228,                 0,      0.1220962962,      0.1120008454,      0.3328198478,                 0,       1.180409277,       14.33669406,       2.296824428,    -0.06992681194
          0,           0,          80,       6.612053756,       5.804031733,      -10.57809538,      -10.50204757,      -11.09378058,      -11.12001226,      -10.54144043,                         4,       -1.52956232,     0.00234339076,       2.078815257,         14.190417,               100,       99.99947942,      0.0039269908,      0.3339285334,       0.544950888,    0.001159362295,   -0.006174715523,      -4.092737828,      0.0115998671,      0.2951012479,    0.001159362295,       0.566917092,       1.631938674,      -4.396685626,      -4.329731841,      -4.401787207,      -4.472379456,      -4.401329633,     0.09788923505,    0.007793252536,      0.1409664649,      0.0872795809,      0.1155493626,       0.111729476,      0.3237752323,    -0.00610318284,  -0.0002426242978,  -0.0008784084309,    0.002280395024,                 0,    3.88508411e-06,  -5.258052307e-06,   -0.006173342555,                 0,     -0.2523810936,     -0.6611736144,      -3.177695195,   -0.001487924984,  -0.0003653908447,    -0.01061274553,      0.0224299298,   0.0001480736745,     0.08959046571,   -1.95856917e-05,      0.1180376592,     0.08749270874,  -0.0002426242978,  -0.0008784084309,    0.002280395024,                 0,       0.122096298,      0.1120009384,      0.3328198556,                 0,       1.180409292,       14.33669388,       2.296824514,    -0.06992681194
          0,           0,          81,       6.053121296,       5.807069411,      -10.62450798,      -10.54666632,      -11.14423252,      -11.16677883,      -10.58929702,                         4,      -1.506786835,    0.002343390836,       2.078815256,       14.89993785,               100,        99.9996678,      0.0039269908,      0.3339288442,      0.5449509582,    0.001159265685,   -0.006174779001,      -4.092738182,     0.01159933734,      0.2951015531,    0.001159265685,      0.5669171837,       1.631937365,      -4.443098232,      -4.374350593,      -4.452239148,       -4.51914603,      -4.449186222,     0.09788923428,     0.00779325858,      0.1409664618,     0.08727988956,      0.1155493621,      0.1117295615,       0.323775239,   -0.006103204424,  -0.0002426234654,  -0.0008784591203,    0.002280348271,                 0,   3.885083845e-06,  -5.258125637e-06,   -0.006173405959,                 0,      -0.252381099,     -0.6611743808,      -3.177695278,   -0.001487424577,  -0.0003653891201,    -0.01061324781,     0.02242948143,   0.0001484928388,     0.08959046499,  -1.958562884e-05,      0.1180376556,     0.08749301816,  -0.0002426234654,  -0.0008784591203,    0.002280348271,                 0,      0.1220962974,      0.1120010241,      0.3328198621,                 0,       1.180409296,       14.33669374,       2.296824613,    -0.06992681194
          0,           0,          82,       5.756891451,       5.806464857,      -10.66135489,      -10.58452609,      -11.18137678,      -11.20252278,       -10.6279794,                         4,      -1.502835164,    0.002343390905,       2.078815256,       15.64493474,               100,       99.99976491,      0.0039269908,      0.3339289358,      0.5449510345,    0.001159168271,   -0.006174841888,      -4.092738507,     0.01159878572,      0.2951016392,    0.001159168271,      0.5669172662,       1.631937146,      -4.479945136,      -4.412210356,      -4.489383407,      -4.554889976,      -4.487868602,     0.09788923283,    0.007793264077,      0.1409664587,     0.08727998017,      0.1155493599,      0.1117296393,       0.323775246,    -0.00610321076,  -0.0002426228433,  -0.0008785092782,    0.002280300392,                 0,    3.88508323e-06,  -5.258196507e-06,   -0.006173468774,                 0,     -0.2523811009,     -0.6611750665,      -3.177695363,   -0.001486976404,   -0.000365387754,    -0.01061374533,     0.02242902138,     0.00014889743,     0.08959046369,  -1.958557341e-05,      0.1180376521,     0.08749310898,  -0.0002426228433,  -0.0008785092782,    0.002280300392,                 0,      0.1220962952,      0.1120011021,      0.3328198688,                 0,       1.180409291,       14.33669361,       2.296824712,    -0.06992681194
          0,           0,          83,       5.821784198,        5.80664723,      -10.69495723,      -10.61884729,      -11.21147448,      -11.23176657,      -10.66027123,                         4,       -1.50564922,    0.002343390966,       2.078815255,       16.42718148,               100,        99.9997954,      0.0039269908,      0.3339288596,      0.5449511073,     0.00115906697,   -0.006174905395,      -4.092738745,       0.011598177,      0.2951015581,     0.00115906697,      0.5669173335,       1.631937736,      -4.513547476,      -4.446531559,      -4.519481108,      -4.584133771,      -4.520160432,     0.09788923093,    0.007793268616,      0.1409664558,     0.08727990426,      0.1155493566,      0.1117297035,      0.3237752526,   -0.006103205452,  -0.0002426223834,  -0.0008785623011,    0.002280251655,                 0,   3.885082049e-06,   -5.25827633e-06,   -0.006173532201,                 0,     -0.2523811007,     -0.6611756049,      -3.177695445,   -0.001486594306,  -0.0003653866618,    -0.01061427174,     0.02242855262,   0.0001492827887,     0.08959046202,  -1.958552288e-05,      0.1180376487,     0.08749303289,  -0.0002426223834,  -0.0008785623011,    0.002280251655,                 0,      0.1220962918,      0.1120011665,      0.3328198752,                 0,        1.18040928,        14.3366935,       2.296824807,    -0.06992681194
          0,           0,          84,       5.780836081,       5.806343569,      -10.72194685,      -10.64688793,      -11.23586606,      -11.25343172,       -10.6869214,                         4,      -1.510148078,    0.002343391025,       2.078815254,       17.24854055,               100,       99.99979741,      0.0039269908,      0.3339286628,      0.5449511701,    0.001158957108,    -0.00617497011,      -4.092738858,     0.01159746265,      0.2951013574,    0.001158957108,      0.5669173825,       1.631938886,      -4.540537103,        -4.4745722,      -4.543872691,      -4.605798917,      -4.546810603,     0.09788922828,    0.007793272034,      0.1409664518,     0.08727971067,      0.1155493518,      0.1117297518,      0.3237752584,   -0.006103191914,  -0.0002426220413,  -0.0008786227884,    0.002280201938,                 0,   3.885080222e-06,  -5.258378097e-06,   -0.006173596812,                 0,     -0.2523810986,     -0.6611759559,       -3.17769552,   -0.001486283697,  -0.0003653857537,    -0.01061487293,     0.02242807392,   0.0001496474192,     0.08959045971,  -1.958548439e-05,      0.1180376443,     0.08749283883,  -0.0002426220413,  -0.0008786227884,    0.002280201938,                 0,      0.1220962868,      0.1120012149,      0.3328198808,                 0,       1.180409263,       14.33669341,       2.296824913,    -0.06992681194
          0,           0,          85,       6.227789972,       5.811244109,      -10.74357738,       -10.6714343,      -11.25874248,      -11.27208986,      -10.71239812,                         4,      -1.513041874,    0.002343391091,       2.078815253,       18.11096758,               100,       99.99979952,      0.0039269908,      0.3339284349,       0.544951236,     0.00115884735,   -0.006175034718,      -4.092739028,      0.0115967175,      0.2951011255,     0.00115884735,      0.5669174323,       1.631940197,       -4.56216763,      -4.499118566,      -4.566749103,      -4.624457054,      -4.572287326,     0.09788922468,    0.007793275538,      0.1409664471,     0.08727948765,       0.115549345,      0.1117298014,      0.3237752658,   -0.006103176319,  -0.0002426217826,  -0.0008786805995,    0.002280149732,                 0,   3.885078059e-06,   -5.25848219e-06,   -0.006173661314,                 0,     -0.2523810935,     -0.6611763008,      -3.177695611,    -0.00148602332,  -0.0003653849529,    -0.01061544865,      0.0224275699,   0.0001499812033,     0.08959045659,  -1.958544963e-05,      0.1180376391,     0.08749261526,  -0.0002426217826,  -0.0008786805995,    0.002280149732,                 0,      0.1220962798,      0.1120012647,      0.3328198878,                 0,       1.180409237,       14.33669333,       2.296825043,    -0.06992681194
          0,           0,          86,       5.740372027,       5.810429487,      -10.76174737,      -10.69306318,      -11.28059368,      -11.29456017,      -10.73576164,                         4,      -1.514301903,    0.002343391164,       2.078815252,       19.01651596,               100,       99.99980174,      0.0039269908,       0.333928215,      0.5449512977,    0.001158737839,   -0.006175099997,      -4.092739213,     0.01159594305,      0.2951009017,    0.001158737839,      0.5669174785,       1.631941457,      -4.580337619,      -4.520747447,      -4.588600306,      -4.646927368,      -4.595650842,     0.09788922073,    0.007793278726,      0.1409664429,     0.08727927263,      0.1155493375,      0.1117298465,      0.3237752749,   -0.006103161284,  -0.0002426215584,  -0.0008787362807,    0.002280095678,                 0,   3.885075655e-06,  -5.258587941e-06,   -0.006173726485,                 0,     -0.2523810869,     -0.6611765994,      -3.177695719,    -0.00148580773,  -0.0003653841872,     -0.0106160034,      0.0224270469,   0.0001502837418,     0.08959045318,  -1.958541363e-05,      0.1180376343,     0.08749239972,  -0.0002426215584,  -0.0008787362807,    0.002280095678,                 0,       0.122096272,      0.1120013099,      0.3328198966,                 0,       1.180409208,       14.33669325,       2.296825176,    -0.06992681194
          0,           0,          87,       6.729684138,       5.820875563,      -10.77665301,      -10.71225214,      -11.30204427,      -11.31616722,      -10.75723893,                         4,      -1.511482287,    0.002343391235,       2.078815252,       19.96734176,               100,       99.99980407,      0.0039269908,      0.3339280284,      0.5449513531,    0.001158627005,   -0.006175166216,      -4.092739405,     0.01159512649,      0.2951007118,    0.001158627005,      0.5669175207,       1.631942535,      -4.595243257,      -4.539936411,      -4.610050897,      -4.668534418,      -4.617128131,     0.09788921674,    0.007793281446,      0.1409664395,     0.08727909069,      0.1155493298,      0.1117298849,       0.323775287,   -0.006103148561,  -0.0002426213742,  -0.0008787911688,    0.002280039548,                 0,   3.885073106e-06,  -5.258697714e-06,   -0.006173792591,                 0,     -0.2523810796,     -0.6611768318,      -3.177695856,   -0.001485636983,  -0.0003653834852,     -0.0106165498,     0.02242650255,   0.0001505572297,     0.08959044974,  -1.958537862e-05,      0.1180376301,     0.08749221734,  -0.0002426213742,  -0.0008787911688,    0.002280039548,                 0,       0.122096264,      0.1120013484,      0.3328199084,                 0,       1.180409177,       14.33669317,       2.296825316,    -0.06992681194
          0,           0,          88,       9.371686995,        5.86077232,      -10.78841475,      -10.72977276,      -11.32373278,      -11.33710408,      -10.77739008,                         4,      -1.504027388,    0.002343391304,       2.078815251,       20.96570885,               100,       99.99980651,      0.0039269908,      0.3339278882,      0.5449514013,    0.001158513482,    -0.00617523367,      -4.092739605,     0.01159425905,      0.2951005685,    0.001158513482,       0.566917559,       1.631943364,      -4.607004996,       -4.55745703,      -4.631739407,      -4.689471277,      -4.637279287,      0.0978892128,    0.007793283636,       0.140966437,      0.0872789548,      0.1155493219,      0.1117299157,      0.3237753027,   -0.006103139059,  -0.0002426212302,  -0.0008788462099,    0.002279980922,                 0,   3.885070499e-06,  -5.258813373e-06,   -0.006173859927,                 0,     -0.2523810719,     -0.6611769935,       -3.17769603,   -0.001485509041,  -0.0003653828573,    -0.01061709757,     0.02242593273,   0.0001508067414,     0.08959044635,  -1.958534427e-05,      0.1180376264,     0.08749208111,  -0.0002426212302,  -0.0008788462099,    0.002279980922,                 0,      0.1220962559,      0.1120013793,      0.3328199239,                 0,       1.180409145,        14.3366931,       2.296825469,    -0.06992681194
          0,           0,          89,       5.740690701,        5.85943808,      -10.79570015,      -10.74465945,      -11.34395537,       -11.3567276,      -10.79498928,                         4,      -1.494348651,    0.002343391369,        2.07881525,       22.01399429,               100,       99.99980908,      0.0039269908,      0.3339278289,      0.5449514505,     0.00115838219,   -0.006175311612,      -4.092739924,     0.01159320142,       0.295100506,     0.00115838219,      0.5669176039,       1.631943801,      -4.614290395,      -4.572343715,      -4.651961996,      -4.709094796,       -4.65487849,     0.09788920907,    0.007793285106,      0.1409664363,     0.08727889845,      0.1155493145,      0.1117299362,      0.3237753349,   -0.006103135118,  -0.0002426211134,  -0.0008789040253,    0.002279907328,                 0,   3.885067961e-06,  -5.258942939e-06,   -0.006173937737,                 0,     -0.2523810643,     -0.6611770618,       -3.17769637,   -0.001485428656,  -0.0003653823011,      -0.010617673,     0.02242521279,   0.0001510439359,     0.08959044316,   -1.95853069e-05,      0.1180376235,     0.08749202462,  -0.0002426211134,  -0.0008789040253,    0.002279907328,                 0,      0.1220962482,      0.1120013998,       0.332819956,                 0,       1.180409113,       14.33669302,       2.296825708,    -0.06992681194
          0,           0,          90,       6.239035299,       5.863609478,      -10.85630781,      -10.78003497,      -11.36563857,      -11.37772862,      -10.81136257,                         4,      -1.467990275,     0.00234339143,        2.07881525,         23.114694,               100,       99.99981177,      0.0039269908,      0.3339277725,      0.5449514777,    0.001158334555,   -0.006175352621,      -4.092740056,     0.01159294634,      0.2951004478,    0.001158334555,      0.5669176272,       1.631944159,      -4.674898056,      -4.607719235,      -4.673645196,      -4.730095821,      -4.671251776,     0.09788920566,    0.007793288104,      0.1409664333,     0.08727884536,      0.1155493075,      0.1117299787,      0.3237753229,   -0.006103131406,   -0.000242621009,  -0.0008789243072,    0.002279879871,                 0,   3.885065508e-06,  -5.258991809e-06,   -0.006173978695,                 0,     -0.2523810572,     -0.6611773611,      -3.177696266,   -0.001485371662,  -0.0003653817928,    -0.01061787382,     0.02242495245,   0.0001512495026,     0.08959044024,  -1.958528139e-05,      0.1180376214,     0.08749197141,   -0.000242621009,  -0.0008789243072,    0.002279879871,                 0,       0.122096241,      0.1120014424,      0.3328199438,                 0,       1.180409084,       14.33669296,       2.296825671,    -0.06992681194
          0,           0,          91,       5.678899761,       5.861601764,      -10.88211465,      -10.80300193,      -11.38714528,      -11.39724907,      -10.83717129,                         4,      -1.460471292,    0.002343391487,       2.078815249,        24.2704287,               100,        99.9998146,      0.0039269908,      0.3339276879,      0.5449514926,    0.001158313458,    -0.00617537858,      -4.092740062,     0.01159292807,      0.2951003624,    0.001158313458,      0.5669176361,       1.631944617,      -4.700704896,      -4.630686202,      -4.695151904,      -4.749616266,      -4.697060497,     0.09788920254,    0.007793291216,      0.1409664298,     0.08727876433,      0.1155493011,      0.1117300231,      0.3237752941,    -0.00610312574,  -0.0002426209187,  -0.0008789366085,    0.002279870985,                 0,   3.885063139e-06,  -5.259026443e-06,   -0.006174004617,                 0,     -0.2523810508,     -0.6611776885,      -3.177695994,   -0.001485328376,  -0.0003653813366,    -0.01061799477,     0.02242487703,    0.000151427152,     0.08959043757,  -1.958527531e-05,      0.1180376199,     0.08749189017,  -0.0002426209187,  -0.0008789366085,    0.002279870985,                 0,      0.1220962344,      0.1120014869,      0.3328199148,                 0,       1.180409056,       14.33669294,       2.296825524,    -0.06992681194
          0,           0,          92,       5.655319841,       5.859383679,      -10.90196228,      -10.82446082,      -11.41202904,      -11.41601754,      -10.85974207,                         4,      -1.457647556,     0.00234339154,       2.078815249,       25.48395014,               100,       99.99981757,      0.0039269908,      0.3339276694,      0.5449514969,    0.001158289771,   -0.006175402871,      -4.092740045,     0.01159288946,      0.2951003435,    0.001158289771,      0.5669176392,        1.63194472,      -4.720552529,      -4.652145092,      -4.720035671,      -4.768384739,       -4.71963128,     0.09788919968,    0.007793293837,      0.1409664271,     0.08727874871,      0.1155492952,      0.1117300605,      0.3237752659,   -0.006103124648,  -0.0002426208472,  -0.0008789528573,    0.002279863476,                 0,   3.885060815e-06,  -5.259061931e-06,    -0.00617402887,                 0,     -0.2523810449,     -0.6611779518,      -3.177695728,   -0.001485320323,  -0.0003653809427,    -0.01061815536,     0.02242481459,   0.0001516111757,     0.08959043513,  -1.958526436e-05,      0.1180376192,     0.08749187452,  -0.0002426208472,  -0.0008789528573,    0.002279863476,                 0,      0.1220962284,      0.1120015244,      0.3328198865,                 0,        1.18040903,       14.33669291,       2.296825368,    -0.06992681194
          0,           0,          93,       5.962693106,       5.860482715,      -10.92048634,      -10.84613487,      -11.43460026,      -11.43568101,      -10.88029712,                         4,      -1.454889713,    0.002343391589,       2.078815248,       26.75814764,               100,       99.99982069,      0.0039269908,      0.3339277118,       0.544951495,    0.001158263432,   -0.006175427007,      -4.092740031,     0.01159282151,       0.295100386,    0.001158263432,      0.5669176402,       1.631944507,       -4.73907659,      -4.673819136,      -4.742606885,      -4.788048203,      -4.740186329,     0.09788919709,    0.007793296092,      0.1409664253,     0.08727879336,      0.1155492899,      0.1117300925,      0.3237752404,    -0.00610312777,    -0.00024262079,  -0.0008789709534,    0.002279855175,                 0,    3.88505848e-06,  -5.259100193e-06,   -0.006174052966,                 0,     -0.2523810398,     -0.6611781671,      -3.177695489,    -0.00148533532,  -0.0003653805995,    -0.01061833481,     0.02242474355,   0.0001517933693,     0.08959043292,  -1.958524785e-05,      0.1180376191,     0.08749191928,    -0.00024262079,  -0.0008789709534,    0.002279855175,                 0,      0.1220962228,      0.1120015564,       0.332819861,                 0,       1.180409007,       14.33669286,       2.296825218,    -0.06992681194
          0,           0,          94,       5.779366055,       5.859628856,      -10.93942768,      -10.86839008,      -11.45568781,      -11.45708713,      -10.90120985,                         4,      -1.454041732,    0.002343391634,       2.078815248,       28.09605503,               100,       99.99982397,      0.0039269908,      0.3339277812,      0.5449514909,    0.001158235761,   -0.006175451449,      -4.092740023,     0.01159272256,      0.2951004555,    0.001158235761,      0.5669176409,       1.631944155,       -4.75801793,      -4.696074345,      -4.763694441,      -4.809454325,      -4.761099056,     0.09788919472,    0.007793298074,      0.1409664239,     0.08727886448,       0.115549285,      0.1117301206,       0.323775218,   -0.006103132743,  -0.0002426207324,  -0.0008789890269,     0.00227984552,                 0,   3.885056188e-06,  -5.259140675e-06,   -0.006174077365,                 0,     -0.2523810352,     -0.6611783509,       -3.17769528,   -0.001485356454,  -0.0003653802749,    -0.01061851426,     0.02242465834,   0.0001519587614,     0.08959043089,  -1.958523211e-05,      0.1180376193,     0.08749199057,  -0.0002426207324,  -0.0008789890269,     0.00227984552,                 0,      0.1220962178,      0.1120015846,      0.3328198385,                 0,       1.180408985,       14.33669283,       2.296825081,    -0.06992681194
          0,           0,          95,       5.826200778,       5.859280647,      -10.95978172,      -10.89149489,      -11.47733732,       -11.4802885,       -10.9231087,                         4,      -1.455431246,    0.002343391678,       2.078815248,       29.50085778,               100,       99.99982741,      0.0039269908,      0.3339278692,      0.5449514849,    0.001158210457,   -0.006175474995,      -4.092740016,     0.01159263019,      0.2951005438,    0.001158210457,      0.5669176412,       1.631943708,      -4.778371969,      -4.719179161,      -4.785343949,      -4.832655697,       -4.78299791,     0.09788919252,     0.00779329991,      0.1409664227,     0.08727895403,      0.1155492804,      0.1117301466,      0.3237751969,   -0.006103139005,  -0.0002426206654,  -0.0008790050264,    0.002279836149,                 0,   3.885054013e-06,  -5.259178837e-06,    -0.00617410087,                 0,     -0.2523810311,     -0.6611785223,      -3.177695083,   -0.001485379236,  -0.0003653799467,    -0.01061867308,     0.02242457535,   0.0001521078657,     0.08959042902,  -1.958521664e-05,      0.1180376196,     0.08749208034,  -0.0002426206654,  -0.0008790050264,    0.002279836149,                 0,      0.1220962131,      0.1120016107,      0.3328198174,                 0,       1.180408965,       14.33669279,        2.29682495,    -0.06992681194
          0,           0,          96,       5.650717644,       5.857130512,      -10.98090913,      -10.91472055,      -11.49959795,        -11.503516,      -10.94541115,                         4,      -1.458801701,    0.002343391719,       2.078815247,       30.97590067,               100,       99.99983102,      0.0039269908,      0.3339279725,      0.5449514773,    0.001158187193,   -0.006175497199,      -4.092740006,     0.01159254608,      0.2951006473,    0.001158187193,      0.5669176407,        1.63194318,      -4.799499384,      -4.742404821,      -4.807604575,      -4.855883201,      -4.805300357,     0.09788919049,    0.007793301617,      0.1409664217,     0.08727905867,      0.1155492762,      0.1117301708,      0.3237751766,   -0.006103146322,  -0.0002426205911,  -0.0008790197497,    0.002279827534,                 0,   3.885051978e-06,  -5.259214767e-06,   -0.006174123036,                 0,     -0.2523810274,      -0.661178682,      -3.177694894,    -0.00148540255,  -0.0003653796185,    -0.01061881924,     0.02242449935,   0.0001522455942,     0.08959042729,   -1.95852013e-05,        0.11803762,     0.08749218524,  -0.0002426205911,  -0.0008790197497,    0.002279827534,                 0,      0.1220962088,       0.112001635,       0.332819797,                 0,       1.180408947,       14.33669275,       2.296824823,    -0.06992681194
          0,           0,          97,       5.735809577,       5.855892544,      -11.00235639,      -10.93794373,      -11.52233889,      -11.52600648,      -10.96799989,                         4,      -1.463197054,    0.002343391758,       2.078815247,        32.5246957,               100,       99.99983481,      0.0039269908,      0.3339280898,      0.5449514688,    0.001158165349,   -0.006175518276,      -4.092739998,     0.01159246705,      0.2951007649,    0.001158165349,      0.5669176404,       1.631942581,      -4.820946641,      -4.765628004,      -4.830345516,      -4.878373677,      -4.827889096,     0.09788918864,    0.007793303223,      0.1409664208,     0.08727917709,      0.1155492724,      0.1117301936,      0.3237751574,   -0.006103154603,  -0.0002426205149,  -0.0008790335534,    0.002279819417,                 0,   3.885050065e-06,  -5.259249099e-06,   -0.006174144077,                 0,     -0.2523810241,      -0.661178833,      -3.177694716,    -0.00148542565,  -0.0003653793028,     -0.0106189563,     0.02242442777,   0.0001523748849,     0.08959042571,   -1.95851862e-05,      0.1180376205,     0.08749230395,  -0.0002426205149,  -0.0008790335534,    0.002279819417,                 0,      0.1220962048,      0.1120016578,      0.3328197778,                 0,        1.18040893,       14.33669272,       2.296824701,    -0.06992681194
          0,           0,          98,       5.691485503,       5.854231867,      -11.02478998,      -10.96201387,      -11.54625622,      -11.54876408,      -10.99168266,                         4,       -1.46693551,    0.002343391795,       2.078815247,       34.15093049,               100,       99.99983879,      0.0039269908,      0.3339282173,      0.5449514598,    0.001158144609,    -0.00617553827,      -4.092739993,     0.01159239186,      0.2951008927,    0.001158144609,      0.5669176403,       1.631941931,      -4.843380229,      -4.789698138,      -4.854262852,       -4.90113128,      -4.851571865,     0.09788918693,    0.007793304747,      0.1409664201,      0.0872793055,      0.1155492689,      0.1117302152,      0.3237751393,   -0.006103163583,  -0.0002426204377,  -0.0008790467478,    0.002279811795,                 0,   3.885048264e-06,  -5.259282135e-06,   -0.006174164036,                 0,     -0.2523810211,     -0.6611789767,      -3.177694547,   -0.001485447673,  -0.0003653789979,    -0.01061908733,     0.02242436061,   0.0001524975781,     0.08959042425,  -1.958517136e-05,       0.118037621,     0.08749243267,  -0.0002426204377,  -0.0008790467478,    0.002279811795,                 0,      0.1220962012,      0.1120016794,      0.3328197597,                 0,       1.180408915,       14.33669268,       2.296824585,    -0.06992681194
          0,           0,          99,       5.908180565,       5.854771354,      -11.04849657,      -10.98724054,      -11.57146173,      -11.57245727,      -11.01671123,                         4,      -1.470673422,    0.002343391831,       2.078815247,       35.85847701,               100,       99.99984297,      0.0039269908,      0.3339283504,      0.5449514507,    0.001158124906,   -0.006175557277,      -4.092739989,     0.01159232008,      0.2951010262,    0.001158124906,      0.5669176406,       1.631941253,      -4.867086821,      -4.814924806,      -4.879468356,       -4.92482447,      -4.876600432,     0.09788918534,    0.007793306205,      0.1409664194,     0.08727943952,      0.1155492656,      0.1117302358,      0.3237751222,   -0.006103172954,  -0.0002426203576,  -0.0008790593236,    0.002279804588,                 0,    3.88504657e-06,  -5.259313794e-06,    -0.00617418301,                 0,     -0.2523810185,     -0.6611791148,      -3.177694388,   -0.001485467449,  -0.0003653786973,     -0.0106192122,     0.02242429713,   0.0001526138585,     0.08959042289,  -1.958515684e-05,      0.1180376214,     0.08749256702,  -0.0002426203576,  -0.0008790593236,    0.002279804588,                 0,      0.1220961978,      0.1120017001,      0.3328197426,                 0,         1.1804089,       14.33669265,       2.296824475,    -0.06992681194
          0,           0,         100,       5.939825004,       5.855613469,      -11.07364456,      -11.01363863,      -11.59794103,      -11.59754529,      -11.04315103,                         4,      -1.475094397,    0.002343391864,       2.078815247,       37.65140086,               100,       99.99984736,      0.0039269908,      0.3339284851,      0.5449514417,    0.001158106201,   -0.006175575327,      -4.092739985,      0.0115922512,      0.2951011612,    0.001158106201,       0.566917641,       1.631940568,      -4.892234808,      -4.841322898,      -4.905947654,      -4.949912488,      -4.903040237,     0.09788918385,    0.007793307599,      0.1409664186,     0.08727957501,      0.1155492626,      0.1117302555,       0.323775106,   -0.006103182428,  -0.0002426202743,  -0.0008790713434,    0.002279797818,                 0,   3.885044981e-06,  -5.259344141e-06,   -0.006174201027,                 0,     -0.2523810162,     -0.6611792477,      -3.177694237,   -0.001485484058,  -0.0003653783988,    -0.01061933156,     0.02242423756,   0.0001527235972,     0.08959042162,  -1.958514269e-05,      0.1180376218,     0.08749270283,  -0.0002426202743,  -0.0008790713434,    0.002279797818,                 0,      0.1220961947,      0.1120017199,      0.3328197264,                 0,       1.180408887,       14.33669262,       2.296824372,    -0.06992681194
          0,           0,         101,       5.816291847,       5.855227963,      -11.10011084,      -11.04095731,      -11.62549839,      -11.62400305,      -11.07082081,                         4,      -1.480268282,    0.002343391896,       2.078815247,        39.5339709,               100,       99.99985197,      0.0039269908,      0.3339286177,       0.544951433,    0.001158088537,   -0.006175592527,      -4.092739981,     0.01159218626,      0.2951012941,    0.001158088537,      0.5669176416,       1.631939894,      -4.918701088,      -4.868641581,      -4.933505016,      -4.976370247,      -4.930710014,     0.09788918244,    0.007793308942,      0.1409664179,     0.08727970848,      0.1155492597,      0.1117302745,      0.3237750905,   -0.006103191761,  -0.0002426201884,  -0.0008790827585,    0.002279791484,                 0,   3.885043493e-06,  -5.259373114e-06,   -0.006174218198,                 0,     -0.2523810139,     -0.6611793766,      -3.177694093,   -0.001485497115,  -0.0003653781016,     -0.0106194449,     0.02242418192,   0.0001528273402,     0.08959042041,  -1.958512893e-05,      0.1180376222,     0.08749283663,  -0.0002426201884,  -0.0008790827585,    0.002279791484,                 0,      0.1220961917,       0.112001739,      0.3328197109,                 0,       1.180408875,       14.33669259,       2.296824275,    -0.06992681194
          0,           0,         102,       5.652927033,       5.853263876,      -11.12745858,      -11.06875584,      -11.65369051,      -11.65141285,      -11.09926456,                         4,      -1.486282422,    0.002343391926,       2.078815246,       41.51066945,               100,       99.99985681,      0.0039269908,      0.3339287462,      0.5449514248,    0.001158071803,   -0.006175608829,      -4.092739975,     0.01159212401,      0.2951014228,    0.001158071803,      0.5669176423,       1.631939242,      -4.946048827,      -4.896440112,      -4.961697142,       -5.00378005,      -4.959153766,      0.0978891811,    0.007793310231,      0.1409664171,     0.08727983779,       0.115549257,      0.1117302928,      0.3237750758,   -0.006103200804,  -0.0002426201023,  -0.0008790936625,    0.002279785568,                 0,   3.885042098e-06,  -5.259400782e-06,   -0.006174234471,                 0,     -0.2523810119,     -0.6611795009,      -3.177693956,    -0.00148550632,  -0.0003653778114,    -0.01061955314,     0.02242413003,   0.0001529249313,     0.08959041926,  -1.958511564e-05,      0.1180376224,     0.08749296626,  -0.0002426201023,  -0.0008790936625,    0.002279785568,                 0,      0.1220961889,      0.1120017572,      0.3328196962,                 0,       1.180408863,       14.33669256,       2.296824184,    -0.06992681194
          0,           0,         103,       5.540741413,       5.850258852,      -11.15574547,      -11.09711913,      -11.68270533,      -11.67979771,      -11.12854187,                         4,      -1.491842705,    0.002343391955,       2.078815246,       43.58620292,               100,       99.99986189,      0.0039269908,      0.3339288684,      0.5449514172,    0.001158055986,   -0.006175624284,      -4.092739969,     0.01159206496,      0.2951015452,    0.001158055986,      0.5669176433,       1.631938622,       -4.97433572,      -4.924803404,      -4.990711955,      -5.032164907,       -4.98843108,     0.09788917982,    0.007793311478,      0.1409664162,     0.08727996093,      0.1155492544,      0.1117303104,      0.3237750618,   -0.006103209415,  -0.0002426200173,  -0.0008791040196,    0.002279780023,                 0,   3.885040791e-06,  -5.259427057e-06,   -0.006174249898,                 0,     -0.2523810099,     -0.6611796221,      -3.177693825,   -0.001485511945,  -0.0003653775289,    -0.01061965591,     0.02242408145,    0.000153016944,     0.08959041816,  -1.958510284e-05,      0.1180376225,      0.0874930897,  -0.0002426200173,  -0.0008791040196,    0.002279780023,                 0,      0.1220961863,      0.1120017749,      0.3328196821,                 0,       1.180408853,       14.33669253,       2.296824099,    -0.06992681194
          0,           0,         104,       5.795071633,        5.84973326,      -11.18463815,      -11.12583631,      -11.71219842,      -11.70882466,       -11.1583647,                         4,      -1.496921467,    0.002343391983,       2.078815246,       45.76551307,               100,       99.99986722,      0.0039269908,      0.3339289827,      0.5449514104,    0.001158040978,   -0.006175638939,      -4.092739963,     0.01159200848,      0.2951016597,    0.001158040978,      0.5669176445,       1.631938043,      -5.003228397,      -4.953520577,       -5.02020505,       -5.06119186,       -5.01825391,     0.09788917859,    0.007793312684,      0.1409664152,      0.0872800762,       0.115549252,      0.1117303275,      0.3237750485,   -0.006103217475,  -0.0002426199333,   -0.000879113899,    0.002279774811,                 0,   3.885039568e-06,  -5.259452066e-06,   -0.006174264527,                 0,      -0.252381008,     -0.6611797398,      -3.177693701,    -0.00148551425,  -0.0003653772525,     -0.0106197539,     0.02242403582,   0.0001531038171,     0.08959041711,   -1.95850906e-05,      0.1180376225,     0.08749320525,  -0.0002426199333,   -0.000879113899,    0.002279774811,                 0,      0.1220961837,       0.112001792,      0.3328196688,                 0,       1.180408842,        14.3366925,        2.29682402,    -0.06992681194
          0,           0,         105,       5.809564081,       5.849354305,      -11.21393298,       -11.1547973,      -11.74199775,      -11.73827518,      -11.18854903,                         4,      -1.501510705,    0.002343392009,       2.078815246,       48.05378872,               100,       99.99987283,      0.0039269908,      0.3339290884,      0.5449514044,    0.001158026786,    -0.00617565283,      -4.092739956,      0.0115919549,      0.2951017656,    0.001158026786,      0.5669176459,       1.631937508,      -5.032523226,      -4.982481572,      -5.050004376,       -5.09064238,      -5.048438233,      0.0978891774,    0.007793313851,      0.1409664142,     0.08728018297,      0.1155492496,       0.111730344,      0.3237750358,   -0.006103224941,  -0.0002426198504,  -0.0008791232819,    0.002279769918,                 0,   3.885038423e-06,  -5.259475777e-06,   -0.006174278392,                 0,     -0.2523810062,     -0.6611798544,      -3.177693582,   -0.001485513608,  -0.0003653769827,    -0.01061984694,     0.02242399305,   0.0001531857723,     0.08959041609,  -1.958507892e-05,      0.1180376223,     0.08749331228,  -0.0002426198504,  -0.0008791232819,    0.002279769918,                 0,      0.1220961813,      0.1120018086,       0.332819656,                 0,       1.180408832,       14.33669247,       2.296823946,    -0.06992681194
          0,           0,         106,       5.639966085,       5.847397406,      -11.24343504,      -11.18385881,      -11.77190631,      -11.76791484,      -11.21889104,                         3,      -1.301444652,    0.002343392035,       2.078815246,       50.45647816,               100,       99.99987871,      0.0039269908,      0.3339291358,      0.5449514041,    0.001158014252,   -0.006175665692,      -4.092739956,     0.01159191538,      0.2951018129,    0.001158014252,      0.5669176488,       1.631937275,      -5.062025289,       -5.01154308,      -5.079912941,      -5.120282037,      -5.078780245,     0.09788917635,     0.00779331504,       0.140966413,     0.08728023143,      0.1155492476,      0.1117303609,      0.3237750239,    -0.00610322833,  -0.0002426197992,  -0.0008791311768,    0.002279765228,                 0,   3.885037355e-06,  -5.259497509e-06,   -0.006174291232,                 0,     -0.2523810052,     -0.6611799667,      -3.177693471,   -0.001485513347,  -0.0003653767873,    -0.01061992475,     0.02242395193,   0.0001532649898,     0.08959041518,  -1.958507047e-05,       0.118037622,     0.08749336086,  -0.0002426197992,  -0.0008791311768,    0.002279765228,                 0,      0.1220961792,      0.1120018255,      0.3328196441,                 0,       1.180408824,       14.33669245,       2.296823881,    -0.06992681194
          0,           0,         107,       5.743956091,       5.846439616,      -11.28209598,      -11.22234985,       -11.8094143,      -11.80492476,      -11.25952022,                         4,      -1.499786507,    0.002343392058,       2.078815246,       52.97930206,               100,       99.99988489,      0.0039269908,      0.3339292684,       0.544951395,    0.001157999971,     -0.0061756783,      -4.092739939,     0.01159185289,      0.2951019458,    0.001157999971,       0.566917649,         1.6319366,       -5.10068623,      -5.050034123,      -5.117420926,      -5.157291958,      -5.119409429,      0.0978891751,    0.007793316088,       0.140966412,     0.08728036517,       0.115549245,      0.1117303757,       0.323775012,   -0.006103237682,  -0.0002426197078,  -0.0008791412635,    0.002279760942,                 0,   3.885036359e-06,  -5.259519238e-06,   -0.006174303817,                 0,     -0.2523810026,     -0.6611800734,      -3.177693359,   -0.001485503936,  -0.0003653765026,    -0.01062002496,      0.0224239146,   0.0001533397468,     0.08959041412,    -1.9585058e-05,      0.1180376218,     0.08749349493,  -0.0002426197078,  -0.0008791412635,    0.002279760942,                 0,      0.1220961765,      0.1120018404,      0.3328196321,                 0,       1.180408813,       14.33669242,       2.296823813,    -0.06992681194
          0,           0,         108,       5.776017931,       5.845793546,      -11.30589875,      -11.24648074,      -11.83522047,      -11.83048885,      -11.28347022,                         4,       -1.50651285,    0.002343392081,       2.078815246,       55.62826717,               100,       99.99989137,      0.0039269908,      0.3339293539,      0.5449513902,     0.00115798866,    -0.00617569015,       -4.09273993,     0.01159180798,      0.2951020314,     0.00115798866,      0.5669176502,       1.631936168,      -5.124489001,      -5.074165008,      -5.143227098,      -5.182856047,      -5.143359423,     0.09788917407,    0.007793317084,      0.1409664109,     0.08728045179,      0.1155492429,      0.1117303898,      0.3237750012,   -0.006103243739,  -0.0002426196171,  -0.0008791485697,    0.002279756847,                 0,   3.885035414e-06,   -5.25953955e-06,   -0.006174315646,                 0,     -0.2523810009,     -0.6611801738,      -3.177693258,    -0.00148549691,  -0.0003653762191,    -0.01062009761,     0.02242387884,   0.0001534029622,     0.08959041323,  -1.958504743e-05,      0.1180376215,     0.08749358176,  -0.0002426196171,  -0.0008791485697,    0.002279756847,                 0,      0.1220961744,      0.1120018545,      0.3328196213,                 0,       1.180408804,        14.3366924,       2.296823754,    -0.06992681194
          0,           0,         109,       5.708723202,       5.844547452,      -11.33058245,       -11.2695491,      -11.86059122,      -11.85582569,      -11.30796814,                         3,      -1.305279212,    0.002343392103,       2.078815246,       58.40968052,               100,       99.99989818,      0.0039269908,      0.3339293849,       0.544951391,    0.001157978245,   -0.006175701061,      -4.092739928,      0.0115917741,      0.2951020623,    0.001157978245,      0.5669176531,       1.631936019,      -5.149172697,      -5.097233367,      -5.168597845,      -5.208192886,      -5.167857344,     0.09788917313,    0.007793318143,      0.1409664096,     0.08728048402,      0.1155492411,      0.1117304048,       0.323774991,   -0.006103245992,  -0.0002426195737,  -0.0008791552367,    0.002279753055,                 0,    3.88503452e-06,  -5.259558055e-06,   -0.006174326538,                 0,         -0.252381,     -0.6611802744,      -3.177693162,   -0.001485491933,  -0.0003653760531,    -0.01062016315,     0.02242384577,   0.0001534675302,     0.08959041242,  -1.958504006e-05,      0.1180376209,     0.08749361406,  -0.0002426195737,  -0.0008791552367,    0.002279753055,                 0,      0.1220961725,      0.1120018696,       0.332819611,                 0,       1.180408798,       14.33669238,       2.296823703,    -0.06992681194
          0,           0,         110,       5.615472273,       5.842483711,       -11.3672848,      -11.30513975,      -11.89510465,      -11.89028272,      -11.34622703,                         4,      -1.509484363,    0.002343392124,       2.078815246,       61.33016455,               100,       99.99990533,      0.0039269908,      0.3339294841,      0.5449513845,    0.001157965992,   -0.006175711807,      -4.092739911,     0.01159171924,      0.2951021617,    0.001157965992,      0.5669176536,       1.631935515,      -5.185875045,      -5.132824019,      -5.203111275,      -5.242649914,      -5.206116237,     0.09788917203,    0.007793319077,      0.1409664085,     0.08728058449,      0.1155492389,       0.111730418,      0.3237749806,   -0.006103253018,  -0.0002426194908,  -0.0008791640401,    0.002279749523,                 0,   3.885033704e-06,  -5.259576472e-06,   -0.006174337264,                 0,     -0.2523809976,     -0.6611803691,      -3.177693064,   -0.001485479805,  -0.0003653757966,    -0.01062025041,     0.02242381509,   0.0001535303535,     0.08959041148,  -1.958502963e-05,      0.1180376205,     0.08749371478,  -0.0002426194908,  -0.0008791640401,    0.002279749523,                 0,      0.1220961702,      0.1120018828,      0.3328196006,                 0,       1.180408788,       14.33669236,       2.296823647,    -0.06992681194
          0,           0,         111,       5.839520133,       5.842457251,      -11.39017601,      -11.32862647,      -11.91981343,      -11.91471128,      -11.36913934,                         4,      -1.514439827,    0.002343392143,       2.078815245,       64.39667278,               100,       99.99991284,      0.0039269908,      0.3339295461,      0.5449513813,    0.001157956311,   -0.006175721901,      -4.092739901,     0.01159168046,      0.2951022238,    0.001157956311,      0.5669176547,       1.631935202,      -5.208766262,      -5.156310738,      -5.227820057,      -5.267078475,      -5.229028542,     0.09788917112,    0.007793319949,      0.1409664074,     0.08728064763,       0.115549237,      0.1117304304,      0.3237749713,   -0.006103257433,  -0.0002426194114,  -0.0008791703787,    0.002279746101,                 0,   3.885032923e-06,  -5.259593734e-06,    -0.00617434734,                 0,     -0.2523809961,     -0.6611804571,      -3.177692977,   -0.001485470557,  -0.0003653755469,    -0.01062031332,     0.02242378526,   0.0001535840659,      0.0895904107,  -1.958502083e-05,      0.1180376201,     0.08749377808,  -0.0002426194114,  -0.0008791703787,    0.002279746101,                 0,      0.1220961683,      0.1120018952,      0.3328195912,                 0,        1.18040878,       14.33669234,       2.296823599,    -0.06992681194
          0,           0,         112,       5.134334651,       5.836190679,      -11.41387351,      -11.35136236,      -11.94441668,      -11.93925207,      -11.39265516,                         3,      -1.306826357,    0.002343392162,       2.078815245,       67.61650642,               100,       99.99992072,      0.0039269908,      0.3339295651,      0.5449513826,    0.001157947643,    -0.00617573114,      -4.092739898,     0.01159165284,      0.2951022426,    0.001157947643,      0.5669176573,       1.631935113,      -5.232463755,      -5.179046628,      -5.252423311,      -5.291619268,      -5.252544365,     0.09788917028,    0.007793320868,      0.1409664062,     0.08728066772,      0.1155492355,      0.1117304434,      0.3237749625,   -0.006103258838,  -0.0002426193771,  -0.0008791759495,     0.00227974297,                 0,   3.885032172e-06,  -5.259609381e-06,   -0.006174356563,                 0,     -0.2523809952,      -0.661180545,      -3.177692895,   -0.001485463635,  -0.0003653754097,    -0.01062036803,     0.02242375801,   0.0001536382666,     0.08959040997,  -1.958501459e-05,      0.1180376195,     0.08749379821,  -0.0002426193771,  -0.0008791759495,     0.00227974297,                 0,      0.1220961667,      0.1120019083,      0.3328195824,                 0,       1.180408774,       14.33669232,       2.296823557,    -0.06992681194
          0,           0,         113,        5.65575965,       5.834607951,       -11.4496543,      -11.38642898,      -11.97807979,      -11.97294309,      -11.42998923,                         4,      -1.512833882,     0.00234339218,       2.078815245,       70.99733174,               100,         99.999929,      0.0039269908,      0.3339296405,      0.5449513778,    0.001157937377,   -0.006175740212,      -4.092739882,      0.0115916071,      0.2951023182,    0.001157937377,      0.5669176578,        1.63193473,      -5.268244553,      -5.214113254,      -5.286086421,      -5.325310285,      -5.289878439,     0.09788916932,    0.007793321672,      0.1409664051,     0.08728074434,      0.1155492335,      0.1117304548,      0.3237749537,   -0.006103264196,  -0.0002426193094,  -0.0008791833803,    0.002279740067,                 0,   3.885031484e-06,  -5.259624906e-06,   -0.006174365618,                 0,     -0.2523809931,     -0.6611806267,      -3.177692811,   -0.001485451053,  -0.0003653751948,    -0.01062044165,     0.02242373287,   0.0001536910664,     0.08959040915,  -1.958500594e-05,       0.118037619,     0.08749387502,  -0.0002426193094,  -0.0008791833803,    0.002279740067,                 0,      0.1220961646,      0.1120019197,      0.3328195735,                 0,       1.180408765,        14.3366923,       2.296823512,    -0.06992681194
          0,           0,         114,       5.997472433,       5.836024164,      -11.47172014,      -11.40927914,      -12.00165821,       -11.9962429,      -11.45178891,                         4,      -1.518286293,    0.002343392197,       2.078815245,       74.54719833,               100,       99.99993769,      0.0039269908,      0.3339296859,      0.5449513756,     0.00115792922,   -0.006175748711,      -4.092739872,     0.01159157421,      0.2951023637,     0.00115792922,      0.5669176588,       1.631934502,      -5.290310394,      -5.236963405,      -5.309664834,      -5.348610101,      -5.311678113,     0.09788916852,    0.007793322417,      0.1409664042,     0.08728079082,      0.1155492319,      0.1117304654,      0.3237749458,   -0.006103267446,  -0.0002426192451,  -0.0008791887948,     0.00227973726,                 0,   3.885030827e-06,  -5.259639458e-06,   -0.006174374102,                 0,     -0.2523809917,     -0.6611807017,      -3.177692737,   -0.001485441646,  -0.0003653749874,    -0.01062049533,     0.02242370846,   0.0001537360633,     0.08959040847,  -1.958499866e-05,      0.1180376186,     0.08749392162,  -0.0002426192451,  -0.0008791887948,     0.00227973726,                 0,       0.122096163,      0.1120019303,      0.3328195655,                 0,       1.180408758,       14.33669228,       2.296823472,    -0.06992681194
          0,           0,         115,       5.815028153,       5.835843164,      -11.49460091,      -11.43129803,       -12.0252524,      -12.01979974,      -11.47425186,                         3,        -1.3059679,    0.002343392212,       2.078815245,       78.27455824,               100,       99.99994681,      0.0039269908,      0.3339296964,       0.544951377,    0.001157921931,   -0.006175756479,      -4.092739869,     0.01159155098,       0.295102374,    0.001157921931,       0.566917661,       1.631934455,      -5.313191157,      -5.258982301,      -5.333259027,      -5.372166938,      -5.334141066,      0.0978891678,    0.007793323199,      0.1409664031,     0.08728080232,      0.1155492305,      0.1117304765,      0.3237749383,    -0.00610326825,  -0.0002426192181,  -0.0008791935197,    0.002279734669,                 0,   3.885030195e-06,   -5.25965264e-06,   -0.006174381856,                 0,     -0.2523809908,     -0.6611807764,      -3.177692667,   -0.001485434763,  -0.0003653748734,    -0.01062054169,     0.02242368595,   0.0001537815996,     0.08959040784,  -1.958499351e-05,       0.118037618,     0.08749393315,  -0.0002426192181,  -0.0008791935197,    0.002279734669,                 0,      0.1220961615,      0.1120019414,       0.332819558,                 0,       1.180408753,       14.33669227,       2.296823437,    -0.06992681194
          0,           0,         116,       5.887680128,       5.836286214,      -11.52934654,      -11.46550673,      -12.05785766,      -12.05250392,      -11.51045103,                         4,      -1.514187956,    0.002343392227,       2.078815245,       82.18828615,               100,       99.99995639,      0.0039269908,      0.3339297545,      0.5449513734,    0.001157913293,    -0.00617576411,      -4.092739855,     0.01159151254,      0.2951024322,    0.001157913293,      0.5669176614,        1.63193416,      -5.347936792,      -5.293190997,      -5.365864286,      -5.404871119,       -5.37034024,     0.09788916697,    0.007793323882,      0.1409664021,      0.0872808615,      0.1155492288,      0.1117304861,      0.3237749308,   -0.006103272389,  -0.0002426191626,  -0.0008791997899,    0.002279732245,                 0,   3.885029616e-06,  -5.259665705e-06,   -0.006174389474,                 0,      -0.252380989,     -0.6611808457,      -3.177692596,   -0.001485423555,  -0.0003653746936,     -0.0106206038,     0.02242366497,   0.0001538260681,     0.08959040714,  -1.958498641e-05,      0.1180376176,     0.08749399247,  -0.0002426191626,  -0.0008791997899,    0.002279732245,                 0,      0.1220961598,      0.1120019511,      0.3328195505,                 0,       1.180408745,       14.33669226,       2.296823399,    -0.06992681194
          0,           0,         117,       5.662618739,       5.834814456,      -11.55024301,      -11.48741709,      -12.08013755,      -12.07467149,      -11.53082967,                         4,      -1.520131966,    0.002343392241,       2.078815245,       86.29770046,               100,       99.99996645,      0.0039269908,       0.333929789,      0.5449513717,    0.001157906465,   -0.006175771235,      -4.092739845,     0.01159148507,      0.2951024668,    0.001157906465,      0.5669176621,       1.631933986,      -5.368833258,      -5.315101361,      -5.388144181,      -5.427038684,       -5.39071888,     0.09788916629,    0.007793324508,      0.1409664013,     0.08728089698,      0.1155492274,       0.111730495,      0.3237749242,    -0.00610327487,  -0.0002426191107,   -0.000879204342,    0.002279729918,                 0,   3.885029061e-06,  -5.259677922e-06,   -0.006174396587,                 0,     -0.2523809878,     -0.6611809086,      -3.177692533,   -0.001485415362,  -0.0003653745226,    -0.01062064892,     0.02242364475,   0.0001538637645,     0.08959040655,  -1.958498043e-05,      0.1180376172,     0.08749402804,  -0.0002426191107,   -0.000879204342,    0.002279729918,                 0,      0.1220961583,        0.11200196,      0.3328195438,                 0,        1.18040874,       14.33669224,       2.296823365,    -0.06992681194
          0,           0,         118,       5.743728245,       5.834049026,      -11.57218397,      -11.50867632,      -12.10264634,      -12.09742151,      -11.55212069,                         3,      -1.305143693,    0.002343392254,       2.078815245,       90.61258548,               100,       99.99997702,      0.0039269908,      0.3339297953,       0.544951373,    0.001157900376,   -0.006175777735,      -4.092739842,     0.01159146577,       0.295102473,    0.001157900376,      0.5669176639,       1.631933959,       -5.39077422,      -5.336360588,      -5.410652968,      -5.449788708,      -5.412009899,     0.09788916567,    0.007793325161,      0.1409664003,     0.08728090415,      0.1155492262,      0.1117305043,      0.3237749179,   -0.006103275371,  -0.0002426190901,  -0.0008792083048,    0.002279727771,                 0,   3.885028527e-06,  -5.259688964e-06,   -0.006174403074,                 0,      -0.252380987,     -0.6611809709,      -3.177692474,   -0.001485409535,  -0.0003653744307,    -0.01062068779,     0.02242362611,   0.0001539018795,     0.08959040602,  -1.958497618e-05,      0.1180376167,     0.08749403522,  -0.0002426190901,  -0.0008792083048,    0.002279727771,                 0,      0.1220961571,      0.1120019693,      0.3328195375,                 0,       1.180408735,       14.33669223,       2.296823336,    -0.06992681194
          0,           0,         119,       5.813697269,       5.833879428,      -11.60609353,      -11.54223004,       -12.1343665,      -12.12939227,      -11.58732663,                         4,       -1.51515286,    0.002343392267,       2.078815245,       95.14321476,               100,       99.99998811,      0.0039269908,      0.3339298422,        0.54495137,    0.001157893168,   -0.006175784102,      -4.092739829,     0.01159143376,      0.2951025199,    0.001157893168,      0.5669176641,       1.631933721,      -5.424683784,       -5.36991431,      -5.442373128,      -5.481759471,      -5.447215835,     0.09788916498,    0.007793325726,      0.1409663996,      0.0872809519,      0.1155492248,      0.1117305123,      0.3237749116,    -0.00610327871,  -0.0002426190459,   -0.000879213559,    0.002279725773,                 0,   3.885028039e-06,  -5.259699899e-06,   -0.006174409431,                 0,     -0.2523809855,     -0.6611810279,      -3.177692415,     -0.0014854004,  -0.0003653742845,    -0.01062073982,     0.02242360884,   0.0001539390228,     0.08959040543,  -1.958497033e-05,      0.1180376164,     0.08749408309,  -0.0002426190459,   -0.000879213559,    0.002279725773,                 0,      0.1220961557,      0.1120019773,      0.3328195311,                 0,       1.180408729,       14.33669222,       2.296823304,    -0.06992681194
          0,           0,         120,       5.875891439,       5.834226635,      -11.62643926,      -11.56375985,      -12.15612222,      -12.15106955,      -11.60702647,                         4,      -1.520216454,    0.002343392278,       2.078815245,        99.9003755,               100,       99.99999976,      0.0039269908,      0.3339298698,      0.5449513686,    0.001157887461,   -0.006175790049,      -4.092739821,     0.01159141089,      0.2951025476,    0.001157887461,      0.5669176646,       1.631933582,      -5.445029511,      -5.391444122,      -5.464128846,      -5.503436744,      -5.466915678,     0.09788916441,    0.007793326244,      0.1409663988,     0.08728098028,      0.1155492236,      0.1117305196,       0.323774906,   -0.006103280694,   -0.000242619004,  -0.0008792173717,    0.002279723836,                 0,   3.885027573e-06,  -5.259710101e-06,   -0.006174415366,                 0,     -0.2523809844,     -0.6611810799,      -3.177692363,   -0.001485393961,  -0.0003653741444,     -0.0106207776,     0.02242359202,   0.0001539706191,     0.08959040494,   -1.95849654e-05,      0.1180376161,     0.08749411154,   -0.000242619004,  -0.0008792173717,    0.002279723836,                 0,      0.1220961545,      0.1120019847,      0.3328195255,                 0,       1.180408724,       14.33669221,       2.296823276,    -0.06992681194
          0,           0,         121,       5.568568176,       5.832049106,      -11.64780773,      -11.58462422,      -12.17805463,      -12.17326351,      -11.62765627,                         3,      -1.304093464,    0.002343392289,       2.078815244,               100,               100,               100,      0.0039269908,      0.3339298742,      0.5449513696,    0.001157882258,   -0.006175795473,      -4.092739818,     0.01159139396,      0.2951025519,    0.001157882258,       0.566917666,       1.631933564,      -5.466397982,      -5.412308486,      -5.486061254,      -5.525630704,      -5.487545474,      0.0978891639,    0.007793326783,      0.1409663981,     0.08728098547,      0.1155492226,      0.1117305273,      0.3237749008,   -0.006103281057,  -0.0002426189869,  -0.0008792207832,    0.002279722028,                 0,   3.885027125e-06,  -5.259719326e-06,   -0.006174420781,                 0,     -0.2523809838,      -0.661181131,      -3.177692313,   -0.001485389543,  -0.0003653740671,    -0.01062081108,      0.0224235763,   0.0001540028064,      0.0895904045,  -1.958496198e-05,      0.1180376157,     0.08749411674,  -0.0002426189869,  -0.0008792207832,    0.002279722028,                 0,      0.1220961534,      0.1120019923,      0.3328195202,                 0,        1.18040872,        14.3366922,       2.296823251,    -0.06992681194
          0,           0,         122,       6.032329196,         5.8336774,      -11.68106683,      -11.61770902,      -12.20907224,      -12.20468133,      -11.66209544,                         4,      -1.515742054,      0.0023433923,       2.078815244,               100,               100,               100,      0.0039269908,      0.3339299135,      0.5449513671,    0.001157876337,   -0.006175800777,      -4.092739807,     0.01159136807,      0.2951025913,    0.001157876337,      0.5669176662,       1.631933364,      -5.499657084,      -5.445393287,      -5.517078866,      -5.557048531,      -5.521984648,     0.09788916333,     0.00779332725,      0.1409663975,     0.08728102548,      0.1155492215,      0.1117305339,      0.3237748956,   -0.006103283855,  -0.0002426189516,  -0.0008792250775,    0.002279720366,                 0,   3.885026714e-06,   -5.25972844e-06,   -0.006174426075,                 0,     -0.2523809825,     -0.6611811783,      -3.177692264,   -0.001485382483,  -0.0003653739492,    -0.01062085361,     0.02242356193,   0.0001540337053,     0.08959040401,  -1.958495709e-05,      0.1180376154,     0.08749415685,  -0.0002426189516,  -0.0008792250775,    0.002279720366,                 0,      0.1220961522,       0.112001999,       0.332819515,                 0,       1.180408715,       14.33669219,       2.296823225,    -0.06992681194
          0,           0,         123,       6.363344738,        5.83794891,      -11.70097958,       -11.6388954,      -12.23037238,      -12.22610187,      -11.68124625,                         4,      -1.520307711,    0.002343392309,       2.078815244,               100,               100,               100,      0.0039269908,      0.3339299371,      0.5449513658,    0.001157871628,   -0.006175805712,      -4.092739801,     0.01159134959,      0.2951026149,    0.001157871628,      0.5669176665,       1.631933245,      -5.519569834,      -5.466579674,      -5.538379011,      -5.578469069,      -5.541135459,     0.09788916286,    0.007793327675,      0.1409663969,     0.08728104966,      0.1155492205,      0.1117305399,      0.3237748909,   -0.006103285546,   -0.000242618918,  -0.0008792282174,    0.002279718763,                 0,   3.885026323e-06,  -5.259736897e-06,   -0.006174431002,                 0,     -0.2523809816,     -0.6611812208,      -3.177692221,    -0.00148537769,  -0.0003653738357,    -0.01062088473,     0.02242354801,   0.0001540601518,     0.08959040361,    -1.9584953e-05,      0.1180376152,     0.08749418109,   -0.000242618918,  -0.0008792282174,    0.002279718763,                 0,      0.1220961512,       0.112002005,      0.3328195103,                 0,       1.180408711,       14.33669218,       2.296823201,    -0.06992681194
          0,           0,         124,       5.619072286,       5.836197897,      -11.72203567,      -11.65952491,      -12.25200248,      -12.24803055,      -11.70146844,                         3,      -1.303830693,    0.002343392318,       2.078815244,               100,               100,               100,      0.0039269908,      0.3339299413,      0.5449513666,    0.001157867302,   -0.006175810207,      -4.092739798,     0.01159133564,      0.2951026191,    0.001157867302,      0.5669176676,       1.631933226,      -5.540625919,      -5.487209178,      -5.560009102,      -5.600397744,      -5.561357642,     0.09788916244,    0.007793328115,      0.1409663963,      0.0872810545,      0.1155492197,      0.1117305462,      0.3237748866,   -0.006103285884,  -0.0002426189046,  -0.0008792310593,    0.002279717266,                 0,   3.885025949e-06,  -5.259744544e-06,   -0.006174435489,                 0,     -0.2523809811,     -0.6611812624,       -3.17769218,   -0.001485374538,  -0.0003653737738,    -0.01062091262,       0.022423535,   0.0001540870396,     0.08959040325,  -1.958495018e-05,      0.1180376149,     0.08749418594,  -0.0002426189046,  -0.0008792310593,    0.002279717266,                 0,      0.1220961504,      0.1120020112,       0.332819506,                 0,       1.180408707,       14.33669217,        2.29682318,    -0.06992681194
