x,y,z,phi_deg,Cp
4.386216945325335445e-03,-2.136219942864618729e-06,7.294130239946147167e-04,-1.678007286330083225e-01,-2.124562161043286324e-03
4.505347848559419603e-03,2.939216331772821308e-05,7.499857262397806573e-04,2.244290096875845908e+00,-3.411716595292091370e-02
4.964442535613973646e-03,-2.238313269723815556e-05,8.265567012131214142e-04,-1.551189029653597728e+00,-4.413009621202945709e-03
5.083573438848058672e-03,9.145250563354674560e-06,8.471294034582873547e-04,6.185169624970251467e-01,-3.640561550855636597e-02
5.734107612321774454e-03,2.360817173515291083e-04,8.741580337906876838e-04,1.511318234475066546e+01,5.420445278286933899e-02
5.853238515555859479e-03,2.676101006121219808e-04,8.947307360358536243e-04,1.665169704700529607e+01,2.221184782683849335e-02
6.312333202610414390e-03,2.158348045971556460e-04,9.713017110091943813e-04,1.252824445248132434e+01,5.191600322723388672e-02
6.431464105844497681e-03,2.473631878577484101e-04,9.918744132543602134e-04,1.400332399754361212e+01,1.992340013384819031e-02
7.131413711855810050e-03,1.446474634576589411e-04,1.098398235626518726e-03,7.502081337471367739e+00,1.496305465698242188e-01
7.720282456527154807e-03,2.372912034237136805e-04,2.856624390309056550e-04,3.971539359990565288e+01,2.107239961624145508e-01
8.007006098826726856e-03,2.382179372943939947e-04,1.254597562365233898e-03,1.075110849991562390e+01,8.733022212982177734e-02
8.225731706867616538e-03,-9.357047383673466054e-05,1.360687970494230733e-03,-3.933867568350886135e+00,1.248075515031814575e-01
8.263859121749799613e-03,-1.335066723792502916e-04,4.377148191755014838e-04,-1.696214330201753739e+01,2.251470535993576050e-01
8.279604216416677417e-03,8.517722405182818210e-04,-7.239490029557288592e-05,9.485807956854053202e+01,1.305257081985473633e-01
8.967591294397911014e-03,-2.261504123453049768e-04,1.465884076120952621e-03,-8.770207442153616029e+00,2.028571665287017822e-01
8.983336389064788818e-03,7.591285005522271359e-04,9.557743566498781967e-04,3.845853286792580406e+01,1.082358211278915405e-01
9.118926400939624671e-03,3.674638379986087120e-04,-3.879065237318474234e-04,1.365502246922712004e+02,1.507164686918258667e-01
9.353397103647392158e-03,1.020954339765012264e-03,-7.919258350739256632e-04,1.277997362320560342e+02,9.357245266437530518e-02
9.822658573587736072e-03,2.748200980325540810e-04,6.402627332136036050e-04,2.323047054706708892e+01,1.284265816211700439e-01
1.061361252019802845e-02,1.538105735865731962e-03,-6.192276632646098733e-04,1.119292764640410098e+02,1.857780665159225464e-02
1.063413762797912020e-02,1.130705699324608066e-03,3.625930063814544768e-04,7.222007124079460993e+01,3.070806898176670074e-02
1.142817207922538179e-02,-1.043604764466485020e-04,-3.796291615193090295e-04,-1.646290167030428506e+02,1.029582470655441284e-01
1.198465532312790668e-02,5.054346596201263414e-04,-1.235100246655444160e-03,1.577443649972485105e+02,5.025348439812660217e-02
1.240378835548957247e-02,6.097951360667748164e-04,1.119079766795039394e-03,2.858630476446251478e+01,1.589785702526569366e-02
1.290207728743553162e-02,-5.117605129877722623e-04,8.444216024751466333e-04,-3.121789881559152846e+01,8.238032460212707520e-02
1.368747558444738562e-02,7.203303975984457408e-04,-1.421150091725091429e-03,1.531211723133355065e+02,2.442492544651031494e-02
1.408608350902795792e-02,1.232090910586218328e-03,-4.879074792067184582e-05,9.226772555644697604e+01,-2.206096611917018890e-02
1.532590451339880568e-02,-1.362160236264268413e-03,-2.229051897302266683e-04,-9.929356430501557895e+01,6.631018221378326416e-02
1.555481956650813305e-02,-7.398644617448247923e-04,-1.633005798794329166e-03,-1.556261888512246401e+02,6.105954200029373169e-02
1.571482947717110085e-02,1.410140655934811072e-03,7.449880940839644994e-04,6.215216364954976314e+01,-2.456076070666313171e-02
1.712007230768600868e-02,7.878448814153675601e-04,2.427448324548701734e-03,1.798119152095410556e+01,-3.183977678418159485e-02
1.735867032160361492e-02,-8.503997232764957167e-04,1.421813775474826350e-03,-3.088402685483099219e+01,7.294632028788328171e-03
1.736199483275413513e-02,2.370984060689806938e-03,-5.981790212293469546e-04,1.041597444701975661e+02,-1.129504386335611343e-02
1.760059284667174137e-02,7.327394559979440950e-04,-1.603813570303221688e-03,1.554456090033105795e+02,2.783936634659767151e-02
1.876723766326904297e-02,1.748688286170363643e-03,1.084281209235390172e-03,5.819885133752442385e+01,-1.857406087219715118e-02
1.965364875892798222e-02,-1.624860839607815671e-04,-2.181932213716209368e-03,-1.757411076508585097e+02,3.354421630501747131e-02
2.000471328695615364e-02,-2.109017688781023026e-03,5.301117150035377073e-04,-7.589072177926789209e+01,9.384985081851482391e-03
2.065252636869748665e-02,-2.381947454220305176e-03,-1.730467158874186883e-03,-1.259981269936445187e+02,2.236885204911231995e-02
2.129917095104853428e-02,2.307321333015959191e-03,7.841598514157035495e-04,7.122929925811580176e+01,-5.533830728381872177e-03
2.192244678735733032e-02,1.504484001391877658e-03,-2.779048052616417408e-03,1.515703622607432521e+02,1.795870438218116760e-02
2.250584587454795837e-02,-1.258617965504526441e-03,2.418265168671496212e-03,-2.749531708732416391e+01,-1.592439226806163788e-02
2.290425822138786316e-02,3.123891695092122049e-03,-1.394872495438903353e-03,1.140616006559390740e+02,8.048358373343944550e-03
2.312358530859152592e-02,1.346477928260962674e-03,2.705923533843209491e-03,2.645511383768943503e+01,-2.747088670730590820e-02
2.395674089590708530e-02,-2.058385347481817441e-03,-2.679265846381895244e-03,-1.424661993888386746e+02,2.048368193209171295e-02
2.454994308451811588e-02,1.680298009887326843e-05,-3.694236511364579201e-03,1.797393958938735352e+02,1.944585703313350677e-02
2.494811515013376640e-02,-2.756788317734995900e-03,1.378302399340706856e-03,-6.343647451238564372e+01,3.592668799683451653e-03
2.575119708975156380e-02,-3.283625934273004532e-03,-1.458649741834961312e-03,-1.139517120884199386e+02,2.701687626540660858e-02
2.658325619995594025e-02,3.350502578541636467e-03,-2.098178393983592301e-03,1.220559490229548345e+02,1.383459568023681641e-02
2.680902866025765968e-02,2.763703310241301999e-03,2.564067894127220349e-03,4.714591008768373825e+01,-2.541481703519821167e-02
2.740982609490553307e-02,-2.883773607512314825e-03,2.384261131131400376e-03,-5.041656354583024324e+01,4.300747998058795929e-03
2.759413545330365730e-02,1.477187033742666895e-03,-3.752490272745490074e-03,1.585126663145973396e+02,3.804360702633857727e-02
2.866361228128274513e-02,3.951157598445812283e-03,-6.100168684497464782e-05,9.088451585403532818e+01,2.308476017788052559e-03
2.872158773243427624e-02,-3.632951605444152861e-03,-2.091706128946195335e-03,-1.199315914336656022e+02,4.463745653629302979e-02
2.887094579637050629e-02,-1.385603255281844717e-03,4.074788807580868692e-03,-1.878023966186136917e+01,-1.834738184697926044e-03
2.908279312153657509e-02,1.417225381980340409e-03,4.091036117946108761e-03,1.910721682069667793e+01,-1.510676182806491852e-02
2.955467998981475830e-02,-4.491717244187990246e-03,2.809061164346832217e-04,-8.642145742968027378e+01,3.268301859498023987e-02
3.098923216263453628e-02,2.553112184007944475e-05,-4.483125793437163324e-03,1.796737076358983245e+02,6.183198839426040649e-02
3.127950243651866913e-02,-2.769866803040107236e-03,-3.961411227161685915e-03,-1.450382872049621881e+02,6.249096617102622986e-02
3.261862695217132568e-02,-3.227108623832464218e-03,3.513721516355872154e-03,-4.256531118167286110e+01,1.626927033066749573e-02
3.269751369953155518e-02,-4.835052260508139639e-03,1.066038540254036875e-03,-7.756628152062552317e+01,3.512828797101974487e-02
3.294245091577371193e-02,4.677516718705494909e-03,-1.488140357347822549e-04,9.182223638881441730e+01,2.074347436428070068e-02
3.347170228759448196e-02,1.417225381980340409e-03,4.822521082436045589e-03,1.637682028279876789e+01,-5.039019044488668442e-03
3.474491089582443237e-02,-4.082480678334832191e-03,-3.555768247072895513e-03,-1.310552867706874736e+02,6.146642565727233887e-02
3.503918709854285385e-02,1.681219243134061351e-03,-4.941020471354326191e-03,1.612087432578540245e+02,6.173440068960189819e-02
3.532982990145683289e-02,-5.288900497059027643e-03,-9.009307250380511715e-04,-9.966718203126055187e+01,4.605818167328834534e-02
3.537136192123095657e-02,-1.841505368550617550e-03,4.709546376640599136e-03,-2.135626592065322527e+01,1.486724242568016052e-02
3.547677646080653335e-02,3.490062430500985059e-03,3.207740509727348595e-03,4.741366978987021241e+01,3.087923629209399223e-03
3.594746626913547516e-02,4.389141841481129618e-03,-2.995568269398063421e-03,1.243133491556017276e+02,4.587234556674957275e-02
3.878886500994364883e-02,-3.547739780818422780e-03,-5.030553477505843134e-03,-1.448070378517178369e+02,6.887473911046981812e-02
3.908042237162590027e-02,-3.589992100993792071e-03,4.553153412416577339e-03,-3.825446502214671796e+01,5.590675398707389832e-03
3.912869219978650642e-02,-6.058244189868370981e-03,-4.309642439087227979e-04,-9.406898532779128175e+01,3.904514387249946594e-02
3.937341148654620315e-02,-5.794377842297159182e-04,-5.894091135511795969e-03,-1.743853932873179531e+02,6.980169564485549927e-02
3.968164324760437012e-02,4.091565186778705482e-03,3.568588193350781708e-03,4.890565918818106894e+01,2.021300978958606720e-02
4.063522939880689216e-02,-5.967279430478811264e-03,2.188279914359251514e-03,-6.986134828337780789e+01,1.689216680824756622e-02
4.078221941987673904e-02,5.546000475684802027e-03,-2.674388020144154339e-03,1.157442582465740202e+02,4.060396179556846619e-02
4.156981905301412178e-02,-5.289941560477018356e-03,-3.448037197813391252e-03,-1.230967138223911945e+02,5.673172324895858765e-02
4.198207085331281258e-02,6.435878109186887741e-03,5.332138971425591815e-04,8.526384904000515519e+01,3.260017558932304382e-02
4.233353088299433853e-02,-1.748486732443173220e-03,6.281018878022829113e-03,-1.555594183979669154e+01,-6.146654952317476273e-03
4.261139159401258064e-02,2.018728138258061265e-03,6.005838979035615921e-03,1.857891666239975237e+01,8.929491974413394928e-03
4.392651592691739632e-02,8.734670312454300214e-04,-6.633080076426267624e-03,1.724982553976208521e+02,7.332763820886611938e-02
4.442704468965530396e-02,4.290982692812880459e-03,-5.358829163014888763e-03,1.413146488961630780e+02,5.999195948243141174e-02
4.507994403441747261e-02,-6.543864651272694559e-03,2.689246631537874684e-03,-6.765944802585100604e+01,1.283774059265851974e-02
4.545302689075469971e-02,-5.941067201395830097e-03,-3.597124867762128368e-03,-1.211935551293155839e+02,5.639219284057617188e-02
4.613701750834783150e-02,-4.166577321787674933e-03,5.489433339486519785e-03,-3.719914329455796320e+01,-2.164814621210098267e-03
4.680333907405535149e-02,7.161863458653290777e-03,1.085713816185792432e-03,8.137979255441152304e+01,3.608637675642967224e-02
4.683664689461389946e-02,3.655880223959685239e-03,6.189324737836917820e-03,3.056929036722721094e+01,1.995036005973815918e-02
4.745661467313766479e-02,-7.285955051581065149e-03,-7.908519667883728496e-05,-9.062189102397719864e+01,3.465118631720542908e-02
4.840011273821195198e-02,-1.558855719243486867e-03,-7.385921043654283466e-03,-1.680821895841457660e+02,8.063466846942901611e-02
4.872816676894823479e-02,6.454702621946731625e-03,4.304573871195316315e-03,5.630109153795977051e+01,3.472007811069488525e-02
4.883594438433647156e-02,-4.867252117643753977e-03,-6.011424120515584946e-03,-1.410040478504510872e+02,6.565660983324050903e-02
4.927178596456845833e-02,5.664140374089280186e-03,-5.143780261278153333e-03,1.322435555259479543e+02,5.879352241754531860e-02
5.029953643679618835e-02,-2.418090589344501062e-03,6.957756200184425296e-03,-1.916432544432895213e+01,4.315234255045652390e-03
5.044822891553243233e-02,7.645143506427606525e-03,-1.906839199364185550e-03,1.040048742959160251e+02,4.289172589778900146e-02
5.072130511204402115e-02,1.637152085701625709e-03,7.932827497522037391e-03,1.166081275953918173e+01,1.135426200926303864e-02
5.280869454145431519e-02,-8.083284987757604484e-03,-6.722798570990558102e-04,-9.475429883262727060e+01,2.479968406260013580e-02
5.329460278153419495e-02,3.882877839108305265e-04,-8.331649781515201511e-03,1.773317210495306426e+02,6.981618702411651611e-02
5.366574724515279365e-02,4.193768215676148443e-03,-7.363759912550449371e-03,1.503378588248682490e+02,6.131071969866752625e-02
5.394293243686357903e-02,-6.968666644146045627e-03,-4.659867069373528452e-03,-1.237701903719837588e+02,4.138375073671340942e-02
5.413145820299784805e-02,6.703962261478106470e-03,5.401174848278364124e-03,5.114268253562492106e+01,3.771053254604339600e-02
5.461644877990087105e-02,-4.734388707826534329e-03,6.721432320773601532e-03,-3.515979390146296168e+01,1.531341578811407089e-02
5.511524776617686416e-02,8.591807913035154343e-03,-9.911307224683696404e-04,9.658041963360960835e+01,3.822803497314453125e-02
5.517669518788655830e-02,3.905139863491059651e-03,7.775385398417712125e-03,2.666781149741963119e+01,2.330087125301361084e-02
5.597469831506411697e-02,-7.909005973488092422e-03,2.838591268906990109e-03,-7.025662296936245355e+01,2.010441012680530548e-02
5.687364935874938965e-02,8.357787504792213440e-03,3.098023270164655934e-03,6.966151379706569458e+01,3.441314026713371277e-02
5.771167576313018799e-02,-1.756465450550118721e-03,-8.927568482855956916e-03,-1.688694361316060508e+02,6.445861607789993286e-02
5.792417377233505249e-02,-5.805023480206727982e-03,-6.630282693852981510e-03,-1.387968214170226702e+02,5.100424215197563171e-02
5.888047069311141968e-02,6.190103090678651838e-03,-6.976681606223186435e-03,1.384187641085722476e+02,5.620959773659706116e-02
5.915352826317152313e-02,8.607139655699333133e-03,-3.840993478055072970e-03,1.140491364185858743e+02,4.902871325612068176e-02
5.966364095608393814e-02,-2.316298118482031532e-03,8.988130992899339561e-03,-1.445105049132071606e+01,1.489228662103414536e-02
5.980211868882179260e-02,2.267987777789436110e-03,9.067012773205837192e-03,1.404358583961794338e+01,1.584071293473243713e-02
6.203679119547209075e-02,9.246098188062509479e-03,3.049334269235260287e-03,7.174760606934965779e+01,3.526370599865913391e-02
6.215478852391242981e-02,-8.513249301662048282e-03,3.793351817876100540e-03,-6.598310118883367181e+01,2.343036979436874390e-02
6.286111846566200256e-02,-6.955105500916640253e-03,-6.850478394577900858e-03,-1.345657860691554504e+02,5.657249316573143005e-02
6.330235674977302551e-02,5.582564820845936290e-05,-1.012916490435600281e-02,1.796842245460647405e+02,6.633887439966201782e-02
6.351120149095854095e-02,9.792264550924301147e-03,-1.527837253888720366e-03,9.886806970357696400e+01,4.888749495148658752e-02
6.409858042995135452e-02,-5.338632036000488454e-03,8.226533109943073158e-03,-3.298166967636645097e+01,2.554109320044517517e-02
6.410000721613565156e-02,4.196913757671913089e-03,-9.146167896687984467e-03,1.553509691411522624e+02,6.659532338380813599e-02
6.469786912202835083e-02,4.719194024801255140e-03,9.007855473707120780e-03,2.764993591659238703e+01,1.875312440097332001e-02
6.551373253266017105e-02,8.406327106058597565e-03,6.034615682438016805e-03,5.432672257274070660e+01,2.711163274943828583e-02
6.642919033765792847e-02,-9.520056191831827164e-03,-4.684988254060348453e-03,-1.162026157166494329e+02,4.814151674509048462e-02
6.648263707756996155e-02,-3.271669382229446931e-03,-9.873179408411186103e-03,-1.616663841640073258e+02,7.756867259740829468e-02
6.653809795777002045e-02,-1.008883584290742874e-02,4.775552079081541845e-04,-8.728992620865864183e+01,2.931515872478485107e-02
6.876454750696818496e-02,9.877657828231653156e-03,-3.979289050524433165e-03,1.119424130718804093e+02,6.029908731579780579e-02
6.962641080220541290e-02,6.699343599999943791e-03,-8.461931565155586185e-03,1.416312058195503596e+02,7.082603126764297485e-02
6.973049044609069824e-02,-3.022333917518454753e-03,1.012099425618847269e-02,-1.662669067975846815e+01,1.540548074990510941e-02
7.019130140542984009e-02,2.451206247011822065e-03,1.082343483964602268e-02,1.276064019084764922e+01,7.669085171073675156e-03
7.177936782439550689e-02,1.021269150078296835e-02,5.156277601296703310e-03,6.321128314051723152e+01,2.987109683454036713e-02
7.184923440217971802e-02,-4.426376350844899235e-03,-1.025042776018381119e-02,-1.566441747449502202e+02,7.708004862070083618e-02
7.263293117284774780e-02,-8.827079863597949924e-03,-7.386465867360432654e-03,-1.299224609978435865e+02,6.781579554080963135e-02
7.355577250321707061e-02,1.113785586009423054e-02,-2.804556085417678505e-04,9.144242554620841190e+01,4.943475872278213501e-02
7.371213038762410019e-02,-1.078116552283366579e-02,3.561179464062055530e-03,-7.172084171427516708e+01,3.275745362043380737e-02
7.467352847258250381e-02,6.525558419525625056e-03,8.747854735702276230e-03,3.672150278543159629e+01,1.511338166892528534e-02
7.496073096990585327e-02,-6.889280863106250763e-03,8.771437220275402069e-03,-3.814687510569525131e+01,1.673705130815505981e-02
7.613587876160940460e-02,4.305701314782102614e-03,-1.091155797864000118e-02,1.584658054520361077e+02,8.255159854888916016e-02
7.702571401993434097e-02,-1.552310228968660976e-03,-1.199998613446950912e-02,-1.726291881664730852e+02,8.454079180955886841e-02
7.813694328069686890e-02,-1.079957062999407393e-02,-6.076692137867212296e-03,-1.193655459700149493e+02,5.519553273916244507e-02
7.910723487536111542e-02,-1.218487663815418995e-02,-2.915902684132252315e-04,-9.137085537628368570e+01,3.896355256438255310e-02
7.982001950343450836e-02,1.215553283691406250e-02,-1.783787117650112528e-03,9.834839340126842444e+01,4.717377573251724243e-02
8.096812417109808258e-02,6.719267927110197762e-03,9.900584351271390915e-03,3.416371338905252486e+01,2.301183529198169708e-02
8.145486563444137573e-02,-3.866946945587791673e-03,1.135454714919130123e-02,-1.880698076585528966e+01,1.009332295507192612e-02
8.196145296096801758e-02,7.348820101469755173e-03,-1.037094757581750668e-02,1.446787363606076440e+02,9.324408322572708130e-02
8.284109334150950577e-02,1.163311830411354816e-02,-6.623478916784127264e-03,1.196556291491330626e+02,6.930741667747497559e-02
8.411292980114619400e-02,2.644915754596395205e-03,1.324733626097440720e-02,1.129100277403492392e+01,1.267089787870645523e-02
8.435359597206115723e-02,-4.897234185288349209e-03,-1.239463717987140078e-02,-1.584405720080354740e+02,9.040080010890960693e-02
8.468112846215566925e-02,-9.743791073560714722e-03,-9.335305076092481613e-03,-1.337734770933687685e+02,7.031979411840438843e-02
8.552667746941249038e-02,-1.330488671859105486e-02,1.554668337727585850e-03,-8.333524460846429349e+01,4.092318937182426453e-02
8.570944517850875854e-02,1.361192576587200165e-02,2.431713199863830624e-03,7.987119959468603270e+01,4.293132573366165161e-02
8.651763945817947388e-02,1.155203146239121639e-02,7.451516576111318416e-03,5.717638576581967413e+01,4.074294865131378174e-02
8.761208256085714630e-02,-7.322585520644981499e-03,1.108290363724033153e-02,-3.345313945048680182e+01,2.641311846673488617e-02
8.886591593424479629e-02,-1.233448026080926317e-02,7.066070024544995193e-03,-6.019284181690638036e+01,4.089059680700302124e-02
8.897254864374797012e-02,6.578472908586263657e-03,-1.258485578000545502e-02,1.524026127038563345e+02,1.015255600214004517e-01
9.040117760499319366e-02,-2.552756059837216554e-03,-1.418586230526367765e-02,-1.697987615228371681e+02,9.811822324991226196e-02
9.075761089722315933e-02,1.342619334657986843e-02,-6.018604617565871152e-03,1.141454219293103023e+02,7.538492232561111450e-02
9.078283856312432953e-02,-1.446169335395097906e-02,-2.547856342668334065e-03,-9.999181394047623428e+01,5.988080054521560669e-02
9.090758115053176880e-02,-1.228590371708075321e-02,-7.652727887034417066e-03,-1.219182357161173229e+02,7.304541766643524170e-02
9.177677830060322617e-02,2.889372456896428971e-03,-1.459546790768702709e-02,1.688022967752542911e+02,9.722860157489776611e-02
9.194825838009516861e-02,2.644915754596394771e-03,1.455322404702504360e-02,1.030055910871274172e+01,2.054172754287719727e-02
9.251384933789572051e-02,1.470701924214760578e-02,-9.340631465117130855e-04,9.363405327682406210e+01,5.713889002799987793e-02
9.392719467480976914e-02,-3.455638575057185923e-03,1.435668580234050924e-02,-1.353359073412848090e+01,2.655317261815071106e-02
9.405870983997981216e-02,1.132740670194228548e-02,-9.802172270913921126e-03,1.308712767852360628e+02,9.314323216676712036e-02
9.411865224440893463e-02,1.140298849592606169e-02,9.942451336731512185e-03,4.891429671148438985e+01,4.084921628236770630e-02
9.588881582021713257e-02,-1.397734135389328176e-02,6.048197858035564423e-03,-6.660116652482274446e+01,5.099508911371231079e-02
9.640446553627650406e-02,6.570224960645042189e-03,1.369740689794222629e-02,2.562560209871401540e+01,3.098893165588378906e-02
9.650797645250955292e-02,-1.554545635978380955e-02,2.494223105410738788e-04,-8.908078481204250920e+01,6.136368215084075928e-02
9.759366263945896958e-02,-4.451082970869416414e-03,-1.521353702992200851e-02,-1.636919047138363226e+02,9.894684702157974243e-02
9.785818060239155625e-02,-1.205902143071095264e-02,-1.016777458911140818e-02,-1.301364974188394967e+02,8.958837389945983887e-02
9.909826765457789566e-02,1.576718470702568806e-02,1.106551770741740284e-03,8.598552537089308601e+01,6.287058442831039429e-02
9.918248901764552261e-02,3.980621433584019542e-03,-1.565093516061703480e-02,1.657300888201019973e+02,9.186733514070510864e-02
9.969813873370488022e-02,-5.780440134306747552e-03,1.483563892543315887e-02,-2.128748167945482805e+01,3.724860772490501404e-02
9.989487628142039444e-02,1.452304826428492748e-02,6.963262877737482967e-03,6.438401031055563806e+01,4.876928776502609253e-02
9.992902477582296661e-02,1.178794447332620621e-02,-1.072653507192929470e-02,1.323008798349486881e+02,9.330300241708755493e-02
1.007647340496381216e-01,-8.513082905362049160e-03,-1.396740755687157429e-02,-1.486378479822634517e+02,1.001620069146156311e-01
1.013523861765861511e-01,-1.358592541267474550e-02,9.009786183014512062e-03,-5.644883275185785720e+01,4.636522009968757629e-02
1.021942347288131714e-01,-1.032170354543878908e-04,-1.664251089096069336e-02,-1.796446555018084723e+02,9.887431561946868896e-02
1.022485742966334071e-01,8.130259656657774087e-03,-1.456468583395083630e-02,1.508289892776044780e+02,9.632406383752822876e-02
1.022794296344121251e-01,-1.643157470971345901e-02,-1.943443979447087230e-03,-9.674531963841334914e+01,7.048587501049041748e-02
1.024972225228945322e-01,-1.040091893325249296e-02,1.312734031428893465e-02,-3.839012641923303448e+01,4.272795096039772034e-02
1.032032941778500829e-01,6.648832311232886171e-03,1.495466319223245216e-02,2.396989607988255244e+01,3.309857100248336792e-02
1.035048911968867030e-01,-1.512092941751082796e-02,-7.255769334733486176e-03,-1.156339937665790387e+02,8.554594218730926514e-02
1.051429534951845851e-01,1.504515173534552372e-02,-8.099269587546586990e-03,1.182949513953893330e+02,8.583561331033706665e-02
1.052963609496752467e-01,-2.324801559249556858e-03,1.706652219096819328e-02,-7.757086036148326258e+00,3.093254379928112030e-02
1.054338663816452026e-01,1.679765184720357490e-02,-2.695591266577443065e-03,9.911677150562010752e+01,6.792712211608886719e-02
1.065855175256729265e-01,2.723523105184240487e-03,1.711688563227653503e-02,9.040730595620535937e+00,2.915253490209579468e-02
1.068316375215848241e-01,1.495240132013956648e-02,8.660968160256743431e-03,5.991903564021983186e+01,4.509298875927925110e-02
1.075659915804862976e-01,-1.617355147997538364e-02,6.784568618362149181e-03,-6.724266240625276225e+01,4.743336513638496399e-02
1.078542421261469431e-01,1.191094890236854553e-02,1.289741291354100025e-02,4.272292646295127838e+01,3.928255289793014526e-02
1.078738744060198373e-01,-1.745108577112356937e-02,1.630114003395041408e-03,-8.466346010356261331e+01,6.118542701005935669e-02
1.085444390773773193e-01,9.553961921483278275e-03,-1.486133908232053005e-02,1.472641082697351180e+02,9.953463077545166016e-02
1.087408140301704407e-01,-8.385261986404657364e-03,-1.555923062066237247e-02,-1.516786521318960865e+02,1.111048236489295959e-01
1.089885681867599487e-01,7.909381141265236972e-04,-1.773212788005670143e-02,1.774460257906218317e+02,9.710972011089324951e-02
1.096391578515370641e-01,-1.003271217147509199e-02,1.482714060693979263e-02,-3.408405477887318114e+01,3.956913948059082031e-02
1.103871787587801662e-01,-1.556892693042755127e-02,-8.916449888298910026e-03,-1.198001146278280231e+02,8.317358046770095825e-02
1.105333964029947963e-01,1.390543176482121265e-02,-1.121470533932248867e-02,1.288861128916832399e+02,9.125015139579772949e-02
1.107601846257845607e-01,-5.412233372529346581e-03,1.718879118561744690e-02,-1.747764701037261403e+01,3.622270002961158752e-02
1.120748793085416112e-01,1.818387458721796787e-02,-1.603203515211746189e-04,9.050514215051639155e+01,6.417447328567504883e-02
1.122726872563362122e-01,6.298478847990433664e-03,-1.703720539808273315e-02,1.597111673951408761e+02,9.331329911947250366e-02
1.123640760779380937e-01,-3.429106902331114683e-03,-1.789497708280881477e-02,-1.691522539601220672e+02,1.081250682473182678e-01
1.126760418216387338e-01,1.758276050289471829e-02,5.339527968317271146e-03,7.310752740730688970e+01,5.544164031744003296e-02
1.127165481448173523e-01,-1.237919802467028416e-02,-1.342027820646762848e-02,-1.373107893720863615e+02,9.815882146358489990e-02
1.135075911879539490e-01,6.111758140226205768e-03,1.734794055422147346e-02,1.940759202431818764e+01,3.070480003952980042e-02
1.138562162717183524e-01,-1.625622871021429813e-02,9.228550673772891941e-03,-6.041671674908090495e+01,4.387135058641433716e-02
1.142384285728136606e-01,1.137387473136186600e-02,1.463733830799659151e-02,3.784882464536001834e+01,3.475587815046310425e-02
1.145231624444325719e-01,-1.867020378510157383e-02,-2.033233176916831187e-04,-9.062394109940466080e+01,6.491982936859130859e-02
1.147845461964607378e-01,-1.330039588113625902e-02,1.315356853107611454e-02,-4.531800530765715962e+01,3.964439779520034790e-02
1.158110052347183228e-01,-1.809869023660818851e-02,-5.437561854099234523e-03,-1.067223449145182315e+02,7.184790819883346558e-02
1.167493263880411830e-01,-3.087431813279784519e-03,1.866985236605008674e-02,-9.390016453356258452e+00,3.142143040895462036e-02
1.171548267205556187e-01,1.620313369979461265e-02,-9.862434274206560020e-03,1.213278084935962511e+02,8.409529924392700195e-02
1.182075763742129054e-01,3.388235035041970919e-03,1.877863829334577156e-02,1.022785166636497500e+01,2.768354304134845734e-02
1.184053967396418161e-01,1.872907641033331669e-02,-4.211727607374389677e-03,1.026736437515958897e+02,7.492811977863311768e-02
1.184142082929611206e-01,-1.836467596391836918e-02,4.811757632220785980e-03,-7.531788003888014771e+01,5.209085345268249512e-02
1.187049175302187648e-01,8.611879621942838611e-03,-1.715873492260774208e-02,1.533481639922177919e+02,9.464442729949951172e-02
1.189469943443934030e-01,1.789206825196743011e-02,7.501170737668871880e-03,6.725434712710426766e+01,5.092227458953857422e-02
1.194867764910062108e-01,1.472463489820559877e-02,1.256253632406393803e-02,4.953036517133674010e+01,3.604694455862045288e-02
1.197341506679852757e-01,-1.214181538671255112e-02,-1.514170877635478973e-02,-1.412746129887584914e+02,1.038650944828987122e-01
1.201641385753949576e-01,-2.435599919408560667e-03,-1.936871123810609413e-02,-1.728327220269895861e+02,1.069664508104324341e-01
1.215980996688206944e-01,1.416506463040908236e-02,-1.363059754172961033e-02,1.338984275659654486e+02,9.371089935302734375e-02
1.218119288484255519e-01,-1.836708995203177250e-02,-7.515140886728961973e-03,-1.122525813132594976e+02,7.543061673641204834e-02
1.218214283386866298e-01,-1.289396484692891323e-02,1.513174455612897873e-02,-4.043476722950880031e+01,3.834015503525733948e-02
1.226651817560195923e-01,-7.301479578018188477e-03,1.828637781242529667e-02,-2.176609353174864125e+01,3.346363082528114319e-02
1.232208609580993791e-01,4.097845871001482010e-03,-1.932739155987898624e-02,1.680292685944771165e+02,9.728223085403442383e-02
1.234057048956553188e-01,-1.559994400789340568e-02,-1.271545949081579960e-02,-1.291833556260510250e+02,9.246255457401275635e-02
1.235584790507952280e-01,-7.154372365524372043e-03,-1.875439534584680962e-02,-1.591192924276432734e+02,1.156524792313575745e-01
1.243635962406794276e-01,-1.916364207863807678e-02,5.561775295063854131e-03,-7.381593016784809436e+01,5.332295224070549011e-02
1.244425947467486110e-01,7.061396415034931068e-03,1.881387767692407204e-02,2.057257646016601882e+01,2.862445451319217682e-02
1.248700320720672607e-01,1.989567838609218597e-02,4.640922726442416220e-03,7.686980740724112593e+01,5.787580460309982300e-02
1.249295969804128104e-01,2.013157246013482643e-02,-1.572127298762400439e-03,9.446531524570204397e+01,7.314881682395935059e-02
1.249909574786822047e-01,1.313567968706290043e-02,1.530837795386711699e-02,4.063194624479042005e+01,3.293677791953086853e-02
1.268424863616625653e-01,-1.664876379072666168e-02,1.195674436166882515e-02,-5.431499564305757843e+01,4.379921033978462219e-02
1.272384002804756165e-01,-2.012974458436171329e-02,-5.583139990145960865e-03,-1.055017648849443077e+02,7.548295706510543823e-02
1.286153917511304035e-01,-2.080556253592173374e-02,3.044610687841979666e-04,-8.916161415000836143e+01,6.341806054115295410e-02
1.289439871907234192e-01,1.591337968905767036e-02,-1.362906862050294876e-02,1.305785155745881241e+02,9.282033890485763550e-02
1.289666915933291302e-01,-4.214047764738397019e-03,2.012499794363975525e-02,-1.182650384768159668e+01,3.405576199293136597e-02
1.292858545978864127e-01,3.673161379992966220e-03,2.054371188084284580e-02,1.013721586749031012e+01,3.295447304844856262e-02
1.296851485967636108e-01,-1.588279412438472343e-02,-1.408916090925534451e-02,-1.315752919187004579e+02,1.015658006072044373e-01
1.301663195093472891e-01,1.633181888610124588e-02,1.323306746780872518e-02,5.098343198282034194e+01,3.951006010174751282e-02
1.302274763584136963e-01,6.215525014946857510e-03,-1.997689343988895416e-02,1.627172163654426242e+02,1.074712574481964111e-01
1.305851762493451529e-01,1.992438423136870182e-02,7.626977826779087963e-03,6.905334583666464709e+01,4.957376047968864441e-02
1.309749484062194824e-01,-7.835808054854473056e-03,-1.979858179887136055e-02,-1.584075182142303220e+02,1.074444502592086792e-01
1.316346998016039715e-01,2.097180671989917755e-02,-4.450287126625577031e-03,1.019806345392640736e+02,7.878643274307250977e-02
1.319841047128041678e-01,-1.915541974206765724e-02,-9.868737154950698795e-03,-1.172572043718429882e+02,8.733255416154861450e-02
1.330574204524358206e-01,1.247787382453680212e-02,-1.780670788139104843e-02,1.449795311711599481e+02,1.039428859949111938e-01
1.334048509597778320e-01,-1.749203540384769440e-02,1.266303053125739098e-02,-5.409804720282348001e+01,5.025119706988334656e-02
1.334300637245178223e-01,-1.310610119253396988e-02,-1.755959664781888557e-02,-1.432631400589805253e+02,1.047603115439414978e-01
1.335383231441180096e-01,1.948412073155244423e-02,-1.001227724676330942e-02,1.171972069405998695e+02,9.035313129425048828e-02
1.343950281540552960e-01,-7.462739944458007812e-03,2.031501072148482120e-02,-2.017085953152492905e+01,3.679699823260307312e-02
1.352857400973637991e-01,7.550022254387540530e-03,2.051745913922786713e-02,2.020262471293435880e+01,3.691019117832183838e-02
1.353621532519658499e-01,-2.195191445449988163e-02,1.165288190046947147e-03,-8.696138173728138554e+01,6.531599164009094238e-02
1.356178422768910818e-01,1.413439648846785170e-02,1.671231444925069809e-02,4.022278450080126078e+01,3.915345668792724609e-02
1.358812898397445679e-01,1.909169174420337605e-03,-2.205293066799640656e-02,1.750521187529720919e+02,1.169116795063018799e-01
1.361709684133529663e-01,-4.355222180796166839e-03,-2.187447063624858856e-02,-1.687396209971576582e+02,1.106865182518959045e-01
1.361900717020034790e-01,-1.389849682648976875e-02,1.721273548901081085e-02,-3.891928879722094337e+01,4.376912862062454224e-02
1.368896365165710449e-01,2.176802170773347450e-02,5.275214013333123092e-03,7.637768429016786342e+01,5.402642488479614258e-02
1.370218793551127301e-01,-2.012356432775656498e-02,-9.818765490005414848e-03,-1.160088484918095588e+02,8.580290526151657104e-02
1.376727223396301270e-01,-2.115326561033725739e-02,7.128888585915167837e-03,-7.137560446091836752e+01,6.167287379503250122e-02
1.378795951604843140e-01,2.257955012222131325e-02,-5.890009148667263265e-04,9.149425541956863128e+01,6.796608865261077881e-02
1.390229364236195975e-01,-2.224424108862876892e-02,-4.672341203937927304e-03,-1.018623708286187508e+02,7.585124671459197998e-02
1.402497291564941406e-01,-3.248692179719603855e-03,2.266024425625801086e-02,-8.158631948130553369e+00,3.898499906063079834e-02
1.406557013591130667e-01,-1.473735334972540480e-02,-1.779415085911750793e-02,-1.403679919249587158e+02,1.011376604437828064e-01
1.408212780952453613e-01,3.876860874394579513e-03,2.244397873679796970e-02,9.800279095926926587e+00,4.019948095083236694e-02
1.409046649932861328e-01,2.036326751112937927e-02,-1.100049121305346489e-02,1.183784710696971985e+02,9.375762939453125000e-02
1.410782039165496826e-01,1.420946512371301824e-02,-1.815089738617340492e-02,1.419443155498646263e+02,1.043454036116600037e-01
1.417257289091746197e-01,1.726311352103948593e-02,1.514493860304355795e-02,4.873950613833929424e+01,4.626404494047164917e-02
1.419485608736674176e-01,-1.848219086726506782e-02,-1.427374345560868639e-02,-1.276788069624834634e+02,9.641350060701370239e-02
1.425786664088567191e-01,2.130417339503765106e-02,9.313927808155616703e-03,6.638563094070498494e+01,5.107331648468971252e-02
1.426639904578526907e-01,-1.400204685827096535e-02,1.844071783125400543e-02,-3.720942191567373669e+01,4.885339736938476562e-02
1.431922813256581717e-01,4.344206730214258613e-03,-2.305697525540987766e-02,1.693298837980032374e+02,1.215058490633964539e-01
1.436497966448466168e-01,-6.447139855784674196e-03,-2.273174561560153961e-02,-1.641656912330061573e+02,1.116483807563781738e-01
1.438449670871098929e-01,-2.224247778455416477e-02,7.116237810502450828e-03,-7.225849482801187662e+01,6.642645597457885742e-02
1.442596862713496075e-01,2.355782377223174240e-02,-2.556554041802882281e-03,9.619364294270158666e+01,7.399491220712661743e-02
1.443311125040054321e-01,1.852411776781082153e-02,-1.496147209157546419e-02,1.289269533153806719e+02,9.662734717130661011e-02
1.447942803303400860e-01,-7.566289976239202672e-03,2.219721488654613495e-02,-1.882253079118510186e+01,4.236208647489547729e-02
1.449074397484461652e-01,-2.277192473411560059e-02,-6.267405425508818483e-03,-1.053882414392574702e+02,8.179473876953125000e-02
1.453811327616373883e-01,2.282922714948654175e-02,-7.406054219851891489e-03,1.079736372346625188e+02,8.821974694728851318e-02
1.455592513084411621e-01,1.038215386991699594e-02,-2.132512753208478523e-02,1.540408313403777356e+02,1.124679297208786011e-01
1.456794142723083496e-01,-1.155897788703441620e-02,-2.089041098952293743e-02,-1.510435863294677290e+02,1.047836616635322571e-01
1.469800919294357300e-01,-2.048967902859052254e-02,-1.256310536215702635e-02,-1.215142564920609232e+02,9.330608695745468140e-02
1.470345407724380493e-01,7.907484037180743941e-03,2.246656330923239506e-02,1.939037517035366065e+01,4.141034185886383057e-02
1.472503244876861572e-01,-1.767248660326004028e-02,1.636070478707551956e-02,-4.720732677129736743e+01,5.633118376135826111e-02
1.475975662469863892e-01,-2.128633173803488529e-02,1.179746305570006371e-02,-6.100358960999550817e+01,6.257460266351699829e-02
1.476068894068400250e-01,1.470936244974533832e-02,1.897266786545515060e-02,3.778614434471099059e+01,4.523164033889770508e-02
1.477556476990382062e-01,-1.106690499000250426e-03,-2.397469617426395416e-02,-1.773570586917280707e+02,1.184664964675903320e-01
1.480026791493098126e-01,-2.428555985291798794e-02,2.493169197502236728e-03,-8.413851734158367890e+01,6.880152225494384766e-02
1.484798640012741089e-01,-2.411620629330476356e-02,-3.141499551323553505e-03,-9.742184719796937031e+01,7.573975622653961182e-02
1.488280097643534527e-01,2.308529304961363590e-02,7.566396767894426403e-03,7.185301285579878083e+01,5.464343726634979248e-02
1.495190709829330444e-01,2.452741501231988502e-02,1.560129846135775537e-03,8.636045649839115868e+01,6.362536549568176270e-02
1.499840468168258667e-01,-6.806665565818546468e-03,2.340906485915184021e-02,-1.621287248328569675e+01,4.832770675420761108e-02
1.506607631842295514e-01,2.049885317683219910e-02,-1.387798630942901207e-02,1.240985037781972551e+02,9.691814333200454712e-02
1.511009981234868460e-01,2.318610064685344696e-02,-9.093586355447769165e-03,1.114151066265997230e+02,9.114954620599746704e-02
1.525298108657200946e-01,-1.299980748444795609e-02,-2.137989426652590549e-02,-1.486987712478054107e+02,1.122076958417892456e-01
1.528108865022659302e-01,4.030623162786169632e-03,2.445552187661330021e-02,9.359034807820117763e+00,4.352886229753494263e-02
1.529997189839681082e-01,1.208690817778309244e-02,-2.185327187180519104e-02,1.510532926666369917e+02,1.110559925436973572e-01
1.532892237106959210e-01,-6.291101174914114557e-04,-2.491165138781070709e-02,-1.785533799286320971e+02,1.218385547399520874e-01
1.532921592394511090e-01,-2.489067769298946350e-03,2.518087190886338436e-02,-5.645209569688451445e+00,4.666847735643386841e-02
1.534370084603627615e-01,-1.636520928392807758e-02,1.914905911932389057e-02,-4.051793223508261832e+01,5.023178830742835999e-02
1.534544179836909161e-01,-2.048813737928867340e-02,-1.463367262234290499e-02,-1.255363607621485755e+02,9.850929677486419678e-02
1.538900186618169241e-01,1.804761650661627567e-02,1.734492741525173187e-02,4.613740991439527050e+01,5.198754370212554932e-02
1.540404409170150757e-01,-1.193514512851834297e-02,2.244092213610808517e-02,-2.800616044329931853e+01,4.871962219476699829e-02
1.542582015196482526e-01,2.238248723248640812e-02,1.176966711257894892e-02,6.226269054978866535e+01,5.659006908535957336e-02
1.545473635196685791e-01,-2.511990753312905514e-02,4.376013336392739830e-03,-8.011795741870201937e+01,7.022789120674133301e-02
1.545648773511250906e-01,-2.486720557014147209e-02,-5.571685382165014744e-03,-1.026289771659825192e+02,8.084984123706817627e-02
1.546857108672460013e-01,-2.356020050744215763e-02,9.557428769767284393e-03,-6.791957792580508624e+01,6.674334406852722168e-02
1.555108129978179932e-01,2.556723790864149498e-02,-3.449347180625164308e-06,9.000772993293340107e+01,7.307109236717224121e-02
1.557662039995193481e-01,2.004943663875262058e-02,-1.599575982739528252e-02,1.285834230713552984e+02,9.737149626016616821e-02
1.559712936480840140e-01,2.495452016592025757e-02,-5.807665370715161743e-03,1.031012341279886044e+02,8.637043833732604980e-02
1.560233086347579956e-01,-1.755659747868776321e-02,-1.883387317260106636e-02,-1.370102096775507334e+02,1.095009371638298035e-01
1.569625387589136944e-01,1.687608628223339832e-02,-1.971712956825892246e-02,1.394394541162591850e+02,1.031983271241188049e-01
1.574667791525523053e-01,-2.352138236165046692e-02,-1.076815851653615749e-02,-1.145984471035238386e+02,9.210803359746932983e-02
1.575495302677154541e-01,-5.262578227605748879e-03,-2.544656892617543770e-02,-1.683154440255672455e+02,1.156177744269371033e-01
1.575722843408584595e-01,-1.008951384574174881e-02,-2.400856589277585579e-02,-1.572055936439152788e+02,1.117055267095565796e-01
1.577038764953613281e-01,4.563745255533528493e-03,-2.566961199045181274e-02,1.699188423178846392e+02,1.195277497172355652e-01
1.580270230770111084e-01,9.146784897893667221e-03,-2.444873005151748657e-02,1.594881181779244059e+02,1.130046844482421875e-01
1.580790877342224121e-01,-2.581474184989929199e-02,-2.530550506586830544e-04,-9.056163730314928273e+01,7.543197274208068848e-02
1.585148125886917114e-01,-1.940929424017667770e-02,1.746075072636207176e-02,-4.802520794540005511e+01,5.336878448724746704e-02
1.585998038450877057e-01,8.152799059947332325e-03,2.443424736460050178e-02,1.845193578819433355e+01,4.689670354127883911e-02
1.591065873702367239e-01,1.536791399121284485e-02,2.081754834701617790e-02,3.643545575857584140e+01,5.153408646583557129e-02
1.594055046637853079e-01,-5.343677010387179634e-03,2.574376451472441124e-02,-1.172645954045406924e+01,4.850287735462188721e-02
1.594162732362747192e-01,-2.299044032891591274e-02,1.243236210818092144e-02,-6.159715109065441396e+01,6.363692134618759155e-02
1.595345685879389630e-01,-1.047215657308697701e-02,2.412106593449910713e-02,-2.346806686812812259e+01,4.765775054693222046e-02
1.598717917998631888e-01,2.448905073106288910e-02,9.315676676730316047e-03,6.917309976974611629e+01,5.980652570724487305e-02
1.604333420594533377e-01,2.623167944451173378e-02,3.548827138729393482e-03,8.229535626082032707e+01,6.730562448501586914e-02
1.612361073493957520e-01,2.526002687712510658e-02,-7.935977114054065112e-03,1.074412254508072522e+02,9.146847575902938843e-02
1.614712526400883807e-01,2.304219081997871399e-02,-1.333967161675294298e-02,1.200675694728117833e+02,9.670093655586242676e-02
1.631264189879099713e-01,-2.427615527267334983e-03,-2.677810254196325707e-02,-1.748199114461907300e+02,1.229779869318008423e-01
1.632661422093709402e-01,-2.429194624225298679e-02,-1.142367549861470974e-02,-1.151860046710849588e+02,9.440805017948150635e-02
1.634486019611358643e-01,2.871752725089511855e-03,-2.685437599817911553e-02,1.738961020525550225e+02,1.232556551694869995e-01
1.634699652592341290e-01,-1.767065779616435600e-02,-2.035545433561007297e-02,-1.390386107698544151e+02,1.133169084787368774e-01
1.634824375311533518e-01,-2.669839623073736595e-02,-6.325809129824231606e-04,-9.135728888541319748e+01,8.187024295330047607e-02
1.640689373016357422e-01,-1.322038068125645435e-02,-2.358316257596015930e-02,-1.507256389296704242e+02,1.134351938962936401e-01
1.641685267289479666e-01,4.122175897161169632e-03,2.637532663842042518e-02,8.882845661307593232e+00,4.741447791457176208e-02
1.644736329714457379e-01,1.668245003869136406e-02,-2.145837806165218353e-02,1.421373288465373719e+02,1.063517108559608459e-01
1.644929548104604178e-01,-2.854609241088226779e-03,2.695949375629425049e-02,-6.044248965381434857e+00,4.588103294372558594e-02
1.644953687985738211e-01,-1.825091646363338066e-02,2.007116936147212982e-02,-4.228056342582613070e+01,5.097943171858787537e-02
1.648521025975545340e-01,2.433738174537817753e-02,1.198400168990095514e-02,6.378384415139181840e+01,5.819668993353843689e-02
1.649116923411687308e-01,-1.374384295195341110e-02,2.343962155282497406e-02,-3.038526581889262701e+01,4.678056389093399048e-02
1.649121344089508057e-01,1.797646532456080234e-02,2.009030524641275406e-02,4.182164137831849615e+01,5.568480864167213440e-02
1.650933027267456055e-01,1.255917207648356813e-02,-2.420571135977904118e-02,1.525773862102268481e+02,1.082662567496299744e-01
1.657675902048746652e-01,-2.652142383158206940e-02,-6.606728226567308397e-03,-1.039881916495521494e+02,8.958812803030014038e-02
1.659408062696456909e-01,-2.416383288800716400e-02,1.263691717758774757e-02,-6.239186167493630109e+01,6.506265699863433838e-02
1.665683537721633911e-01,2.745432034134864807e-02,9.727589786052701689e-04,8.797075006010118159e+01,7.462982833385467529e-02
1.667367021242777692e-01,2.282197835544745243e-02,-1.532896514981985266e-02,1.238882928865747743e+02,9.694457799196243286e-02
1.667596399784088135e-01,2.206811433037122322e-02,1.657300721853971481e-02,5.309369408907764409e+01,5.603969842195510864e-02
1.669106384118398123e-01,2.709538551668326176e-02,-4.707829250643650112e-03,9.985675159315701421e+01,8.549334108829498291e-02
1.679011782010396137e-01,-2.735755530496438576e-02,4.087073650831977815e-03,-8.150315561799042996e+01,7.357884198427200317e-02
1.680819441874822073e-01,-4.235862424441924276e-03,-2.743213189144929481e-02,-1.712221448138514859e+02,1.158018037676811218e-01
1.685427476962407523e-01,1.963558793067932129e-02,-1.972630185385545326e-02,1.351320443649371725e+02,1.007685139775276184e-01
1.686776479085286551e-01,-2.356820926070213318e-02,-1.504691348721583916e-02,-1.225558339369643619e+02,1.027953401207923889e-01
1.690017084280650006e-01,-1.020169196029504198e-02,-2.567519495884577549e-02,-1.583302695195545482e+02,1.101712584495544434e-01
1.691292772690455304e-01,-2.121496138473352028e-02,1.804571691900491714e-02,-4.961508716244415496e+01,5.739507451653480530e-02
1.691607087850570679e-01,-2.608758645753065861e-02,9.852570015937089920e-03,-6.930981650682019790e+01,6.508175283670425415e-02
1.693671196699142456e-01,-2.074264859159787727e-02,-1.877289141217867649e-02,-1.321463015461979182e+02,1.089784055948257446e-01
1.693874647219975882e-01,4.954701308937122135e-03,-2.762102956573168205e-02,1.698303560921282269e+02,1.178079470992088318e-01
1.699026773373286114e-01,7.713728894790016812e-03,2.664574856559435642e-02,1.614530279236010557e+01,4.809016361832618713e-02
1.700848340988159180e-01,2.657140232622623444e-02,9.226926136761903763e-03,7.085042939020402741e+01,6.181270256638526917e-02
1.701395014921824322e-01,1.435290339092413527e-02,2.397742619117101265e-02,3.090476742707983249e+01,5.172311514616012573e-02
1.707090189059575491e-01,1.005908101797103882e-02,-2.619324686626593734e-02,1.589915440366791302e+02,1.093416139483451843e-01
1.708113054434458600e-01,-6.682966214915115472e-03,2.723828765253226425e-02,-1.378532097091404829e+01,4.393942281603813171e-02
1.711009790500005179e-01,-1.244372036308050156e-02,2.534111402928829193e-02,-2.615328519671843921e+01,4.568408057093620300e-02
1.712395350138346539e-01,2.794571220874786724e-02,3.982532963467141571e-03,8.188941168243954394e+01,7.074674963951110840e-02
1.713870118061701642e-01,2.502580359578132629e-02,-1.332474624117215706e-02,1.180326359962703009e+02,9.486075490713119507e-02
1.717960933844248639e-01,2.708137469987074650e-02,-8.107304844694832383e-03,1.066660326873903415e+02,8.864197880029678345e-02
1.718281159798304425e-01,-2.741559719045957161e-02,-7.170830154791474342e-03,-1.046579189835928076e+02,9.012783318758010864e-02
1.724822918574015485e-01,5.262109334580600262e-04,-2.834840367237726963e-02,1.789365819707539060e+02,1.210930421948432922e-01
1.729741146167119437e-01,2.341886733969052517e-02,1.639212823162475990e-02,5.500975139278403248e+01,5.499192699790000916e-02
1.743070334196090698e-01,-2.595564412573973453e-02,-1.234453792373339451e-02,-1.154358209618407898e+02,9.755423665046691895e-02
1.743237922588984357e-01,-2.865259287257989479e-02,2.792238956317306432e-03,-8.443401402393989486e+01,7.621598243713378906e-02
1.745474835236867361e-01,2.622882835566997528e-02,1.203178986907005484e-02,6.535794596638201881e+01,5.960160121321678162e-02
1.747179329395294189e-01,-1.093998489280541796e-02,-2.643173312147458626e-02,-1.575155390165583924e+02,1.175866574048995972e-01
1.751522868871688843e-01,2.037055231630802155e-02,-2.055631888409455849e-02,1.352600630564380424e+02,9.986648708581924438e-02
1.753582110007604056e-01,-2.083944653471311165e-02,2.004519943147897720e-02,-4.611291861507564249e+01,5.442872270941734314e-02
1.757262547810872488e-01,-1.976367024083932472e-02,-2.125564155479272438e-02,-1.370830674299919849e+02,1.139826104044914246e-01
1.759016066789627075e-01,3.591552997628852384e-03,2.863166419168313576e-02,7.149831469043310683e+00,4.666505008935928345e-02
1.759655773639678955e-01,-2.888760715723038067e-02,-2.491517535721263308e-03,-9.492948540836209759e+01,8.504708856344223022e-02
1.760952572027842389e-01,1.688641247649987770e-02,2.345352123181024956e-02,3.575368966459267739e+01,5.310622230172157288e-02
1.764858067035675049e-01,-3.828356973826880453e-03,2.864003616074721481e-02,-7.613680357442331292e+00,4.404775425791740417e-02
1.766298214594523297e-01,-2.632226298252741611e-02,1.263978549589713472e-02,-6.434997373442961077e+01,6.121069192886352539e-02
1.766991366942723685e-01,2.395116848250230385e-02,-1.665897636363903797e-02,1.248201265890442073e+02,9.466343373060226440e-02
1.768798629442850934e-01,1.246984737614790714e-02,-2.627231429020563530e-02,1.546091916939948021e+02,1.124785318970680237e-01
1.769135892391204834e-01,-1.657527902474006248e-02,2.397214435040950775e-02,-3.466149937766576983e+01,4.691659286618232727e-02
1.770610858996709280e-01,-1.528216153383255178e-02,-2.488312746087710178e-02,-1.484435183597959735e+02,1.189098209142684937e-01
1.770823647578557425e-01,2.186072741945584499e-02,1.938552130013704300e-02,4.843422719447708147e+01,5.602014809846878052e-02
1.776640216509501324e-01,2.928122505545616497e-02,1.987873634789139032e-03,8.611620513707137547e+01,7.432734221220016479e-02
1.776881565650304251e-01,2.823006920516490936e-02,-7.828617429671187039e-03,1.054994842791902272e+02,8.530585467815399170e-02
1.779464135567347394e-01,2.327198793257889871e-04,-2.926262654364109039e-02,1.795443476074972011e+02,1.239834129810333252e-01
1.787915676832199097e-01,1.786538461844126152e-02,-2.351499969760577347e-02,1.427744574121233256e+02,1.046483889222145081e-01
1.792622903982798444e-01,-5.267646411084570858e-03,-2.910289292534192288e-02,-1.697404948673704723e+02,1.261075735092163086e-01
1.793199876944224225e-01,-2.823440171778202057e-02,8.342014625668525696e-03,-7.353992490436435503e+01,6.770032644271850586e-02
1.796388526757558279e-01,-2.402299456298351288e-02,1.742361517002185417e-02,-5.404703375560247025e+01,5.822524055838584900e-02
1.801121185223261700e-01,2.784696407616138458e-02,1.064154785126447678e-02,6.908594779476982239e+01,6.081533432006835938e-02
1.804174631834030151e-01,2.953029113511244572e-02,-3.642694345520189423e-03,9.703216797686116024e+01,7.940205186605453491e-02
1.807207564512888776e-01,-2.665576276679833961e-02,-1.334911057104667086e-02,-1.166015447589363987e+02,9.537900984287261963e-02
1.807373811801274710e-01,2.611680639286836220e-02,-1.400835594783226765e-02,1.182079179956631663e+02,9.035303443670272827e-02
1.814197103182474957e-01,1.386999152600765228e-02,2.639604235688845779e-02,2.772000620155311523e+01,5.243313685059547424e-02
1.814628839492797852e-01,7.214306543270750625e-03,2.890586294233798981e-02,1.401355759755471020e+01,4.962491616606712341e-02
1.816984017690022879e-01,-2.118245077629884315e-02,-2.136267907917499542e-02,-1.352427130759816976e+02,1.111269891262054443e-01
1.820739557345708304e-01,2.952505089342594494e-02,5.842024790278326635e-03,7.880764281234048951e+01,6.660702824592590332e-02
1.823493689298629761e-01,-8.615730951229728929e-03,2.845379834373792244e-02,-1.684616632998770314e+01,4.642278701066970825e-02
1.824874778588612967e-01,-1.560189885397752184e-02,2.568308015664418770e-02,-3.127774805507807443e+01,4.754697158932685852e-02
1.826124638319015503e-01,2.398792468011379242e-02,1.822325432052215172e-02,5.277662656240125472e+01,5.631014332175254822e-02
1.827156096696853915e-01,1.037759954730669600e-02,-2.837442792952060699e-02,1.599106259186477814e+02,1.159180626273155212e-01
1.827174673477808819e-01,-1.415958348661661148e-02,-2.667571045458316803e-02,-1.520404424133677139e+02,1.229299530386924744e-01
1.829725056886672974e-01,-3.001637322207292152e-02,-2.992968695859115052e-03,-9.569420967347302565e+01,8.244314789772033691e-02
1.831711232662200928e-01,5.315449462311031339e-03,-2.978315638999144352e-02,1.698808679216934934e+02,1.253425329923629761e-01
1.840666731198628836e-01,-2.426118527849515510e-02,-1.827914143602053440e-02,-1.269955215574547083e+02,1.022009178996086121e-01
1.840688486893971854e-01,2.716420032083988190e-02,1.383961923420429403e-02,6.300206327474332824e+01,5.649565532803535461e-02
1.850321342547734671e-01,-2.928574134906132900e-02,8.054398155460754452e-03,-7.462225857663727879e+01,7.415380328893661499e-02
1.851914425690968924e-01,-5.635969432963370239e-03,-3.003685486813386166e-02,-1.693728649886950564e+02,1.313506960868835449e-01
1.852487673362096521e-01,-2.924448189636071754e-02,-8.676853962242603302e-03,-1.065256519269948114e+02,8.534866571426391602e-02
1.853775729735692435e-01,-1.786442504574855400e-02,-2.491911935309569157e-02,-1.443634002982624907e+02,1.169770807027816772e-01
1.859098325173060284e-01,2.625409699976444244e-02,-1.559402421116828918e-02,1.207088447490056922e+02,9.351009875535964966e-02
1.859786262114842825e-01,1.906876948972543312e-02,-2.412087097764015198e-02,1.416718446221366605e+02,1.051326319575309753e-01
1.861695051193237305e-01,-2.366622475286325050e-02,1.963795535266399384e-02,-5.031451100883873551e+01,5.213549733161926270e-02
1.863034665584564209e-01,-1.018572986746827877e-02,-2.915827805797258782e-02,-1.607443898698546150e+02,1.268499195575714111e-01
1.867750932772954398e-01,1.740646424392859257e-02,2.523572618762652542e-02,3.459615836285862400e+01,5.461239814758300781e-02
1.869807392358779907e-01,2.255008245507876194e-02,2.113093808293342937e-02,4.686081716076572690e+01,5.557547882199287415e-02
1.870428671439488821e-01,-3.083269856870174755e-02,2.003171325971683445e-03,-8.628277152057614785e+01,8.006551861763000488e-02
1.874627520640691214e-01,-1.950929655383030689e-02,2.397047542035579681e-02,-3.914174989902286228e+01,4.896935448050498962e-02
1.875197539726893292e-01,3.055678370098272728e-02,-4.958610962300251217e-03,9.921734214224208870e+01,8.029155433177947998e-02
1.875202755133311139e-01,-7.440946375330288048e-03,2.975605862836043156e-02,-1.403974417227704308e+01,5.238432809710502625e-02
1.875222474336624146e-01,3.622753545641904313e-03,3.060102586944898201e-02,6.751631281706699461e+00,5.183728784322738647e-02
1.883082936207453595e-01,1.486476634939511848e-02,-2.728609119852383816e-02,1.514195788443693118e+02,1.125934273004531860e-01
1.885521958271662302e-01,3.078736054400603092e-02,5.048984525880466194e-03,8.068665952711761236e+01,6.457611918449401855e-02
1.890108734369277954e-01,2.312239694098631657e-02,-2.087591961026191711e-02,1.320771155651785591e+02,1.011544018983840942e-01
1.895209054152171002e-01,-2.653572397927437838e-03,3.125299513339996338e-02,-4.853125887096468638e+00,5.288658291101455688e-02
1.896886477867762433e-01,4.297508998812798325e-03,-3.104069766898950172e-02,1.721176462616458878e+02,1.284415572881698608e-01
1.897345930337905884e-01,2.814500778913498272e-02,1.402219881614049507e-02,6.351693363138319626e+01,5.671135336160659790e-02
1.899337271849314557e-01,-2.922136274476845944e-02,1.157011790201067924e-02,-6.839904750353396423e+01,6.995281577110290527e-02
1.899628986914952689e-01,2.939385237793127464e-02,-1.073020230978727341e-02,1.100545696799628104e+02,8.935242146253585815e-02
1.903930902481079379e-01,-1.153543606051243625e-03,-3.145412976543108391e-02,-1.778996852441381407e+02,1.323255449533462524e-01
1.905256112416585101e-01,-2.662034146487712860e-02,1.666838613649209572e-02,-5.794716787119364909e+01,5.816479399800300598e-02
1.912445525328318463e-01,3.157002727190653252e-02,-1.210832463887829853e-04,9.021975036355755151e+01,7.318593561649322510e-02
1.912868817647297992e-01,-1.665905397385358810e-02,-2.684026894470056129e-02,-1.481732057413843222e+02,1.187995076179504395e-01
1.914681990941365652e-01,-2.442305348813533783e-02,-2.001470824082692695e-02,-1.293346409439583340e+02,9.968156367540359497e-02
1.915469268957774029e-01,-2.990539123614629341e-02,-9.987566309670608405e-03,-1.084678812743289456e+02,8.673125505447387695e-02
1.915503988663355694e-01,2.544107288122177124e-02,1.871567498892546047e-02,5.366001479210027725e+01,5.586687847971916199e-02
1.922561029593150006e-01,3.009008119503656792e-02,1.003108716880281824e-02,7.156323446719274273e+01,5.900012329220771790e-02
1.922567139069239484e-01,-1.171336462721228600e-02,-2.957793138921260834e-02,-1.583955906560585447e+02,1.261428743600845337e-01
1.927400529384613037e-01,6.492802252372108229e-03,3.108887126048406196e-02,1.179646580113445076e+01,5.263714864850044250e-02
1.927824666102727624e-01,1.643602550029754639e-02,2.717357128858566284e-02,3.116778660218529495e+01,5.391366779804229736e-02
1.930509060621261597e-01,-3.186834913988908363e-02,1.359036910192420013e-03,-8.755808101134763888e+01,7.931353151798248291e-02
1.931617856025695801e-01,-1.846553416301806999e-02,2.598606174190839363e-02,-3.539736487746602478e+01,4.805895313620567322e-02
1.933574179808298932e-01,-1.338335188726584059e-02,2.900092676281929016e-02,-2.477238597896432282e+01,5.259811505675315857e-02
1.944204419851303101e-01,-2.747854031622409821e-02,-1.639538972328106678e-02,-1.208229049138130051e+02,9.424224495887756348e-02
1.945407241582870483e-01,1.415751408785581762e-02,-2.878982822100321567e-02,1.538141614582196723e+02,1.161836013197898865e-01
1.947712550560633249e-01,1.217804849147796631e-02,2.986139617860317230e-02,2.218657458158915219e+01,5.256426706910133362e-02
1.948952674865722656e-01,-3.131737435857455398e-02,6.843933311756700277e-03,-7.767268517531591954e+01,7.570903748273849487e-02
1.950092365344365530e-01,-2.013894791404406345e-02,-2.501939547558625770e-02,-1.411682493807286107e+02,1.104300618171691895e-01
1.952787041664123535e-01,-3.171293313304583694e-02,-4.947815459066380768e-03,-9.886773058656146418e+01,8.307375758886337280e-02
1.954655647277832031e-01,8.652406822269162120e-03,-3.113570623099804272e-02,1.644697398254168945e+02,1.226072534918785095e-01
1.954823434352874756e-01,2.993285407622655117e-02,-1.190287247300148010e-02,1.116853628992481333e+02,8.822206407785415649e-02
1.955410887797673636e-01,2.455699816346168518e-02,-2.085409810145696236e-02,1.303383157969827835e+02,1.070443615317344666e-01
1.958379199107487811e-01,-5.365335692962008678e-03,3.197140619158744812e-02,-9.526421088704728035e+00,5.431232973933219910e-02
1.961182703574498587e-01,-2.601991174742580328e-03,-3.230954396227995323e-02,-1.753957238291011436e+02,1.318218857049942017e-01
1.968698700269063129e-01,-8.612051761398713950e-03,-3.131192239622274803e-02,-1.646215829885837536e+02,1.301399767398834229e-01
1.969247758388519287e-01,-2.689047406117121494e-02,1.824312781294187141e-02,-5.584611179448749851e+01,5.588539317250251770e-02
1.971149891614913940e-01,2.518434884647528793e-02,2.059142508854468895e-02,5.072961077823205045e+01,5.615094304084777832e-02
1.977420647939046039e-01,-1.130774120489756208e-02,3.056077472865581859e-02,-2.030489348534107918e+01,5.234373733401298523e-02
1.979353725910186768e-01,3.103287580112616337e-02,1.019054790958762342e-02,7.182090059589336306e+01,6.072956696152687073e-02
1.979397435983022147e-01,3.264080733060836792e-02,-1.355874119326472716e-03,9.237865526670691452e+01,7.451912760734558105e-02
1.979594926039378033e-01,2.822769992053508759e-02,-1.674487286557753765e-02,1.206767202179236449e+02,9.826970100402832031e-02
1.982677032550176077e-01,-2.289259495834509647e-02,2.322828335066636635e-02,-4.458298303956173925e+01,4.894569516181945801e-02
1.985527028640111380e-01,2.132291967670122551e-02,2.494453328351179874e-02,4.052426345193279644e+01,5.516080930829048157e-02
1.989776194095611572e-01,2.870048706730212156e-03,3.278114770849546028e-02,5.003590334680815488e+00,4.929830878973007202e-02
1.994438717762629376e-01,1.796119008213281631e-02,-2.764706313610076904e-02,1.469898305609836200e+02,1.149872168898582458e-01
1.995606819788615094e-01,2.255051955580711365e-02,-2.412512091298898292e-02,1.369321387018285350e+02,1.113335043191909790e-01
1.997208545605341778e-01,-3.185842745006084442e-02,7.943037528699885969e-03,-7.600027186137762669e+01,7.299410551786422729e-02
1.997343897819519043e-01,3.216656545797984268e-02,-7.366071998452148294e-03,1.028982145289408265e+02,8.049438148736953735e-02
2.000768284002939768e-01,-2.711763295034563034e-03,3.301171337564786507e-02,-4.696045904829752260e+00,4.992419481277465820e-02
2.006406982739766531e-01,-3.225550303856532242e-02,-6.868445993556330023e-03,-1.020209487112556417e+02,8.843766897916793823e-02
2.009266565243403024e-01,3.280093520879745483e-02,3.973654393727581863e-03,8.309258864243946618e+01,6.763875484466552734e-02
2.009639938672383719e-01,-2.774960361421108593e-02,-1.805882124851147449e-02,-1.230551779493882378e+02,9.810777753591537476e-02
2.009732574224472046e-01,1.186466077342629866e-03,-3.323114290833473206e-02,1.779552122016157227e+02,1.295180022716522217e-01
2.009784529606501446e-01,2.883107836047808445e-02,1.605740965654452873e-02,6.088446976043226755e+01,5.872485786676406860e-02
2.010249942541122437e-01,6.989811469490330581e-03,-3.247073727349440719e-02,1.678516110986307979e+02,1.241873800754547119e-01
2.011584788560867310e-01,-3.003254843254883968e-02,1.424396379540364063e-02,-6.462575262820610078e+01,6.495847553014755249e-02
2.019806802272796908e-01,1.223967627932627880e-02,3.111400144795576500e-02,2.147376420383569240e+01,4.954050853848457336e-02
2.028965155283609934e-01,-1.946290830771128452e-02,-2.721272967755794525e-02,-1.444271429371777344e+02,1.107122451066970825e-01
2.029835085074107037e-01,-9.759811684489250183e-03,-3.207120175162950920e-02,-1.630741037822818100e+02,1.291489452123641968e-01
2.034524728854497366e-01,-3.071902443965276314e-02,-1.357162836939096451e-02,-1.138357844658750651e+02,9.596069902181625366e-02
2.035125046968460083e-01,-1.284714570889870268e-02,3.107744269073009491e-02,-2.245977757228007476e+01,4.842772334814071655e-02
2.036548505226770944e-01,-2.284420778354008877e-02,2.452214558919271065e-02,-4.297116385644253000e+01,5.030731484293937683e-02
2.038841297229131155e-01,6.554430040220421590e-03,3.299725304047267105e-02,1.123474661079938741e+01,4.635712876915931702e-02
2.041572580734888620e-01,2.982377447187900543e-02,-1.592512801289558411e-02,1.181010695879447354e+02,9.650027751922607422e-02
2.046467711528142386e-01,-3.358455623189608719e-02,3.035351381792377162e-03,-8.483567393428924674e+01,7.645591348409652710e-02
2.049918075402577811e-01,-3.374055648843447830e-02,-3.367402843044450898e-03,-9.569940745889661571e+01,8.472962677478790283e-02
2.050923109054565430e-01,3.222903609275817871e-02,-1.016158137160042864e-02,1.074996852065673920e+02,8.485791087150573730e-02
2.053269843260447092e-01,2.113158193727334572e-02,2.655186317861080517e-02,3.851490024954910751e+01,5.538770556449890137e-02
2.055430114269256592e-01,-6.904740196963148405e-03,3.314385066429774429e-02,-1.176791003763245413e+01,4.714005440473556519e-02
2.056749512751896991e-01,1.776661009838183952e-02,-2.905514525870482589e-02,1.485550914033690049e+02,1.170363798737525940e-01
2.058857778708140240e-01,2.984473047157128536e-02,1.586650870740413666e-02,6.200331666810382103e+01,6.353433430194854736e-02
2.058990299701690674e-01,-2.401807717978954315e-02,-2.387147396802902222e-02,-1.348246022596457578e+02,1.038292720913887024e-01
2.059552669525146484e-01,2.500631411870320869e-02,-2.323789832492669655e-02,1.329007343499059175e+02,1.081419810652732849e-01
2.060157457987467633e-01,-1.782274991273880005e-02,2.890899777412414898e-02,-3.165433882930306098e+01,4.713868349790573120e-02
2.062593946854273663e-01,-1.504188597512735740e-04,-3.416081021229426529e-02,-1.797477135328340694e+02,1.274862736463546753e-01
2.065224001804987775e-01,9.272902117421230259e-03,-3.295501880347728729e-02,1.642844294570680006e+02,1.220062673091888428e-01
2.065733969211578369e-01,-1.472644352664550377e-02,-3.084499947726726532e-02,-1.544786161537980149e+02,1.185582578182220459e-01
2.067661732435226440e-01,1.630631554871797562e-02,3.003350645303726196e-02,2.849919264256131157e+01,5.111680552363395691e-02
2.068703124920527325e-01,3.378953908880551887e-02,4.060736624523998174e-03,8.314721070948813519e+01,7.263329625129699707e-02
2.071326573689778738e-01,-3.044410049915314068e-02,1.565007089326779163e-02,-6.279415165526964415e+01,5.987084656953811646e-02
2.075180461009343558e-01,-5.086636034927019892e-03,-3.399849062164624763e-02,-1.714908884300551506e+02,1.287991106510162354e-01
2.081334392229715891e-01,2.860886727770169807e-02,-1.914713066071271896e-02,1.237933105458353680e+02,1.020834147930145264e-01
2.082861016194025860e-01,-2.725363895297050476e-02,2.094309714933236671e-02,-5.245947270995043255e+01,5.215937644243240356e-02
2.085453619559606286e-01,1.403655018657445908e-02,-3.153182752430438995e-02,1.560035242626988747e+02,1.195200160145759583e-01
2.087863534688949585e-01,3.303513179222743179e-02,1.008672919124364853e-02,7.302081896244649784e+01,7.053358107805252075e-02
2.091568658749262399e-01,-3.155796602368354797e-02,-1.403344919284184658e-02,-1.139741414223649514e+02,9.465264528989791870e-02
2.093371103207270212e-01,2.246876247227191925e-02,-2.633677981793880810e-02,1.395314279579172876e+02,1.088066846132278442e-01
2.100009520848592215e-01,4.677267725734661312e-03,-3.439942126472791267e-02,1.722570124159856562e+02,1.213600188493728638e-01
2.101066758235295706e-01,-3.431637585163116455e-02,4.893931366192797242e-03,-8.188365569990587289e+01,7.186277955770492554e-02
2.101645618677139282e-01,-3.372054422895114090e-02,-8.078098801585536365e-03,-1.034719021751213575e+02,8.714242279529571533e-02
2.102321734031041556e-01,2.880238617459932732e-02,1.953780526916186130e-02,5.584939299894777065e+01,6.113617494702339172e-02
2.104706515868504935e-01,3.684381333490218107e-03,3.447679554422696663e-02,6.099794268211732984e+00,4.550043120980262756e-02
2.106666316588719778e-01,3.383306910594304634e-02,-8.086834025258818684e-03,1.034427159705282406e+02,8.626543730497360229e-02
2.108016610145568848e-01,2.517874663074811531e-02,2.406114029387633121e-02,4.630022909633618156e+01,5.560322850942611694e-02
2.110303243001302176e-01,-4.192976901928577999e-03,3.439282750089963508e-02,-6.950872160124558441e+00,4.565747082233428955e-02
2.111549377441406250e-01,-3.300179913640022278e-02,1.120772461096445835e-02,-7.124202457426285662e+01,6.331333518028259277e-02
2.115040371815363751e-01,3.485602016250292923e-02,-1.617619069293141148e-03,9.265711037043824660e+01,8.080970495939254761e-02
2.116553336381912231e-01,-2.493285387754440308e-02,-2.429119187096754479e-02,-1.342531608871962590e+02,1.083013713359832764e-01
2.119386047124862671e-01,-1.950383931398391724e-02,2.891153097152709961e-02,-3.400376655881269272e+01,4.919962212443351746e-02
2.124246905247370309e-01,-2.950332189599672722e-02,-1.894035997490088261e-02,-1.226994003284424650e+02,1.012718155980110168e-01
2.130078176657358990e-01,-2.566269909342130257e-02,2.378971378008524692e-02,-4.716901215089590238e+01,5.186723917722702026e-02
2.130378087361653738e-01,1.533163928737243248e-02,3.169431972006957199e-02,2.581466094140618495e+01,5.033825337886810303e-02
2.137983193000157767e-01,-6.179054442327470455e-03,-3.486963237325350906e-02,-1.699512473630276475e+02,1.238974705338478088e-01
2.138579189777374268e-01,-1.235339728494485277e-02,-3.295943327248096466e-02,-1.594536943914553717e+02,1.192836537957191467e-01
2.144230504830678119e-01,3.388670831918716431e-02,1.050798843304316318e-02,7.277176832823985819e+01,7.282214611768722534e-02
2.148388375838597708e-01,8.394951311250530013e-03,3.425435721874237061e-02,1.377045658046435506e+01,4.790525510907173157e-02
2.148777345816294537e-01,1.519077022870381731e-02,-3.216286997000376846e-02,1.547182746949323473e+02,1.184050440788269043e-01
2.149303207794825421e-01,2.365400828421115875e-02,-2.654940324525038517e-02,1.383007785725966698e+02,1.064582541584968567e-01
2.149879932403564453e-01,4.803931010731806936e-03,-3.522094214955966140e-02,1.722331167334189672e+02,1.203471347689628601e-01
2.150261302789052420e-01,3.056061205764611793e-02,-1.823888191332419945e-02,1.208291792596747598e+02,9.678313881158828735e-02
2.154688388109207431e-01,-3.489160661896070076e-02,-6.780396720084052448e-03,-1.009970812822598134e+02,8.102381974458694458e-02
2.155610322952270508e-01,3.191907020906607079e-02,1.583510792503754414e-02,6.361390798943101288e+01,6.463582068681716919e-02
2.157559891541799002e-01,-3.564343849817912246e-02,-2.111207771425438647e-04,-9.033936647388574670e+01,7.401788979768753052e-02
2.161833743254343854e-01,-1.580655730019012856e-02,3.187311626970767975e-02,-2.637779256166919595e+01,4.969022423028945923e-02
2.162277003129323416e-01,-8.183062387009457095e-03,3.459310283263524605e-02,-1.330878302154081361e+01,4.735866189002990723e-02
2.166242698828379221e-01,3.337955226500829292e-02,-1.294213191916545463e-02,1.111926243449281628e+02,9.260752797126770020e-02
2.168689817190170288e-01,-2.351987051467101242e-02,-2.716682044168313576e-02,-1.391153874877619785e+02,1.131589710712432861e-01
2.168914328018824167e-01,2.493598374227682865e-02,2.574703966577847683e-02,4.408320158987917381e+01,5.534955486655235291e-02
2.174293150504429950e-01,3.587996462980906631e-02,-7.121183443814429331e-05,9.011371617138985357e+01,7.965152710676193237e-02
2.175267090400060110e-01,-1.116173982154578404e-03,-3.585347284873326851e-02,-1.782168698008364345e+02,1.215717568993568420e-01
2.176005343596140729e-01,2.010607595245043205e-02,-2.989881113171577454e-02,1.460803222171265077e+02,1.135729774832725525e-01
2.176037927468617850e-01,-3.418806443611781265e-02,1.096371592332919497e-02,-7.221955648464243893e+01,6.155816465616226196e-02
2.176883916060129986e-01,1.991414278745651245e-02,2.989857581754525734e-02,3.366586033606798622e+01,5.435547605156898499e-02
2.177049616972605295e-01,-3.069576993584632874e-02,-1.870091011126836025e-02,-1.213511983853074412e+02,1.001100093126296997e-01
2.178418139616648541e-01,1.055378544454773325e-02,-3.440758213400840759e-02,1.629477317659126072e+02,1.198784187436103821e-01
2.183137089014053345e-01,-2.826286293566226959e-02,2.216639183461666107e-02,-5.189312536754275840e+01,5.588499084115028381e-02
2.184322873751322613e-01,3.566506008307139541e-02,6.028403101178508167e-03,8.040607601777345792e+01,7.376368343830108643e-02
2.184411684672037945e-01,2.814330471058686806e-02,-2.254227300484975410e-02,1.286940901309173739e+02,1.004932671785354614e-01
2.185500115156173706e-01,-1.436576526612043381e-02,-3.302095892528693344e-02,-1.564885551172944247e+02,1.191073358058929443e-01
2.194816519816716605e-01,-1.988099701702594757e-02,-3.044089799125989509e-02,-1.468513853497967148e+02,1.163565665483474731e-01
2.197414139906565256e-01,-3.392147645354270935e-02,-1.249629724770784378e-02,-1.102232401230307204e+02,8.737223595380783081e-02
2.204515238602956229e-01,-3.604111944635709358e-02,3.449783970912298145e-03,-8.453241969038765546e+01,6.949560344219207764e-02
2.204671104749043875e-01,7.641099703808629587e-03,3.544625143210093643e-02,1.216501691182903677e+01,5.148665979504585266e-02
2.205576300621032715e-01,-2.776632023354371620e-02,-2.356902509927749634e-02,-1.303257635122257909e+02,1.100778430700302124e-01
2.206693738698959628e-01,-3.270346236725648476e-02,1.593192170063654697e-02,-6.402636260270340074e+01,5.970327183604240417e-02
2.214595923821131296e-01,3.250948525965213776e-02,1.684590398023525989e-02,6.260751957619164898e+01,6.230324879288673401e-02
2.217061022917429791e-01,-1.908344620217879845e-02,3.111843081812064316e-02,-3.151879927653070013e+01,5.340716242790222168e-02
2.222205052773157663e-01,2.915003833671411110e-02,2.223450069626172615e-02,5.266503897346402141e+01,5.854992195963859558e-02
2.225711395343144827e-01,-3.990085485080871290e-03,3.642923633257548477e-02,-6.250676430913445714e+00,4.852329194545745850e-02
2.227672239144643518e-01,-2.538089205821355068e-02,2.653352357447147716e-02,-4.372809754398929982e+01,5.693431198596954346e-02
2.230798602104187012e-01,3.671072795987129211e-02,-4.236798073786000700e-03,9.658339993421465408e+01,8.263085037469863892e-02
2.231122205654780255e-01,3.523326665163040161e-02,-1.063850320254763199e-02,1.068014200319602907e+02,9.013111889362335205e-02
2.231159557898839685e-01,-8.428936835116476126e-04,-3.678824007511138916e-02,-1.786874663661739646e+02,1.221810579299926758e-01
2.233678847551346103e-01,1.931676082313060760e-02,3.141319379210472107e-02,3.158840116673381715e+01,5.393087491393089294e-02
2.237389634052912579e-01,2.844810175398985314e-02,-2.353172687192758156e-02,1.295969033943376019e+02,1.012423187494277954e-01
2.238635669151942120e-01,2.098255852858225967e-02,-3.056946396827697754e-02,1.455347057052006789e+02,1.145167574286460876e-01
2.239738951126734601e-01,2.930529726048316380e-03,3.698118403553962708e-02,4.530867410126596440e+00,5.071858689188957214e-02
2.241479307413101196e-01,3.659452622135480476e-02,6.253454407366613836e-03,8.030268123528962576e+01,7.067015022039413452e-02
2.241540998220443726e-01,1.108772167935967445e-02,-3.534435356656710769e-02,1.625830666677142915e+02,1.206541955471038818e-01
2.243455747763316022e-01,1.398040571560462374e-02,3.440083190798759460e-02,2.211669280889898204e+01,5.349505692720413208e-02
2.257450371980667114e-01,-2.850828878581523895e-02,-2.403394319117069244e-02,-1.301325989842663375e+02,1.091614887118339539e-01
2.258102794488271448e-01,-1.113116989533106428e-02,-3.575004016359646652e-02,-1.627054460843043842e+02,1.226348504424095154e-01
2.258805682261784964e-01,-3.711963072419166565e-02,9.747982646028195003e-04,-8.849570183085414499e+01,7.529219985008239746e-02
2.260372539361318045e-01,3.540658950805664062e-02,1.174383579442898548e-02,7.165008977444416871e+01,6.739603728055953979e-02
2.261980573336283551e-01,-1.585429844756921364e-02,3.380287190278371406e-02,-2.512762147832198423e+01,5.332462489604949951e-02
2.262431383132934848e-01,-2.009289711713790894e-02,-3.163846892615158890e-02,-1.475812659274315592e+02,1.204809769988059998e-01
2.262534499168395996e-01,-3.511718536416689324e-02,-1.241049077361822128e-02,-1.094635204968186883e+02,8.907663822174072266e-02
2.264911482731501446e-01,2.483528790374597145e-02,-2.820950994888941563e-02,1.386397264937812963e+02,1.081510782241821289e-01
2.268895258506139490e-01,5.611147544186679582e-03,-3.709248080849647522e-02,1.713978295847429649e+02,1.217322200536727905e-01
2.270187685887019025e-01,-8.384432643651958811e-03,3.639369085431098938e-02,-1.297352224497731221e+01,5.077231675386428833e-02
2.272698283195495605e-01,-3.396875225007534027e-02,1.588783102730910099e-02,-6.493361451581951371e+01,6.420875340700149536e-02
2.273701926072438373e-01,3.749900683760643005e-02,1.078599598258668697e-05,8.998351977604951912e+01,7.714907079935073853e-02
2.274516423543294641e-01,-5.793068590113157300e-03,-3.722987323999404907e-02,-1.711555484091697394e+02,1.219641417264938354e-01
2.274530529975891113e-01,1.660118903964757919e-02,-3.377029423912366463e-02,1.538216616537035577e+02,1.201246008276939392e-01
2.274858206510544101e-01,2.884001657366752625e-02,2.398862938086192276e-02,5.024689890636191336e+01,6.019791215658187866e-02
2.278362413247426721e-01,2.402858001490434242e-02,2.901578632493814064e-02,3.962886704405887883e+01,5.657294392585754395e-02
2.279587735732396536e-01,3.168020832041899826e-02,-2.046652821203072750e-02,1.228638810885137360e+02,9.780777245759963989e-02
2.282878011465072632e-01,-2.722794190049171795e-02,2.606667454044024612e-02,-4.624825350075195729e+01,6.002218648791313171e-02
2.284843524297078543e-01,3.488392755389213562e-02,-1.432337782656152927e-02,1.123231054511288534e+02,9.347418695688247681e-02
2.288178751866022653e-01,-2.447373916705449653e-02,-2.882930946846802914e-02,-1.396714509354887070e+02,1.163670197129249573e-01
2.290503531694412231e-01,-3.727154682079951431e-02,-6.563163983325162945e-03,-9.998685669882561911e+01,8.391888439655303955e-02
2.294044047594070435e-01,-3.263344739874204231e-02,-1.908002172907193386e-02,-1.203138384724021392e+02,1.008980572223663330e-01
2.295496215422948572e-01,1.282360653082529819e-02,3.572408109903335571e-02,1.974623621639258531e+01,5.314180999994277954e-02
2.296094497044881555e-01,6.484300519029302309e-03,3.742588311433792114e-02,9.829324274487095892e+00,5.175311863422393799e-02
2.298813809951146536e-01,-1.521728343019882954e-02,-3.485026707251866196e-02,-1.564116305925364259e+02,1.210702061653137207e-01
2.302576402823130475e-01,-3.773528337478637695e-02,5.191442091017961502e-03,-8.216669046734936899e+01,7.440716028213500977e-02
2.304347405831018991e-01,-3.137520266075929237e-02,2.165545212725798405e-02,-5.538620674162000057e+01,6.347835063934326172e-02
2.308368782202402936e-01,-3.650176525115966797e-02,1.132971839979290962e-02,-7.275627219203644813e+01,6.917254626750946045e-02
2.319161395231882916e-01,-1.878516407062610222e-02,3.346880152821540833e-02,-2.930435942972539110e+01,5.624445155262947083e-02
2.319297244151433124e-01,3.645707294344902039e-02,1.167159744848807884e-02,7.224772432653385579e+01,7.027024030685424805e-02
2.323620220025380823e-01,4.594270418238011189e-03,-3.810832276940345764e-02,1.731257007414621114e+02,1.241099461913108826e-01
2.325721631447474347e-01,2.587502760191758705e-02,-2.862054171661536014e-02,1.378841515785573222e+02,1.099141761660575867e-01
2.329447617133458548e-01,-2.386136166751384735e-02,3.031751140952110637e-02,-3.820447296793056324e+01,5.941486358642578125e-02
2.330746650695801059e-01,-7.777106948196886235e-03,3.763143097360929085e-02,-1.167665685926579755e+01,5.254498124122619629e-02
2.331583350896835605e-01,-2.499388873426747985e-03,-3.843581924835841324e-02,-1.762794316255672982e+02,1.223972439765930176e-01
2.333722462256749841e-01,2.282331821819146705e-02,3.107777672509352135e-02,3.629331951977205506e+01,5.694670602679252625e-02
2.334429075320561819e-01,3.011852068205674721e-02,-2.404270879924297333e-02,1.285993140241455706e+02,1.028971597552299500e-01
2.334643751382827759e-01,3.852316612998644280e-02,-2.594939627063762777e-04,9.038594138275593082e+01,7.712210714817047119e-02
2.335659712553024292e-01,3.221014142036437988e-02,2.138812032838662697e-02,5.641511557803854515e+01,6.086222454905509949e-02
2.340417156616846905e-01,-2.508115830520788944e-02,-2.945498625437418388e-02,-1.395853377974702880e+02,1.160554066300392151e-01
2.341079364220301495e-01,1.695469984163840843e-02,3.479843338330586289e-02,2.597654550918686667e+01,5.395139008760452271e-02
2.346289455890655518e-01,1.762372224281231331e-02,-3.458356608947118355e-02,1.529966919508827061e+02,1.217532530426979065e-01
2.348248759905497418e-01,3.553770792980995036e-03,3.864291931192079949e-02,5.254389243140184185e+00,5.080008134245872498e-02
2.353757868210474835e-01,3.689897308746974136e-02,-1.250205763305227077e-02,1.087173351358176063e+02,9.217268228530883789e-02
2.354332208633422852e-01,-3.298026820023854805e-02,-2.040762205918630195e-02,-1.217485086348394390e+02,1.053058803081512451e-01
2.354834278424580707e-01,3.546456744273503853e-02,1.631171597788731373e-02,6.530021673878741240e+01,6.677516549825668335e-02
2.360684027274449759e-01,-3.224712361892064644e-02,2.204183116555213928e-02,-5.564627670226659006e+01,6.581784784793853760e-02
2.361151526371638165e-01,-1.469805805633465565e-02,3.618514165282249451e-02,-2.210651841340972723e+01,5.552925169467926025e-02
2.361345837513605939e-01,3.866916894912719727e-02,5.910936102736741304e-03,8.130908981067229035e+01,7.351738959550857544e-02
2.361881335576375696e-01,-1.578596513718366970e-02,-3.574300805727641250e-02,-1.561712615535283817e+02,1.182288378477096558e-01
2.363272955020268851e-01,-3.860162322719892097e-02,-5.228683624106148300e-03,-9.771390452820428152e+01,8.497427403926849365e-02
2.365059157212575647e-01,-3.382759789625796980e-03,3.898012389739354683e-02,-4.959796825836718881e+00,5.222235992550849915e-02
2.367350409428278790e-01,-3.920615712801615166e-02,1.664878994536897125e-03,-8.756841090913020764e+01,7.937283068895339966e-02
2.368689924478530884e-01,-3.728597114483515190e-02,1.224230183288455009e-02,-7.182316422899859276e+01,7.165533304214477539e-02
2.369976937770843506e-01,-2.946252872546513760e-02,-2.598722030719121528e-02,-1.314136827241010792e+02,1.132576987147331238e-01
2.371204743782679425e-01,2.304483142991860939e-02,-3.179376758635044098e-02,1.440645626996469275e+02,1.179085001349449158e-01
2.377737313508987427e-01,-2.126899796227614201e-02,-3.315688669681549072e-02,-1.473212297737784411e+02,1.173280030488967896e-01
2.378146797418594360e-01,3.876991445819536614e-02,-6.270682303390154658e-03,9.918750896038457654e+01,8.475370705127716064e-02
2.379125356674194336e-01,7.929519750177860260e-03,-3.861937796076139046e-02,1.683970105188541879e+02,1.247761771082878113e-01
2.382604032754898349e-01,-3.962587099522352219e-03,-3.920667866865794327e-02,-1.742287599919993397e+02,1.230784803628921509e-01
2.386124283075332642e-01,2.628618416686853004e-02,2.946868414680162834e-02,4.173308942656734644e+01,5.953007936477661133e-02
2.388647794723510742e-01,1.493787703414758278e-02,3.657322625319163467e-02,2.221694580461856816e+01,5.401797965168952942e-02
2.389171570539474487e-01,3.204398974776268005e-02,-2.307714149355888367e-02,1.257603267628771135e+02,1.054124236106872559e-01
2.389356046915054599e-01,-3.562487910191217827e-02,1.718679349869489670e-02,-6.424557487596672445e+01,6.903105229139328003e-02
2.391098489363988333e-01,-2.561531712611516548e-02,3.020151269932587826e-02,-4.030283775445509775e+01,6.009308993816375732e-02
2.391565740108490268e-01,3.086157081027825905e-02,2.480618469417095184e-02,5.120806925250655439e+01,5.982063338160514832e-02
2.394855717817942209e-01,1.370835707833369804e-02,-3.722619886199633743e-02,1.597840287488552349e+02,1.244277730584144592e-01
2.395218908786773682e-01,7.876253997286163100e-03,3.871591016650199890e-02,1.149916589401131084e+01,5.225536227226257324e-02
2.400583624839782992e-01,-1.058964012190699751e-02,-3.816126286983489990e-02,-1.644908192764457624e+02,1.200087964534759521e-01
2.400865505139033185e-01,-2.985381831725438667e-02,2.633705486853917671e-02,-4.858124409523911424e+01,6.303991377353668213e-02
2.403244574864705496e-01,3.562072291970252991e-02,-1.767964071283737934e-02,1.163965933723543316e+02,9.902153164148330688e-02
2.403530379136403494e-01,-3.616787369052569534e-02,-1.650700935473044598e-02,-1.145319453114331338e+02,9.834927320480346680e-02
2.403932114442189905e-01,-3.920381267865499092e-02,6.106940913014114770e-03,-8.114595675845930600e+01,7.614268362522125244e-02
2.412245819965998517e-01,-3.865973775585492683e-02,-9.329166845418512821e-03,-1.035669416054241196e+02,8.803642541170120239e-02
2.420802960793177472e-01,2.585690002888441953e-03,-3.983361894885699417e-02,1.762860123619104513e+02,1.254403293132781982e-01
2.424202511707941599e-01,-2.913822854558626926e-02,-2.762617419163385796e-02,-1.334741519866179544e+02,1.122155338525772095e-01
2.424337317546208792e-01,-1.626751323541005684e-02,3.666749844948451187e-02,-2.392443831849564262e+01,5.560827255249023438e-02
2.426392634709676477e-01,3.946504493554433418e-02,7.420035680600753011e-03,7.935182080009623462e+01,7.525943964719772339e-02
2.426722745100657330e-01,3.773921603957812454e-02,1.376123757412036318e-02,6.996610835728131406e+01,7.035849243402481079e-02
2.428978234529495239e-01,-2.400411789615949226e-02,-3.215424343943595886e-02,-1.432575448381074636e+02,1.139412969350814819e-01
2.431286325057347986e-01,-5.961169643948471472e-03,3.984154388308525085e-02,-8.509580628240938083e+00,5.395898967981338501e-02
2.438315550486246930e-01,2.511356212198734283e-02,-3.158565796911716461e-02,1.415120062023606238e+02,1.177615597844123840e-01
2.443430870771408081e-01,1.872502236316601551e-02,3.588932380080223083e-02,2.755300955865959622e+01,5.669793859124183655e-02
2.443998058636983328e-01,-2.210857470830281807e-02,3.383515961468219757e-02,-3.316140949044326192e+01,5.700169876217842102e-02
2.444039185841878625e-01,-3.672852988044421341e-02,1.697175111621618271e-02,-6.519898735721370997e+01,6.892330944538116455e-02
2.447574933369954797e-01,2.986922735969225334e-02,-2.744686479369799412e-02,1.325799361155584108e+02,1.122824922204017639e-01
2.448264261086781635e-01,2.420471111933390762e-02,3.250543835262457992e-02,3.667268695713784865e+01,5.921472609043121338e-02
2.449384878079096661e-01,4.016652082403501106e-02,-4.696543658307443352e-03,9.666913028661439000e+01,8.574950695037841797e-02
2.453438192605972290e-01,8.000877064963185861e-03,3.968839968244235183e-02,1.139763048498038422e+01,5.393977835774421692e-02
2.457082072893778668e-01,-3.571192299326261116e-02,-1.946772293498118950e-02,-1.185962283252624729e+02,1.039865687489509583e-01
2.459280292193095074e-01,-3.171934435764948990e-02,2.559906554718812538e-02,-5.109476966031290601e+01,6.295816600322723389e-02
2.460159609715144025e-01,-1.192497198159496105e-02,3.897520775596301223e-02,-1.701217291155136735e+01,5.436063557863235474e-02
2.461845725774765292e-01,-1.123514166101813316e-02,-3.904405484596888687e-02,-1.639465359860315630e+02,1.232143193483352661e-01
2.461985299984613962e-01,3.340948807696501877e-02,2.339368127286434174e-02,5.499987816584015121e+01,6.175531074404716492e-02
2.462109476327896118e-01,-3.220001732309659553e-02,-2.500728952387969162e-02,-1.278337525508648014e+02,1.099010035395622253e-01
2.462660620609919415e-01,3.651992976665496826e-02,-1.809676208843787742e-02,1.163598473588016446e+02,1.009940728545188904e-01
2.469492256641387939e-01,-4.034202670057614876e-02,5.950394280565282287e-03,-8.160944896155491790e+01,7.711002230644226074e-02
2.470928629239400598e-01,4.071564848224322464e-02,2.823744260240347061e-03,8.603272968353930139e+01,7.985995709896087646e-02
2.471653123696645193e-01,2.508963923901318636e-03,-4.068603118260701729e-02,1.764712400025241550e+02,1.275355517864227295e-01
2.473781953255335675e-01,-3.521630043784777092e-02,2.108879946172237396e-02,-5.908529395799400419e+01,6.562836468219757080e-02
2.476330399513244629e-01,-2.578409854322664951e-03,4.102980718016624451e-02,-3.595873332472509176e+00,5.304148420691490173e-02
2.477967739105224609e-01,3.703270728389422561e-02,1.742513850331306804e-02,6.480143235927312162e+01,6.638023257255554199e-02
2.478304207324981689e-01,1.674496009945869446e-02,-3.742502133051554825e-02,1.558949752190946469e+02,1.225014999508857727e-01
2.480755994717280255e-01,-2.257128370304902626e-02,-3.425817439953486587e-02,-1.466207774169369031e+02,1.163952276110649109e-01
2.485295136769612723e-01,3.678393860658016497e-03,4.092919329802195694e-02,5.135497041530533657e+00,5.340410023927688599e-02
2.485788017511367798e-01,1.534179318696260452e-02,3.813604886333148147e-02,2.191448429155246913e+01,5.572786927223205566e-02
2.488933205604553500e-01,-3.952783594528834488e-02,1.187071281795700449e-02,-7.328431789189141909e+01,7.251493632793426514e-02
2.490713745355606357e-01,-4.066746557752291824e-02,-6.363918189890682697e-03,-9.889389834145407576e+01,8.763334900140762329e-02
2.494716296593348370e-01,-4.684814717620611191e-03,-4.094188287854194641e-02,-1.734722658441438625e+02,1.283792406320571899e-01
2.495764990647634241e-01,-1.703516983737548424e-02,-3.767511993646621704e-02,-1.556694355729214863e+02,1.223905608057975769e-01
2.496771613756815777e-01,3.894158825278282166e-02,-1.415248556683460987e-02,1.099725903534019551e+02,9.805182367563247681e-02
2.496848752101262503e-01,2.272905595600605011e-02,-3.457427894075711799e-02,1.466791674746464480e+02,1.196800395846366882e-01
2.497124671936035156e-01,4.047790293892224861e-02,-8.619404397904872894e-03,1.020210719005070956e+02,9.432309120893478394e-02
2.500173548857371197e-01,-2.452480730911096168e-02,3.321491368114948273e-02,-3.644094884648192334e+01,5.692842975258827209e-02
2.505688766638438092e-01,-2.989707576731840538e-02,2.884327744444211208e-02,-4.602777250914257934e+01,5.993807315826416016e-02
2.507325162490209314e-01,3.206469242771466804e-02,-2.642878765861193455e-02,1.294964835668858996e+02,1.096526756882667542e-01
2.508337845404943200e-01,3.513866166273752617e-02,-2.247618573407332218e-02,1.226047144923786902e+02,1.047551482915878296e-01
2.508405148983001709e-01,2.690514114995797706e-02,3.168389511605104042e-02,4.033705126734678004e+01,5.929162353277206421e-02
2.511902153491973877e-01,-3.773233915368716385e-02,-1.772497687488794327e-02,-1.151620530400803943e+02,9.885510802268981934e-02
2.513756006956100464e-01,7.902198160688081799e-03,-4.091520607471466064e-02,1.690687154366050891e+02,1.294800043106079102e-01
2.516684730847676965e-01,3.153453146417935921e-02,2.723463748892148567e-02,4.918463575566997292e+01,6.154165789484977722e-02
2.519336889187495099e-01,-4.171746472517649795e-02,4.650972550734886260e-04,-8.936125059454151653e+01,8.285083621740341187e-02
2.520394573609034405e-01,-3.176908319195111824e-02,-2.710958135624726845e-02,-1.304751936439372457e+02,1.104863137006759644e-01
2.524867653846740723e-01,-1.171618405108650757e-02,4.013640061020851135e-02,-1.627300983968575565e+01,5.410910397768020630e-02
2.527023106813430786e-01,1.417588877181212050e-02,-3.935991103450457718e-02,1.601929785980347276e+02,1.245765686035156250e-01
2.528841147820155011e-01,4.160470142960548401e-02,4.077366242806116162e-03,8.440274226387774092e+01,8.366587013006210327e-02
2.531813730796178552e-01,-3.726799289385477471e-02,1.931880041956901550e-02,-6.259889998139831135e+01,6.715311110019683838e-02
2.534265369176864624e-01,-2.727446022133032943e-02,-3.183239698410034180e-02,-1.394095515814496196e+02,1.152547672390937805e-01
2.535415589809417725e-01,-5.752381713440017988e-03,4.165975625316302444e-02,-7.861692348594553792e+00,5.332036688923835754e-02
2.536818385124206543e-01,-4.019601767261823250e-02,-1.179901463910937309e-02,-1.063589106859381417e+02,9.281473606824874878e-02
2.540230105320612775e-01,3.921525677045186592e-02,1.491741525630156315e-02,6.917327248838947185e+01,7.320646196603775024e-02
2.543085267146428796e-01,-3.989068046212196350e-02,1.348822237923741514e-02,-7.131807952505464243e+01,7.195784896612167358e-02
2.548558612664540979e-01,-5.110510935386021643e-03,-4.179442053039868904e-02,-1.730286312497161134e+02,1.318964511156082153e-01
2.549634079138438092e-01,1.780432711044947422e-02,3.823497146368026733e-02,2.496930310897417371e+01,5.666954070329666138e-02
2.550321221351623535e-01,3.915207460522651672e-02,-1.608339759210745609e-02,1.123325145620056844e+02,1.012093722820281982e-01
2.551947732766469690e-01,6.671174118916198270e-03,4.172786076863607002e-02,9.083203046461379770e+00,5.394183471798896790e-02
2.552400032679240094e-01,-2.159683282176653660e-02,3.624408195416133072e-02,-3.078952931828143491e+01,5.521508306264877319e-02
2.553533514340718957e-01,-3.543574983874957229e-02,-2.290171260635058201e-02,-1.228741155854236098e+02,1.059438437223434448e-01
2.556053449710210534e-01,4.149684185783068802e-02,9.026260425647102126e-03,7.772836032479683865e+01,7.992836087942123413e-02
2.556554774443308697e-01,3.697284931937853958e-02,-2.085006547470887733e-02,1.194199160690999122e+02,1.026225835084915161e-01
2.560959756374359131e-01,4.213154067595799995e-02,-5.594548458854356823e-03,9.756392218579280495e+01,9.466990828514099121e-02
2.560979525248209820e-01,-3.258788647751013207e-02,2.715980509916941094e-02,-5.019107440412965104e+01,6.209696456789970398e-02
2.561912039915720807e-01,-1.653412512193123615e-02,-3.910201912124951912e-02,-1.570791317197609374e+02,1.254684031009674072e-01
2.564310729503631592e-01,-1.543362097193797661e-02,3.959733123580615188e-02,-2.129405451369013846e+01,5.388966202735900879e-02
2.566346426804860803e-01,2.635383605957031250e-02,-3.332798182964324951e-02,1.416650961341876780e+02,1.169309541583061218e-01
2.567417820294698450e-01,2.388798631727695465e-02,3.516670316457748413e-02,3.418742584709359278e+01,5.771650746464729309e-02
2.567563454310099469e-01,3.093380729357401993e-02,-2.932128372291724003e-02,1.334670382766462069e+02,1.123826578259468079e-01
2.571132481098175049e-01,4.270921150843302871e-02,-4.180657366911570954e-04,9.056083070643543920e+01,8.990222960710525513e-02
2.572602828343709680e-01,-3.646184752384821343e-02,2.214559415976206230e-02,-5.872703359604056317e+01,6.664180755615234375e-02
2.573180198669433594e-01,6.420696930338938742e-03,-4.220186670621236397e-02,1.713492180796326920e+02,1.306978911161422729e-01
2.580858170986175537e-01,3.361128332714239525e-02,2.641349223752816749e-02,5.183789719749320568e+01,6.162883713841438293e-02
2.581835091114044189e-01,-1.115979316333929813e-02,-4.132349168260892464e-02,-1.648872582392128834e+02,1.298093795776367188e-01
2.583936850229899274e-01,1.345619124670823646e-02,4.058598975340525772e-02,1.834282082998754859e+01,5.541918426752090454e-02
2.584919631481170654e-01,6.017664757867655610e-04,-4.282522946596145630e-02,1.791949509495936468e+02,1.322706639766693115e-01
2.586518327395121442e-01,-2.596975614627202236e-02,-3.397051244974136353e-02,-1.426028333633698537e+02,1.214765533804893494e-01
2.587463259696960449e-01,-3.173971859117341761e-03,4.276958480477333069e-02,-4.244194789500656206e+00,5.215981230139732361e-02
2.595030665397644043e-01,2.992780258258190447e-03,4.293830320239067078e-02,3.987041802770769472e+00,5.241866409778594971e-02
2.595121264457702637e-01,3.934798638025920059e-02,1.734164853890736782e-02,6.621570417074714499e+01,7.168751955032348633e-02
2.596811354160308838e-01,-4.156272610028585029e-02,1.124655067299803156e-02,-7.485880298670234367e+01,7.428637892007827759e-02
2.599156002203623639e-01,-2.076553491254647457e-02,-3.782318904995918274e-02,-1.512325107170844376e+02,1.256948560476303101e-01
2.599509755770365582e-01,4.095947369933128357e-02,-1.374179528405269045e-02,1.085464669074527535e+02,9.874781221151351929e-02
2.600358128547668457e-01,1.609167270362377167e-02,-4.003730540474256111e-02,1.581039681326905963e+02,1.262198239564895630e-01
2.600891987482706891e-01,-4.308229312300682068e-02,7.508170383516707749e-04,-8.900157837525780735e+01,8.475871384143829346e-02
2.600948611895243512e-01,-4.151220743854840828e-02,-1.116150664165616035e-02,-1.050493666275504268e+02,9.259456396102905273e-02
2.606692214806874963e-01,-2.537763118743896484e-02,3.482766946156819893e-02,-3.607943562191629638e+01,5.848871544003486633e-02
2.609756489594777795e-01,-3.099641638497511315e-02,3.011502884328365673e-02,-4.582629833052726553e+01,6.236095353960990906e-02
2.609795232613881244e-01,4.240262508392333984e-02,-8.786027319729328156e-03,1.017063043154229405e+02,9.593707323074340820e-02
2.610559662183126184e-01,3.740735103686650825e-02,2.186575035254160332e-02,5.969239705332027057e+01,6.556066870689392090e-02
2.611550986766815186e-01,3.744844719767570496e-02,-2.188964063922564304e-02,1.203074527764653538e+02,1.025956198573112488e-01
2.614743113517761230e-01,-3.649967287977536751e-02,-2.311613038182258953e-02,-1.223470747747525422e+02,1.039812341332435608e-01
2.619844973087310791e-01,4.284732416272163391e-02,7.681692174325386972e-03,7.983595863842670326e+01,8.232732117176055908e-02
2.622495889663696289e-01,1.102818626289566242e-02,-4.207958032687505318e-02,1.653142497790962295e+02,1.300131231546401978e-01
2.623572349548339844e-01,3.448337440689405037e-02,-2.640825696289539337e-02,1.274458232641214579e+02,1.074581593275070190e-01
2.627928157647451135e-01,2.667361125349998474e-02,3.431004658341407776e-02,3.786251577024156489e+01,5.752980336546897888e-02
2.628667255242665979e-01,-4.325137784083684517e-02,5.475614365423098207e-03,-8.278475173594793546e+01,7.923423498868942261e-02
2.629383703072865619e-01,4.355766624212265015e-02,2.562964490304391312e-03,8.663255772403989852e+01,8.697457611560821533e-02
2.632170716921488629e-01,-3.883526598413785530e-02,1.997009105980396271e-02,-6.278660874421479576e+01,6.777985394001007080e-02
2.633088926474253522e-01,3.176751794914405014e-02,3.000609328349431587e-02,4.663330034762097398e+01,5.919210240244865417e-02
2.635908424854278564e-01,-1.316565927118063146e-02,4.167777051528295112e-02,-1.753089109172265481e+01,5.299430340528488159e-02
2.636399070421854840e-01,-4.334848374128341675e-02,-5.440690409159287810e-03,-9.715381474368861348e+01,8.932105451822280884e-02
2.637241979440053674e-01,-4.011245196064313484e-02,-1.730188665290673805e-02,-1.133322059277192153e+02,9.667232632637023926e-02
2.637398938337961463e-01,-3.229270417553688904e-04,-4.371186097462972237e-02,-1.795767276986101422e+02,1.340075284242630005e-01
2.637489338715871545e-01,2.561116839448610710e-02,-3.542067731420198845e-02,1.441309263808085177e+02,1.171118244528770447e-01
2.639307578404744836e-01,-2.888538564244906223e-02,-3.287735457221667434e-02,-1.386981077357355616e+02,1.204322427511215210e-01
2.641793290774027136e-01,4.015195493896802498e-02,-1.750700641423463821e-02,1.135581058306039353e+02,9.953878074884414673e-02
2.643495798110961914e-01,-1.065656977395216740e-02,-4.251405100027720596e-02,-1.659281741254967528e+02,1.323166042566299438e-01
2.645107706387838098e-01,-4.131345699230830337e-02,1.490162561337153233e-02,-7.016579578998988609e+01,7.061969488859176636e-02
2.646663486957550049e-01,4.215355341633161140e-02,1.206248641634980953e-02,7.403121583675064699e+01,7.733864337205886841e-02
2.648513019084930420e-01,-6.869812496006485331e-03,4.332666844129562378e-02,-9.009729779143254902e+00,5.205319449305534363e-02
2.649258275826772424e-01,1.360975547383229053e-02,4.167189449071884155e-02,1.808668346954846129e+01,5.542711913585662842e-02
2.652427156766256067e-01,2.073831421633561684e-02,-3.879027937849362923e-02,1.518698558334217807e+02,1.216197758913040161e-01
2.655774056911468506e-01,-3.361721895635128021e-02,-2.828280441462993622e-02,-1.300745387051737794e+02,1.118222847580909729e-01
2.656716903050740930e-01,6.824738346040252340e-03,4.347122957309087349e-02,8.922287309005993095e+00,5.360624566674232483e-02
2.659682730833689557e-01,-2.354972437024116516e-02,3.721448530753453804e-02,-3.232606621205781749e+01,5.593170598149299622e-02
2.662698626518249512e-01,-5.531981063541024923e-03,-4.387161135673522949e-02,-1.728132308944654199e+02,1.361405402421951294e-01
2.665554483731588098e-01,-3.399307901660601761e-02,2.816989893714587009e-02,-5.035162294033464292e+01,6.468056887388229370e-02
2.665560245513916016e-01,-2.041729601720968998e-02,-3.928100566069285537e-02,-1.525357039628215432e+02,1.290513128042221069e-01
2.670199573040008545e-01,4.383968686064084602e-02,-6.410270308454832019e-03,9.831887683135464329e+01,9.270404279232025146e-02
2.676345407962799072e-01,-3.795796756943067146e-02,2.303917209307353164e-02,-5.874369889255286381e+01,6.555463373661041260e-02
2.676804661750793457e-01,3.451245278120040894e-02,-2.779904752969741821e-02,1.288507056474141166e+02,1.104839891195297241e-01
2.676988244056701660e-01,-1.750096430381139351e-02,4.071133707960446907e-02,-2.326187193450825319e+01,5.176271870732307434e-02
2.679615318775177002e-01,4.441705718636512756e-02,-2.377612205843124965e-04,9.030669713894336326e+01,8.850921690464019775e-02
2.681245605150858746e-01,3.839053834478060867e-02,2.251575576762358810e-02,5.960870455102831045e+01,6.539626419544219971e-02
2.682152489821116315e-01,2.457833414276441170e-02,3.699342409769694473e-02,3.359995910006383468e+01,5.830484256148338318e-02
2.683012088139852258e-01,9.801762644201517105e-03,-4.339917252461115982e-02,1.672731954724196726e+02,1.300929337739944458e-01
2.686175704002380371e-01,4.269579794102658539e-03,-4.440809041261672974e-02,1.745082237445091664e+02,1.325145661830902100e-01
2.689976990222930908e-01,-1.568266283720731735e-02,-4.175039504965146614e-02,-1.594123609968610253e+02,1.313320845365524292e-01
2.690399785836538049e-01,1.828375117232402397e-02,4.059237738450367783e-02,2.424790954248210895e+01,5.750393867492675781e-02
2.690488497416178570e-01,-2.519041361908117699e-02,-3.674996520082156326e-02,-1.455711524452763115e+02,1.269572973251342773e-01
2.690834502379099713e-01,3.495895862579345703e-02,2.761871740221977234e-02,5.169011394266868820e+01,6.122630089521408081e-02
2.691938678423563824e-01,3.022021800279617657e-02,-3.280476977427800034e-02,1.373482905288926474e+02,1.155893430113792419e-01
2.693196137746175500e-01,-4.382970680793126655e-02,-8.008298784261569381e-03,-1.003545199081519854e+02,8.958428353071212769e-02
2.693326175212860107e-01,-4.175389309724172188e-02,-1.548054907470941717e-02,-1.103426155814128862e+02,9.501209855079650879e-02
2.696701586246490479e-01,4.152900849779447151e-02,-1.653128241499264919e-02,1.117058153092967672e+02,9.763420373201370239e-02
2.703875998655955182e-01,-4.438255478938420845e-02,6.248760958745455327e-03,-8.198582230251447811e+01,7.875927537679672241e-02
2.704046169916788922e-01,4.301333799958229065e-02,1.252350630238652229e-02,7.376686867043891027e+01,7.635644823312759399e-02
2.707178692022959576e-01,-4.319224754969279434e-02,1.234373295058806969e-02,-7.405081357879835480e+01,7.221162319183349609e-02
2.707758744557698938e-01,-3.695840636889133595e-03,4.466890046993891861e-02,-4.729797219943555397e+00,5.269320309162139893e-02
2.708395222822825299e-01,3.831958087782073603e-03,4.464474320411682129e-02,4.905801091136687830e+00,5.398740246891975403e-02
2.714822391668955670e-01,4.377358903487523628e-02,-1.039031427353620529e-02,1.033528917253684511e+02,9.361020475625991821e-02
2.718604703744252893e-01,-3.490565158426761627e-02,-2.839472206930319931e-02,-1.291273413207932492e+02,1.111022159457206726e-01
2.719633082548777447e-01,-2.766170911490917206e-02,3.563596308231353760e-02,-3.781969253284041343e+01,5.862869322299957275e-02
2.722440560658773157e-01,-3.248627856373786926e-02,3.130401733020941879e-02,-4.606177316952064160e+01,6.350532174110412598e-02
2.723189890384674072e-01,4.119095827142398025e-02,1.845267384002606537e-02,6.586863461403427777e+01,7.054090499877929688e-02
2.725823223590850830e-01,-4.053933448934306412e-03,-4.504250238339106704e-02,-1.748570988700605255e+02,1.338697224855422974e-01
2.730462948481242047e-01,1.978743510941664493e-02,-4.069230084617932869e-02,1.540677467545713455e+02,1.262977272272109985e-01
2.733028034369150983e-01,3.784932941198348999e-02,-2.503794183333715034e-02,1.234852787130813141e+02,1.056451052427291870e-01
2.735917369524638043e-01,2.850712649524211884e-02,3.525623679161071777e-02,3.895795576402834115e+01,6.090038642287254333e-02
2.736912965774536133e-01,-4.007501651843389107e-02,2.140867648025353981e-02,-6.188819686657669905e+01,6.701977550983428955e-02
2.738910118738810406e-01,1.391436997801065445e-02,-4.325891907016436722e-02,1.621694464959591357e+02,1.309775710105895996e-01
2.739233970642089844e-01,2.004984863257657218e-03,-4.540466268857320381e-02,1.774715682658734863e+02,1.325580775737762451e-01
2.739438613255819055e-01,3.379384428262710571e-02,3.018548339605331421e-02,4.822799674385491642e+01,6.215954571962356567e-02
2.739496429761250629e-01,-1.806452187399069584e-02,4.159563655654589798e-02,-2.347476957419305776e+01,5.271022021770477295e-02
2.739557127157847272e-01,4.540692518154780533e-02,2.006718966489037456e-03,8.746951020644945629e+01,8.289457857608795166e-02
2.742282350858052942e-01,-4.126934458812078071e-02,-1.890752681841453148e-02,-1.146148566465352729e+02,9.897594153881072998e-02
2.742576400438944684e-01,4.078905905286471512e-02,-2.022291564693053795e-02,1.163718760514123431e+02,1.001111790537834167e-01
2.745922108491262170e-01,-4.521422584851583076e-02,-4.735889194610838800e-03,-9.597954759269819647e+01,8.669868111610412598e-02
2.746490240097045898e-01,-1.420319949587186235e-02,-4.322705417871475220e-02,-1.618109249292580216e+02,1.350749284029006958e-01
2.748832603295644494e-01,1.749647377679745472e-02,4.203833142916361953e-02,2.259721815237507769e+01,5.715614557266235352e-02
2.749850253264109479e-01,-2.663223755856355263e-02,-3.693362697958946228e-02,-1.442052398956198829e+02,1.257641017436981201e-01
2.751388152440389367e-01,4.497498646378517151e-02,7.848321227356791496e-03,8.010132340705546028e+01,7.849710434675216675e-02
2.752493818600972864e-01,-3.846498578786849976e-02,-2.468581994374593330e-02,-1.226912842105856924e+02,1.056328639388084412e-01
2.754565378030141565e-01,3.143643339474996162e-02,-3.306124607721964981e-02,1.364430786340462305e+02,1.154470443725585938e-01
2.754809260368347168e-01,-4.283110549052556587e-02,1.578170278420051170e-02,-6.977299479108040714e+01,7.083692401647567749e-02
2.755503455797831402e-01,-4.559919983148574829e-02,2.376633104480182276e-03,-8.701644010195030887e+01,8.172947168350219727e-02
2.761499981085459576e-01,-3.161564220984777046e-02,-3.317293400565783645e-02,-1.363769259169154964e+02,1.185189709067344666e-01
2.763133645057678223e-01,-7.699058818009993886e-03,-4.516160115599632263e-02,-1.703253394380454324e+02,1.337886303663253784e-01
2.765240172545115338e-01,-2.477651275694370617e-02,3.846859683593113755e-02,-3.278441598700862158e+01,5.611141026020050049e-02
2.765780389308929443e-01,4.497920473416646553e-02,-8.901918462167184715e-03,1.011948468858729626e+02,9.262653440237045288e-02
2.768294513225555420e-01,6.948729666570827024e-03,4.533062626918157173e-02,8.715028652479889004e+00,5.545773729681968689e-02
2.771096030871073035e-01,-7.210747649272280027e-03,4.532754793763160706e-02,-9.038924131851537425e+00,5.404034629464149475e-02
2.777113914489746094e-01,-3.548367197314898636e-02,2.934691558281581070e-02,-5.040741180721300907e+01,6.301996111869812012e-02
2.779498497645060406e-01,3.632051994403203560e-02,-2.836597959200541294e-02,1.279894969449824771e+02,1.103840619325637817e-01
2.779806752999623987e-01,1.294646939883629597e-02,4.431954771280288696e-02,1.628395264311669521e+01,5.528130754828453064e-02
2.780795395374298096e-01,-3.910752137502034737e-02,2.458230157693227017e-02,-5.784725224280740008e+01,6.566035002470016479e-02
2.781081895033518658e-01,4.210253184040387703e-02,1.877539635946353508e-02,6.596577657535115691e+01,7.154627889394760132e-02
2.781099379062652588e-01,4.603517055511474609e-02,-2.677394310012458888e-03,9.332855895059657314e+01,8.610572665929794312e-02
2.781537671883900775e-01,-1.407015199462572849e-02,4.390525196989377571e-02,-1.776890171011156383e+01,5.427944660186767578e-02
2.786038716634114953e-01,2.718496570984522617e-02,3.736217940847079422e-02,3.603988049881554190e+01,6.128614395856857300e-02
2.789317667484283447e-01,3.661789124210675789e-02,2.820086727539698399e-02,5.239872831955726440e+01,6.420176476240158081e-02
2.790706654389699670e-01,2.246889596184094978e-02,4.054532075921694900e-02,2.899379224505858588e+01,5.834281072020530701e-02
2.793851196765899658e-01,-4.360374187429746223e-02,-1.563612185418605804e-02,-1.097276240837711185e+02,9.707774966955184937e-02
2.797367374102274762e-01,2.355097606778144836e-02,-3.997820243239402771e-02,1.494978559248386318e+02,1.230108961462974548e-01
2.797620991865794049e-01,-4.547280942400296760e-02,-8.936734520830214024e-03,-1.011185914177679592e+02,9.022829681634902954e-02
2.798762619495391846e-01,5.534568995547791900e-03,-4.606437683105468750e-02,1.731488351505163337e+02,1.308980733156204224e-01
2.801602383454641076e-01,1.191177126020193100e-02,-4.492755110065142776e-02,1.651506589933757709e+02,1.317391991615295410e-01
2.803069055080413818e-01,2.892472346623738491e-02,-3.639606386423110962e-02,1.415250898400362303e+02,1.179013624787330627e-01
2.804169257481892719e-01,-1.739514463891585899e-02,-4.316579798857371475e-02,-1.580513325298192910e+02,1.330909579992294312e-01
2.805305719375610352e-01,4.037377610802650452e-02,2.323365956544876099e-02,6.008111745961786454e+01,6.729268282651901245e-02
2.810029089450836182e-01,-2.300063272317250801e-02,-4.052107036113739014e-02,-1.504198220432040216e+02,1.289841085672378540e-01
2.812867065270742151e-01,4.325253516435623169e-02,-1.748626586049795151e-02,1.120126477518698067e+02,9.759755432605743408e-02
2.816167771816253662e-01,-4.421968137224515510e-02,1.503490749746561050e-02,-7.122171610228056693e+01,7.510931044816970825e-02
2.817950248718261719e-01,4.519810030857722427e-02,-1.230623681719104565e-02,1.052309069884294672e+02,9.413690865039825439e-02
2.820423940817515240e-01,-3.797409186760584976e-02,-2.734162410100301338e-02,-1.257541634547056759e+02,1.090474054217338562e-01
2.820780773957570764e-01,4.581686978538831306e-02,9.576392903303107204e-03,7.819430832133851084e+01,7.670038938522338867e-02
2.823979655901591168e-01,-3.376766480505466461e-02,-3.241349818805853988e-02,-1.338278053284973339e+02,1.162467598915100098e-01
2.824725310007731305e-01,3.116771578788765130e-03,4.676631713906924392e-02,3.812875963933190171e+00,5.482567846775054932e-02
2.826507588227590295e-01,-4.656879728039105965e-02,5.112365858318905325e-03,-8.373510355061230825e+01,8.048160374164581299e-02
2.827433049678802490e-01,-2.634515923758348060e-02,3.870672856767971848e-02,-3.424057872753419218e+01,5.911580100655555725e-02
2.828163305918375836e-01,-3.514907012383135156e-03,4.673908154169718887e-02,-4.300704343736256874e+00,5.470248684287071228e-02
2.828796605269113806e-01,-7.428595602201919917e-03,-4.633749028046926094e-02,-1.708921252521481051e+02,1.334162205457687378e-01
2.831330796082814905e-01,4.476679489016532898e-02,1.457430049777030945e-02,7.196679648140801078e+01,7.556509971618652344e-02
2.835994760195414410e-01,3.854586308201154304e-02,-2.689235347012678898e-02,1.249023864939121609e+02,1.097415015101432800e-01
2.837754487991333008e-01,4.702857260902722214e-02,-1.848718345475694339e-03,9.225116862782054739e+01,8.565736562013626099e-02
2.839654386043548584e-01,1.536570489406585693e-02,4.454666003584861755e-02,1.903110930968646386e+01,5.568093061447143555e-02
2.842046717802683697e-01,-3.499340886871020462e-02,3.166110999882221222e-02,-4.786203903195962539e+01,6.311210989952087402e-02
2.842196126778920306e-01,-1.662762773533662045e-02,4.411046455303828384e-02,-2.065414855801056149e+01,5.391769483685493469e-02
2.843170364697774621e-01,3.525706628958384659e-02,3.139607732494671677e-02,4.831524404470423661e+01,6.449859589338302612e-02
2.843314607938131067e-01,-4.086250811815261841e-02,2.375114957491556919e-02,-5.983289646821113905e+01,6.525726616382598877e-02
2.843412657578786584e-01,3.111085854470729828e-02,3.548663606246311997e-02,4.124079359657180532e+01,6.284213811159133911e-02
2.843867639700571881e-01,2.105331358810266090e-02,4.224322860439618660e-02,2.649089258377077627e+01,5.692836642265319824e-02
2.846219638983408795e-01,-4.350347444415092468e-02,-1.843371832122405601e-02,-1.129638207475157827e+02,9.968851506710052490e-02
2.847929398218790875e-01,-4.605739439527194168e-02,1.093974336981773376e-02,-7.663847185107937321e+01,7.941056787967681885e-02
2.852473855018615723e-01,3.539467657295365839e-03,-4.718515152732531692e-02,1.757101447704071120e+02,1.320541948080062866e-01
2.853435178597767963e-01,-4.659878214200337959e-02,-8.233735609489183788e-03,-1.000204056814772144e+02,9.220442920923233032e-02
2.855744759241740094e-01,1.550523005425930023e-02,-4.479458928108215332e-02,1.609071811236128724e+02,1.328548789024353027e-01
2.858717044194539203e-01,-1.356499983618656910e-02,-4.543941219647725654e-02,-1.633780897352615114e+02,1.335217654705047607e-01
2.859814961751302453e-01,4.253814866145452095e-02,-2.082766592502593994e-02,1.160874438784567531e+02,1.024889200925827026e-01
2.859956920146942139e-01,2.127136973043283058e-02,-4.241185883680979873e-02,1.533642678540104498e+02,1.288064271211624146e-01
2.860790689786275598e-01,-4.321857914328575134e-02,1.983072919150193764e-02,-6.535210313682317462e+01,7.088907063007354736e-02
2.861642042795817242e-01,4.163038358092308044e-02,2.294062823057174683e-02,6.114282140003091826e+01,6.940697878599166870e-02
2.862347761789957312e-01,-2.219064409534136570e-02,4.203898087143898010e-02,-2.782772509494586899e+01,5.535285919904708862e-02
2.862580915292104455e-01,-4.067818323771159317e-02,-2.436092744270960259e-02,-1.209161100003501161e+02,1.050012484192848206e-01
2.864487469196319580e-01,3.199007237950961258e-02,-3.512813150882720947e-02,1.376768699880474287e+02,1.198248565196990967e-01
2.865604857603709088e-01,4.724221055706342987e-02,4.563466606972117930e-03,8.448250529389248697e+01,8.064950257539749146e-02
2.865995466709136963e-01,4.683898140986760689e-02,-7.759371578382950191e-03,9.940622502761429757e+01,9.155040234327316284e-02
2.866565783818563196e-01,-3.132933812836806442e-02,3.580260773499806953e-02,-4.118778895297535314e+01,6.197388097643852234e-02
2.866833408673604700e-01,-2.793809593034287872e-03,-4.746142526467641426e-02,-1.766311801141601734e+02,1.326278150081634521e-01
2.869070470333099365e-01,-2.579396714766820503e-02,-3.993590176105499268e-02,-1.471422222944175360e+02,1.267937272787094116e-01
2.871371308962504254e-01,-3.157759457826614380e-02,-3.558902256190776825e-02,-1.384178467926675182e+02,1.213015094399452209e-01
2.872480054696401330e-01,3.672712544600169327e-02,-3.031968759993711876e-02,1.295410142034046430e+02,1.167279779911041260e-01
2.877344489097595215e-01,-4.772826780875524116e-02,1.781091617885976379e-03,-8.786286604850224080e+01,8.364868909120559692e-02
2.879824539025624963e-01,6.759182239572212626e-03,4.727193589011827873e-02,8.137286715475553933e+00,5.521341785788536072e-02
2.880467077096303674e-01,4.429755235711733963e-02,1.778155285865068436e-02,6.812889977250533491e+01,7.365591078996658325e-02
2.881323695182800293e-01,-3.867441043257713318e-02,2.807446445027987278e-02,-5.402341374748058911e+01,6.372547149658203125e-02
2.882788280646005896e-01,-4.768980791171392036e-02,-4.151120878911267881e-03,-9.497472622772583861e+01,8.848597109317779541e-02
2.883197963237762451e-01,-4.559400801857312752e-02,-1.445160992443561554e-02,-1.075866845453102201e+02,9.763271361589431763e-02
2.883241375287374231e-01,1.301037582258383549e-02,4.606335734327633713e-02,1.577208005685121783e+01,5.624509975314140320e-02
2.883264323075612201e-01,-7.154292427003380167e-03,4.724542424082756042e-02,-8.610781379499899302e+00,5.347875133156776428e-02
2.885646820068359375e-01,3.875335802634557320e-02,2.797348176439603054e-02,5.417697758492539606e+01,6.680081039667129517e-02
2.886855502923329486e-01,-1.340760880460341829e-02,4.603910321990649368e-02,-1.623673224166252638e+01,5.245485901832580566e-02
2.887364824612935754e-01,2.421923292179902626e-02,4.134685918688774109e-02,3.035995902407039182e+01,5.987703427672386169e-02
2.891577780246734619e-01,2.956070813039938724e-02,3.777340799570083618e-02,3.804601770828544716e+01,6.284747272729873657e-02
2.922618687152862549e-01,7.937286592399081173e-03,-4.787637790044148994e-02,1.705867173291774179e+02,1.231325045228004456e-01
2.923049827416738244e-01,1.352584672470887733e-02,-4.662264138460159302e-02,1.638218549850112424e+02,1.230920627713203430e-01
2.923698027928670617e-01,-4.654615372419357300e-02,1.376878128697474682e-02,-7.352129729451142737e+01,6.819856166839599609e-02
2.926090856393178674e-01,3.170139590899150039e-02,-3.683269893129666878e-02,1.392818756134312252e+02,1.126871556043624878e-01
2.927261988321939734e-01,2.304954143861929691e-02,-4.281581317385037971e-02,1.517045634797936202e+02,1.164179667830467224e-01
2.927531898021697998e-01,-4.476559286316236091e-02,1.904191387196381771e-02,-6.695658284189362064e+01,6.187026947736740112e-02
2.927535275618234900e-01,-1.362836454063654119e-02,-4.660671328504879807e-02,-1.637004441563589410e+02,1.268442422151565552e-01
2.927821675936381207e-01,4.466245075066884590e-02,-1.898418428997198856e-02,1.130283635173938421e+02,9.334608912467956543e-02
2.928918997446696149e-01,4.798010860880215500e-02,-7.192001173583170356e-03,9.852490846623628329e+01,8.063124120235443115e-02
2.929095029830932617e-01,-4.065552602211634781e-02,-2.652906502286593582e-02,-1.231257669957896184e+02,9.454458951950073242e-02
2.930212616920471191e-01,-2.306304126977920532e-02,4.286444062987963821e-02,-2.828229590177349806e+01,4.879022389650344849e-02
2.931629021962484094e-01,4.826713850100834702e-02,5.373896138432126407e-03,8.364705002773392550e+01,7.068339735269546509e-02
2.932028869787851599e-01,-2.400874408582846439e-02,-4.232220351696014404e-02,-1.504344154240647242e+02,1.213450953364372253e-01
2.934083441893259869e-01,3.910288835565249588e-02,-2.901828847825527538e-02,1.265791431042531912e+02,1.080350577831268311e-01
2.934329708417257043e-01,-3.309824007252851891e-02,-3.569238819181919098e-02,-1.371596450706815347e+02,1.058414429426193237e-01
2.935941219329833984e-01,4.540909950931867195e-02,1.749772982050975048e-02,6.892656408876361240e+01,6.423413008451461792e-02
2.936978240807851526e-01,-2.384419046393305465e-03,-4.863600929578145576e-02,-1.771932760707043713e+02,1.288428306579589844e-01
2.936988472938537598e-01,-3.196188497046630050e-02,3.681167090932528640e-02,-4.096628341528724349e+01,5.876578018069267273e-02
2.937482794125874652e-01,-4.602102686961492134e-02,-1.603704287360111988e-02,-1.092120193650589783e+02,9.167332947254180908e-02
2.937693695227304724e-01,3.642410660783458771e-03,4.854885861277580261e-02,4.290615900139015615e+00,4.938401654362678528e-02
2.937695483366647986e-01,-3.639385414620233735e-03,4.854958256085713242e-02,-4.287001882626902294e+00,4.777254164218902588e-02
2.939545015494028912e-01,3.951383009552955627e-02,2.845320229729016506e-02,5.424301436058222947e+01,5.847325176000595093e-02
2.940088808536529541e-01,-4.866262897849082947e-02,4.399133710345874519e-03,-8.483446465921230129e+01,7.340538501739501953e-02
2.940122286478678015e-01,-3.963938479622205330e-02,2.840632945299148560e-02,-5.437390364140271970e+01,5.759136751294136047e-02
2.941020727157592773e-01,2.315308774511019504e-02,4.302189747492472793e-02,2.828779777644648874e+01,5.064107105135917664e-02
2.941110531489054547e-01,1.763183933993180824e-02,4.543496419986089302e-02,2.120962145617696137e+01,4.825657233595848083e-02
2.941286663214365826e-01,-1.762450331201156212e-02,4.544131706158320572e-02,-2.119887990602761363e+01,4.643369466066360474e-02
2.945233682791392194e-01,3.180211409926414490e-02,3.716781611243884231e-02,4.055148049528078502e+01,5.529448762536048889e-02
2.945532600084940222e-01,-4.862644895911216736e-02,-5.553866561967880401e-03,-9.651579848148074348e+01,8.406133949756622314e-02
2.957612276077270508e-01,2.780389661590258396e-02,-4.040903970599174500e-02,1.454696443463678577e+02,1.031183302402496338e-01
2.959775726000468121e-01,-1.829006181408961498e-02,-4.553139830629031326e-02,-1.581145644205923304e+02,1.182940378785133362e-01
2.962076564629873010e-01,-3.710545102755228447e-02,-3.218581775824229385e-02,-1.309388531663067852e+02,8.770503848791122437e-02
2.962216933568319055e-01,4.745827987790107727e-02,-1.262861940388878418e-02,1.049010682700401134e+02,7.600315660238265991e-02
2.964926958084106445e-01,4.774369547764460708e-02,1.176563960810502255e-02,7.615624962662694486e+01,5.619202181696891785e-02
2.965020537376403809e-01,-4.799191777904828621e-02,1.055944586793581760e-02,-7.759118770235004092e+01,5.902629718184471130e-02
2.965604861577352258e-01,4.304592808087667061e-02,-2.374747271339098728e-02,1.188845359345960730e+02,9.190575033426284790e-02
2.965720593929290771e-01,-2.785010325411955631e-02,4.054125150044759346e-02,-3.448739792526504289e+01,4.934506490826606750e-02
2.966702183087667200e-01,4.919462775190670822e-02,-4.709184092159075449e-04,9.054845039951528918e+01,6.477209925651550293e-02
2.967018584410349713e-01,-4.390783607959747314e-02,-2.218728885054588318e-02,-1.168081552200100788e+02,8.327247202396392822e-02
2.967759668827056885e-01,-7.082569760010907871e-03,-4.867937540014585091e-02,-1.717218787866520131e+02,1.229537203907966614e-01
2.968478699525197717e-01,3.640268743038177490e-02,-3.313227246205012466e-02,1.323072107674786082e+02,1.026308014988899231e-01
2.968530754248301373e-01,3.634951512018839981e-02,3.318917999664942886e-02,4.760213903175288408e+01,4.691940546035766602e-02
2.968854407469431744e-01,-4.337449620167414810e-02,2.329419925808906555e-02,-6.176205379329729794e+01,5.010436102747917175e-02
2.969218691190084192e-01,4.687395763842991912e-03,-4.898816843827565742e-02,1.745343364846941938e+02,1.182040423154830933e-01
2.969649831453959332e-01,1.802193932235240936e-02,-4.582697649796804024e-02,1.585322460928205430e+02,1.104012578725814819e-01
2.970464328924815045e-01,-4.796244204044342735e-02,-1.122191424171129978e-02,-1.031687727096411038e+02,8.182041347026824951e-02
2.971014380455017090e-01,4.350240280230840278e-02,2.313652572532495094e-02,6.199395478139516058e+01,5.165763571858406067e-02
2.971267998218536377e-01,-3.659093007445335388e-02,3.300203817586104538e-02,-4.795211382757105412e+01,5.376990512013435364e-02
2.972253262996673584e-01,-2.851390155653158592e-02,-4.020109772682189941e-02,-1.446526209931550682e+02,1.043950170278549194e-01
2.975068390369415283e-01,-4.933934410413105820e-02,-2.185455329405767630e-04,-9.025378640526039931e+01,6.902439892292022705e-02
2.976703047752380371e-01,2.794768040378888679e-02,4.069618259867032600e-02,3.447892827813666372e+01,4.387512803077697754e-02
2.976792852083842145e-01,1.536091075589259523e-02,4.681294287244479324e-02,1.816641384568065121e+01,3.414994105696678162e-02
2.976792852083842145e-01,7.622675659755870359e-03,4.871825873851776123e-02,8.892653125806347703e+00,3.630906715989112854e-02
2.976794640223185406e-01,-7.612563359240687687e-03,4.872072363893191482e-02,-8.880602085305433491e+00,4.129184782505035400e-02
2.976794640223185406e-01,-1.534436487903197491e-02,4.681877916057904793e-02,-1.814601542949620594e+01,4.097689315676689148e-02
