"Time_Iter","Outer_Iter","Inner_Iter",    "Time(sec)"   ,    "Time(sec)"   ,    "rms[Rho]"    ,    "rms[RhoU]"   ,    "rms[RhoV]"   ,    "rms[RhoW]"   ,    "rms[RhoE]"   ,"Linear_Solver_Iterations",    "LinSolRes"   ,     "Min DT"     ,     "Max DT"     ,     "Min CFL"    ,     "Max CFL"    ,     "Avg CFL"    ,    "RefForce"    ,       "CD"       ,       "CL"       ,       "CSF"      ,       "CMx"      ,       "CMy"      ,       "CMz"      ,       "CFx"      ,       "CFy"      ,       "CFz"      ,      "CEff"      ,   "relrms[Rho]"  ,  "relrms[RhoU]"  ,  "relrms[RhoV]"  ,  "relrms[RhoW]"  ,  "relrms[RhoE]"  ,    "CD(nose)"    ,    "CD(body)"    ,    "CD(fins)"    ,    "CD(base)"    ,    "CL(nose)"    ,    "CL(body)"    ,    "CL(fins)"    ,    "CL(base)"    ,    "CSF(nose)"   ,    "CSF(body)"   ,    "CSF(fins)"   ,    "CSF(base)"   ,    "CMx(nose)"   ,    "CMx(body)"   ,    "CMx(fins)"   ,    "CMx(base)"   ,    "CMy(nose)"   ,    "CMy(body)"   ,    "CMy(fins)"   ,    "CMy(base)"   ,    "CMz(nose)"   ,    "CMz(body)"   ,    "CMz(fins)"   ,    "CMz(base)"   ,    "CFx(nose)"   ,    "CFx(body)"   ,    "CFx(fins)"   ,    "CFx(base)"   ,    "CFy(nose)"   ,    "CFy(body)"   ,    "CFy(fins)"   ,    "CFy(base)"   ,    "CFz(nose)"   ,    "CFz(body)"   ,    "CFz(fins)"   ,    "CFz(base)"   ,   "CEff(nose)"   ,   "CEff(body)"   ,   "CEff(fins)"   ,   "CEff(base)"   
          0,           0,           0,       2.739883771,       2.739883771,      -5.692762865,       -5.87070264,      -6.839052843,      -6.768893058,      -5.641610343,                         2,      -1.706856959,   0.0001991183579,      0.8271390807,               2.5,              5.25,       5.248359965,      0.0039269908,      0.1175601375,      0.9169457251,   -0.001119448135,    0.005646135991,      -6.163244678,     0.03457666887,     0.05331086651,   -0.001119448135,      0.9229126721,       7.799801401,                 0,                 0,                 0,                 0,                 0,      0.1102294328,     0.04140895233,     0.06359849407,    -0.09767674172,      0.1229966297,      0.5880882791,      0.1990305932,     0.00683022315,   -0.005514375026,   0.0009498582711,    0.003445068621,                 0,   9.585710696e-06,  -2.156354641e-05,    0.005658113827,                 0,     -0.2702144568,      -3.955722428,      -1.939584236,    0.002276442702,    -0.01165868766,     0.01380991115,     0.03225917448,   0.0001662708902,      0.1013811083,   0.0002851176059,     0.04955989898,    -0.09791525837,   -0.005514375026,   0.0009498582711,    0.003445068621,                 0,      0.1303862326,      0.5895442681,      0.2029821713,                 0,       1.115823846,       14.20195987,       3.129485943,    -0.06992681194
          0,           0,           1,       2.565262167,       2.652572969,      -5.714191515,      -5.676405441,      -6.214895583,      -6.175464386,      -5.639392741,                         2,      -1.895626582,     0.00024161363,      0.8684960352,               2.5,            5.5125,       5.510057971,      0.0039269908,      0.3346094983,       1.049676912,    0.006165394268,    0.006156579043,      -7.246383055,     0.08816080645,      0.2605726464,    0.006165394268,       1.070461131,       3.137020669,                 0,                 0,                 0,                 0,                 0,      0.1269302551,     0.04596682228,     0.08193484136,     0.07977757953,      0.1481023545,      0.6516328457,      0.2555203038,   -0.005578591801,   -0.004509881557,     0.00311202668,    0.007563249145,                 0,   4.765242295e-06,  -5.135182575e-05,    0.006203165627,                 0,     -0.3271326393,      -4.427498863,      -2.494685822,    0.002934269121,    -0.00879966162,     0.02625293968,     0.07055453085,   0.0001529975488,      0.1162899614,   0.0003992399174,     0.06391105684,     0.07997238825,   -0.004509881557,     0.00311202668,    0.007563249145,                 0,      0.1565957916,      0.6532519843,      0.2606133548,                 0,       1.166801046,       14.17615605,       3.118579344,    -0.06992681194
          0,           0,           2,       2.469713367,       2.591619768,      -5.809410626,      -5.775738774,      -6.254815339,      -6.238863144,      -5.752970175,                         2,      -1.903372111,   0.0002515842915,      0.9119208396,               2.5,          5.788125,       5.785104905,      0.0039269908,      0.3711406644,       1.010147291,     0.01118484827,    0.002829139556,      -7.066376909,      0.1189322056,      0.2997722714,     0.01118484827,       1.033576087,       2.721737033,    -0.09521911076,    -0.09933333321,    -0.03991975606,    -0.06339875791,     -0.1135774344,      0.1240500884,     0.04224380693,     0.09180985414,      0.1130369149,      0.1493365808,      0.5981782552,      0.2705367661,   -0.007904311093,   -0.003714498949,    0.005705374696,    0.009193972523,                 0,  -4.172327613e-06,  -5.881076379e-05,    0.002892122647,                 0,     -0.3301488987,      -4.092272364,      -2.645918404,    0.001962757072,    -0.00683700776,     0.03956921895,     0.08612181614,   7.817822732e-05,      0.1133307154,   0.0004140973912,     0.07271451913,      0.1133129396,   -0.003714498949,    0.005705374696,    0.009193972523,                 0,      0.1576261011,       0.599667902,      0.2762820839,                 0,       1.203840986,       14.16014083,       2.946707286,    -0.06992681194
          0,           0,           3,       2.358444098,       2.533325851,      -5.836175799,       -5.78463691,      -6.282050932,      -6.266784572,      -5.788386336,                         2,      -1.950684929,   0.0002636939874,      0.9575168839,             2.625,        6.07753125,       6.074159538,      0.0039269908,      0.3657290664,      0.9041517803,     0.01308290847,  -0.0007042718083,      -6.408887889,      0.1247736148,      0.3017677289,     0.01308290847,       0.927461282,       2.472190108,     -0.1219842838,     -0.1082314697,    -0.06715534832,    -0.09132018592,     -0.1489935947,      0.1144059281,     0.03530482223,     0.09740727097,      0.1186110451,      0.1409148103,      0.4995291175,      0.2720019447,   -0.008294092247,   -0.003166085349,    0.007379642101,    0.008869351716,                 0,  -1.087667414e-05,  -5.302792665e-05,  -0.0006403672075,                 0,      -0.310944342,       -3.43708393,      -2.663179121,    0.002319503136,   -0.005861760335,     0.04751940053,       0.083274844,  -0.0001588694252,      0.1042975208,   0.0003734316834,     0.07819609524,      0.1189006812,   -0.003166085349,    0.007379642101,    0.008869351716,                 0,       0.148552103,      0.5007750296,      0.2781341494,                 0,       1.231708991,       14.14903365,       2.792419313,    -0.06992681194
          0,           0,           4,       2.484025522,       2.523465785,       -5.83818912,      -5.772693961,      -6.286949544,      -6.273563887,       -5.79155788,                         2,      -1.981134218,   0.0002768031656,       1.005392728,           2.75625,       6.381407813,       6.377846679,      0.0039269908,      0.3497849285,      0.7851924742,     0.01269021758,   -0.003092484664,      -5.651558409,      0.1147754997,      0.2941606117,     0.01269021758,       0.807679548,       2.244786468,     -0.1239976055,    -0.09628852074,    -0.07205396028,    -0.09809950092,     -0.1521651394,      0.1040122738,     0.02758274745,      0.1012572652,       0.116932642,      0.1301399161,      0.3900242326,      0.2732050524,    -0.00817672687,   -0.002500157816,    0.007467715371,    0.007722660021,                 0,   -1.30613598e-05,  -4.179184137e-05,   -0.003037631463,                 0,     -0.2862581193,      -2.691825978,      -2.676079612,    0.002605300632,   -0.004956816492,     0.04737952349,     0.07246848238,  -0.0001156896807,      0.0946808035,   0.0003088421279,     0.08195278649,      0.1172181796,   -0.002500157816,    0.007467715371,    0.007722660021,                 0,      0.1370784313,      0.3909982283,      0.2796028884,                 0,       1.251197684,       14.14015167,       2.698127902,    -0.06992681194
          0,           0,           5,       2.346873349,       2.494033712,      -5.836351035,      -5.763422986,      -6.275791221,      -6.265086906,      -5.793671387,                         2,      -1.939723539,   0.0002906554009,       1.055662363,         2.8940625,       6.700478203,       6.696718692,      0.0039269908,      0.3299033044,      0.6840960499,      0.0114595658,   -0.004198467331,      -4.997653734,      0.1011474892,      0.2813795484,      0.0114595658,      0.7054425175,       2.073625941,     -0.1221595202,    -0.08701754576,    -0.06089563776,    -0.08962252023,     -0.1542786461,     0.09577981144,     0.02072644392,      0.1042039694,      0.1091930796,      0.1212315971,      0.2928897209,      0.2776102559,   -0.007635523946,   -0.001638193992,    0.006482295792,    0.006615463997,                 0,  -1.231691543e-05,  -3.104337083e-05,   -0.004155107045,                 0,     -0.2657869894,      -2.015517866,      -2.719026633,       0.002677755,   -0.003490820898,     0.04257262809,     0.06191635411,   0.0001493278941,     0.08708980791,   0.0002450012191,     0.08458502123,       0.109459718,   -0.001638193992,    0.006482295792,    0.006615463997,                 0,      0.1276175449,      0.2936220599,      0.2842029127,                 0,       1.265732259,       14.13120948,       2.664104425,    -0.06992681194
          0,           0,           6,       2.169622735,       2.447689287,       -5.83720935,      -5.761241201,      -6.269848143,      -6.255733858,      -5.801305858,                         2,      -1.858536966,   0.0003052163092,       1.108445473,         2.8940625,       7.035502113,       7.031517161,      0.0039269908,      0.3149608606,      0.6218036114,     0.01058990737,   -0.004599131174,      -4.593314666,     0.09262849356,      0.2708188045,     0.01058990737,       0.642259488,        1.97422502,     -0.1230178356,    -0.08483576077,    -0.05495255949,    -0.08026947199,     -0.1619131173,     0.09097926552,     0.01633338323,      0.1061084244,      0.1015397874,      0.1154283103,       0.230713733,      0.2827619217,   -0.007100353621,  -0.0009452990154,    0.005363246108,    0.006171960278,                 0,  -1.102120384e-05,  -2.279385798e-05,   -0.004565316112,                 0,     -0.2524566224,      -1.574559896,      -2.768907839,    0.002609691941,   -0.002125087824,     0.03672468544,      0.0576391869,   0.0003897090401,     0.08270577271,   0.0001998194739,     0.08612547506,      0.1017877373,  -0.0009452990154,    0.005363246108,    0.006171960278,                 0,      0.1214935255,      0.2312910852,      0.2894748774,                 0,       1.268732053,       14.12528744,       2.664839509,    -0.06992681194
          0,           0,           7,       2.084863175,       2.402336023,      -5.857759247,      -5.782747778,      -6.297452571,      -6.274462865,      -5.831721556,                         2,      -1.763012459,   0.0003204925625,       1.163867731,       3.038765625,       7.387277219,       7.383086138,      0.0039269908,      0.2999985788,      0.5763467682,     0.01006313561,     -0.0046361661,      -4.296799785,     0.08703618516,      0.2590638791,     0.01006313561,      0.5958696594,       1.921164995,     -0.1435677318,     -0.1063423373,    -0.08255698754,    -0.09899847892,     -0.1923288149,     0.08771350302,     0.01299236638,      0.1075442493,     0.09174846012,      0.1106940437,      0.1834857844,      0.2885826175,   -0.006415677317,  -0.0002851379239,     0.00444805898,    0.005900214553,                 0,  -1.020337125e-05,  -1.728364255e-05,   -0.004608679087,                 0,      -0.241504996,      -1.232393506,      -2.825128502,    0.002227219401,  -0.0005892234889,     0.03205822134,     0.05498881455,   0.0005783727634,     0.07977821118,   0.0001613963255,     0.08715177111,     0.09197250051,  -0.0002851379239,     0.00444805898,    0.005900214553,                 0,      0.1165429832,      0.1839451239,      0.2953815523,                 0,       1.261995472,       14.12258391,       2.683384927,    -0.06992681194
          0,           0,           8,       2.349742305,       2.396492277,      -5.843551495,      -5.762285041,      -6.302505078,      -6.269192806,      -5.818220962,                         2,       -1.70236614,    0.000336523745,       1.222061089,       3.190703906,        7.75664108,       7.752240445,      0.0039269908,      0.2865264617,      0.5457350082,    0.009855520674,   -0.004554359456,      -4.093068027,     0.08415175103,      0.2477599479,    0.009855520674,      0.5643927007,       1.904658316,     -0.1293599802,     -0.0858796003,     -0.0876094944,    -0.09372842025,     -0.1788282209,     0.08582994132,     0.01064482355,      0.1084979215,     0.08155377536,      0.1073110515,      0.1503577867,      0.2937689655,   -0.005702795513,   0.0001607874823,    0.003940328557,    0.005754404634,                 0,  -1.035152303e-05,  -1.399160118e-05,   -0.004530016332,                 0,     -0.2336655545,     -0.9858089646,      -2.875167308,    0.001573800256,   0.0006058952757,     0.02924838295,      0.0535643519,   0.0007331209062,     0.07813522335,   0.0001304642964,     0.08774133886,     0.08175292137,   0.0001607874823,    0.003940328557,    0.005754404634,                 0,      0.1130368413,       0.150734068,      0.3006217914,                 0,       1.250275252,        14.1249675,       2.707599938,    -0.06992681194
          0,           0,           9,       1.971443401,       2.353987389,      -5.803667973,      -5.713424207,      -6.285594655,      -6.239502788,      -5.773652691,                         2,      -1.670242591,   0.0003533500029,       1.283164095,       3.350239102,       8.144473134,       8.139852467,      0.0039269908,      0.2762162335,      0.5269962747,    0.009886880944,    -0.00442737255,      -3.962417648,     0.08373952538,      0.2387819828,    0.009886880944,      0.5449804087,        1.90791203,     -0.0894764583,    -0.03701876646,    -0.07069907176,    -0.06403840185,     -0.1342599502,     0.08502130594,    0.009160484744,      0.1089770479,     0.07305739494,      0.1052894878,      0.1294577265,      0.2973577312,   -0.005108670717,   0.0002898011329,    0.003904261399,    0.005692818412,                 0,  -1.107128548e-05,  -1.192846417e-05,     -0.0044043728,                 0,     -0.2290163203,      -0.824435095,      -2.909746254,    0.000780022168,    0.001094162189,     0.02882815644,     0.05297114465,   0.0008460620937,     0.07746957492,   0.0001076557673,     0.08796895848,     0.07323579365,   0.0002898011329,    0.003904261399,    0.005692818412,                 0,      0.1109637944,      0.1297813771,      0.3042352373,                 0,       1.238389444,        14.1321917,       2.728627147,    -0.06992681194
          0,           0,          10,       2.037162113,       2.325185091,      -5.748649608,      -5.653046655,       -6.25611595,        -6.1922089,      -5.714239594,                         2,      -1.660942009,   0.0003710188445,       1.347322216,       3.517751057,       8.551696791,        8.54684509,      0.0039269908,      0.2691247467,      0.5167038857,     0.01006688036,   -0.004277438635,      -3.883882285,     0.08505125571,      0.2324257314,     0.01006688036,      0.5342184143,        1.91994193,    -0.03445809276,                 0,     -0.0412203668,    -0.01674451448,    -0.07484685303,     0.08489376631,    0.008343052663,      0.1090602007,      0.0668277271,      0.1043353767,      0.1179778841,      0.2990636749,   -0.004673049905,   0.0001506843348,    0.004255889259,    0.005660306762,                 0,  -1.185081377e-05,  -1.045506426e-05,   -0.004255132757,                 0,     -0.2268748712,     -0.7308184067,      -2.926163936,  -2.507166253e-05,     0.00090386193,     0.03061444793,     0.05266997238,    0.000862973469,      0.0774089014,   9.300823347e-05,     0.08793290813,     0.06699091359,   0.0001506843348,    0.004255889259,    0.005660306762,                 0,      0.1100031107,      0.1182724778,      0.3059428258,                 0,       1.229011048,       14.14085333,       2.742188929,    -0.06992681194
          0,           0,          11,       1.974622491,       2.295971541,      -5.689555279,      -5.594765656,      -6.226523722,      -6.138308282,      -5.654713154,                         2,      -1.665821485,   0.0003895756772,       1.414688179,       3.693638609,        8.97928163,       8.974187345,      0.0039269908,      0.2640590752,      0.5118498235,     0.01028035399,   -0.004157097603,      -3.839806657,      0.0869978679,      0.2277110018,     0.01028035399,       0.529022813,       1.938391336,                 0,                 0,    -0.01162813839,                 0,    -0.01532041257,     0.08509817474,    0.007991884514,      0.1088698651,     0.06209915081,      0.1040538715,      0.1130547327,      0.2990836149,   -0.004342395641,  -0.0001210886291,     0.00478658913,    0.005614853486,                 0,  -1.241876891e-05,  -9.302963151e-06,   -0.004135375871,                 0,     -0.2263028544,     -0.6863572634,      -2.926404705,  -0.0007418347184,   0.0003279835276,     0.03360217238,     0.05225031841,   0.0008173935845,     0.07763244871,   8.611719034e-05,     0.08774164525,     0.06225079061,  -0.0001210886291,     0.00478658913,    0.005614853486,                 0,      0.1097365501,      0.1133368228,      0.3059494401,                 0,       1.222750921,       14.14619199,       2.747166212,    -0.06992681194
          0,           0,          12,       1.958439152,       2.270007511,      -5.635466576,      -5.547204968,      -6.203005097,       -6.08630111,       -5.60542644,                         2,      -1.675596264,   0.0004090731273,       1.485422345,        3.87832054,       9.428245712,       9.422896712,      0.0039269908,      0.2596183587,      0.5101819911,     0.01045060077,   -0.004086008499,      -3.817234783,     0.08871255119,      0.2233974448,     0.01045060077,      0.5270492746,       1.965122935,                 0,                 0,                 0,                 0,                 0,     0.08539482902,    0.007937394958,      0.1085421011,     0.05774403362,       0.104104172,      0.1122836285,      0.2978320467,    -0.00403785618,  -0.0003944484804,    0.005312374801,    0.005532674454,                 0,  -1.272168313e-05,  -8.306533043e-06,   -0.004064980283,                 0,     -0.2264962546,     -0.6748886517,      -2.914541626,    -0.00130825054,  -0.0003116295806,     0.03680238857,     0.05147313075,   0.0007486614572,     0.07792487157,   8.554987874e-05,     0.08750198465,     0.05788503866,  -0.0003944484804,    0.005312374801,    0.005532674454,                 0,      0.1098074217,      0.1125637959,      0.3046780571,                 0,       1.219092224,       14.14615615,       2.743931099,    -0.06992681194
          0,           0,          13,       1.988445676,       2.249895952,      -5.591984502,      -5.515184735,      -6.185080864,      -6.040026425,      -5.572192434,                         2,      -1.682492692,   0.0004295500314,       1.559693092,       4.072236567,       9.899657997,       9.894041548,      0.0039269908,      0.2550409742,      0.5101537064,     0.01054902264,   -0.004070044077,      -3.807148781,     0.08981072949,      0.2188331835,     0.01054902264,      0.5267017567,       2.000281359,                 0,                 0,                 0,                 0,                 0,     0.08565806025,    0.008049624997,      0.1081970474,      0.0531362415,      0.1042537393,      0.1138426119,      0.2957730033,   -0.003715647967,   -0.000597277715,    0.005735803323,    0.005410497035,                 0,  -1.281721546e-05,  -7.446221474e-06,    -0.00404978064,                 0,     -0.2269156844,     -0.6834792466,      -2.895083843,   -0.001670007386,  -0.0008179463485,     0.03964530791,     0.05029761313,   0.0006857547968,     0.07817702829,   8.875734974e-05,     0.08730140312,     0.05326599479,   -0.000597277715,    0.005735803323,    0.005410497035,                 0,      0.1099749866,      0.1141268104,      0.3025999596,                 0,       1.217091993,       14.14259818,       2.733651336,    -0.06992681194
          0,           0,          14,       1.961080807,       2.230641609,      -5.561368477,        -5.5005987,      -6.168581529,      -6.001373302,      -5.556753073,                         2,      -1.682309745,   0.0004510464525,       1.637677231,       4.275848395,        10.3946409,       10.38874362,      0.0039269908,      0.2500623548,      0.5108137637,     0.01060310122,   -0.004118800737,       -3.80348207,     0.09047502947,      0.2138206486,     0.01060310122,      0.5270129152,       2.042745555,                 0,                 0,                 0,                 0,                 0,     0.08583981127,    0.008243012051,      0.1079121113,     0.04806742017,      0.1043745228,       0.116549693,      0.2932507495,   -0.003361201451,  -0.0007159997796,    0.006032863566,    0.005286237434,                 0,  -1.278051497e-05,   -6.61950971e-06,   -0.004099400712,                 0,     -0.2272722186,     -0.7031080783,      -2.871329605,   -0.001772168088,   -0.001137995955,     0.04187813848,      0.0490789815,   0.0006559054516,     0.07834991115,   9.283688943e-05,     0.08719310463,     0.04818479591,  -0.0007159997796,    0.006032863566,    0.005286237434,                 0,      0.1101081542,      0.1168407872,      0.3000639737,                 0,        1.21592209,       14.13921177,       2.717496172,    -0.06992681194
          0,           0,          15,       2.037922415,       2.218596659,      -5.543386357,      -5.502633894,       -6.14864073,      -5.971440338,      -5.556466187,                         2,      -1.676082662,   0.0004736122053,       1.719560371,       4.489640815,       10.91437294,       10.90818081,      0.0039269908,      0.2455108826,      0.5114039101,     0.01059702624,   -0.004116959206,      -3.801266779,     0.09054454714,       0.209239097,     0.01059702624,      0.5272841293,       2.083019313,                 0,   -0.002035193659,                 0,                 0,                 0,      0.0859581556,    0.008442781481,      0.1077170324,     0.04339291315,      0.1044173318,       0.119374435,      0.2906464714,   -0.003034328077,  -0.0007683816232,     0.00621379157,    0.005151616289,                 0,  -1.269241083e-05,  -5.899622258e-06,   -0.004098367173,                 0,     -0.2274558271,     -0.7253788402,      -2.846862248,   -0.001569864153,   -0.001294826213,     0.04345323965,     0.04775460969,    0.000631524017,     0.07846498099,   9.507564806e-05,     0.08718016615,     0.04349887422,  -0.0007683816232,     0.00621379157,    0.005151616289,                 0,      0.1101591142,      0.1196725835,      0.2974524315,                 0,       1.214746071,       14.13923069,       2.698240612,    -0.06992681194
          0,           0,          16,       1.892984305,       2.199442991,      -5.536305167,      -5.517060061,      -6.121842701,        -5.9508016,       -5.56387293,                         2,      -1.669017247,     0.00049730126,       1.805537573,       4.714122856,       11.46009159,       11.45358985,      0.0039269908,      0.2416195428,       0.511536913,       0.010575507,   -0.004055309964,      -3.797306156,     0.09047761726,      0.2053479585,       0.010575507,      0.5271453621,       2.117117295,                 0,    -0.01646136065,                 0,                 0,   -0.007406742636,     0.08602674634,    0.008609592295,      0.1075862299,      0.0393969743,      0.1043693706,      0.1217670734,      0.2881553737,   -0.002754904813,  -0.0007826933233,    0.006313428001,    0.005044772319,                 0,  -1.259983108e-05,  -5.298636642e-06,   -0.004037411496,                 0,      -0.227442857,     -0.7451927067,      -2.823457511,   -0.001213080682,   -0.001350107394,      0.0444999149,     0.04669646147,   0.0006313482914,     0.07853675024,    9.45781013e-05,     0.08722345247,      0.0394931777,  -0.0007826933233,    0.006313428001,    0.005044772319,                 0,      0.1101160546,      0.1220710298,      0.2949582777,                 0,       1.213220017,       14.14318695,       2.678366684,    -0.06992681194
          0,           0,          17,       1.959224768,       2.186097534,      -5.537563477,      -5.536710116,      -6.090005463,      -5.939599739,      -5.568722452,                         2,      -1.668967804,   0.0005221746957,       1.895813689,       4.949828999,       12.03309617,       12.02626934,      0.0039269908,      0.2382864277,      0.5110672039,     0.01054981135,   -0.003955815126,      -3.789807389,     0.09037456231,       0.202055728,     0.01054981135,      0.5264442908,       2.144760022,   -0.001258309559,    -0.03611141552,                 0,                 0,    -0.01225626463,     0.08606258892,    0.008723878794,      0.1074716507,     0.03602830926,      0.1042569592,      0.1234386748,      0.2858909148,   -0.002519344806,  -0.0007807802863,    0.006338368992,    0.004992222647,                 0,   -1.25196051e-05,  -4.812993484e-06,   -0.003938482528,                 0,     -0.2272820267,     -0.7595897314,      -2.802113884,  -0.0008217475666,   -0.001356452677,     0.04492611859,     0.04616417179,   0.0006407246074,     0.07858034694,   9.198118949e-05,     0.08726711311,     0.03611628672,  -0.0007807802863,    0.006338368992,    0.004992222647,                 0,      0.1100064172,      0.1237465314,      0.2926913423,                 0,       1.211408586,        14.1495174,        2.66015189,    -0.06992681194
          0,           0,          18,       2.057487982,        2.17932861,      -5.544453302,      -5.554077776,      -6.061354516,      -5.938516662,      -5.565253342,                         2,      -1.683817202,   0.0005482915381,       1.990603744,       5.197320449,       12.63475098,       12.62758281,      0.0039269908,      0.2353083913,      0.5100826734,     0.01052045511,   -0.003854570414,      -3.778859284,     0.09021241569,      0.1991536233,     0.01052045511,      0.5252544213,       2.167719862,   -0.008148134507,    -0.05347907604,                 0,                 0,   -0.008787154918,      0.0860785011,    0.008784490836,      0.1073396528,     0.03310574659,      0.1041141226,       0.124353883,      0.2839296471,   -0.002314979316,   -0.000775123286,    0.006292451978,     0.00500312642,                 0,  -1.245966797e-05,  -4.444680547e-06,   -0.003837666066,                 0,     -0.2270436611,     -0.7678187295,      -2.783519862,  -0.0004770312444,    -0.00134697327,     0.04467113968,     0.04624523581,   0.0006430134681,     0.07860618413,   8.860388032e-05,     0.08727224782,     0.03318658745,   -0.000775123286,    0.006292451978,     0.00500312642,                 0,      0.1098650386,      0.1246637383,      0.2907256444,                 0,       1.209525274,        14.1560718,       2.645151533,    -0.06992681194
          0,           0,          19,       2.051401972,       2.172932279,      -5.555925178,      -5.568114066,      -6.046115425,      -5.949248864,      -5.559652871,                         2,      -1.715199884,   0.0005757113577,       2.090133507,       5.457186471,       13.26648853,       13.25896195,      0.0039269908,      0.2326719573,      0.5088425166,     0.01049398777,   -0.003790142658,      -3.766212458,     0.09004301504,      0.1966101205,     0.01049398777,      0.5238333771,       2.186952491,    -0.01962001085,     -0.0675153654,                 0,    -0.01073220171,     -0.0031866836,     0.08608659474,    0.008803228411,      0.1071843309,     0.03059780323,      0.1039820868,      0.1246654899,      0.2823345467,   -0.002139606832,  -0.0007710813533,    0.006196089911,    0.005068979214,                 0,  -1.241571868e-05,  -4.235878968e-06,   -0.003773491061,                 0,       -0.22681053,     -0.7708824973,      -2.768281511,  -0.0002379196787,   -0.001338595587,     0.04389320493,     0.04685874266,   0.0006296630372,     0.07862346841,   8.555921348e-05,     0.08722857288,     0.03067251995,  -0.0007710813533,    0.006196089911,    0.005068979214,                 0,       0.109733889,      0.1249758932,      0.2891235949,                 0,       1.207877802,       14.16133765,       2.634102805,    -0.06992681194
          0,           0,          20,        2.01285999,       2.165309789,      -5.574410739,      -5.586293287,       -6.05198194,      -5.974421609,      -5.565314846,                         2,      -1.754120146,    0.000604502022,       2.194639961,       5.730045795,       13.92981295,       13.92191004,      0.0039269908,      0.2304717752,      0.5076178583,     0.01048592466,   -0.003793186183,      -3.753972072,     0.09002085008,      0.1945007257,     0.01048592466,       0.522458225,       2.202516373,    -0.03810557206,    -0.08569458638,   -0.005866515295,    -0.03590494669,   -0.008848658515,     0.08609728634,    0.008795541372,      0.1070172664,     0.02856168102,      0.1038880954,      0.1245854372,      0.2811415529,   -0.001997227297,  -0.0007701131994,    0.006083882981,    0.005172154882,                 0,  -1.239190347e-05,  -4.253764318e-06,   -0.003776540516,                 0,     -0.2266383737,     -0.7704319214,       -2.75677877,  -0.0001230061752,   -0.001335280573,     0.04291305084,     0.04783513638,    0.000607943425,     0.07864069048,   8.347509435e-05,     0.08714513439,     0.02863142573,  -0.0007701131994,    0.006083882981,    0.005172154882,                 0,      0.1096408723,      0.1248954993,      0.2879218534,                 0,       1.206636119,       14.16461272,       2.627067223,    -0.06992681194
          0,           0,          21,       1.975386125,       2.156676895,      -5.604840651,      -5.617538244,      -6.082425761,      -6.016715246,      -5.592390687,                         2,      -1.785541907,   0.0006347306552,       2.304371882,       6.016548084,        14.6263036,       14.61800555,      0.0039269908,       0.228741846,      0.5066114278,        0.01052261,    -0.00386059228,      -3.743934383,     0.09039101917,      0.1928452156,        0.01052261,      0.5213335724,       2.214773714,    -0.06853548368,     -0.1169395442,    -0.03631033596,    -0.07819858447,    -0.03592449982,     0.08610973181,    0.008776377698,      0.1068584035,     0.02699733299,      0.1038208384,      0.1243268697,      0.2803515571,   -0.001887837427,  -0.0007708577978,    0.005993756748,    0.005299711045,                 0,  -1.238549086e-05,  -4.458931112e-06,   -0.003843747858,                 0,      -0.226514102,     -0.7682481861,      -2.749071925,  -0.0001001693367,   -0.001335402021,      0.0420932823,     0.04904892295,   0.0005842159365,     0.07865779724,    8.23948616e-05,     0.08704176581,     0.02706325772,  -0.0007708577978,    0.005993756748,    0.005299711045,                 0,      0.1095746473,      0.1246362248,      0.2871227003,                 0,       1.205680662,       14.16608013,       2.623579876,    -0.06992681194
          0,           0,          22,       1.942893946,       2.147381984,      -5.651281363,      -5.664108617,      -6.137345585,      -6.077951339,      -5.642280021,                         2,      -1.800234548,   0.0006664684047,        2.41959043,       6.317375488,       15.35761878,       15.34890582,      0.0039269908,      0.2274199778,      0.5059380866,     0.01061791269,   -0.003969719298,      -3.737114031,     0.09129130158,      0.1915735373,     0.01061791269,      0.5205696625,       2.224686202,     -0.1149761957,     -0.1635099163,     -0.0912301602,      -0.139434677,     -0.0858138339,     0.08612215285,    0.008756488709,      0.1067214495,     0.02581988675,      0.1037721819,        0.12404673,      0.2799246771,   -0.001805502365,  -0.0007721096011,    0.005951961397,    0.005438060895,                 0,  -1.238350635e-05,  -4.795670567e-06,   -0.003952540121,                 0,     -0.2264234416,     -0.7657483268,      -2.744825248,  -0.0001170144385,   -0.001337033041,      0.0416974546,     0.05037144313,    0.000559436883,     0.07867358213,   8.209587892e-05,     0.08693492301,     0.02588293628,  -0.0007721096011,    0.005951961397,    0.005438060895,                 0,      0.1095269758,      0.1243553802,      0.2866873066,                 0,         1.2049418,       14.16626391,       2.622946731,    -0.06992681194
          0,           0,          23,       2.047823338,       2.143233707,      -5.713853899,       -5.71888578,      -6.214400893,      -6.159110377,      -5.705967266,                         2,      -1.801768066,   0.0006997923741,        2.54056981,       6.633244263,       16.12549972,       16.11635111,      0.0039269908,      0.2263982231,      0.5055967882,     0.01076157537,   -0.004090620726,       -3.73346394,     0.09263278091,      0.1905780793,     0.01076157537,      0.5201579215,       2.233218889,     -0.1775487321,       -0.21828708,     -0.1682854678,     -0.2205937155,     -0.1495010786,     0.08613268248,     0.00874144363,      0.1066096195,     0.02491447744,      0.1037357338,      0.1238283459,      0.2797748985,   -0.001742189979,  -0.0007730468221,    0.005961984108,    0.005572638088,                 0,  -1.238041772e-05,  -5.171702586e-06,   -0.004073068606,                 0,     -0.2263541234,      -0.763729188,      -2.743245338,  -0.0001352902404,   -0.001338512075,     0.04177474805,      0.0516630064,    0.000533538546,      0.0786866286,   8.232115188e-05,      0.0868338135,     0.02497531606,  -0.0007730468221,    0.005961984108,    0.005572638088,                 0,       0.109491351,      0.1241364786,       0.286530092,                 0,       1.204371335,       14.16566315,       2.624293189,    -0.06992681194
          0,           0,          24,       2.062760137,       2.140014764,      -5.788780065,      -5.772055472,      -6.310183157,       -6.25977869,      -5.769123518,                         2,      -1.799162036,   0.0007347820513,       2.667597983,       6.964906476,        16.9317747,       16.92216867,      0.0039269908,      0.2255992322,        0.50550434,     0.01092686302,   -0.004195311886,      -3.732204278,     0.09417321252,      0.1897874836,     0.01092686302,      0.5200099637,       2.240718352,     -0.2524748984,      -0.271456772,     -0.2640677314,     -0.3212620284,     -0.2126573309,     0.08613952168,    0.008732839468,      0.1065200514,     0.02420681971,      0.1037069145,      0.1236977008,      0.2797924304,    -0.00169270573,  -0.0007734063684,    0.006008260503,    0.005692008889,                 0,  -1.237418971e-05,   -5.49119945e-06,   -0.004177446497,                 0,      -0.226297936,     -0.7624691432,      -2.743294986,  -0.0001422125094,   -0.001339316987,     0.04219183255,     0.05281223857,    0.000508458386,     0.07869546148,    8.28512933e-05,     0.08674324057,      0.0242659303,  -0.0007734063684,    0.006008260503,    0.005692008889,                 0,       0.109463079,      0.1240055515,      0.2865413333,                 0,       1.203941147,       14.16465987,       2.626664433,    -0.06992681194
          0,           0,          25,       2.192665051,       2.142039775,      -5.872839986,      -5.824827811,      -6.420040559,      -6.375249828,      -5.827972616,                         2,      -1.793211681,   0.0007715208887,       2.800977396,         7.3131518,       17.77836344,        17.7682771,      0.0039269908,      0.2249811096,      0.5055432258,     0.01108686053,   -0.004267518121,      -3.732254883,     0.09567171071,      0.1891681542,     0.01108686053,      0.5200056368,       2.247047437,     -0.3365348191,     -0.3242291106,      -0.373925134,     -0.4367331661,     -0.2715064286,     0.08614184304,    0.008729577259,      0.1064454481,     0.02366424119,      0.1036833864,      0.1236411779,      0.2798734265,   -0.001654764944,  -0.0007732741997,    0.006068359018,    0.005791775709,                 0,  -1.236536202e-05,  -5.700452039e-06,   -0.004249452307,                 0,     -0.2262510344,     -0.7618848173,       -2.74397863,  -0.0001404018915,   -0.001339310965,     0.04274793514,      0.0537759369,   0.0004871496306,     0.07869941842,   8.353986872e-05,     0.08666316902,     0.02372202686,  -0.0007732741997,    0.006068359018,    0.005791775709,                 0,        0.10943977,      0.1239489387,       0.286616928,                 0,        1.20363557,       14.16347828,       2.629266272,    -0.06992681194
          0,           0,          26,       2.053199402,       2.138749391,      -5.967029881,      -5.889409097,      -6.535853538,      -6.491921856,      -5.894149055,                         2,      -1.776375921,   0.0008100963813,       2.941025717,        7.67880939,       18.66728161,       18.65669096,      0.0039269908,      0.2245274331,      0.5056111218,     0.01121743499,   -0.004303437747,       -3.73267186,     0.09690599377,      0.1887108466,     0.01121743499,      0.5200417205,        2.25189018,     -0.4307247138,     -0.3888103968,     -0.4897381129,     -0.5534051943,     -0.3376828677,     0.08614007889,     0.00872952244,      0.1063829469,     0.02327488488,      0.1036645698,      0.1236298117,      0.2799442787,   -0.001627538498,  -0.0007729257808,    0.006122048398,    0.005868312376,                 0,  -1.235619295e-05,  -5.787958712e-06,   -0.004285293595,                 0,     -0.2262130244,     -0.7617370807,      -2.744587188,  -0.0001345671443,   -0.001338852487,     0.04325424669,     0.05451789588,   0.0004727036798,     0.07869897114,   8.427804564e-05,     0.08659587767,     0.02333171978,  -0.0007729257808,    0.006122048398,    0.005868312376,                 0,      0.1094208762,      0.1239375964,      0.2866832478,                 0,       1.203441779,       14.16226519,       2.631477007,    -0.06992681194
          0,           0,          27,       1.918423949,       2.130880625,      -6.078271774,      -5.980806221,      -6.651191852,      -6.596206397,      -5.984601214,                         2,      -1.740172568,   0.0008505996908,       3.088076522,       8.062749859,       19.60064569,       19.58952551,      0.0039269908,      0.2242076192,      0.5056498277,     0.01130804974,   -0.004311708623,      -3.732895684,     0.09777334955,      0.1883891118,     0.01130804974,       0.520058023,       2.255274952,     -0.5419666068,     -0.4802075206,     -0.6050764265,     -0.6576897355,     -0.4281350269,     0.08613577271,    0.008730578889,      0.1063318884,     0.02300937927,      0.1036499078,      0.1236347494,      0.2799741431,   -0.001608972537,  -0.0007726390345,    0.006158664425,    0.005922024354,                 0,  -1.234843847e-05,  -5.781552597e-06,   -0.004293578632,                 0,     -0.2261834672,     -0.7617645743,      -2.744819829,  -0.0001278131316,   -0.001338515811,     0.04360508739,     0.05504080582,   0.0004659721555,     0.07869569822,   8.498748861e-05,     0.08654286028,     0.02306556582,  -0.0007726390345,    0.006158664425,    0.005922024354,                 0,      0.1094059496,      0.1239425957,      0.2867094777,                 0,       1.203331723,       14.16111703,       2.633021452,    -0.06992681194
          0,           0,          28,       1.976301258,       2.125550302,      -6.207448808,      -6.101958729,      -6.762575164,      -6.689508477,      -6.103021387,                         2,      -1.689028208,   0.0008931269843,       3.242480071,       8.465887352,       20.58067798,       20.56900178,      0.0039269908,      0.2239908865,      0.5056427073,     0.01135984654,   -0.004304782208,      -3.732745091,     0.09827827943,      0.1881734037,     0.01135984654,      0.5200358015,       2.257425358,      -0.671143641,     -0.6013600289,     -0.7164597389,     -0.7509918147,     -0.5465551997,     0.08613074498,    0.008731399324,       0.106292304,     0.02283643823,      0.1036388701,      0.1236373508,      0.2799633657,   -0.001596879322,  -0.0007725293157,    0.006177429057,    0.005954946799,                 0,  -1.234258921e-05,  -5.728927856e-06,   -0.004286710691,                 0,     -0.2261615975,     -0.7617854155,      -2.744676173,  -0.0001219052237,   -0.001338580441,     0.04378868347,     0.05536333441,   0.0004648419873,     0.07869145269,   8.562445914e-05,     0.08650412411,     0.02289220248,  -0.0007725293157,    0.006177429057,    0.005954946799,                 0,      0.1093945881,      0.1239452481,      0.2866959653,                 0,       1.203273816,       14.16008434,       2.633900623,    -0.06992681194
          0,           0,          29,       1.934991245,       2.119198334,      -6.347765276,      -6.245591986,      -6.873914418,        -6.7905652,      -6.241794783,                         2,      -1.638502511,   0.0009377805744,       3.404604065,        8.88918172,       21.60971188,       21.59745187,      0.0039269908,      0.2238470154,      0.5055953564,     0.01138069244,   -0.004292770079,       -3.73225285,     0.09848977714,      0.1880331861,     0.01138069244,        0.51997853,       2.258664721,     -0.8114601093,      -0.744993286,     -0.8277989927,     -0.8520485377,     -0.6853285964,     0.08612611019,    0.008731355546,      0.1062628948,     0.02272665483,      0.1036303502,      0.1236288914,      0.2799253173,   -0.001589202519,  -0.0007725310352,    0.006182385633,    0.005970837843,                 0,  -1.233854085e-05,  -5.668150945e-06,   -0.004274763387,                 0,      -0.226145114,     -0.7617086986,       -2.74428133,  -0.0001177078749,   -0.001338870358,     0.04384102502,     0.05552105427,   0.0004665681989,     0.07868742351,   8.617088258e-05,     0.08647744067,     0.02278215101,  -0.0007725310352,    0.006182385633,    0.005970837843,                 0,      0.1093857656,      0.1239368063,      0.2866559581,                 0,       1.203239644,       14.15918649,       2.634271519,    -0.06992681194
          0,           0,          30,       1.945705142,       2.113601779,      -6.489676496,      -6.396484495,        -6.9890766,      -6.913652038,      -6.386668523,                         2,      -1.605517781,   0.0009846672311,       3.574834501,       9.333640806,       22.69019747,       22.67732446,      0.0039269908,      0.2237471187,      0.5055230747,      0.0113807042,   -0.004280943449,      -3.731544625,     0.09849990579,      0.1879385749,      0.0113807042,      0.5198994559,       2.259350099,     -0.9533713289,      -0.895885795,     -0.9429611745,     -0.9751353762,     -0.8302023358,     0.08612232833,    0.008730397887,      0.1062419032,     0.02265248924,      0.1036235555,      0.1236086868,      0.2798748487,   -0.001584016355,  -0.0007725683265,    0.006178787708,    0.005974484822,                 0,    -1.2336031e-05,  -5.617882776e-06,   -0.004262989535,                 0,     -0.2261321934,     -0.7615221884,      -2.743775307,  -0.0001149363544,   -0.001339180489,     0.04381039921,     0.05555964001,   0.0004690470624,     0.07868412484,   8.662496307e-05,     0.08646002075,     0.02270780431,  -0.0007725683265,    0.006178787708,    0.005974484822,                 0,      0.1093787237,       0.123916584,      0.2866041482,                 0,       1.203213586,       14.15842535,       2.634316971,    -0.06992681194
          0,           0,          31,       1.953577989,       2.108601036,      -6.628542875,      -6.537114013,      -7.109423535,      -7.059227491,      -6.522909874,                         2,      -1.587778883,    0.001033898592,       3.753576609,       9.800322846,       23.82470734,       23.81119069,      0.0039269908,       0.223672112,      0.5054441678,     0.01136969321,   -0.004270804163,      -3.730779773,     0.09839997186,      0.1878692551,     0.01136969321,       0.519815509,       2.259754975,      -1.092237708,      -1.036515313,      -1.063308109,      -1.120710829,     -0.9664436874,     0.08611951622,    0.008728846918,      0.1062279022,     0.02259584665,      0.1036182083,      0.1235813538,      0.2798246612,   -0.001580055519,   -0.000772588894,    0.006171440209,    0.005970841899,                 0,  -1.233450727e-05,  -5.583507179e-06,   -0.004252886148,                 0,     -0.2261221066,     -0.7612660658,      -2.743278465,  -0.0001131359894,   -0.001339380494,     0.04374183314,     0.05552662932,   0.0004708898925,     0.07868169258,   8.698442289e-05,     0.08644955471,      0.0226510234,   -0.000772588894,    0.006171440209,    0.005970841899,                 0,      0.1093731934,      0.1238892094,      0.2865531062,                 0,       1.203190785,       14.15780973,       2.634191728,    -0.06992681194
          0,           0,          32,        1.88810339,       2.101919289,      -6.767637387,      -6.661121285,      -7.242414579,        -7.2211987,      -6.644303427,                         2,       -1.57304212,    0.001085591981,        3.94125585,       10.29033899,       25.01594271,       25.00175022,      0.0039269908,      0.2236080641,      0.5053726311,     0.01135517456,   -0.004262287737,      -3.730082261,     0.09826183974,      0.1878103534,     0.01135517456,      0.5197396788,       2.260082315,       -1.23133222,      -1.160522585,      -1.196299154,      -1.282682038,       -1.08783724,     0.08611749559,    0.008727141037,      0.1062189397,     0.02254448775,       0.103614056,      0.1235530267,      0.2797820126,   -0.001576464155,    -0.00077258631,    0.006163662648,     0.00596409822,                 0,  -1.233345645e-05,  -5.561614966e-06,   -0.004244392665,                 0,     -0.2261142957,     -0.7609971801,      -2.742858709,   -0.000112076074,   -0.001339464402,     0.04366720887,     0.05546252868,   0.0004715665914,     0.07867996652,   8.725869817e-05,      0.0864435891,     0.02259953909,    -0.00077258631,    0.006163662648,     0.00596409822,                 0,      0.1093689102,      0.1238608323,      0.2865099364,                 0,       1.203170799,       14.15733127,       2.634012478,    -0.06992681194
          0,           0,          33,       1.904312855,       2.096107335,      -6.907367835,      -6.769774411,       -7.39357191,      -7.387953897,      -6.748232778,                         2,      -1.566615301,    0.001139870477,       4.138318998,       10.80485594,       26.26673985,       26.25183773,      0.0039269908,      0.2235468972,      0.5053156878,     0.01134148188,   -0.004255244508,      -3.729517467,     0.09812858699,      0.1877533077,     0.01134148188,      0.5196786074,       2.260445992,      -1.371062668,      -1.269175711,      -1.347456485,      -1.449437235,      -1.191766591,     0.08611603308,    0.008725602486,      0.1062134162,     0.02249184545,      0.1036108711,      0.1235281089,      0.2797494908,   -0.001572783047,   -0.000772576905,    0.006157082861,    0.005956975928,                 0,  -1.233263844e-05,  -5.547592164e-06,   -0.004237364277,                 0,     -0.2261083042,     -0.7607579853,      -2.742539614,  -0.0001115640542,   -0.001339494503,     0.04360284875,     0.05539388996,   0.0004713427824,     0.07867872974,   8.746207354e-05,      0.0864403476,     0.02254676824,   -0.000772576905,    0.006157082861,    0.005956975928,                 0,      0.1093656311,      0.1238358679,      0.2864771085,                 0,       1.203154249,       14.15697186,       2.633843266,    -0.06992681194
          0,           0,          34,       2.009232406,       2.093625194,       -7.05115063,      -6.874274594,      -7.562561084,      -7.551701012,      -6.844419463,                         2,      -1.563301774,    0.001196863321,       4.345235214,       11.34509873,       27.58007684,       27.56442962,      0.0039269908,      0.2234857399,      0.5052747714,     0.01133040169,   -0.004249641665,      -3.729100043,     0.09801920501,      0.1876951535,     0.01133040169,      0.5196335246,       2.260881485,      -1.514845463,      -1.373675894,      -1.516445659,       -1.61318435,      -1.287953276,     0.08611492798,    0.008724372016,      0.1062101103,     0.02243632956,      0.1036084182,      0.1235084343,      0.2797268198,   -0.001568900998,  -0.0007725730432,    0.006152115955,    0.005950858781,                 0,  -1.233197706e-05,  -5.538092196e-06,   -0.004231771595,                 0,     -0.2261036796,     -0.7605671141,      -2.742317623,  -0.0001116263542,   -0.001339520515,     0.04355350351,     0.05533444228,   0.0004707797385,     0.07867779844,   8.760702714e-05,     0.08643863129,     0.02249111679,  -0.0007725730432,    0.006152115955,    0.005950858781,                 0,      0.1093631071,      0.1238161554,      0.2864542621,                 0,       1.203141205,       14.15671341,        2.63371179,    -0.06992681194
          0,           0,          35,       1.989592822,       2.090735406,      -7.201672537,      -6.984284234,      -7.737064615,      -7.707912104,      -6.944547429,                         2,      -1.546395682,    0.001256706158,       4.562497156,       11.91235367,       28.95908068,        28.9426511,      0.0039269908,       0.223424218,      0.5052478862,     0.01132199128,   -0.004245400789,      -3.728813383,     0.09793545327,       0.187635657,     0.01132199128,      0.5196024133,       2.261383706,       -1.66536737,      -1.483685534,       -1.69094919,      -1.769395442,      -1.388081242,     0.08611403547,    0.008723464727,      0.1062081522,      0.0223785656,      0.1036064679,       0.123494053,      0.2797122271,   -0.001564861748,  -0.0007725768929,    0.006148479492,    0.005946088685,                 0,  -1.233144786e-05,  -5.531656988e-06,   -0.004227537685,                 0,     -0.2260999932,     -0.7604260536,      -2.742175013,  -0.0001123232065,   -0.001339557914,     0.04351694349,     0.05528780581,   0.0004702618889,     0.07867704415,   8.770514307e-05,     0.08643769588,     0.02243321178,  -0.0007725768929,    0.006148479492,    0.005946088685,                 0,      0.1093610992,      0.1238017458,      0.2864395683,                 0,       1.203131027,        14.1565372,       2.633622949,    -0.06992681194
          0,           0,          36,        1.91215785,       2.085908986,      -7.347542901,      -7.098531084,      -7.890215699,      -7.845734477,      -7.049752558,                         2,      -1.511757924,    0.001319541395,       4.790622133,       12.50797136,       30.40703471,       30.38978366,      0.0039269908,      0.2233654736,      0.5052321341,     0.01131597988,   -0.004242417687,      -3.728633037,     0.09787532645,      0.1875781544,     0.01131597988,      0.5195826018,       2.261907922,      -1.811237734,      -1.597932384,      -1.844100274,      -1.907217815,      -1.493286371,      0.0861132946,    0.008722853222,      0.1062070217,      0.0223223041,      0.1036049005,      0.1234844152,       0.279703746,   -0.001560927561,  -0.0007725836998,    0.006145921299,    0.005942642286,                 0,  -1.233102171e-05,  -5.527750876e-06,   -0.004224558915,                 0,     -0.2260970235,     -0.7603302625,      -2.742092334,  -0.0001134164256,   -0.001339599862,     0.04349102059,     0.05525394147,   0.0004699642484,     0.07867641442,   8.776742447e-05,     0.08643715968,     0.02237681289,  -0.0007725836998,    0.006145921299,    0.005942642286,                 0,      0.1093594839,      0.1237920888,      0.2864310291,                 0,       1.203123176,       14.15642474,       2.633571129,    -0.06992681194
          0,           0,          37,       1.907664681,       2.081218346,      -7.463528454,      -7.211590221,      -7.993550468,      -7.947031387,      -7.156713564,                         2,      -1.469325164,    0.001385518566,        5.03015332,       13.13336992,       31.92738645,       31.90927284,      0.0039269908,        0.22331205,      0.5052241987,     0.01131179727,    -0.00424046865,      -3.728529279,     0.09783349394,      0.1875254145,     0.01131179727,      0.5195709591,       2.262413509,      -1.927223287,      -1.710991521,      -1.947435043,      -2.008514725,      -1.600247377,     0.08611267361,    0.008722481964,       0.106206351,     0.02227054346,      0.1036036287,      0.1234785705,      0.2796993076,   -0.001557308104,  -0.0007725907896,    0.006144129996,    0.005940258067,                 0,  -1.233068088e-05,  -5.525727927e-06,   -0.004222612242,                 0,     -0.2260946081,     -0.7602710094,       -2.74204921,  -0.0001144514534,   -0.001339638587,     0.04347278997,     0.05523041539,   0.0004699271644,     0.07867588366,   8.780477669e-05,     0.08643680023,     0.02232492586,  -0.0007725907896,    0.006144129996,    0.005940258067,                 0,       0.109358172,      0.1237862325,      0.2864265547,                 0,       1.203117084,       14.15635721,        2.63354597,    -0.06992681194
          0,           0,          38,       1.900743558,       2.076590787,      -7.531338953,      -7.313164335,      -8.043086794,      -8.003287682,      -7.256227646,                         2,      -1.434513327,     0.00145479468,       5.281661045,       13.79003842,       33.52375577,       33.50473648,      0.0039269908,      0.2232660146,      0.5052211495,     0.01130893898,   -0.004239281657,      -3.728475513,      0.0978049993,      0.1874797039,     0.01130893898,      0.5195647061,       2.262866341,      -1.995033785,      -1.812565635,      -1.996971369,       -2.06477102,      -1.699761459,     0.08611215971,    0.008722286301,      0.1062059317,     0.02222563688,      0.1036026005,      0.1234754717,      0.2796972452,   -0.001554167931,  -0.0007725977294,    0.006142870169,    0.005938666544,                 0,  -1.233040921e-05,  -5.524845656e-06,   -0.004221426402,                 0,      -0.226092651,     -0.7602384262,      -2.742029282,   -0.000115153768,   -0.001339671918,     0.04345994088,     0.05521465759,   0.0004700727438,     0.07867544274,   8.782575367e-05,     0.08643652582,     0.02227990962,  -0.0007725977294,    0.006142870169,    0.005938666544,                 0,      0.1093571104,      0.1237831275,      0.2864244681,                 0,       1.203112323,        14.1563195,       2.633536949,    -0.06992681194
          0,           0,          39,       1.964913158,       2.073798847,      -7.568711281,      -7.400003876,       -8.06716344,      -8.034589908,      -7.344355486,                         2,      -1.412319638,    0.001527534619,       5.545744146,       14.47954034,       35.19994356,        35.1799733,      0.0039269908,      0.2232281573,      0.5052207121,     0.01130703381,   -0.004238612719,      -3.728450693,     0.09778610028,      0.1874419693,     0.01130703381,      0.5195616289,       2.263248142,      -2.032406114,      -1.899405176,      -2.021048015,      -2.096073246,      -1.787889299,     0.08611174487,    0.008722202355,      0.1062056435,     0.02218856652,      0.1036017799,       0.123474116,      0.2796963919,   -0.001551575718,  -0.0007726039265,    0.006141982093,    0.005937655648,                 0,  -1.233019345e-05,  -5.524641075e-06,   -0.004220757884,                 0,     -0.2260910864,     -0.7602229692,       -2.74202111,   -0.000115527299,   -0.001339698736,     0.04345087202,     0.05520461892,   0.0004703080762,     0.07867508615,   8.783657432e-05,     0.08643629789,     0.02224274874,  -0.0007726039265,    0.006141982093,    0.005937655648,                 0,      0.1093562628,      0.1237817694,      0.2864235967,                 0,       1.203108589,       14.15630033,       2.633536059,    -0.06992681194
          0,           0,          40,       1.957738831,       2.070968114,        -7.6025426,      -7.477185076,      -8.092747021,      -8.065564959,      -7.424278731,                         2,      -1.401115651,    0.001603911535,       5.823031402,       15.20351736,       36.95994074,       36.93897197,      0.0039269908,      0.2231978594,      0.5052213653,     0.01130578444,   -0.004238251017,      -3.728440213,      0.0977737883,      0.1874116997,     0.01130578444,      0.5195601671,       2.263558291,      -2.066237433,      -1.976586376,      -2.046631596,      -2.127048297,      -1.867812544,     0.08611141396,    0.008722177726,      0.1062054204,     0.02215884736,      0.1036011261,      0.1234736938,      0.2796960429,   -0.001549497552,  -0.0007726087907,    0.006141347878,    0.005937045352,                 0,  -1.233002361e-05,  -5.524753316e-06,    -0.00422039624,                 0,     -0.2260898389,     -0.7602168768,      -2.742017809,   -0.000115688537,   -0.001339718804,     0.04344438875,     0.05519853907,   0.0004705792908,     0.07867480165,   8.784145949e-05,     0.08643609963,     0.02221295701,  -0.0007726087907,    0.006141347878,    0.005937045352,                 0,      0.1093555876,      0.1237813464,      0.2864232331,                 0,        1.20310562,       14.15629189,       2.633538307,    -0.06992681194
          0,           0,          41,       1.810152665,       2.064758223,      -7.645922134,      -7.551424081,      -8.131264882,      -8.107831186,      -7.501294139,                         2,      -1.399318291,     0.00168410726,       6.114183022,       15.96369322,       38.80793778,       38.78592057,      0.0039269908,      0.2231748137,      0.5052222481,     0.01130500543,    -0.00423805862,      -3.728435832,     0.09776615098,      0.1873886486,     0.01130500543,      0.5195594401,       2.263795989,      -2.109616967,      -2.050825381,      -2.085149457,      -2.169314524,      -1.944827952,     0.08611115725,    0.008722180272,      0.1062052353,     0.02213624088,      0.1036006179,      0.1234737053,      0.2796958416,   -0.001547916753,   -0.000772611439,    0.006140911916,    0.005936704957,                 0,  -1.232988778e-05,  -5.524983789e-06,   -0.004220203748,                 0,     -0.2260888687,     -0.7602153668,      -2.742015905,  -0.0001156907577,   -0.001339731806,       0.043439919,     0.05519513289,   0.0004708308873,     0.07867458101,   8.784319425e-05,     0.08643592908,     0.02219029532,   -0.000772611439,    0.006140911916,    0.005936704957,                 0,      0.1093550627,      0.1237813581,      0.2864230193,                 0,       1.203103305,       14.15628908,          2.633541,    -0.06992681194
          0,           0,          42,       1.940436253,       2.061867014,      -7.707474508,       -7.63348832,      -8.189771873,       -8.16890469,      -7.585601954,                         2,      -1.401157905,    0.001768312721,       6.419892227,       16.76187789,       40.74833466,        40.7252166,      0.0039269908,       0.223157976,      0.5052229928,     0.01130453686,   -0.004237952862,      -3.728433552,     0.09776154539,         0.1873718,     0.01130453686,      0.5195590085,       2.263970133,      -2.171169341,       -2.13288962,      -2.143656448,      -2.230388028,      -2.029135766,     0.08611096279,    0.008722192981,      0.1062050764,     0.02211974391,      0.1036002319,       0.123473883,       0.279695641,   -0.001546763173,  -0.0007726120575,    0.006140622419,    0.005936526498,                 0,   -1.23297811e-05,  -5.525194268e-06,   -0.004220097886,                 0,     -0.2260881319,     -0.7602158292,      -2.742013979,  -0.0001156116127,   -0.001339738545,     0.04343693516,     0.05519333597,   0.0004710127944,     0.07867441395,   8.784347824e-05,     0.08643578449,     0.02217375807,  -0.0007726120575,    0.006140622419,    0.005936526498,                 0,      0.1093546641,      0.1237815363,      0.2864228081,                 0,        1.20310154,       14.15628882,       2.633543053,    -0.06992681194
          0,           0,          43,         1.8158058,       2.056274714,      -7.787785662,      -7.726916865,      -8.268206623,      -8.249144749,       -7.68077098,                         2,      -1.405392966,    0.001856728411,       6.740886893,       17.59997178,        42.7857514,       42.76147743,      0.0039269908,       0.223146094,      0.5052234961,      0.0113042623,   -0.004237889833,      -3.728431737,     0.09775883093,      0.1873599118,      0.0113042623,      0.5195586817,        2.26409294,      -2.251480495,      -2.226318165,      -2.222091198,      -2.310628087,      -2.124304793,     0.08611081997,    0.008722206956,       0.106204942,     0.02210812508,       0.103599947,      0.1234740872,      0.2796954126,   -0.001545950705,  -0.0007726113545,    0.006140437378,    0.005936436274,                 0,  -1.232969957e-05,  -5.525340272e-06,   -0.004220034793,                 0,     -0.2260875883,     -0.7602168623,      -2.742011764,  -0.0001155222641,   -0.001339740871,     0.04343501445,     0.05519242039,   0.0004711369631,     0.07867429136,   8.784317722e-05,      0.0864356664,     0.02216211086,  -0.0007726113545,    0.006140437378,    0.005936436274,                 0,      0.1093543699,      0.1237817409,      0.2864225709,                 0,       1.203100226,       14.15628955,       2.633544234,    -0.06992681194
          0,           0,          44,       1.932382798,        2.05352156,      -7.886819152,      -7.833970093,      -8.366094604,       -8.34835495,      -7.789205271,                         2,      -1.411045723,    0.001949564852,        7.07793129,       18.47997037,       44.92503897,        44.8995513,      0.0039269908,      0.2231380118,      0.5052237786,     0.01130409989,   -0.004237849514,      -3.728429956,     0.09775722367,      0.1873518295,     0.01130409989,      0.5195583997,       2.264176214,      -2.350513985,      -2.333371393,      -2.319979179,      -2.409838288,      -2.232739084,     0.08611071865,    0.008722218492,       0.106204833,     0.02210024158,      0.1035997429,      0.1234742585,      0.2796951766,   -0.001545399437,  -0.0007726100106,    0.006140321272,    0.005936388624,                 0,  -1.232963881e-05,  -5.525424796e-06,   -0.004219994451,                 0,     -0.2260871996,     -0.7602178333,      -2.742009465,  -0.0001154587738,   -0.001339740599,      0.0434337994,     0.05519193371,   0.0004712311686,     0.07867420452,   8.784273484e-05,     0.08643557417,     0.02215420812,  -0.0007726100106,    0.006140321272,    0.005936388624,                 0,      0.1093541592,      0.1237819126,      0.2864223278,                 0,       1.203099272,       14.15629047,       2.633544713,    -0.06992681194
          0,           0,          45,       1.985026795,       2.052032544,       -8.00405912,      -7.955710848,      -8.482597892,      -8.465950334,      -7.912105311,                         2,      -1.417669802,    0.002047043097,       7.431827902,       19.40396889,       47.17129092,       47.14452886,      0.0039269908,      0.2231326421,      0.5052239105,     0.01130399627,   -0.004237821006,      -3.728428271,     0.09775621029,      0.1873464638,     0.01130399627,      0.5195581568,       2.264231292,      -2.467753953,      -2.455112148,      -2.436482467,      -2.527433672,      -2.355639124,     0.08611064871,    0.008722226863,      0.1062047488,     0.02209501771,      0.1035996002,      0.1234743839,      0.2796949606,   -0.001545034149,  -0.0007726085534,    0.006140245127,    0.005936359693,                 0,  -1.232959483e-05,  -5.525467511e-06,   -0.004219965944,                 0,     -0.2260869282,     -0.7602185576,      -2.742007356,  -0.0001154286411,   -0.001339739176,     0.04343299747,     0.05519163835,   0.0004713136488,     0.07867414471,   8.784234074e-05,     0.08643550524,      0.0221489715,  -0.0007726085534,    0.006140245127,    0.005936359693,                 0,       0.109354012,      0.1237820383,      0.2864221065,                 0,       1.203098592,       14.15629125,       2.633544768,    -0.06992681194
          0,           0,          46,       1.969826883,       2.050283487,      -8.137713313,      -8.091190173,      -8.615839527,      -8.600177112,      -8.048645706,                         2,      -1.426826276,     0.00214939525,       7.803419338,       20.37416733,       49.52985546,       49.50175531,      0.0039269908,      0.2231291839,       0.505223954,     0.01130392502,   -0.004237799331,      -3.728426807,     0.09775552702,       0.187343011,     0.01130392502,      0.5195579589,       2.264266579,      -2.601408146,      -2.590591472,      -2.569724102,       -2.66166045,      -2.492179519,     0.08611060242,    0.008722232305,      0.1062046879,     0.02209166124,      0.1035995042,      0.1234744657,      0.2796947835,   -0.001544799441,  -0.0007726072247,    0.006140193717,    0.005936338526,                 0,   -1.23295637e-05,  -5.525492476e-06,   -0.004219944275,                 0,      -0.226086746,     -0.7602190129,      -2.742005626,  -0.0001154225186,   -0.001339737487,      0.0434324544,     0.05519142408,   0.0004713860292,     0.07867410522,   8.784206198e-05,     0.08643545684,     0.02214560683,  -0.0007726072247,    0.006140193717,    0.005936338526,                 0,       0.109353913,      0.1237821203,      0.2864219256,                 0,       1.203098124,        14.1562918,        2.63354461,    -0.06992681194
          0,           0,          47,       1.976599416,       2.048748402,      -8.288668357,      -8.242615513,      -8.766641955,      -8.751879209,      -8.201050017,                         2,      -1.435682871,    0.002256865016,       8.193590339,        21.3928757,       52.00634823,       51.97684307,      0.0039269908,      0.2231269426,      0.5052239553,     0.01130387245,   -0.004237782555,      -3.728425613,     0.09775503311,       0.187340775,     0.01130387245,      0.5195578038,        2.26428933,       -2.75236319,      -2.742016812,      -2.720526529,      -2.813362547,       -2.64458383,      0.0861105722,    0.008722235491,      0.1062046462,     0.02208948865,      0.1035994405,      0.1234745137,      0.2796946485,   -0.001544647519,  -0.0007726062235,    0.006140157416,    0.005936321261,                 0,   -1.23295425e-05,  -5.525514699e-06,   -0.004219927498,                 0,     -0.2260866253,     -0.7602192486,      -2.742004306,  -0.0001154328432,   -0.001339736127,     0.04343207116,     0.05519125101,   0.0004714470671,     0.07867407952,   8.784188822e-05,     0.08643542464,     0.02214342893,  -0.0007726062235,    0.006140157416,    0.005936321261,                 0,      0.1093538474,      0.1237821684,       0.286421788,                 0,       1.203097806,       14.15629214,       2.633544374,    -0.06992681194
          0,           0,          48,        1.93577943,       2.046442913,      -8.454673486,      -8.408155623,      -8.932730312,      -8.918809338,      -8.367518485,                         2,      -1.444615923,     0.00236970828,       8.603269882,       22.46251948,       54.60666565,       54.57568522,      0.0039269908,      0.2231254847,      0.5052239375,     0.01130383335,   -0.004237769552,      -3.728424666,     0.09775466772,      0.1873393219,     0.01130383335,      0.5195576844,       2.264304045,      -2.918368319,      -2.907556923,      -2.886614887,      -2.980292677,      -2.811052298,     0.08611055234,    0.008722237089,      0.1062046192,     0.02208807614,      0.1035993982,      0.1234745379,      0.2796945501,   -0.001544548746,  -0.0007726056019,    0.006140132074,    0.005936306882,                 0,   -1.23295284e-05,  -5.525539037e-06,   -0.004219914484,                 0,     -0.2260865453,     -0.7602193269,      -2.742003345,  -0.0001154496482,   -0.001339735348,     0.04343180407,      0.0551911079,   0.0004714911009,     0.07867406266,   8.784179435e-05,      0.0864354045,     0.02214201297,  -0.0007726056019,    0.006140132074,    0.005936306882,                 0,      0.1093538038,      0.1237821927,      0.2864216879,                 0,       1.203097593,       14.15629232,       2.633544118,    -0.06992681194
          0,           0,          49,       1.976309003,       2.045040235,      -8.633605472,       -8.58612205,       -9.11216468,      -9.098840953,       -8.54634421,                         2,      -1.453147586,    0.002488193716,       9.033433396,       23.58564546,       57.33699893,       57.30446949,      0.0039269908,      0.2231245328,      0.5052239132,     0.01130380501,   -0.004237759402,      -3.728423933,     0.09775440103,       0.187338374,     0.01130380501,      0.5195575938,       2.264313596,      -3.097300305,       -3.08552335,      -3.066049255,      -3.160324291,      -2.989878023,       0.086110539,    0.008722237709,      0.1062046026,     0.02208715344,      0.1035993698,      0.1234745474,      0.2796944802,   -0.001544484225,  -0.0007726052901,    0.006140115006,    0.005936295295,                 0,  -1.232951904e-05,  -5.525566337e-06,   -0.004219904316,                 0,     -0.2260864915,      -0.760219312,      -2.742002663,   -0.000115466579,   -0.001339735091,     0.04343162453,     0.05519099308,   0.0004715185076,     0.07867405134,   8.784175403e-05,     0.08643539289,     0.02214108802,  -0.0007726052901,    0.006140115006,    0.005936295295,                 0,      0.1093537745,      0.1237822021,      0.2864216171,                 0,       1.203097449,        14.1562924,        2.63354387,    -0.06992681194
          0,           0,          50,       1.988420943,       2.043930053,      -8.823027293,      -8.774484036,      -9.302620142,      -9.289475037,       -8.73544152,                         2,      -1.460317987,    0.002612603431,        9.48510508,       24.76492773,       60.20384888,       60.16969296,      0.0039269908,      0.2231238976,      0.5052238888,     0.01130378457,   -0.004237751582,       -3.72842337,     0.09775420699,       0.187337742,     0.01130378457,      0.5195575251,       2.264319933,      -3.286722126,      -3.273885335,      -3.256504717,      -3.350958375,      -3.178975333,     0.08611052976,    0.008722237786,      0.1062045932,     0.02208653677,      0.1035993504,      0.1234745486,      0.2796944309,   -0.001544441103,  -0.0007726051876,    0.006140103448,    0.005936286307,                 0,  -1.232951284e-05,  -5.525593552e-06,   -0.004219896476,                 0,     -0.2260864545,     -0.7602192502,      -2.742002184,  -0.0001154815542,   -0.001339735178,     0.04343150346,     0.05519090424,    0.000471534464,     0.07867404347,   8.784174393e-05,     0.08643538697,     0.02214046984,  -0.0007726051876,    0.006140103448,    0.005936286307,                 0,      0.1093537545,      0.1237822034,      0.2864215673,                 0,       1.203097352,       14.15629242,       2.633543639,    -0.06992681194
          0,           0,          51,       2.032312929,       2.043706646,        -9.0192628,      -8.969745017,      -9.500461338,      -9.487017449,      -8.931221348,                         2,      -1.466617328,    0.002743233636,       9.959360344,       26.00317412,       63.21404132,       63.17817761,      0.0039269908,      0.2231234804,      0.5052238671,     0.01130377008,   -0.004237745642,      -3.728422947,     0.09775406901,      0.1873373274,     0.01130377008,      0.5195574744,        2.26432407,      -3.482957633,      -3.469146317,      -3.454345913,      -3.548500787,      -3.374755161,     0.08611052332,    0.008722237609,      0.1062045885,     0.02208613092,       0.103599337,       0.123474546,      0.2796943968,   -0.001544412723,  -0.0007726051897,    0.006140095507,    0.005936279762,                 0,   -1.23295087e-05,  -5.525618482e-06,   -0.004219890514,                 0,     -0.2260864291,      -0.760219173,      -2.742001853,  -0.0001154925914,   -0.001339735411,     0.04343142078,      0.0551908396,   0.0004715440463,     0.07867403798,   8.784175026e-05,     0.08643538465,       0.022140063,  -0.0007726051897,    0.006140095507,    0.005936279762,                 0,      0.1093537407,      0.1237822008,      0.2864215329,                 0,       1.203097288,        14.1562924,       2.633543434,    -0.06992681194
          0,           0,          52,       1.989961716,       2.042692591,      -9.220152846,      -9.170522713,      -9.703628197,      -9.689365353,      -9.132111922,                         2,      -1.467960943,     0.00288039535,       10.45732837,       27.30333282,       66.37474338,       66.33708649,      0.0039269908,      0.2231232048,      0.5052238497,     0.01130375971,   -0.004237741291,      -3.728422638,     0.09775397096,      0.1873370536,     0.01130375971,      0.5195574377,       2.264326789,      -3.683847679,      -3.669924012,      -3.657512772,      -3.750848691,      -3.575645735,     0.08611051884,    0.008722237369,      0.1062045867,     0.02208586186,      0.1035993279,      0.1234745424,      0.2796943733,   -0.001544393909,   -0.000772605231,    0.006140089648,    0.005936275295,                 0,  -1.232950598e-05,  -5.525638982e-06,   -0.004219886146,                 0,     -0.2260864117,     -0.7602191008,      -2.742001625,  -0.0001154999041,   -0.001339735656,     0.04343136024,     0.05519079548,   0.0004715508943,     0.07867403415,   8.784176313e-05,     0.08643538444,     0.02213979329,   -0.000772605231,    0.006140089648,    0.005936275295,                 0,      0.1093537313,      0.1237821971,      0.2864215093,                 0,       1.203097244,       14.15629238,       2.633543258,    -0.06992681194
          0,           0,          53,       1.930216519,       2.040609701,      -9.420794267,      -9.372034252,      -9.907102381,      -9.891796148,      -9.333153672,                         2,      -1.464524595,    0.003024415148,       10.98019479,       28.66849946,       69.69348055,       69.65394081,      0.0039269908,      0.2231230205,      0.5052238367,     0.01130375221,   -0.004237738154,      -3.728422416,     0.09775390144,      0.1873368707,     0.01130375221,       0.519557412,       2.264328601,        -3.8844891,      -3.871435551,      -3.860986956,      -3.953279486,      -3.776687485,     0.08611051575,    0.008722237148,      0.1062045864,     0.02208568115,      0.1035993217,       0.123474539,      0.2796943572,   -0.001544381273,  -0.0007726052777,     0.00614008502,    0.005936272465,                 0,  -1.232950422e-05,  -5.525654577e-06,   -0.004219882995,                 0,     -0.2260863998,     -0.7602190415,      -2.742001471,  -0.0001155039618,   -0.001339735852,     0.04343131278,     0.05519076749,   0.0004715570154,     0.07867403149,   8.784177651e-05,     0.08643538531,     0.02213961214,  -0.0007726052777,     0.00614008502,    0.005936272465,                 0,      0.1093537249,      0.1237821938,      0.2864214933,                 0,       1.203097216,       14.15629235,       2.633543114,    -0.06992681194
          0,           0,          54,        1.86729478,        2.03745852,      -9.616997508,      -9.570134414,      -10.10677605,      -10.09037995,      -9.530067253,                         2,       -1.45723902,    0.003175635932,       11.52920453,       30.10192444,       73.17815458,       73.13663785,      0.0039269908,      0.2231228966,      0.5052238277,     0.01130374665,   -0.004237735981,      -3.728422262,     0.09775385128,      0.1873367477,     0.01130374665,      0.5195573943,       2.264329818,      -4.080692341,      -4.069535714,      -4.060660621,      -4.151863291,      -3.973601066,     0.08611051363,    0.008722236985,       0.106204587,     0.02208555899,      0.1035993175,      0.1234745365,      0.2796943464,    -0.00154437273,  -0.0007726053131,     0.00614008118,    0.005936270781,                 0,  -1.232950306e-05,  -5.525665485e-06,   -0.004219880812,                 0,     -0.2260863916,     -0.7602189982,      -2.742001367,  -0.0001155052851,   -0.001339735985,     0.04343127367,     0.05519075079,   0.0004715628004,     0.07867402967,   8.784178818e-05,      0.0864353866,     0.02213948967,  -0.0007726053131,     0.00614008118,    0.005936270781,                 0,      0.1093537206,      0.1237821913,      0.2864214825,                 0,       1.203097197,       14.15629233,       2.633542998,    -0.06992681194
          0,           0,          55,        1.91986771,       2.035358685,      -9.806109422,      -9.762088104,      -10.29997661,      -10.28254253,      -9.720144728,                         2,       -1.44816012,     0.00333441775,       12.10566476,       31.60702066,       76.83706231,       76.79346975,      0.0039269908,      0.2231228117,      0.5052238219,     0.01130374245,   -0.004237734449,      -3.728422159,     0.09775381441,      0.1873366635,     0.01130374245,      0.5195573827,       2.264330653,      -4.269804255,      -4.261489403,      -4.253861185,       -4.34402587,      -4.163678541,     0.08611051217,     0.00872223689,      0.1062045878,     0.02208547483,      0.1035993147,      0.1234745351,      0.2796943391,   -0.001544366845,  -0.0007726053323,    0.006140077942,    0.005936269837,                 0,  -1.232950228e-05,  -5.525672131e-06,   -0.004219879275,                 0,      -0.226086386,     -0.7602189704,      -2.742001298,   -0.000115504756,   -0.001339736058,      0.0434312409,     0.05519074139,   0.0004715681789,     0.07867402842,   8.784179711e-05,     0.08643538794,     0.02213940531,  -0.0007726053323,    0.006140077942,    0.005936269837,                 0,      0.1093537176,      0.1237821898,      0.2864214753,                 0,       1.203097183,       14.15629231,       2.633542909,    -0.06992681194
          0,           0,          56,       1.882107086,        2.03267006,      -9.986797056,      -9.946155774,      -10.48518162,      -10.46681823,      -9.901828082,                         2,      -1.441113285,    0.003501138656,         12.710948,       33.18737169,       80.67891543,       80.63314323,      0.0039269908,      0.2231227562,      0.5052238185,     0.01130373929,   -0.004237733407,      -3.728422093,     0.09775378743,      0.1873366083,     0.01130373929,      0.5195573753,       2.264331201,      -4.450491889,      -4.445557073,      -4.439066192,      -4.528301565,      -4.345361895,     0.08611051119,    0.008722236861,      0.1062045886,      0.0220854195,      0.1035993127,      0.1234745345,      0.2796943342,   -0.001544362976,  -0.0007726053356,    0.006140075304,    0.005936269318,                 0,  -1.232950171e-05,  -5.525675582e-06,   -0.004219878229,                 0,     -0.2260863822,     -0.7602189562,      -2.742001252,  -0.0001155028613,   -0.001339736086,     0.04343121434,     0.05519073617,   0.0004715729979,     0.07867402758,   8.784180411e-05,     0.08643538911,     0.02213934984,  -0.0007726053356,    0.006140075304,    0.005936269318,                 0,      0.1093537156,      0.1237821893,      0.2864214705,                 0,       1.203097174,        14.1562923,       2.633542843,    -0.06992681194
          0,           0,          57,       1.918462698,       2.030700968,      -10.16194413,      -10.12551595,      -10.66516037,      -10.64591685,      -10.07859487,                         2,      -1.434404152,    0.003676195603,        13.3464954,       34.84674028,        84.7128612,       84.66480039,      0.0039269908,      0.2231227196,      0.5052238167,     0.01130373687,   -0.004237732659,      -3.728422054,     0.09775376743,      0.1873365719,     0.01130373687,       0.519557371,       2.264331565,      -4.625638961,      -4.624917249,      -4.619044947,      -4.707400192,      -4.522128688,     0.08611051055,     0.00872223688,      0.1062045894,      0.0220853828,      0.1035993114,      0.1234745347,       0.279694331,    -0.00154436041,  -0.0007726053292,    0.006140073196,    0.005936269008,                 0,  -1.232950129e-05,  -5.525676613e-06,   -0.004219877482,                 0,     -0.2260863797,     -0.7602189522,      -2.742001222,  -0.0001155005099,   -0.001339736086,     0.04343119322,     0.05519073304,   0.0004715772602,     0.07867402703,   8.784180949e-05,     0.08643539005,     0.02213931305,  -0.0007726053292,    0.006140073196,    0.005936269008,                 0,      0.1093537142,      0.1237821895,      0.2864214673,                 0,       1.203097168,       14.15629229,       2.633542795,    -0.06992681194
          0,           0,          58,       1.882188322,       2.028183804,      -10.33285266,      -10.30107703,      -10.84112098,      -10.82112402,      -10.25164561,                         2,      -1.429124482,    0.003860005393,       14.01382017,       36.58907729,       88.94850426,       88.89804041,      0.0039269908,       0.223122695,       0.505223816,     0.01130373506,   -0.004237732161,      -3.728422032,     0.09775375278,      0.1873365475,     0.01130373506,      0.5195573686,       2.264331811,      -4.796547493,      -4.800478333,      -4.795005553,      -4.882607363,      -4.695179427,     0.08611051014,    0.008722236922,      0.1062045899,     0.02208535802,      0.1035993105,      0.1234745353,      0.2796943289,   -0.001544358677,  -0.0007726053188,    0.006140071588,    0.005936268787,                 0,  -1.232950096e-05,  -5.525676479e-06,   -0.004219876983,                 0,      -0.226086378,     -0.7602189537,      -2.742001202,  -0.0001154982887,   -0.001339736075,     0.04343117718,     0.05519073079,   0.0004715808878,     0.07867402668,   8.784181374e-05,     0.08643539077,     0.02213928821,  -0.0007726053188,    0.006140071588,    0.005936268787,                 0,      0.1093537133,        0.12378219,      0.2864214653,                 0,       1.203097163,       14.15629229,        2.63354276,    -0.06992681194
          0,           0,          59,       2.100411246,       2.029387595,      -10.50133771,      -10.47432773,      -11.01502551,      -10.99427184,      -10.42265022,                         2,      -1.425062756,    0.004053005671,       14.71451118,       38.41853116,       93.39592947,       93.34294243,      0.0039269908,      0.2231226782,      0.5052238159,     0.01130373369,   -0.004237731799,       -3.72842202,     0.09775374207,      0.1873365307,     0.01130373369,      0.5195573673,       2.264331981,      -4.965032544,       -4.97372903,      -4.968910088,      -5.055755177,      -4.866184031,     0.08611050988,    0.008722236972,      0.1062045904,     0.02208534095,      0.1035993099,      0.1234745359,      0.2796943275,   -0.001544357483,  -0.0007726053084,    0.006140070416,    0.005936268587,                 0,  -1.232950071e-05,  -5.525675676e-06,   -0.004219876623,                 0,     -0.2260863769,     -0.7602189579,      -2.742001189,   -0.000115496447,   -0.001339736063,     0.04343116551,     0.05519072876,   0.0004715838629,     0.07867402646,   8.784181715e-05,     0.08643539131,      0.0221392711,  -0.0007726053084,    0.006140070416,    0.005936268587,                 0,      0.1093537127,      0.1237821907,      0.2864214639,                 0,        1.20309716,       14.15629228,       2.633542736,    -0.06992681194
          0,           0,          60,       2.007013774,       2.029020811,      -10.66878529,      -10.64644241,      -11.18836717,      -11.16677111,      -10.59292264,                         2,      -1.421644388,     0.00425565596,       15.45023674,       40.33945771,       98.06572594,       98.01008956,      0.0039269908,      0.2231226652,       0.505223816,     0.01130373274,   -0.004237731577,      -3.728422014,     0.09775373466,      0.1873365177,     0.01130373274,      0.5195573666,       2.264332114,      -5.132480122,      -5.145843708,      -5.142251745,      -5.228254446,      -5.036456449,     0.08611050972,    0.008722237017,      0.1062045907,     0.02208532775,      0.1035993095,      0.1234745365,      0.2796943266,    -0.00154435656,  -0.0007726053003,    0.006140069646,    0.005936268391,                 0,  -1.232950051e-05,  -5.525674948e-06,   -0.004219876402,                 0,     -0.2260863762,     -0.7602189625,       -2.74200118,  -0.0001154952223,   -0.001339736055,     0.04343115788,     0.05519072677,   0.0004715860639,     0.07867402633,   8.784181998e-05,     0.08643539171,     0.02213925787,  -0.0007726053003,    0.006140069646,    0.005936268391,                 0,      0.1093537123,      0.1237821913,       0.286421463,                 0,       1.203097157,       14.15629228,       2.633542719,    -0.06992681194
          0,           0,          61,       1.953951874,       2.027810022,      -10.83508244,      -10.81692228,      -11.36099421,      -11.33843552,      -10.76199697,                         2,      -1.419946014,    0.004468438762,       16.22274858,        42.3564306,               100,       99.96087361,      0.0039269908,      0.2231226546,      0.5052238164,     0.01130373211,   -0.004237731422,      -3.728422011,     0.09775372989,      0.1873365072,     0.01130373211,      0.5195573661,       2.264332222,      -5.298777273,      -5.316323584,      -5.314878784,      -5.399918858,      -5.205530781,     0.08611050962,    0.008722237052,       0.106204591,     0.02208531702,      0.1035993092,       0.123474537,       0.279694326,    -0.00154435581,  -0.0007726052953,    0.006140069219,    0.005936268186,                 0,  -1.232950035e-05,  -5.525674299e-06,   -0.004219876248,                 0,     -0.2260863756,     -0.7602189663,      -2.742001174,  -0.0001154944809,   -0.001339736054,     0.04343115368,     0.05519072471,   0.0004715875491,     0.07867402625,   8.784182219e-05,       0.086435392,     0.02213924711,  -0.0007726052953,    0.006140069219,    0.005936268186,                 0,       0.109353712,      0.1237821917,      0.2864214624,                 0,       1.203097155,       14.15629228,       2.633542708,    -0.06992681194
          0,           0,          62,       1.861934781,       2.025177081,      -11.00200971,      -10.98803263,      -11.53465077,      -11.51099369,      -10.93211349,                         2,      -1.423265269,    0.004691860704,       16.54273032,       44.47425213,               100,        99.9788968,      0.0039269908,      0.2231226463,      0.5052238167,     0.01130373167,   -0.004237731355,      -3.728422009,     0.09775372671,      0.1873364988,     0.01130373167,      0.5195573659,       2.264332308,      -5.465704544,      -5.487433927,      -5.488535345,      -5.572477032,      -5.375647304,     0.08611050954,    0.008722237081,      0.1062045911,     0.02208530851,      0.1035993089,      0.1234745374,      0.2796943256,   -0.001544355215,  -0.0007726052935,    0.006140068975,    0.005936267992,                 0,  -1.232950023e-05,  -5.525674077e-06,   -0.004219876181,                 0,     -0.2260863752,     -0.7602189697,       -2.74200117,  -0.0001154939361,   -0.001339736059,     0.04343115128,     0.05519072276,   0.0004715887216,      0.0786740262,   8.784182422e-05,     0.08643539221,     0.02213923858,  -0.0007726052935,    0.006140068975,    0.005936267992,                 0,      0.1093537117,      0.1237821921,      0.2864214621,                 0,       1.203097154,       14.15629227,       2.633542699,    -0.06992681194
          0,           0,          63,       1.996243201,       2.024724989,      -11.16824044,      -11.15880471,      -11.70802116,      -11.68331196,      -11.10248119,                         2,      -1.428129663,    0.004784404195,       16.54273032,       46.69796474,               100,       99.98670673,      0.0039269908,      0.2231226402,      0.5052238171,     0.01130373133,   -0.004237731311,      -3.728422009,      0.0977537243,      0.1873364927,     0.01130373133,      0.5195573658,       2.264332372,      -5.631935269,      -5.658206014,      -5.661905739,        -5.7447953,      -5.546015001,     0.08611050949,    0.008722237107,      0.1062045913,      0.0220853023,      0.1035993087,      0.1234745377,      0.2796943254,   -0.001544354781,  -0.0007726052939,    0.006140068813,    0.005936267808,                 0,  -1.232950013e-05,  -5.525674003e-06,   -0.004219876137,                 0,     -0.2260863749,     -0.7602189728,      -2.742001168,  -0.0001154934607,   -0.001339736069,      0.0434311497,     0.05519072092,   0.0004715897529,     0.07867402615,   8.784182605e-05,     0.08643539237,     0.02213923236,  -0.0007726052939,    0.006140068813,    0.005936267808,                 0,      0.1093537115,      0.1237821925,      0.2864214618,                 0,       1.203097152,       14.15629227,       2.633542693,    -0.06992681194
          0,           0,          64,       1.975297409,       2.023964565,      -11.33321268,      -11.32880089,      -11.88034642,      -11.85466448,      -11.27263006,                         2,      -1.429461876,    0.004784404197,       16.54273032,       49.03286297,               100,       99.99080416,      0.0039269908,      0.2231226359,      0.5052238173,     0.01130373109,   -0.004237731322,      -3.728422009,     0.09775372275,      0.1873364884,     0.01130373109,      0.5195573658,       2.264332417,      -5.796907511,      -5.828202193,      -5.834230994,      -5.916147819,      -5.716163872,     0.08611050946,    0.008722237126,      0.1062045914,     0.02208529789,      0.1035993086,       0.123474538,      0.2796943252,   -0.001544354472,  -0.0007726052955,    0.006140068733,     0.00593626765,                 0,  -1.232950006e-05,  -5.525674248e-06,   -0.004219876148,                 0,     -0.2260863747,     -0.7602189752,      -2.742001166,  -0.0001154931252,   -0.001339736079,     0.04343114893,     0.05519071934,   0.0004715905642,     0.07867402613,   8.784182769e-05,      0.0864353925,     0.02213922794,  -0.0007726052955,    0.006140068733,     0.00593626765,                 0,      0.1093537114,      0.1237821927,      0.2864214617,                 0,       1.203097151,       14.15629227,       2.633542689,    -0.06992681194
          0,           0,          65,       1.936053202,       2.022632575,      -11.49674043,      -11.49708868,      -12.05088435,       -12.0243644,      -11.44138179,                         2,      -1.428836186,    0.004784404198,       16.54273032,       51.48450612,               100,       99.99251428,      0.0039269908,      0.2231226325,      0.5052238176,     0.01130373093,   -0.004237731332,       -3.72842201,     0.09775372181,       0.187336485,     0.01130373093,      0.5195573658,       2.264332452,      -5.960435259,       -5.99648998,      -6.004768925,      -6.085847739,        -5.8849156,     0.08611050944,     0.00872223714,      0.1062045915,     0.02208529445,      0.1035993086,      0.1234745382,      0.2796943251,   -0.001544354232,  -0.0007726052971,    0.006140068728,    0.005936267502,                 0,  -1.232950001e-05,  -5.525674448e-06,   -0.004219876158,                 0,     -0.2260863746,     -0.7602189769,      -2.742001165,  -0.0001154929519,   -0.001339736087,      0.0434311489,     0.05519071785,   0.0004715911455,     0.07867402612,   8.784182901e-05,     0.08643539259,     0.02213922449,  -0.0007726052971,    0.006140068728,    0.005936267502,                 0,      0.1093537113,      0.1237821929,      0.2864214616,                 0,       1.203097151,       14.15629227,       2.633542686,    -0.06992681194
          0,           0,          66,       1.938004506,       2.021369469,      -11.65786589,      -11.66164101,      -12.21815526,       -12.1910034,      -11.60644673,                         2,      -1.428875418,    0.004784404199,       16.54273032,       54.05873143,               100,       99.99332299,      0.0039269908,      0.2231226301,      0.5052238177,     0.01130373083,   -0.004237731382,       -3.72842201,     0.09775372125,      0.1873364826,     0.01130373083,      0.5195573658,       2.264332477,      -6.121560726,      -6.161042311,       -6.17203983,      -6.252486738,      -6.049980547,     0.08611050943,    0.008722237148,      0.1062045915,     0.02208529199,      0.1035993085,      0.1234745383,       0.279694325,    -0.00154435406,  -0.0007726052985,    0.006140068745,    0.005936267386,                 0,  -1.232949998e-05,  -5.525674802e-06,   -0.004219876207,                 0,     -0.2260863745,     -0.7602189779,      -2.742001165,  -0.0001154928593,   -0.001339736093,     0.04343114907,     0.05519071669,   0.0004715915795,     0.07867402611,   8.784183012e-05,     0.08643539265,     0.02213922202,  -0.0007726052985,    0.006140068745,    0.005936267386,                 0,      0.1093537113,       0.123782193,      0.2864214615,                 0,        1.20309715,       14.15629226,       2.633542684,    -0.06992681194
          0,           0,          67,       1.922937717,       2.019921943,      -11.81825581,      -11.82471329,      -12.38394907,      -12.35630797,      -11.77002885,                         2,      -1.428128664,      0.0047844042,       16.54273032,         56.761668,               100,       99.99384543,      0.0039269908,      0.2231226282,      0.5052238179,     0.01130373074,   -0.004237731397,       -3.72842201,     0.09775372067,      0.1873364808,     0.01130373074,      0.5195573658,       2.264332497,       -6.28195064,      -6.324114585,      -6.337833641,       -6.41779131,      -6.213562668,     0.08611050942,    0.008722237153,      0.1062045916,     0.02208529009,      0.1035993085,      0.1234745383,       0.279694325,   -0.001544353927,  -0.0007726052999,    0.006140068754,    0.005936267283,                 0,  -1.232949996e-05,  -5.525674982e-06,   -0.004219876222,                 0,     -0.2260863745,     -0.7602189784,      -2.742001164,  -0.0001154928074,   -0.001339736098,     0.04343114917,     0.05519071566,   0.0004715919405,     0.07867402611,     8.7841831e-05,      0.0864353927,     0.02213922011,  -0.0007726052999,    0.006140068754,    0.005936267283,                 0,      0.1093537113,      0.1237821931,      0.2864214615,                 0,        1.20309715,       14.15629226,       2.633542682,    -0.06992681194
          0,           0,          68,       1.948725448,        2.01889011,      -11.97699784,      -11.98552571,      -12.54719169,      -12.51917285,      -11.93137909,                         2,      -1.427776431,      0.0047844042,       16.54273032,        59.5997514,               100,       99.99431792,      0.0039269908,      0.2231226268,      0.5052238179,     0.01130373067,   -0.004237731433,       -3.72842201,     0.09775372032,      0.1873364793,     0.01130373067,      0.5195573657,       2.264332512,      -6.440692672,      -6.484927014,      -6.501076269,      -6.580656187,        -6.3749129,     0.08611050942,    0.008722237156,      0.1062045916,     0.02208528861,      0.1035993085,      0.1234745384,      0.2796943249,   -0.001544353823,  -0.0007726053013,    0.006140068756,    0.005936267215,                 0,  -1.232949995e-05,    -5.5256752e-06,   -0.004219876258,                 0,     -0.2260863744,     -0.7602189787,      -2.742001164,  -0.0001154927616,   -0.001339736103,     0.04343114919,     0.05519071497,   0.0004715922537,      0.0786740261,    8.78418317e-05,     0.08643539274,     0.02213921863,  -0.0007726053013,    0.006140068756,    0.005936267215,                 0,      0.1093537112,      0.1237821931,      0.2864214614,                 0,        1.20309715,       14.15629226,       2.633542681,    -0.06992681194
          0,           0,          69,       1.976955625,       2.018291046,      -12.13435069,      -12.14476404,      -12.70785994,      -12.67958417,      -12.09114599,                         2,      -1.428810799,    0.004784404201,       16.54273032,       62.57973897,               100,       99.99481404,      0.0039269908,      0.2231226257,       0.505223818,     0.01130373059,   -0.004237731442,       -3.72842201,     0.09775371985,      0.1873364782,     0.01130373059,      0.5195573657,       2.264332523,      -6.598045519,      -6.644165344,      -6.661744517,      -6.741067508,      -6.534679801,     0.08611050941,    0.008722237159,      0.1062045916,     0.02208528747,      0.1035993084,      0.1234745384,      0.2796943249,   -0.001544353744,  -0.0007726053027,    0.006140068748,    0.005936267148,                 0,  -1.232949994e-05,  -5.525675263e-06,   -0.004219876267,                 0,     -0.2260863744,     -0.7602189791,      -2.742001164,  -0.0001154927011,   -0.001339736107,     0.04343114912,     0.05519071431,   0.0004715925289,      0.0786740261,   8.784183221e-05,     0.08643539276,     0.02213921749,  -0.0007726053027,    0.006140068748,    0.005936267148,                 0,      0.1093537112,      0.1237821931,      0.2864214614,                 0,        1.20309715,       14.15629226,        2.63354268,    -0.06992681194
          0,           0,          70,       2.006986252,       2.018131824,       -12.2908915,      -12.30324752,      -12.86658387,      -12.83825433,      -12.25038385,                         2,      -1.432723496,    0.004784404201,       16.54273032,       65.70872592,               100,       99.99533497,      0.0039269908,      0.2231226248,       0.505223818,     0.01130373054,   -0.004237731476,      -3.728422009,     0.09775371956,      0.1873364773,     0.01130373054,      0.5195573657,       2.264332532,      -6.754586334,      -6.802648815,      -6.820468447,      -6.899737663,      -6.693917666,      0.0861105094,    0.008722237163,      0.1062045916,      0.0220852866,      0.1035993084,      0.1234745384,      0.2796943249,   -0.001544353683,  -0.0007726053038,    0.006140068733,     0.00593626711,                 0,  -1.232949993e-05,  -5.525675359e-06,   -0.004219876301,                 0,     -0.2260863743,     -0.7602189795,      -2.742001163,  -0.0001154926281,   -0.001339736111,     0.04343114897,     0.05519071392,   0.0004715927753,     0.07867402609,   8.784183261e-05,     0.08643539277,     0.02213921662,  -0.0007726053038,    0.006140068733,     0.00593626711,                 0,      0.1093537112,      0.1237821932,      0.2864214613,                 0,        1.20309715,       14.15629226,       2.633542679,    -0.06992681194
          0,           0,          71,       1.868137124,       2.016048564,      -12.44727828,      -12.46124471,      -13.02374351,       -12.9956133,      -12.40918107,                         2,      -1.440044168,    0.004784404201,       16.54273032,       68.99416221,               100,       99.99588195,      0.0039269908,      0.2231226242,      0.5052238181,     0.01130373047,    -0.00423773148,       -3.72842201,     0.09775371911,      0.1873364767,     0.01130373047,      0.5195573657,       2.264332539,      -6.910973111,      -6.960646008,      -6.977628083,      -7.057096636,      -6.852714888,     0.08611050939,    0.008722237166,      0.1062045917,     0.02208528596,      0.1035993084,      0.1234745385,      0.2796943248,   -0.001544353638,  -0.0007726053047,    0.006140068711,    0.005936267065,                 0,  -1.232949992e-05,  -5.525675339e-06,   -0.004219876305,                 0,     -0.2260863743,     -0.7602189799,      -2.742001163,  -0.0001154925447,   -0.001339736114,     0.04343114876,     0.05519071347,   0.0004715929931,     0.07867402608,    8.78418329e-05,     0.08643539278,     0.02213921598,  -0.0007726053047,    0.006140068711,    0.005936267065,                 0,      0.1093537112,      0.1237821932,      0.2864214613,                 0,       1.203097149,       14.15629226,       2.633542679,    -0.06992681194
          0,           0,          72,       1.886254253,        2.01427056,      -12.60676688,       -12.6225532,      -13.18318484,      -13.15540296,      -12.57113243,                         2,      -1.446399054,    0.004784404201,       16.54273032,       72.44387032,               100,       99.99645627,      0.0039269908,      0.2231226237,      0.5052238181,     0.01130373043,   -0.004237731511,      -3.728422009,     0.09775371885,      0.1873364762,     0.01130373043,      0.5195573657,       2.264332544,      -7.070461709,      -7.121954504,      -7.137069411,      -7.216886298,      -7.014666245,     0.08611050938,    0.008722237169,      0.1062045917,     0.02208528547,      0.1035993084,      0.1234745385,      0.2796943248,   -0.001544353604,  -0.0007726053054,    0.006140068687,    0.005936267044,                 0,  -1.232949991e-05,  -5.525675369e-06,   -0.004219876336,                 0,     -0.2260863743,     -0.7602189803,      -2.742001162,  -0.0001154924614,   -0.001339736116,     0.04343114852,     0.05519071326,    0.000471593186,     0.07867402607,   8.784183313e-05,     0.08643539279,     0.02213921549,  -0.0007726053054,    0.006140068687,    0.005936267044,                 0,      0.1093537111,      0.1237821933,      0.2864214613,                 0,       1.203097149,       14.15629226,       2.633542679,    -0.06992681194
          0,           0,          73,       1.966058612,       2.013619047,      -12.76899631,      -12.78653082,      -13.34556635,      -13.31823033,      -12.73584585,                         2,      -1.451736332,    0.004784404201,       16.54273032,       76.06606384,               100,       99.99705931,      0.0039269908,      0.2231226233,      0.5052238181,     0.01130373037,   -0.004237731511,       -3.72842201,     0.09775371843,      0.1873364758,     0.01130373037,      0.5195573657,       2.264332548,      -7.232691143,      -7.285932117,      -7.299450925,      -7.379713666,      -7.179379664,     0.08611050937,    0.008722237173,      0.1062045917,     0.02208528508,      0.1035993083,      0.1234745386,      0.2796943248,   -0.001544353577,   -0.000772605306,    0.006140068663,     0.00593626701,                 0,  -1.232949991e-05,   -5.52567532e-06,   -0.004219876335,                 0,     -0.2260863742,     -0.7602189807,      -2.742001162,   -0.000115492381,   -0.001339736118,     0.04343114828,     0.05519071292,   0.0004715933532,     0.07867402606,   8.784183329e-05,     0.08643539279,      0.0221392151,   -0.000772605306,    0.006140068663,     0.00593626701,                 0,      0.1093537111,      0.1237821933,      0.2864214613,                 0,       1.203097149,       14.15629226,       2.633542678,    -0.06992681194
          0,           0,          74,       1.867100479,       2.011665466,      -12.93405838,      -12.95320488,       -13.5112231,      -13.48441876,      -12.90342935,                         2,      -1.455028078,    0.004784404201,       16.54273032,       79.86936703,               100,        99.9976925,      0.0039269908,       0.223122623,      0.5052238181,     0.01130373033,   -0.004237731539,      -3.728422009,     0.09775371824,      0.1873364755,     0.01130373033,      0.5195573657,       2.264332551,       -7.39775321,      -7.452606179,       -7.46510767,      -7.545902101,      -7.346963158,     0.08611050936,    0.008722237175,      0.1062045917,     0.02208528478,      0.1035993083,      0.1234745386,      0.2796943247,   -0.001544353555,  -0.0007726053064,    0.006140068641,    0.005936266999,                 0,   -1.23294999e-05,  -5.525675334e-06,   -0.004219876364,                 0,     -0.2260863742,      -0.760218981,      -2.742001162,  -0.0001154923105,    -0.00133973612,     0.04343114806,      0.0551907128,   0.0004715934976,     0.07867402606,   8.784183343e-05,     0.08643539279,     0.02213921479,  -0.0007726053064,    0.006140068641,    0.005936266999,                 0,      0.1093537111,      0.1237821933,      0.2864214612,                 0,       1.203097149,       14.15629226,       2.633542678,    -0.06992681194
          0,           0,          75,       1.972466752,       2.011149693,      -13.10168379,      -13.12230581,      -13.67946749,      -13.65364466,       -13.0737267,                         2,      -1.455609255,    0.004784404201,       16.54273032,       83.86283538,               100,       99.99835735,      0.0039269908,      0.2231226227,      0.5052238181,     0.01130373029,   -0.004237731535,      -3.728422009,     0.09775371789,      0.1873364752,     0.01130373029,      0.5195573657,       2.264332554,      -7.565378623,      -7.621707114,      -7.633352065,      -7.715127994,      -7.517260511,     0.08611050935,    0.008722237178,      0.1062045917,     0.02208528452,      0.1035993083,      0.1234745386,      0.2796943247,   -0.001544353537,  -0.0007726053068,    0.006140068621,    0.005936266971,                 0,   -1.23294999e-05,  -5.525675291e-06,    -0.00421987636,                 0,     -0.2260863742,     -0.7602189813,      -2.742001162,   -0.000115492248,   -0.001339736121,     0.04343114787,     0.05519071253,     0.00047159362,     0.07867402605,   8.784183353e-05,     0.08643539279,     0.02213921453,  -0.0007726053068,    0.006140068621,    0.005936266971,                 0,      0.1093537111,      0.1237821934,      0.2864214612,                 0,       1.203097149,       14.15629226,       2.633542678,    -0.06992681194
          0,           0,          76,       2.015577354,       2.011207195,      -13.27052419,      -13.29207357,      -13.84794282,      -13.82415727,      -13.24498347,                         2,      -1.453963554,    0.004784404201,       16.54273032,       88.05597715,               100,       99.99905545,      0.0039269908,      0.2231226225,      0.5052238181,     0.01130373026,   -0.004237731563,      -3.728422009,     0.09775371778,       0.187336475,     0.01130373026,      0.5195573656,       2.264332556,      -7.734219028,      -7.791474866,      -7.801827398,       -7.88564061,      -7.688517285,     0.08611050935,     0.00872223718,      0.1062045916,     0.02208528431,      0.1035993083,      0.1234745387,      0.2796943247,   -0.001544353523,  -0.0007726053071,    0.006140068605,    0.005936266966,                 0,  -1.232949989e-05,  -5.525675314e-06,   -0.004219876388,                 0,     -0.2260863741,     -0.7602189816,      -2.742001161,  -0.0001154921981,   -0.001339736122,     0.04343114771,     0.05519071247,   0.0004715937235,     0.07867402604,   8.784183363e-05,     0.08643539278,     0.02213921433,  -0.0007726053071,    0.006140068605,    0.005936266966,                 0,      0.1093537111,      0.1237821934,      0.2864214612,                 0,       1.203097149,       14.15629226,       2.633542678,    -0.06992681194
          0,           0,          77,       2.024180539,        2.01137352,      -13.44138355,       -13.4638395,       -14.0164254,      -13.99659159,      -13.41845426,                         2,      -1.446493109,    0.004784404201,       16.54273032,       92.45877601,               100,        99.9996797,      0.0039269908,      0.2231226223,      0.5052238181,     0.01130373023,   -0.004237731556,      -3.728422009,     0.09775371748,      0.1873364748,     0.01130373023,      0.5195573656,       2.264332558,      -7.905078386,      -7.963240805,      -7.970309979,      -8.058074929,       -7.86198807,     0.08611050934,    0.008722237182,      0.1062045916,     0.02208528414,      0.1035993083,      0.1234745387,      0.2796943247,   -0.001544353511,  -0.0007726053074,    0.006140068591,    0.005936266941,                 0,  -1.232949989e-05,  -5.525675291e-06,   -0.004219876381,                 0,     -0.2260863741,     -0.7602189818,      -2.742001161,  -0.0001154921563,   -0.001339736123,     0.04343114757,     0.05519071223,   0.0004715938088,     0.07867402604,    8.78418337e-05,     0.08643539278,     0.02213921415,  -0.0007726053074,    0.006140068591,    0.005936266941,                 0,       0.109353711,      0.1237821934,      0.2864214612,                 0,       1.203097149,       14.15629226,       2.633542678,    -0.06992681194
          0,           0,          78,       1.923482077,        2.01026097,      -13.61173346,      -13.63488223,      -14.18128984,      -14.16873336,      -13.59162001,                         2,       -1.43334503,    0.004784404201,       16.54273032,       97.08171481,               100,       99.99998178,      0.0039269908,      0.2231226222,      0.5052238181,     0.01130373021,   -0.004237731582,      -3.728422009,     0.09775371744,      0.1873364747,     0.01130373021,      0.5195573656,        2.26433256,      -8.075428288,       -8.13428353,      -8.135174413,      -8.230216696,      -8.035153824,     0.08611050933,    0.008722237183,      0.1062045916,     0.02208528399,      0.1035993083,      0.1234745387,      0.2796943246,   -0.001544353501,  -0.0007726053077,    0.006140068581,     0.00593626694,                 0,  -1.232949988e-05,  -5.525675324e-06,   -0.004219876407,                 0,     -0.2260863741,     -0.7602189819,      -2.742001161,  -0.0001154921244,   -0.001339736124,     0.04343114747,     0.05519071222,   0.0004715938809,     0.07867402604,   8.784183377e-05,     0.08643539278,     0.02213921401,  -0.0007726053077,    0.006140068581,     0.00593626694,                 0,       0.109353711,      0.1237821935,      0.2864214611,                 0,       1.203097149,       14.15629226,       2.633542678,    -0.06992681194
          0,           0,          79,       1.873652623,       2.008553366,      -13.77914878,      -13.80291801,      -14.33906643,      -14.33869642,      -13.76203456,                         2,       -1.41491545,    0.004784404201,       16.54273032,               100,               100,               100,      0.0039269908,       0.223122622,      0.5052238181,     0.01130373018,   -0.004237731573,      -3.728422009,     0.09775371719,      0.1873364745,     0.01130373018,      0.5195573656,       2.264332561,      -8.242843613,      -8.302319311,      -8.292951002,      -8.400179756,      -8.205568373,     0.08611050933,    0.008722237184,      0.1062045916,     0.02208528387,      0.1035993083,      0.1234745387,      0.2796943246,   -0.001544353492,  -0.0007726053079,    0.006140068572,    0.005936266918,                 0,  -1.232949988e-05,  -5.525675315e-06,   -0.004219876398,                 0,     -0.2260863741,     -0.7602189821,      -2.742001161,  -0.0001154920976,   -0.001339736125,     0.04343114738,       0.055190712,   0.0004715939397,     0.07867402603,   8.784183382e-05,     0.08643539278,     0.02213921388,  -0.0007726053079,    0.006140068572,    0.005936266918,                 0,       0.109353711,      0.1237821935,      0.2864214611,                 0,       1.203097149,       14.15629226,       2.633542678,    -0.06992681194
