"Time_Iter","Outer_Iter","Inner_Iter",    "Time(sec)"   ,    "Time(sec)"   ,    "rms[Rho]"    ,    "rms[RhoU]"   ,    "rms[RhoV]"   ,    "rms[RhoW]"   ,    "rms[RhoE]"   ,"Linear_Solver_Iterations",    "LinSolRes"   ,     "Min DT"     ,     "Max DT"     ,     "Min CFL"    ,     "Max CFL"    ,     "Avg CFL"    ,    "RefForce"    ,       "CD"       ,       "CL"       ,       "CSF"      ,       "CMx"      ,       "CMy"      ,       "CMz"      ,       "CFx"      ,       "CFy"      ,       "CFz"      ,      "CEff"      ,   "relrms[Rho]"  ,  "relrms[RhoU]"  ,  "relrms[RhoV]"  ,  "relrms[RhoW]"  ,  "relrms[RhoE]"  ,    "CD(nose)"    ,    "CD(body)"    ,    "CD(fins)"    ,    "CD(base)"    ,    "CL(nose)"    ,    "CL(body)"    ,    "CL(fins)"    ,    "CL(base)"    ,    "CSF(nose)"   ,    "CSF(body)"   ,    "CSF(fins)"   ,    "CSF(base)"   ,    "CMx(nose)"   ,    "CMx(body)"   ,    "CMx(fins)"   ,    "CMx(base)"   ,    "CMy(nose)"   ,    "CMy(body)"   ,    "CMy(fins)"   ,    "CMy(base)"   ,    "CMz(nose)"   ,    "CMz(body)"   ,    "CMz(fins)"   ,    "CMz(base)"   ,    "CFx(nose)"   ,    "CFx(body)"   ,    "CFx(fins)"   ,    "CFx(base)"   ,    "CFy(nose)"   ,    "CFy(body)"   ,    "CFy(fins)"   ,    "CFy(base)"   ,    "CFz(nose)"   ,    "CFz(body)"   ,    "CFz(fins)"   ,    "CFz(base)"   ,   "CEff(nose)"   ,   "CEff(body)"   ,   "CEff(fins)"   ,   "CEff(base)"   
          0,           0,           0,       1.305046614,       1.305046614,      -5.663840381,      -5.888325195,      -6.764904256,      -6.760458908,      -5.612687859,                         2,      -1.585763281,   0.0005235508525,      0.8162627714,               2.5,              5.25,       5.244967553,      0.0039269908,     0.08589955308,   -0.004579632886,   0.0006155288258,    0.008738713288,      0.0102034242,    0.005110267859,     0.08589955308,   0.0006155288258,   -0.004579632886,    -0.05331381505,                 0,                 0,                 0,                 0,                 0,      0.1013811333,   9.694468135e-05,     0.06426307953,    -0.07984160444,   -0.005522940136,  -0.0004572706183,    0.001400577868,                 0,   -0.001102715004,    0.001562394163,   0.0001558496671,                 0,  -2.724063926e-05,   1.718524983e-05,    0.008748768678,                 0,     0.01348731352,     0.00983858057,    -0.01347031356,   0.0003478436643,   -0.005968260855,    0.009494128143,    0.001666466109,   -8.20655381e-05,      0.1013811333,   9.694468135e-05,     0.06426307953,    -0.07984160444,   -0.001102715004,    0.001562394163,   0.0001558496671,                 0,   -0.005522940136,  -0.0004572706183,    0.001400577868,                 0,    -0.05447700134,      -4.716820066,     0.02179444057,                -0
          0,           0,           1,       1.152022117,       1.228534366,      -5.689805143,      -5.650594416,      -6.167628061,      -6.167006421,      -5.609546612,                         2,      -1.813947702,   0.0005219003033,      0.8570759102,               2.5,            5.5125,       5.504454948,      0.0039269908,      0.3138994133,   -0.002636316807,    0.003748718128,     0.01246553782,   -0.005253019956,    0.001520497842,      0.3138994133,    0.003748718128,   -0.002636316807,   -0.008398603805,                 0,                 0,                 0,                 0,                 0,      0.1122876748,   0.0001693986598,      0.0878651659,      0.1135771739,   -0.005277147563,  -0.0005583981819,    0.003199228938,                 0,   0.0005738248596,    0.004378977097,   -0.001204083829,                 0,  -1.420787986e-05,   2.049269405e-05,     0.01245925301,                 0,     0.01332074666,     0.01187169844,    -0.03065846886,   0.0002130038055,   -0.002299570439,     0.01519513166,    -0.01084616706,  -0.0005288963249,      0.1122876748,   0.0001693986598,      0.0878651659,      0.1135771739,   0.0005738248596,    0.004378977097,   -0.001204083829,                 0,   -0.005277147563,  -0.0005583981819,    0.003199228938,                 0,    -0.04699667682,      -3.296355371,     0.03641066291,                 0
          0,           0,           2,       1.112240643,       1.189769791,      -5.789106122,      -5.760869873,      -6.227678152,      -6.225019057,      -5.732303226,                         2,      -1.783266009,   0.0005561075477,      0.8999297106,               2.5,          5.788125,        5.77787507,      0.0039269908,      0.3604560153,   0.0002253283103,    0.007539624465,     0.01220000343,    -0.01849557428,   5.970836252e-05,      0.3604560153,    0.007539624465,   0.0002253283103,   0.0006251201276,    -0.09930097872,     -0.1102754573,    -0.06005009093,    -0.05801263582,     -0.1227566145,      0.1064176861,   0.0001889817833,     0.09965082094,      0.1541985264,   -0.003168427715,  -0.0006759797352,    0.004069735761,                 0,     0.00257732961,    0.007187461897,   -0.002225167041,                 0,  -4.544261558e-06,   1.761815704e-05,     0.01218692953,                 0,    0.008776777648,     0.01115850175,    -0.03914841223,   0.0007175585478,    0.003328379562,     0.01757909676,    -0.02055565007,  -0.0002921178885,      0.1064176861,   0.0001889817833,     0.09965082094,      0.1541985264,     0.00257732961,    0.007187461897,   -0.002225167041,                 0,   -0.003168427715,  -0.0006759797352,    0.004069735761,                 0,    -0.02977350693,       -3.57695712,      0.0408399622,                 0
          0,           0,           3,       1.065928359,       1.158809433,      -5.818598576,      -5.768744921,      -6.262672745,      -6.258975555,      -5.766888663,                         2,      -1.635771359,   0.0005852573971,      0.9449262141,               2.5,        6.07753125,       6.065731178,      0.0039269908,      0.3667617676,    0.002044810654,     0.01073739135,     0.01089271496,    -0.02198585799,    0.005464023756,      0.3667617676,     0.01073739135,    0.002044810654,    0.005575310283,     -0.1287934322,     -0.1181505053,    -0.09504468442,    -0.09196913358,     -0.1573420509,     0.09601328114,   0.0001721872415,      0.1057112364,      0.1648650629,  -0.0009529354028,   -0.001247288949,    0.004245035007,                 0,    0.003193491804,     0.01000868262,   -0.002464783071,                 0,  -3.566770921e-07,   1.555955294e-05,     0.01087751208,                 0,    0.003825056607,     0.01422406904,    -0.04102479479,   0.0009898111486,    0.005634738685,     0.02289777947,    -0.02293603749,  -0.0001324569127,     0.09601328114,   0.0001721872415,      0.1057112364,      0.1648650629,    0.003193491804,     0.01000868262,   -0.002464783071,                 0,  -0.0009529354028,   -0.001247288949,    0.004245035007,                 0,   -0.009925037365,      -7.243794246,     0.04015689488,                 0
          0,           0,           4,       1.182698017,        1.16358715,      -5.819589222,      -5.752834049,      -6.259897914,      -6.256311346,      -5.765339292,                         2,      -1.483037621,   0.0006145105976,      0.9921725616,             2.625,       6.381407813,       6.368759024,      0.0039269908,      0.3648980712,    0.002889757454,     0.01200838036,    0.009677081509,     -0.0215265407,     0.01028098069,      0.3648980712,     0.01200838036,    0.002889757454,    0.007919355244,     -0.1297840782,     -0.1022396336,    -0.09226985294,    -0.08930492424,     -0.1557926803,     0.08645910932,   0.0001420470813,      0.1092995174,      0.1689973974,   0.0003292448211,   -0.001471509695,    0.004032022328,                 0,    0.002631082733,     0.01155574423,   -0.002178446602,                 0,    1.97743635e-07,   1.571303744e-05,    0.009661170728,                 0,   0.0009609789657,     0.01552684688,    -0.03918002085,    0.001165654305,    0.004792344328,     0.02590442907,    -0.02031317218,  -0.0001026205289,     0.08645910932,   0.0001420470813,      0.1092995174,      0.1689973974,    0.002631082733,     0.01155574423,   -0.002178446602,                 0,   0.0003292448211,   -0.001471509695,    0.004032022328,                 0,    0.003808098692,      -10.35930962,     0.03688966267,                 0
          0,           0,           5,        1.20033064,       1.169711065,      -5.813693412,      -5.740899071,      -6.232922129,      -6.230549536,       -5.76357406,                         2,      -1.368268192,    0.000644913364,       1.041781269,           2.75625,       6.700478203,       6.687146338,      0.0039269908,      0.3593515434,    0.003095441726,     0.01123335841,    0.008872790788,    -0.01890690429,     0.01065629318,      0.3593515434,     0.01123335841,    0.003095441726,    0.008613965303,     -0.1238882684,    -0.09030465571,    -0.06529406811,    -0.06354311436,      -0.154027448,     0.07991980268,   0.0001145359535,      0.1115819303,      0.1677352744,   0.0007898344206,   -0.001284350999,    0.003589958305,                 0,    0.001696774738,     0.01126834177,   -0.001731758103,                 0,  -1.702648766e-06,   1.840552359e-05,    0.008856087913,                 0,   0.0001144358375,     0.01482451003,    -0.03505875062,     0.00121290046,    0.002783538204,     0.02408568587,    -0.01607046275,  -0.0001424681527,     0.07991980268,   0.0001145359535,      0.1115819303,      0.1677352744,    0.001696774738,     0.01126834177,   -0.001731758103,                 0,   0.0007898344206,   -0.001284350999,    0.003589958305,                 0,    0.009882837471,       -11.2135182,     0.03217329449,                 0
          0,           0,           6,       1.182003922,       1.171467187,      -5.805020913,      -5.739083783,      -6.209259977,      -6.207582576,      -5.766180613,                         2,      -1.304393967,   0.0006767608261,       1.093870484,         2.8940625,       7.035502113,       7.021255596,      0.0039269908,      0.3491107825,    0.003103740272,    0.009041440703,    0.008461411949,    -0.01667229911,    0.005783925246,      0.3491107825,    0.009041440703,    0.003103740272,    0.008890416532,     -0.1152157696,    -0.08848936731,    -0.04163191619,    -0.04057615502,     -0.1566340012,     0.07636433214,   9.430479178e-05,      0.1130234746,      0.1596286709,   0.0007808994091,  -0.0008245553233,    0.003147396186,                 0,   0.0009202500189,    0.009533072931,   -0.001411882248,                 0,  -4.241616747e-06,    2.20661754e-05,     0.00844358739,                 0,   0.0004580887027,     0.01260321672,    -0.03083906558,    0.001105461051,    0.001011505387,     0.01793185927,    -0.01297541497,  -0.0001840244453,     0.07636433214,   9.430479178e-05,      0.1130234746,      0.1596286709,   0.0009202500189,    0.009533072931,   -0.001411882248,                 0,   0.0007808994091,  -0.0008245553233,    0.003147396186,                 0,     0.01022597052,      -8.743514595,      0.0278472786,                 0
          0,           0,           7,       1.161195228,       1.170183193,      -5.781820818,      -5.727366807,      -6.194397901,      -6.193576592,       -5.75408716,                         3,      -1.829558002,   0.0007102728528,       1.148564271,         2.8940625,       7.387277219,       7.372145382,      0.0039269908,      0.3391004753,    0.003128094085,    0.006858501638,    0.008256214689,    -0.01620616021,  -0.0005848526265,      0.3391004753,    0.006858501638,    0.003128094085,    0.009224682102,     -0.0920156747,    -0.07677239121,    -0.02676984026,    -0.02657017122,     -0.1445405488,     0.07512007665,   8.288924244e-05,      0.1137593092,      0.1501382002,   0.0006212212323,  -0.0004058288235,    0.002912701676,                 0,   0.0005498706857,    0.007595793187,   -0.001287162236,                 0,  -5.554794636e-06,   2.506691918e-05,    0.008236702564,                 0,    0.001109803467,     0.01025490768,    -0.02855921768,   0.0009883463229,   0.0001775576691,     0.01113398848,    -0.01172500881,  -0.0001713899611,     0.07512007665,   8.288924244e-05,      0.1137593092,      0.1501382002,   0.0005498706857,    0.007595793187,   -0.001287162236,                 0,   0.0006212212323,  -0.0004058288235,    0.002912701676,                 0,    0.008269709777,      -4.896037308,     0.02560407317,                 0
          0,           0,           8,       1.013183221,       1.152738751,      -5.770988363,      -5.727029903,      -6.210255456,      -6.210471925,      -5.753700957,                         2,      -1.308883111,   0.0007455058036,       1.205992785,       3.038765625,        7.75664108,       7.740715306,      0.0039269908,      0.3277256433,    0.003296628163,    0.004923187251,     0.00822136851,    -0.01694837444,   -0.007253270238,      0.3277256433,    0.004923187251,    0.003296628163,     0.01005910959,     -0.0811832196,    -0.07643548687,    -0.04262739506,    -0.04346550348,     -0.1441543455,     0.07490300428,   7.466641883e-05,      0.1141138877,      0.1386340849,   0.0005411641723,  -5.500105777e-05,    0.002810465048,                 0,   0.0004369077936,    0.005759060436,   -0.001272780978,                 0,  -6.007988963e-06,   2.772228357e-05,    0.008199654216,                 0,    0.001510587963,    0.008282890401,    -0.02752845135,   0.0007865985452,  -4.714786978e-05,    0.004505104915,    -0.01151717382,  -0.0001940534584,     0.07490300428,   7.466641883e-05,      0.1141138877,      0.1386340849,   0.0004369077936,    0.005759060436,   -0.001272780978,                 0,   0.0005411641723,  -5.500105777e-05,    0.002810465048,                 0,    0.007224866045,     -0.7366237545,     0.02462859784,                 0
          0,           0,           9,       0.986145273,       1.136079403,      -5.731170163,      -5.682940208,      -6.202237029,      -6.204867485,      -5.711473791,                         2,      -1.316940435,    0.000782655244,       1.266292825,       3.190703906,       8.144473134,        8.12774345,      0.0039269908,      0.3173162665,    0.003481599173,     0.00353484427,    0.008248559761,    -0.01794069337,    -0.01296285746,      0.3173162665,     0.00353484427,    0.003481599173,     0.01097201606,    -0.04136502003,      -0.032345792,    -0.03460896827,    -0.03786106351,     -0.1019271796,     0.07521876662,   6.779466301e-05,      0.1142120828,      0.1278176224,   0.0005555850621,   0.0001253078046,    0.002800706306,                 0,   0.0004754166186,     0.00440576141,   -0.001346333758,                 0,  -5.769035561e-06,   2.973528055e-05,    0.008224593516,                 0,     0.00159579858,    0.007213410551,    -0.02738393221,   0.0006340297114,   7.713526286e-05,  -0.0006609425574,    -0.01215641243,  -0.0002226377316,     0.07521876662,   6.779466301e-05,      0.1142120828,      0.1278176224,   0.0004754166186,     0.00440576141,   -0.001346333758,                 0,   0.0005555850621,   0.0001253078046,    0.002800706306,                 0,    0.007386255945,       1.848343204,     0.02452197909,                 0
          0,           0,          10,       0.984637382,       1.122311947,       -5.67823607,      -5.618877744,       -6.17631553,      -6.181468087,      -5.650269381,                         2,      -1.307930326,   0.0008217413822,       1.329607926,       3.350239102,       8.551696791,       8.534104899,      0.0039269908,      0.3094771211,    0.003624406676,    0.002775625717,     0.00825136894,    -0.01860374492,    -0.01708578328,      0.3094771211,    0.002775625717,    0.003624406676,     0.01171138811,                 0,                 0,   -0.008687469036,    -0.01446166568,    -0.04072276944,     0.07569363959,   6.103981436e-05,       0.114093007,      0.1196294347,      0.0006283998,   0.0001732217353,     0.00282278514,                 0,   0.0005635437666,     0.00369043135,     -0.0014783494,                 0,  -5.232340822e-06,    3.10621847e-05,    0.008225539096,                 0,    0.001455532971,    0.006890873227,    -0.02755145833,   0.0006013072125,   0.0002925625605,   -0.003774568603,    -0.01337344661,  -0.0002303306252,     0.07569363959,   6.103981436e-05,       0.114093007,      0.1196294347,   0.0005635437666,     0.00369043135,     -0.0014783494,                 0,      0.0006283998,   0.0001732217353,     0.00282278514,                 0,    0.008301883796,       2.837848331,     0.02474108812,                 0
          0,           0,          11,       1.024543574,       1.114164583,      -5.622032939,      -5.552940139,      -6.144549122,      -6.150281404,      -5.586641434,                         3,      -1.791360408,   0.0008627851336,         1.3960887,       3.517751057,        8.97928163,       8.960737887,      0.0039269908,      0.3039796369,    0.003695253543,    0.002557581007,    0.008200298207,    -0.01882850062,    -0.01951283999,      0.3039796369,    0.002557581007,    0.003695253543,     0.01215625356,                 0,                 0,                 0,                 0,                 0,     0.07611085665,   5.422752753e-05,      0.1137600296,      0.1140545231,   0.0006929960458,   0.0001584085679,    0.002843848929,                 0,   0.0006473344924,    0.003530909354,   -0.001620662839,                 0,  -4.774935733e-06,   3.173787603e-05,    0.008173335267,                 0,     0.00128375295,    0.006940188081,    -0.02771717677,   0.0006647351242,   0.0004730703851,   -0.005043570027,    -0.01471220146,  -0.0002301388947,     0.07611085665,   5.422752753e-05,      0.1137600296,      0.1140545231,   0.0006473344924,    0.003530909354,   -0.001620662839,                 0,   0.0006929960458,   0.0001584085679,    0.002843848929,                 0,    0.009105087977,        2.92118367,     0.02499866551,                 0
          0,           0,          12,       0.965767316,       1.102749408,      -5.568722191,       -5.49587084,      -6.117672604,      -6.122209877,      -5.531375743,                         3,      -1.782191186,   0.0009058984254,       1.465893166,       3.693638609,       9.428245712,       9.408683023,      0.0039269908,      0.2992886505,    0.003720236125,    0.002701390619,    0.008102208746,    -0.01883036711,    -0.02049133685,      0.2992886505,    0.002701390619,    0.003720236125,     0.01243026129,                 0,                 0,                 0,                 0,                 0,     0.07640889073,   4.847565489e-05,      0.1132693777,      0.1095619063,   0.0007296667856,   0.0001407151642,    0.002849854176,                 0,   0.0007177838656,    0.003724422334,   -0.001740815581,                 0,  -4.449794523e-06,   3.190527063e-05,     0.00807475327,                 0,    0.001156264662,    0.007050269622,    -0.02775144112,   0.0007145397233,   0.0006146539236,   -0.005027719137,    -0.01585253207,  -0.0002257395658,     0.07640889073,   4.847565489e-05,      0.1132693777,      0.1095619063,   0.0007177838656,    0.003724422334,   -0.001740815581,                 0,   0.0007296667856,   0.0001407151642,    0.002849854176,                 0,    0.009549501094,       2.902800684,     0.02515997026,                 0
          0,           0,          13,       0.976869997,       1.093758022,      -5.523028328,      -5.453479235,      -6.099905302,      -6.102269722,      -5.490324708,                         3,      -1.777847955,   0.0009511746755,       1.539187084,        3.87832054,       9.899657997,       9.879018633,      0.0039269908,      0.2943467914,    0.003702483196,    0.003002640632,    0.007977213518,    -0.01865014966,    -0.02066617934,      0.2943467914,    0.003002640632,    0.003702483196,     0.01257864296,                 0,                 0,                 0,                 0,                 0,     0.07659173996,    4.51998701e-05,       0.112698304,      0.1050115476,   0.0007352510134,   0.0001250862698,    0.002842145913,                 0,   0.0007763190618,    0.004058034126,   -0.001831712555,                 0,  -4.258029093e-06,   3.173392082e-05,    0.007949737626,                 0,    0.001100737741,    0.007205415436,     -0.0276636471,   0.0007073442594,   0.0007344988519,   -0.004387417474,    -0.01671750272,  -0.0002957579965,     0.07659173996,    4.51998701e-05,       0.112698304,      0.1050115476,   0.0007763190618,    0.004058034126,   -0.001831712555,                 0,   0.0007352510134,   0.0001250862698,    0.002842145913,                 0,    0.009599612357,       2.767403302,     0.02521906552,                 0
          0,           0,          14,       1.043640306,       1.090416841,      -5.487673556,      -5.428578894,      -6.089597182,      -6.090643526,       -5.46658626,                         3,      -1.752808885,   0.0009987483363,        1.61614442,       4.072236567,        10.3946409,        10.3728725,      0.0039269908,      0.2888838085,    0.003652277746,    0.003305038027,    0.007858267844,    -0.01837899179,    -0.02053642653,      0.2888838085,    0.003305038027,    0.003652277746,     0.01264272223,                 0,                 0,                 0,                 0,                 0,     0.07668934221,   4.531598999e-05,       0.112144983,      0.1000041672,   0.0007241741399,   0.0001026523496,    0.002825451256,                 0,   0.0008232414515,    0.004383728203,   -0.001901931627,                 0,  -4.144212586e-06,   3.141031563e-05,    0.007831001741,                 0,    0.001093551724,    0.007428052344,    -0.02749599601,   0.0005954001485,   0.0008340925038,   -0.003570736954,    -0.01738350198,  -0.0004162801006,     0.07668934221,   4.531598999e-05,       0.112144983,      0.1000041672,   0.0008232414515,    0.004383728203,   -0.001901931627,                 0,   0.0007241741399,   0.0001026523496,    0.002825451256,                 0,    0.009442956727,       2.265256693,     0.02519462913,                 0
          0,           0,          15,       1.096683243,       1.090808491,      -5.463365129,      -5.421814308,      -6.081193562,      -6.081926356,      -5.460199253,                         3,      -1.700810676,    0.001048728079,       1.696947928,       4.275848395,       10.91437294,       10.89147414,      0.0039269908,       0.283567956,    0.003590446448,    0.003536479985,    0.007763644061,    -0.01812547477,    -0.02024754429,       0.283567956,    0.003536479985,    0.003590446448,     0.01266167905,                 0,                 0,                 0,                 0,                 0,     0.07673585522,   4.857636953e-05,      0.1117206781,      0.0950628463,   0.0007115463539,   7.147072124e-05,    0.002807429372,                 0,   0.0008557186553,    0.004644825544,   -0.001964064214,                 0,  -4.090428309e-06,   3.105519985e-05,     0.00773667929,                 0,    0.001101284203,    0.007659583242,    -0.02732171261,   0.0004353703917,   0.0009027419227,   -0.002666131955,    -0.01797037866,  -0.0005137755944,     0.07673585522,   4.857636953e-05,      0.1117206781,      0.0950628463,   0.0008557186553,    0.004644825544,   -0.001964064214,                 0,   0.0007115463539,   7.147072124e-05,    0.002807429372,                 0,    0.009272671189,       1.471306356,     0.02512900404,                 0
          0,           0,          16,       1.138137978,       1.093592578,        -5.4494695,       -5.43123401,      -6.065172015,      -6.066050312,       -5.46678766,                         3,      -1.644051415,    0.001101232224,       1.781789894,       4.489640815,       11.46009159,       11.43602081,      0.0039269908,      0.2792209739,     0.00354582667,    0.003686422382,    0.007699210938,    -0.01809846872,    -0.01987862735,      0.2792209739,    0.003686422382,     0.00354582667,     0.01269899829,                 0,   -0.009419701816,                 0,                 0,   -0.006588407289,     0.07675661097,   5.359060988e-05,      0.1115079909,     0.09090278145,   0.0007057194632,   4.736045187e-05,    0.002792746755,                 0,   0.0008738440571,    0.004843034265,    -0.00203045594,                 0,  -4.028817189e-06,   3.068855421e-05,    0.007672551201,                 0,      0.0010983867,     0.00771259649,    -0.02718605856,   0.0002766066484,    0.000937883122,   -0.001599349684,    -0.01859749565,  -0.0006196651324,     0.07675661097,   5.359060988e-05,      0.1115079909,     0.09090278145,   0.0008738440571,    0.004843034265,    -0.00203045594,                 0,   0.0007057194632,   4.736045187e-05,    0.002792746755,                 0,    0.009194249907,      0.8837453423,     0.02504526117,                 0
          0,           0,          17,       1.080206823,       1.092848925,      -5.444488187,      -5.450632678,      -6.033301625,      -6.034239692,       -5.47587297,                         3,      -1.607226251,    0.001156420071,       1.870872908,       4.714122856,       12.03309617,       12.00780575,      0.0039269908,       0.276016903,    0.003532477666,     0.00376816687,    0.007686116006,    -0.01841210527,    -0.01950289762,       0.276016903,     0.00376816687,    0.003532477666,     0.01279804834,                 0,    -0.02881836953,                 0,                 0,    -0.01567371706,     0.07676229422,   5.855571527e-05,       0.111507345,     0.08768870803,    0.000706699298,   4.578283679e-05,    0.002779995531,                 0,   0.0008846395364,    0.004984524268,   -0.002100996935,                 0,  -3.950498848e-06,   3.035582549e-05,    0.007659710679,                 0,    0.001085123242,    0.007477546378,    -0.02707515055,   0.0001003756639,   0.0009516444898,  -0.0004965642105,    -0.01926506493,   -0.000692912968,     0.07676229422,   5.855571527e-05,       0.111507345,     0.08768870803,   0.0008846395364,    0.004984524268,   -0.002100996935,                 0,    0.000706699298,   4.578283679e-05,    0.002779995531,                 0,    0.009206333724,      0.7818679454,     0.02493105303,                 0
          0,           0,          18,       1.030631316,       1.089574314,      -5.445905427,      -5.469637892,      -5.990075993,      -5.990947218,      -5.475015983,                         3,      -1.605938928,    0.001214402982,       1.964410495,       4.949828999,       12.63475098,       12.60817829,      0.0039269908,       0.273421712,      0.0035385536,    0.003806023644,    0.007717191075,    -0.01890272546,     -0.0191413036,       0.273421712,    0.003806023644,      0.0035385536,     0.01294174327,   -0.001417240428,    -0.04782358347,                 0,                 0,    -0.01481673035,     0.07676176668,   6.212116174e-05,      0.1116425786,     0.08495524553,    0.000710440891,   5.471852493e-05,    0.002773394184,                 0,   0.0008924324633,    0.005073552795,   -0.002159961614,                 0,   -3.89541102e-06,   3.015021127e-05,    0.007690936275,                 0,    0.001071228316,    0.007143994082,    -0.02702522633,  -9.272152724e-05,   0.0009569133038,   0.0004359491205,    -0.01982108611,  -0.0007130799162,     0.07676176668,   6.212116174e-05,      0.1116425786,     0.08495524553,   0.0008924324633,    0.005073552795,   -0.002159961614,                 0,    0.000710440891,   5.471852493e-05,    0.002773394184,                 0,    0.009255139919,      0.8808355059,     0.02484172453,                 0
          0,           0,          19,       1.043293687,       1.087260283,      -5.451433034,      -5.481294344,      -5.952092586,      -5.952975101,       -5.46337804,                         3,      -1.645695672,    0.001275499937,        2.06262734,       5.197320449,       13.26648853,       13.23858721,      0.0039269908,      0.2709368073,    0.003549970827,    0.003811369367,     0.00776951643,    -0.01935201526,     -0.0188706062,      0.2709368073,    0.003811369367,    0.003549970827,     0.01310257865,   -0.006944847374,    -0.05948003588,                 0,                 0,   -0.003178786884,     0.07675955026,   6.373913699e-05,      0.1118205802,     0.08229293778,   0.0007143831842,    5.08977809e-05,    0.002784689862,                 0,   0.0008966646039,    0.005104637835,   -0.002189933072,                 0,  -3.853261823e-06,   3.008260763e-05,    0.007743287084,                 0,    0.001056444934,    0.006989646441,      -0.027143117,  -0.0002549896262,   0.0009592175342,    0.000950409474,    -0.02009725135,   -0.000682981851,     0.07675955026,   6.373913699e-05,      0.1118205802,     0.08229293778,   0.0008966646039,    0.005104637835,   -0.002189933072,                 0,   0.0007143831842,    5.08977809e-05,    0.002784689862,                 0,    0.009306766152,      0.7985326332,     0.02490319634,                 0
          0,           0,          20,       1.178011195,       1.091581755,      -5.461789644,      -5.491401181,      -5.934716718,      -5.935822284,      -5.456154809,                         3,      -1.720011192,    0.001339666423,       2.165759054,       5.457186471,       13.92981295,       13.90051657,      0.0039269908,      0.2685018182,    0.003560768555,    0.003791952193,    0.007835347226,    -0.01962898989,    -0.01881191213,      0.2685018182,    0.003791952193,    0.003560768555,     0.01326161804,     -0.0173014576,    -0.06958687324,                 0,                 0,                 0,     0.07674866739,   6.369527199e-05,       0.111971048,     0.07971840755,   0.0007196240291,   3.112433123e-05,    0.002810020195,                 0,   0.0009001654939,    0.005079527059,    -0.00218774036,                 0,  -3.732865442e-06,   3.011705489e-05,    0.007808963036,                 0,    0.001035325936,    0.007073833969,    -0.02738738198,  -0.0003507678181,   0.0009630063853,   0.0009342396454,    -0.02006528282,  -0.0006438753385,     0.07674866739,   6.369527199e-05,       0.111971048,     0.07971840755,   0.0009001654939,    0.005079527059,    -0.00218774036,                 0,   0.0007196240291,   3.112433123e-05,    0.002810020195,                 0,    0.009376371651,      0.4886442942,     0.02509595333,                 0
          0,           0,          21,       1.126840077,       1.093184406,      -5.481595163,      -5.513384876,      -5.945143267,      -5.946703323,      -5.470729667,                         3,      -1.811021386,    0.001406503165,       2.274052078,       5.730045795,        14.6263036,       14.59554239,      0.0039269908,      0.2661122672,    0.003586807039,    0.003759558558,    0.007906641428,    -0.01989799123,    -0.01897439912,      0.2661122672,    0.003759558558,    0.003586807039,     0.01347854827,    -0.03710697616,    -0.09157056823,    -0.01042654937,      -0.010881039,    -0.01457485803,     0.07671164093,   6.279089819e-05,      0.1120327378,     0.07730509758,   0.0007257781427,   1.283056377e-05,    0.002848198333,                 0,   0.0009065839697,     0.00501640134,   -0.002163426752,                 0,  -3.574538073e-06,   3.020544785e-05,    0.007880010519,                 0,    0.001008290946,    0.007237058216,    -0.02774667406,  -0.0003966663314,   0.0009735673015,   0.0004960178946,     -0.0198228198,   -0.000621164516,     0.07671164093,   6.279089819e-05,      0.1120327378,     0.07730509758,   0.0009065839697,     0.00501640134,   -0.002163426752,                 0,   0.0007257781427,   1.283056377e-05,    0.002848198333,                 0,    0.009461121336,      0.2043379556,     0.02542291109,                 0
          0,           0,          22,       1.105117274,       1.093703226,       -5.51699981,      -5.555228066,      -5.983633381,      -5.985890966,       -5.51501343,                         2,      -1.336281079,    0.001476167655,       2.387763347,       6.016548084,       15.35761878,       15.32531951,      0.0039269908,       0.263912062,    0.003625320794,    0.003724983864,    0.007978751652,     -0.0201666885,    -0.01932398376,       0.263912062,    0.003724983864,    0.003625320794,     0.01373685146,    -0.07251162353,     -0.1334137574,    -0.04891666333,    -0.05006868165,    -0.05885862035,     0.07665025948,   6.190054597e-05,      0.1119863185,     0.07521358343,    0.000733348695,   1.099319261e-06,    0.002890872779,                 0,   0.0009221869786,    0.004941394469,   -0.002138597583,                 0,  -3.411276871e-06,    3.02445386e-05,     0.00795191839,                 0,   0.0009782991982,    0.007389652459,    -0.02814430824,  -0.0003903319193,   0.0009984794376,  -0.0001583064641,    -0.01957573732,  -0.0005884194154,     0.07665025948,   6.190054597e-05,      0.1119863185,     0.07521358343,   0.0009221869786,    0.004941394469,   -0.002138597583,                 0,    0.000733348695,   1.099319261e-06,    0.002890872779,                 0,    0.009567465264,      0.0177594437,      0.0258145175,                 0
          0,           0,          23,       1.024194732,       1.090807039,      -5.569560296,      -5.609087003,      -6.047553854,      -6.050420022,      -5.580573095,                         2,      -1.370923419,    0.001549672128,       2.507161029,       6.317375488,       16.12549972,       16.09158549,      0.0039269908,      0.2619172821,    0.003680282888,    0.003682105952,      0.0080326368,    -0.02057544894,     -0.0198350579,      0.2619172821,    0.003682105952,    0.003680282888,     0.01405131749,     -0.1250721091,     -0.1872726945,     -0.1128371359,     -0.1145977381,     -0.1244182858,     0.07659369623,   6.117405575e-05,      0.1118964425,     0.07336596932,   0.0007349048156,   8.610232425e-07,    0.002944517049,                 0,     0.00094207101,    0.004866925477,   -0.002126890535,                 0,   -3.31767286e-06,   3.022325349e-05,    0.008005731219,                 0,   0.0009684363003,    0.007437751434,    -0.02864755959,   -0.000334077079,    0.001030107003,  -0.0008758455393,    -0.01945339456,   -0.000535924807,     0.07659369623,   6.117405575e-05,      0.1118964425,     0.07336596932,     0.00094207101,    0.004866925477,   -0.002126890535,                 0,   0.0007349048156,   8.610232425e-07,    0.002944517049,                 0,     0.00959484725,     0.01407497397,     0.02631466186,                 0
          0,           0,          24,       1.189416233,       1.094751407,      -5.634034952,      -5.654223854,      -6.128936134,      -6.132469869,      -5.642161064,                         2,      -1.360425083,    0.001627006138,        2.63252648,       6.633244263,        16.9317747,       16.89616476,      0.0039269908,       0.260202672,    0.003748079594,    0.003617181324,    0.008063340575,    -0.02113551946,    -0.02052762029,       0.260202672,    0.003617181324,    0.003748079594,     0.01440446236,     -0.1895467651,     -0.2324095454,     -0.1942194161,     -0.1966475847,     -0.1860062544,     0.07655671038,   6.064436541e-05,      0.1118066532,     0.07177866398,   0.0007320994591,   9.786573161e-06,    0.003006193562,                 0,   0.0009580573912,    0.004803278806,   -0.002144154873,                 0,  -3.250129088e-06,   3.015582872e-05,    0.008036434875,                 0,   0.0009721122797,    0.007367066097,     -0.0292310378,  -0.0002436600329,     0.00105607619,   -0.001503172658,    -0.01960910416,  -0.0004714196544,     0.07655671038,   6.064436541e-05,      0.1118066532,     0.07177866398,   0.0009580573912,    0.004803278806,   -0.002144154873,                 0,   0.0007320994591,   9.786573161e-06,    0.003006193562,                 0,    0.009562838521,      0.1613764625,     0.02688742999,                 0
          0,           0,          25,       1.021021643,       1.091915647,      -5.704466259,      -5.685885258,      -6.227063025,      -6.230401065,      -5.684426698,                         2,      -1.334277525,    0.001708270667,       2.764156039,       6.964906476,       17.77836344,         17.740973,      0.0039269908,      0.2587734028,    0.003818782912,    0.003530906965,    0.008071008061,    -0.02174107597,    -0.02136587183,      0.2587734028,    0.003530906965,    0.003818782912,     0.01475724658,     -0.2599780722,     -0.2640709501,     -0.2923463071,     -0.2945787809,     -0.2282718888,     0.07653816865,   6.035110372e-05,      0.1117170592,     0.07045782383,   0.0007298466195,   2.043672236e-05,     0.00306849957,                 0,   0.0009675265037,    0.004759904485,   -0.002196524024,                 0,  -3.213652919e-06,   3.005504081e-05,    0.008044166673,                 0,   0.0009775659199,    0.007247751985,     -0.0298240818,  -0.0001423120787,    0.001070678151,   -0.001928810879,    -0.02010348559,  -0.0004042535186,     0.07653816865,   6.035110372e-05,      0.1117170592,     0.07045782383,   0.0009675265037,    0.004759904485,   -0.002196524024,                 0,   0.0007298466195,   2.043672236e-05,     0.00306849957,                 0,    0.009535720966,      0.3386304657,     0.02746670555,                 0
          0,           0,          26,       1.043216246,       1.090111965,      -5.782604706,      -5.724496906,      -6.339591212,      -6.342449809,       -5.72550415,                         2,       -1.31862152,    0.001793675915,       2.902362674,         7.3131518,       18.66728161,       18.62802165,      0.0039269908,      0.2575801867,    0.003881721998,    0.003435984853,    0.008050848375,    -0.02227519349,    -0.02222879411,      0.2575801867,    0.003435984853,    0.003881721998,     0.01506995568,      -0.338116519,     -0.3026825982,     -0.4048744936,     -0.4066275251,     -0.2693493405,     0.07653231922,    6.02943905e-05,      0.1116250088,     0.06936256426,   0.0007297888125,   2.554003311e-05,    0.003126393152,                 0,   0.0009695174982,    0.004740807157,   -0.002274339802,                 0,  -3.225863677e-06,   2.994094924e-05,    0.008024133289,                 0,     0.00097906416,    0.007169434287,    -0.03037754554,  -4.614639734e-05,    0.001072825186,   -0.002112976205,    -0.02084510903,  -0.0003435340626,     0.07653231922,    6.02943905e-05,      0.1116250088,     0.06936256426,   0.0009695174982,    0.004740807157,   -0.002274339802,                 0,   0.0007297888125,   2.554003311e-05,    0.003126393152,                 0,    0.009535694462,      0.4235888762,     0.02800799914,                 0
          0,           0,          27,       1.056482448,       1.088910911,      -5.878755848,      -5.793253988,      -6.457816464,      -6.462647763,      -5.794060646,                         2,      -1.303641025,    0.001883407561,       3.047476308,        7.67880939,       19.60064569,       19.55942273,      0.0039269908,      0.2565735253,    0.003927740838,    0.003352437956,    0.008012337189,    -0.02264658189,    -0.02296810263,      0.2565735253,    0.003352437956,    0.003927740838,     0.01530844164,     -0.4342676611,     -0.3714396794,     -0.5230997463,     -0.5268254785,     -0.3379058364,     0.07653009167,    6.04350739e-05,      0.1115311577,      0.0684518409,    0.000731566551,   2.218762747e-05,     0.00317398666,                 0,   0.0009676670638,    0.004743702837,   -0.002358931945,                 0,  -3.234545309e-06,   2.982686084e-05,    0.007985744874,                 0,   0.0009744674179,    0.007175831617,    -0.03083376928,   3.688835544e-05,    0.001068184427,   -0.002086000976,    -0.02165511985,  -0.0002951662332,     0.07653009167,    6.04350739e-05,      0.1115311577,      0.0684518409,   0.0009676670638,    0.004743702837,   -0.002358931945,                 0,    0.000731566551,   2.218762747e-05,     0.00317398666,                 0,     0.00955920129,      0.3671316346,     0.02845829565,                 0
          0,           0,          28,       1.068530679,       1.088208144,      -6.004641923,      -5.906850681,      -6.573829338,      -6.585142378,      -5.908343861,                         3,      -1.799177085,    0.001977641485,       3.199844049,       8.062749859,       20.58067798,       20.53739387,      0.0039269908,      0.2556671868,    0.003965137519,    0.003289532595,    0.007959507112,     -0.0229363493,    -0.02353155033,      0.2556671868,    0.003289532595,    0.003965137519,     0.01550898091,     -0.5601537361,     -0.4850363724,     -0.6391126197,     -0.6493200938,     -0.4521890519,     0.07652792115,   6.067142913e-05,      0.1114295132,     0.06764908097,    0.000733999112,   1.691525922e-05,    0.003214223148,                 0,   0.0009660594579,    0.004755667177,   -0.002432194041,                 0,  -3.227089328e-06,   2.971795724e-05,    0.007933016244,                 0,    0.000967527163,    0.007212007286,    -0.03121792376,   0.0001020400089,    0.001063316199,   -0.001972079043,     -0.0223602463,   -0.000262541186,     0.07652792115,   6.067142913e-05,      0.1114295132,     0.06764908097,   0.0009660594579,    0.004755667177,   -0.002432194041,                 0,    0.000733999112,   1.691525922e-05,    0.003214223148,                 0,    0.009591258993,      0.2788010676,     0.02884534855,                 0
          0,           0,          29,       1.190407845,       1.091614801,      -6.156439853,      -6.061506752,      -6.683782816,      -6.702252395,       -6.06460621,                         3,      -1.766932524,     0.00207657729,       3.359830503,       8.465887352,       21.60971188,       21.56426356,      0.0039269908,      0.2549419078,    0.003993637755,     0.00325469037,    0.007906447948,    -0.02314712981,    -0.02385304332,      0.2549419078,     0.00325469037,    0.003993637755,     0.01566489319,     -0.7119516657,     -0.6396924433,     -0.7490660984,     -0.7664301107,     -0.6084514005,      0.0765243095,   6.105542085e-05,      0.1113407705,     0.06701577232,   0.0007363102124,    1.00754655e-05,    0.003247252077,                 0,   0.0009659132357,    0.004771286884,   -0.002482509749,                 0,  -3.215017864e-06,   2.961670803e-05,    0.007880046257,                 0,   0.0009608579171,    0.007279662246,    -0.03153358652,    0.000145936551,    0.001061498672,   -0.001824389141,    -0.02284619812,   -0.000243954729,      0.0765243095,   6.105542085e-05,      0.1113407705,     0.06701577232,   0.0009659132357,    0.004771286884,   -0.002482509749,                 0,   0.0007363102124,    1.00754655e-05,    0.003247252077,                 0,     0.00962191253,      0.1650216371,     0.02916498658,                 0
          0,           0,          30,       1.187293897,       1.094701223,      -6.317885759,      -6.246044627,        -6.7918319,      -6.807238606,      -6.246821326,                         3,      -1.712140966,     0.00218044987,        3.52781783,        8.88918172,       22.69019747,       22.64247674,      0.0039269908,      0.2543651381,    0.004008824193,    0.003239661005,    0.007862377849,    -0.02324782757,     -0.0240091328,      0.2543651381,    0.003239661005,    0.004008824193,     0.01576011643,     -0.8733975718,     -0.8242303189,      -0.857115182,     -0.8714163217,     -0.7906665163,     0.07651936548,   6.148184835e-05,       0.111270413,     0.06651387781,    0.000737598175,   1.894393312e-06,    0.003269331625,                 0,   0.0009668842606,    0.004785071322,   -0.002512294577,                 0,  -3.201984613e-06,   2.952979815e-05,    0.007836050035,                 0,   0.0009563454358,    0.007366144643,    -0.03174442218,   0.0001741045351,    0.001062427683,   -0.001698165988,    -0.02313570447,  -0.0002376900284,     0.07651936548,   6.148184835e-05,       0.111270413,     0.06651387781,   0.0009668842606,    0.004785071322,   -0.002512294577,                 0,    0.000737598175,   1.894393312e-06,    0.003269331625,                 0,    0.009639366067,     0.03081223748,     0.02938185936,                 0
          0,           0,          31,       1.083404233,       1.094348192,      -6.455362403,      -6.418165459,      -6.897529047,      -6.902141116,       -6.40621491,                         3,       -1.66423058,    0.002289503587,        3.70420671,       9.333640806,       23.82470734,       23.77460058,      0.0039269908,      0.2539075027,    0.004012912096,    0.003239219614,    0.007832400621,    -0.02326148683,    -0.02403962098,      0.2539075027,    0.003239219614,    0.004012912096,     0.01580462197,      -1.010874216,     -0.9963511506,     -0.9628123288,     -0.9663188321,     -0.9500601008,     0.07651389345,   6.187896159e-05,      0.1112180703,     0.06611365995,   0.0007380135499,  -5.209185071e-06,    0.003280107732,                 0,   0.0009684637718,    0.004796340754,   -0.002525584912,                 0,  -3.183726919e-06,   2.946130465e-05,    0.007806123044,                 0,   0.0009537242479,    0.007440452576,    -0.03184644614,   0.0001907824869,    0.001064643359,   -0.001597931872,    -0.02326730768,  -0.0002390247885,     0.07651389345,   6.187896159e-05,      0.1112180703,     0.06611365995,   0.0009684637718,    0.004796340754,   -0.002525584912,                 0,   0.0007380135499,  -5.209185071e-06,    0.003280107732,                 0,    0.009645484194,    -0.08418345973,     0.02949257905,                 0
          0,           0,          32,       1.160336483,       1.096347838,      -6.560005924,      -6.538623239,      -6.996589516,      -6.994387164,      -6.514450797,                         3,      -1.646202245,    0.002403994967,       3.889416967,       9.800322846,       25.01594271,       24.96333061,      0.0039269908,       0.253547543,    0.004009683206,    0.003247970181,     0.00781613895,    -0.02321890865,    -0.02398348275,       0.253547543,    0.003247970181,    0.004009683206,     0.01581432483,      -1.115517737,       -1.11680893,      -1.061872798,       -1.05856488,      -1.058295988,     0.07650879213,   6.221107672e-05,      0.1111813473,     0.06579519253,    0.000738009275,   -1.03458495e-05,     0.00328201978,                 0,   0.0009701593733,    0.004805314254,   -0.002527503446,                 0,  -3.164905952e-06,   2.941277805e-05,    0.007789891077,                 0,   0.0009523995425,    0.007491402009,     -0.0318631592,   0.0002004489978,    0.001066992357,   -0.001518045954,    -0.02328948788,  -0.0002429412676,     0.07650879213,   6.221107672e-05,      0.1111813473,     0.06579519253,   0.0009701593733,    0.004805314254,   -0.002527503446,                 0,    0.000738009275,   -1.03458495e-05,     0.00328201978,                 0,    0.009646071444,       -0.16630237,     0.02951951797,                 0
          0,           0,          33,       1.136643607,       1.097533007,      -6.656340249,      -6.625099359,      -7.096803458,      -7.096420078,      -6.601518861,                         3,      -1.645780351,    0.002524197737,        4.08388875,       10.29033899,       26.26673985,       26.21149714,      0.0039269908,      0.2532594055,    0.004001705494,    0.003260410929,    0.007809273936,      -0.023138101,    -0.02388512338,      0.2532594055,    0.003260410929,    0.004001705494,      0.0158008169,      -1.211852062,      -1.203285051,       -1.16208674,      -1.160597794,      -1.145364052,     0.07650473965,   6.247204479e-05,      0.1111565312,     0.06553566261,   0.0007378381531,  -1.414963347e-05,    0.003278016975,                 0,    0.000971597791,     0.00481254169,   -0.002523728552,                 0,  -3.150751804e-06,   2.937983467e-05,    0.007783044853,                 0,   0.0009519158976,    0.007525997488,    -0.03182323386,   0.0002072194793,    0.001068910818,   -0.001451948079,    -0.02325614786,  -0.0002459382584,     0.07650473965,   6.247204479e-05,      0.1111565312,     0.06553566261,    0.000971597791,     0.00481254169,   -0.002523728552,                 0,   0.0007378381531,  -1.414963347e-05,    0.003278016975,                 0,     0.00964434565,     -0.2264954432,     0.02949009779,                 0
          0,           0,          34,       1.097375537,       1.097528508,      -6.755575973,      -6.697450864,      -7.209955057,      -7.215419796,      -6.679952691,                         3,      -1.638560419,    0.002650400601,       4.288084164,       10.80485594,       27.58007684,         27.522072,      0.0039269908,      0.2530214207,    0.003991497294,    0.003272308604,    0.007807877361,    -0.02303803595,    -0.02378296937,      0.2530214207,    0.003272308604,    0.003991497294,      0.0157753335,      -1.311087786,      -1.275636556,      -1.275238339,      -1.279597511,      -1.223797882,      0.0765019071,   6.266826113e-05,      0.1111400828,     0.06531676252,   0.0007376263333,  -1.683747863e-05,     0.00327070844,                 0,   0.0009725693679,    0.004818089072,   -0.002518349836,                 0,  -3.142327845e-06,    2.93566783e-05,    0.007781663011,                 0,   0.0009518255162,    0.007548540546,    -0.03175195567,   0.0002135536556,    0.001070132732,   -0.001399841256,    -0.02320636963,  -0.0002468912149,      0.0765019071,   6.266826113e-05,      0.1111400828,     0.06531676252,   0.0009725693679,    0.004818089072,   -0.002518349836,                 0,   0.0007376263333,  -1.683747863e-05,     0.00327070844,                 0,    0.009641933924,     -0.2686763336,     0.02942870255,                 0
          0,           0,          35,       1.187618465,       1.100031007,      -6.857084939,      -6.761797849,      -7.340309311,      -7.350179766,      -6.747251267,                         3,      -1.616692318,    0.002782907214,       4.502488817,       11.34509873,       28.95908068,        28.8981756,      0.0039269908,      0.2528170425,    0.003981319957,     0.00328165436,    0.007808893054,    -0.02293676148,    -0.02369608963,      0.2528170425,     0.00328165436,    0.003981319957,      0.0157478306,      -1.412596753,      -1.339983541,      -1.405592593,      -1.414357482,      -1.291096458,      0.0765004549,   6.281228403e-05,      0.1111293949,     0.06512438034,   0.0007375155943,   -1.83270213e-05,    0.003262131384,                 0,   0.0009730985415,    0.004821898636,   -0.002513342817,                 0,  -3.135716427e-06,   2.934010443e-05,    0.007782688666,                 0,   0.0009517598132,    0.007559932605,     -0.0316689302,   0.0002204763061,    0.001070650572,   -0.001362257706,    -0.02315930772,  -0.0002451747857,      0.0765004549,   6.281228403e-05,      0.1111293949,     0.06512438034,   0.0009730985415,    0.004821898636,   -0.002513342817,                 0,   0.0007375155943,   -1.83270213e-05,    0.003262131384,                 0,    0.009640669395,     -0.2917744766,     0.02935435207,                 0
          0,           0,          36,        1.24192703,       1.103866035,      -6.962552565,      -6.828602508,      -7.479470237,      -7.489782566,      -6.813251706,                         3,      -1.583207215,    0.002922035593,       4.727613072,       11.91235367,       30.40703471,       30.34308438,      0.0039269908,      0.2526348082,    0.003972779503,    0.003287979562,    0.007811365537,    -0.02284853814,    -0.02363186243,      0.2526348082,    0.003287979562,    0.003972779503,     0.01572538452,      -1.518064378,      -1.406788199,      -1.544753519,      -1.553960282,      -1.357096897,     0.07649939223,   6.291422752e-05,       0.111122078,     0.06495042382,   0.0007374880364,  -1.856150559e-05,    0.003253852972,                 0,   0.0009732657507,    0.004824155251,   -0.002509441439,                 0,  -3.131346218e-06,   2.932846027e-05,    0.007785168423,                 0,   0.0009515358545,    0.007561204466,    -0.03158905218,   0.0002277737226,    0.001070736938,   -0.001339076682,    -0.02312225531,  -0.0002412673811,     0.07649939223,   6.291422752e-05,       0.111122078,     0.06495042382,   0.0009732657507,    0.004824155251,   -0.002509441439,                 0,   0.0007374880364,  -1.856150559e-05,    0.003253852972,                 0,     0.00964044308,      -0.295028745,     0.02928178658,                 0
          0,           0,          37,       1.195051727,       1.106265658,      -7.072618355,      -6.905708924,      -7.613245191,        -7.6211275,      -6.888395378,                         3,       -1.54359527,     0.00306812377,       4.963993088,       12.50797136,       31.92738645,        31.8602386,      0.0039269908,      0.2524704603,    0.003966286408,    0.003292389356,    0.007814649408,    -0.02277914081,    -0.02358398929,      0.2524704603,    0.003292389356,    0.003966286408,     0.01570990287,      -1.628130169,      -1.483894616,      -1.678528473,      -1.685305216,      -1.432240569,     0.07649823524,   6.298473089e-05,      0.1111166607,     0.06479257961,    0.000737474624,  -1.804292313e-05,    0.003246854707,                 0,   0.0009733493585,    0.004825586671,   -0.002506546674,                 0,   -3.12816105e-06,   2.932129576e-05,    0.007788456273,                 0,   0.0009512501295,    0.007556396295,    -0.03152160986,   0.0002348226243,    0.001070779619,   -0.001324592374,    -0.02309451009,  -0.0002356664451,     0.07649823524,   6.298473089e-05,      0.1111166607,     0.06479257961,   0.0009733493585,    0.004825586671,   -0.002506546674,                 0,    0.000737474624,  -1.804292313e-05,    0.003246854707,                 0,    0.009640413555,     -0.2864650349,     0.02922023291,                 0
          0,           0,          38,       1.113736305,       1.106457213,      -7.184298466,       -6.99573484,       -7.73140907,      -7.737309135,      -6.976620073,                         3,      -1.500707981,    0.003221521533,       5.212191902,       13.13336992,       33.52375577,       33.45325052,      0.0039269908,      0.2523226958,    0.003961659539,    0.003295312254,    0.007818037176,    -0.02272835223,    -0.02354991376,      0.2523226958,    0.003295312254,    0.003961659539,     0.01570076575,      -1.739810279,      -1.573920532,      -1.796692352,      -1.801486851,      -1.520465264,     0.07649703801,   6.303265788e-05,      0.1111126404,     0.06464998475,   0.0007374753053,  -1.735563082e-05,    0.003241539864,                 0,   0.0009735108032,    0.004826135586,   -0.002504334134,                 0,  -3.125067226e-06,   2.931772389e-05,    0.007791844519,                 0,   0.0009509555065,     0.00755003541,     -0.0314704291,   0.0002410859543,    0.001070989278,   -0.001319090549,    -0.02307315875,  -0.0002286537406,     0.07649703801,   6.303265788e-05,      0.1111126404,     0.06464998475,   0.0009735108032,    0.004826135586,   -0.002504334134,                 0,   0.0007374753053,  -1.735563082e-05,    0.003241539864,                 0,    0.009640573341,     -0.2753434712,     0.02917345726,                 0
          0,           0,          39,       1.124656244,       1.106912189,      -7.287921909,      -7.093093303,      -7.825744041,      -7.831605464,      -7.072363289,                         3,      -1.461109593,    0.003382591431,       5.472800662,       13.79003842,       35.19994356,       35.12591305,      0.0039269908,      0.2521916902,    0.003958592988,    0.003296495478,    0.007820975935,    -0.02269342508,    -0.02353143247,      0.2521916902,    0.003296495478,    0.003958592988,     0.01569676219,      -1.843433722,      -1.671278994,      -1.891027323,       -1.89578318,       -1.61620848,      0.0764958446,     6.3061798e-05,      0.1111096588,     0.06452312493,   0.0007375118831,  -1.682591904e-05,    0.003237907024,                 0,   0.0009737135578,    0.004825444729,   -0.002502662808,                 0,   -3.12220567e-06,   2.931558145e-05,    0.007794782559,                 0,   0.0009506484916,    0.007545169963,    -0.03143545479,   0.0002462112584,    0.001071331921,   -0.001325603962,     -0.0230569557,   -0.000220204732,      0.0764958446,     6.3061798e-05,      0.1111096588,     0.06452312493,   0.0009737135578,    0.004825444729,   -0.002502662808,                 0,   0.0007375118831,  -1.682591904e-05,    0.003237907024,                 0,    0.009641201911,     -0.2668163543,     0.02914154411,                 0
          0,           0,          40,       1.044626282,        1.10539302,      -7.375845948,      -7.191266066,      -7.896191536,      -7.902425715,      -7.168900438,                         3,      -1.429696704,    0.003551715448,       5.746439977,       14.47954034,       36.95994074,        36.8822087,      0.0039269908,      0.2520785619,    0.003956589684,    0.003296380403,    0.007823383475,    -0.02266988436,    -0.02352528369,      0.2520785619,    0.003296380403,    0.003956589684,     0.01569585947,      -1.931357761,      -1.769451758,      -1.961474817,      -1.966603431,      -1.712745628,     0.07649456961,   6.307686751e-05,      0.1111072883,     0.06441362715,   0.0007375438154,  -1.662450955e-05,    0.003235670379,                 0,   0.0009739143973,    0.004823967832,   -0.002501501827,                 0,  -3.120454823e-06,   2.931384666e-05,    0.007797190083,                 0,   0.0009503678839,    0.007543554014,    -0.03141390847,    0.000250102208,    0.001071731015,   -0.001340133777,    -0.02304564483,  -0.0002112360984,     0.07649456961,   6.307686751e-05,      0.1111072883,     0.06441362715,   0.0009739143973,    0.004823967832,   -0.002501501827,                 0,   0.0007375438154,  -1.662450955e-05,    0.003235670379,                 0,    0.009641780052,       -0.26355953,     0.02912203536,                 0
          0,           0,          41,       1.123049875,       1.105813422,      -7.447666182,      -7.285175043,      -7.951380186,      -7.957193749,      -7.261080065,                         3,      -1.409400654,     0.00372929991,       6.033761406,       15.20351736,       38.80793778,       38.72631914,      0.0039269908,      0.2519839666,    0.003955229289,    0.003295771785,    0.007825235167,    -0.02265392558,    -0.02352489756,      0.2519839666,    0.003295771785,    0.003955229289,       0.015696353,      -2.003177996,      -1.863360735,      -2.016663468,      -2.021371465,      -1.804925255,     0.07649345553,   6.308318569e-05,      0.1111054482,     0.06432197971,   0.0007375738366,  -1.679970175e-05,    0.003234455154,                 0,   0.0009741299815,    0.004822341994,   -0.002500700191,                 0,  -3.119205043e-06,   2.931217236e-05,    0.007799042199,                 0,   0.0009501135534,    0.007545346252,    -0.03140220288,   0.0002528175005,    0.001072123793,   -0.001356349952,    -0.02303779894,  -0.0002028724701,     0.07649345553,   6.308318569e-05,      0.1111054482,     0.06432197971,   0.0009741299815,    0.004822341994,   -0.002500700191,                 0,   0.0007375738366,  -1.679970175e-05,    0.003234455154,                 0,    0.009642312947,     -0.2663102944,      0.0291115801,                 0
          0,           0,          42,       1.062375398,       1.104803235,       -7.51001478,      -7.373084334,      -8.001487367,      -8.006977597,      -7.347233189,                         3,      -1.402367383,    0.003915769915,        6.33544904,       15.96369322,       40.74833466,        40.6626351,      0.0039269908,      0.2519087525,    0.003954307295,     0.00329521512,    0.007826552126,    -0.02264304621,    -0.02352559325,      0.2519087525,     0.00329521512,    0.003954307295,     0.01569737953,      -2.065526593,      -1.951270026,      -2.066770649,      -2.071155313,       -1.89107838,     0.07649271392,   6.308514767e-05,      0.1111041863,      0.0642487672,   0.0007376200639,  -1.721277701e-05,    0.003233900008,                 0,   0.0009743364467,    0.004821001333,    -0.00250012266,                 0,  -3.117969497e-06,   2.931091011e-05,    0.007800359185,                 0,   0.0009498646359,    0.007549375949,     -0.0313968803,   0.0002545935055,    0.001072447139,   -0.001369575592,    -0.02303213161,  -0.0001963331863,     0.07649271392,   6.308514767e-05,      0.1111041863,      0.0642487672,   0.0009743364467,    0.004821001333,    -0.00250012266,                 0,   0.0007376200639,  -1.721277701e-05,    0.003233900008,                 0,    0.009643010766,     -0.2728499122,     0.02910691412,                 0
          0,           0,          43,       1.083026627,       1.104308312,      -7.573940636,      -7.459930036,      -8.057079227,      -8.063046884,      -7.432406727,                         3,      -1.406205872,    0.004111568128,       6.652221156,       16.76187789,        42.7857514,       42.69576685,      0.0039269908,      0.2518511493,    0.003953670284,    0.003294866534,     0.00782743462,    -0.02263545643,    -0.02352574236,      0.2518511493,    0.003294866534,    0.003953670284,     0.01569844051,       -2.12945245,      -2.038115728,      -2.122362509,        -2.1272246,      -1.976251917,     0.07649229636,    6.30853544e-05,      0.1111033709,     0.06419239661,   0.0007376631361,  -1.771516398e-05,    0.003233722312,                 0,   0.0009744865111,     0.00482009802,   -0.002499717997,                 0,  -3.116815861e-06,   2.931031027e-05,    0.007801241126,                 0,   0.0009496644783,    0.007554461966,    -0.03139521649,   0.0002556336202,    0.001072649373,   -0.001378325823,    -0.02302815083,  -0.0001919150801,     0.07649229636,    6.30853544e-05,      0.1111033709,     0.06419239661,   0.0009744865111,     0.00482009802,   -0.002499717997,                 0,   0.0007376631361,  -1.771516398e-05,    0.003233722312,                 0,    0.009643626498,     -0.2808126252,     0.02910552835,                 0
          0,           0,          44,       1.031786271,       1.102696711,      -7.644981466,      -7.549285369,      -8.122602299,      -8.129574712,      -7.520185733,                         3,       -1.42027637,    0.004317155963,       6.984831951,       17.59997178,       44.92503897,       44.83055519,      0.0039269908,      0.2518078299,    0.003953114816,    0.003294707709,    0.007828018269,     -0.0226293106,    -0.02352514561,      0.2518078299,    0.003294707709,    0.003953114816,     0.01569893525,      -2.200493279,      -2.127471061,      -2.187885581,      -2.193752428,      -2.064030923,     0.07649204999,   6.308481362e-05,      0.1111028352,     0.06414985982,   0.0007376820689,  -1.829105243e-05,      0.0032337238,                 0,   0.0009745705364,    0.004819588102,    -0.00249945093,                 0,  -3.115849373e-06,   2.931021319e-05,    0.007801823905,                 0,   0.0009495486198,    0.007560384183,    -0.03139528683,   0.0002560434288,    0.001072737191,   -0.001383220391,    -0.02302551765,  -0.0001891447594,     0.07649204999,   6.308481362e-05,      0.1111028352,     0.06414985982,   0.0009745705364,    0.004819588102,    -0.00249945093,                 0,   0.0007376820689,  -1.829105243e-05,      0.0032337238,                 0,    0.009643905073,     -0.2899438292,     0.02910568207,                 0
          0,           0,          45,       1.071865973,       1.102026478,      -7.726706281,      -7.645066674,      -8.200908003,      -8.208935783,      -7.614542253,                         3,      -1.442995302,    0.004533018899,       7.334073335,       18.47997037,       47.17129092,       47.07208295,      0.0039269908,      0.2517756836,    0.003952530677,    0.003294662643,    0.007828416635,    -0.02262348265,    -0.02352416776,      0.2517756836,    0.003294662643,    0.003952530677,     0.01569861958,      -2.282218094,      -2.223252366,      -2.266191285,      -2.273113499,      -2.158387444,     0.07649187303,   6.308378499e-05,      0.1111024705,     0.06411825623,   0.0007376791093,  -1.893789463e-05,    0.003233789462,                 0,   0.0009746161885,    0.004819318368,   -0.002499271913,                 0,  -3.115061902e-06,     2.9310369e-05,    0.007802221328,                 0,   0.0009495005037,     0.00756693776,    -0.03139597183,   0.0002560509191,    0.001072767702,   -0.001385833594,    -0.02302375175,  -0.0001873501187,     0.07649187303,   6.308378499e-05,      0.1111024705,     0.06411825623,   0.0009746161885,    0.004819318368,   -0.002499271913,                 0,   0.0007376791093,  -1.893789463e-05,    0.003233789462,                 0,    0.009643888691,     -0.3002022568,     0.02910636863,                 0
          0,           0,          46,       1.089203406,       1.101753647,      -7.821117028,      -7.750185965,      -8.293548736,      -8.302354835,      -7.718470117,                         3,      -1.472843926,    0.004759670043,       7.700776823,       19.40396889,       49.52985546,        49.4256871,      0.0039269908,      0.2517520808,    0.003951936635,    0.003294656648,    0.007828700981,    -0.02261789218,    -0.02352318587,      0.2517520808,    0.003294656648,    0.003951936635,     0.01569773176,      -2.376628841,      -2.328371656,      -2.358832018,      -2.366532551,      -2.262315307,     0.07649173789,   6.308252249e-05,      0.1111022174,     0.06409504296,   0.0007376671101,  -1.959496381e-05,    0.003233864489,                 0,   0.0009746492943,    0.004819146392,   -0.002499139039,                 0,  -3.114439443e-06,   2.931060152e-05,    0.007802504819,                 0,   0.0009494856317,    0.007573475999,     -0.0313967384,   0.0002558845831,    0.001072789302,   -0.001387527756,    -0.02302244315,  -0.0001860042631,     0.07649173789,   6.308252249e-05,      0.1111022174,     0.06409504296,   0.0009746492943,    0.004819146392,   -0.002499139039,                 0,   0.0007376671101,  -1.959496381e-05,    0.003233864489,                 0,     0.00964374886,     -0.3106242909,     0.02910711022,                 0
          0,           0,          47,       1.136594833,       1.102479505,      -7.929089015,      -7.866141853,      -8.400789853,      -8.410114503,      -7.833536527,                         3,      -1.508438756,    0.004997650874,       8.085815515,       20.37416733,       52.00634823,       51.89697146,      0.0039269908,      0.2517349208,    0.003951366789,    0.003294648736,    0.007828911281,    -0.02261266089,    -0.02352238386,      0.2517349208,    0.003294648736,    0.003951366789,     0.01569653815,      -2.484600828,      -2.444327545,      -2.466073134,      -2.474292219,      -2.377381718,     0.07649164265,   6.308121493e-05,      0.1111020373,     0.06407815969,   0.0007376553733,  -2.021589019e-05,    0.003233927306,                 0,   0.0009746771191,    0.004819003322,   -0.002499031705,                 0,   -3.11396608e-06,   2.931085779e-05,     0.00780271439,                 0,   0.0009494806939,    0.007579609452,    -0.03139737755,   0.0002556265142,    0.001072814043,   -0.001388942674,    -0.02302138778,  -0.0001848674485,     0.07649164265,   6.308121493e-05,      0.1111020373,     0.06407815969,   0.0009746771191,    0.004819003322,   -0.002499031705,                 0,   0.0007376553733,  -2.021589019e-05,    0.003233927306,                 0,    0.009643607429,     -0.3204740145,     0.02910772282,                 0
          0,           0,          48,        1.10265093,       1.102483003,      -8.053191367,      -7.996211912,       -8.52496673,      -8.534593823,      -7.963036003,                         3,      -1.546099715,    0.005247530432,       8.490106169,        21.3928757,       54.60666565,       54.49182003,      0.0039269908,      0.2517225204,    0.003950836987,    0.003294623414,    0.007829072606,    -0.02260784177,    -0.02352182745,      0.2517225204,    0.003294623414,    0.003950836987,     0.01569520669,       -2.60870318,      -2.574397603,      -2.590250012,      -2.598771539,      -2.506881194,     0.07649158129,   6.307991025e-05,      0.1111019027,     0.06406595645,   0.0007376465056,  -2.078491431e-05,    0.003233975396,                 0,   0.0009746981502,    0.004818866212,   -0.002498940948,                 0,  -3.113619341e-06,   2.931113164e-05,    0.007802875094,                 0,   0.0009494782472,    0.007585243523,    -0.03139786605,   0.0002553025068,    0.001072835424,   -0.001390296895,    -0.02302049586,  -0.0001838701122,     0.07649158129,   6.307991025e-05,      0.1111019027,     0.06406595645,   0.0009746981502,    0.004818866212,   -0.002498940948,                 0,   0.0007376465056,  -2.078491431e-05,    0.003233975396,                 0,    0.009643499234,     -0.3295013297,     0.02910819092,                 0
          0,           0,          49,       1.129645497,       1.103026253,      -8.193063215,      -8.140291817,      -8.665363294,      -8.675070427,      -8.106847613,                         3,      -1.584052082,    0.005509904941,       8.914611383,       22.46251948,       57.33699893,       57.21641103,      0.0039269908,      0.2517134325,     0.00395035069,    0.003294582931,    0.007829200734,    -0.02260344524,    -0.02352146875,      0.2517134325,    0.003294582931,     0.00395035069,     0.01569384141,      -2.748575028,      -2.718477508,      -2.730646576,      -2.739248143,      -2.650692804,     0.07649154407,   6.307861916e-05,      0.1111018006,     0.06405700927,   0.0007376400274,  -2.130225125e-05,    0.003234012914,                 0,   0.0009747116313,    0.004818735595,   -0.002498864295,                 0,  -3.113374841e-06,   2.931141462e-05,    0.007803002694,                 0,   0.0009494773727,    0.007590391207,    -0.03139824535,   0.0002549315315,    0.001072848791,    -0.00139158943,    -0.02301974236,  -0.0001829857446,     0.07649154407,   6.307861916e-05,      0.1111018006,     0.06405700927,   0.0009747116313,    0.004818735595,   -0.002498864295,                 0,   0.0007376400274,  -2.130225125e-05,    0.003234012914,                 0,    0.009643419235,     -0.3377095367,     0.02910855538,                 0
          0,           0,          50,       1.141601138,       1.103782623,        -8.3483252,      -8.298367016,      -8.821557479,      -8.831138496,      -8.264983674,                         3,      -1.620513815,    0.005785399167,       9.360341885,       23.58564546,       60.20384888,       60.07723158,      0.0039269908,      0.2517065706,    0.003949901855,    0.003294536726,    0.007829304915,     -0.0225994186,    -0.02352123142,      0.2517065706,    0.003294536726,    0.003949901855,     0.01569248608,      -2.903837014,      -2.876552708,      -2.886840761,      -2.895316212,      -2.808828865,     0.07649152172,   6.307734782e-05,      0.1111017246,     0.06405024696,   0.0007376349983,   -2.17773717e-05,    0.003234044228,                 0,   0.0009747195596,    0.004818618954,   -0.002498801787,                 0,  -3.113201323e-06,   2.931169607e-05,     0.00780310642,                 0,   0.0009494776653,    0.007595133147,    -0.03139855889,   0.0002545294761,    0.001072855688,      -0.001392748,    -0.02301912698,  -0.0001822121314,     0.07649152172,   6.307734782e-05,      0.1111017246,     0.06405024696,   0.0009747195596,    0.004818618954,   -0.002498801787,                 0,   0.0007376349983,   -2.17773717e-05,    0.003234044228,                 0,    0.009643356304,       -0.34524869,     0.02910885714,                 0
          0,           0,          51,       1.214826514,       1.105918083,      -8.518140621,      -8.470156547,      -8.993000062,       -9.00217572,      -8.437266924,                         3,      -1.654774138,    0.006074668627,       9.828358936,       24.76492773,       63.21404132,       63.08109316,      0.0039269908,      0.2517012632,     0.00394948193,     0.00329449141,    0.007829390138,    -0.02259567913,    -0.02352107911,      0.2517012632,     0.00329449141,     0.00394948193,     0.01569114862,      -3.073652435,      -3.048342238,      -3.058283344,      -3.066353436,      -2.981112114,     0.07649150775,   6.307610646e-05,      0.1111016704,     0.06404500895,   0.0007376308299,  -2.222001401e-05,    0.003234071114,                 0,   0.0009747245714,    0.004818521155,   -0.002498754317,                 0,  -3.113070585e-06,   2.931196268e-05,    0.007803191246,                 0,   0.0009494783989,    0.007599554659,    -0.03139882489,   0.0002541127036,    0.001072859681,   -0.001393722512,    -0.02301865782,  -0.0001815584557,     0.07649150775,   6.307610646e-05,      0.1111016704,     0.06404500895,   0.0009747245714,    0.004818521155,   -0.002498754317,                 0,   0.0007376308299,  -2.222001401e-05,    0.003234071114,                 0,    0.009643303572,     -0.3522730754,     0.02910911332,                 0
          0,           0,          52,       1.108754469,       1.105971599,      -8.700896517,      -8.654668431,      -9.178556585,      -9.187113554,      -8.622935709,                         2,      -1.330750336,    0.006378401685,       10.31977686,       26.00317412,       66.37474338,       66.23514782,      0.0039269908,      0.2516976783,    0.003949105732,    0.003294459056,    0.007829455285,    -0.02259222639,    -0.02352095003,      0.2516976783,    0.003294459056,    0.003949105732,     0.01568987747,       -3.25640833,      -3.232854123,      -3.243839867,       -3.25129127,      -3.166780899,      0.0764914988,    6.30749225e-05,      0.1111016387,     0.06404146592,   0.0007376282981,   -2.26159721e-05,    0.003234093406,                 0,   0.0009747297589,    0.004818455276,   -0.002498725979,                 0,   -3.11296546e-06,   2.931219495e-05,    0.007803256056,                 0,   0.0009494777686,    0.007603519446,    -0.03139904257,     0.00025381896,    0.001072865263,    -0.00139438938,     -0.0230183739,  -0.0001810520072,      0.0764914988,    6.30749225e-05,      0.1111016387,     0.06404146592,   0.0009747297589,    0.004818455276,   -0.002498725979,                 0,   0.0007376282981,   -2.26159721e-05,    0.003234093406,                 0,    0.009643271602,     -0.3585572713,     0.02910932228,                 0
          0,           0,          53,        1.06197549,       1.105156857,      -8.900112643,      -8.857461836,      -9.383002424,      -9.391897948,      -8.828028807,                         2,      -1.329408232,    0.006697321356,       10.83576569,       27.30333282,       69.69348055,       69.54690521,      0.0039269908,      0.2516944874,    0.003948755496,    0.003294418822,    0.007829506134,    -0.02258908319,    -0.02352092683,      0.2516944874,    0.003294418822,    0.003948755496,     0.01568868487,      -3.455624457,      -3.435647528,      -3.448285705,      -3.456075664,      -3.371873998,     0.07649149531,   6.307375815e-05,      0.1111016208,     0.06403829755,   0.0007376244257,  -2.298375246e-05,    0.003234114822,                 0,   0.0009747320648,    0.004818391523,   -0.002498704766,                 0,   -3.11290162e-06,   2.931241308e-05,    0.007803306623,                 0,   0.0009494825429,    0.007607186861,    -0.03139925014,   0.0002534975448,    0.001072866892,   -0.001395026618,    -0.02301815984,  -0.0001806072657,     0.07649149531,   6.307375815e-05,      0.1111016208,     0.06403829755,   0.0009747320648,    0.004818391523,   -0.002498704766,                 0,   0.0007376244257,  -2.298375246e-05,    0.003234114822,                 0,    0.009643221416,     -0.3643948471,     0.02910951974,                 0
          0,           0,          54,       1.398642969,       1.110492968,      -9.104725888,      -9.065418236,      -9.597889021,      -9.606130492,      -9.041244016,                         2,      -1.330170998,    0.007032186952,       11.37755396,       28.66849946,       73.17815458,       73.02425047,      0.0039269908,      0.2516918861,       0.003948417,    0.003294381201,    0.007829545771,    -0.02258607151,     -0.0235209417,      0.2516918861,    0.003294381201,       0.003948417,     0.01568750213,      -3.660237702,      -3.643603928,      -3.663172303,      -3.670308208,      -3.585089207,      0.0764914934,   6.307261716e-05,      0.1111016088,      0.0640357112,   0.0007376220219,  -2.333764606e-05,    0.003234132624,                 0,    0.000974733142,    0.004818340002,   -0.002498691942,                 0,  -3.112844409e-06,   2.931260667e-05,    0.007803346009,                 0,    0.000949484314,    0.007610707434,    -0.03139942117,   0.0002531579122,    0.001072867197,   -0.001395536049,    -0.02301802749,  -0.0001802453515,      0.0764914934,   6.307261716e-05,      0.1111016088,      0.0640357112,    0.000974733142,    0.004818340002,   -0.002498691942,                 0,   0.0007376220219,  -2.333764606e-05,    0.003234132624,                 0,     0.00964319023,     -0.3700123304,     0.02910968309,                 0
          0,           0,          55,       1.033047801,       1.109110018,      -9.306845203,      -9.274912075,      -9.819791368,      -9.824937813,      -9.261385303,                         2,      -1.313827161,    0.007383795822,       11.94643166,       30.10192444,       76.83706231,       76.67546299,      0.0039269908,      0.2516898374,    0.003948095876,    0.003294352161,    0.007829578219,    -0.02258319464,    -0.02352095387,      0.2516898374,    0.003294352161,    0.003948095876,     0.01568635396,      -3.862357016,      -3.853097767,       -3.88507465,      -3.889115528,      -3.805230494,     0.07649149107,   6.307152104e-05,      0.1111016001,     0.06403367465,   0.0007376203142,  -2.367116907e-05,    0.003234146731,                 0,   0.0009747345578,    0.004818301949,   -0.002498684346,                 0,  -3.112794621e-06,   2.931278261e-05,    0.007803378231,                 0,   0.0009494850246,    0.007614031783,    -0.03139955573,   0.0002528442812,    0.001072868403,   -0.001395915144,    -0.02301794623,  -0.0001799608996,     0.07649149107,   6.307152104e-05,      0.1111016001,     0.06403367465,   0.0009747345578,    0.004818301949,   -0.002498684346,                 0,   0.0007376203142,  -2.367116907e-05,    0.003234146731,                 0,      0.0096431682,     -0.3753067736,     0.02910981235,                 0
          0,           0,          56,       1.123046314,       1.109354515,      -9.489927333,      -9.470953358,      -10.03867762,      -10.03620874,      -9.479333371,                         3,      -1.527701731,    0.007752985175,       12.54375325,       31.60702066,       80.67891543,       80.50923614,      0.0039269908,      0.2516879521,    0.003947782923,    0.003294326681,     0.00782960518,    -0.02258043818,    -0.02352097035,      0.2516879521,    0.003294326681,    0.003947782923,     0.01568522804,      -4.045439146,       -4.04913905,      -4.103960902,       -4.10038646,      -4.023178561,     0.07649148919,   6.307045888e-05,      0.1111015939,     0.06403179854,   0.0007376181514,  -2.399338357e-05,    0.003234158155,                 0,    0.000974735436,    0.004818269142,   -0.002498677897,                 0,   -3.11275662e-06,   2.931295263e-05,    0.007803404984,                 0,   0.0009494873628,    0.007617241737,    -0.03139966403,   0.0002524967549,    0.001072869043,   -0.001396241733,    -0.02301787643,  -0.0001797212267,     0.07649148919,   6.307045888e-05,      0.1111015939,     0.06403179854,    0.000974735436,    0.004818269142,   -0.002498677897,                 0,   0.0007376181514,  -2.399338357e-05,    0.003234158155,                 0,    0.009643140161,     -0.3804218963,      0.0291099168,                 0
          0,           0,          57,       1.144554995,        1.10996142,      -9.629983304,      -9.618871268,      -10.23090781,      -10.21443223,      -9.661677544,                         3,      -1.385868739,     0.00814063405,       13.17094091,       33.18737169,        84.7128612,       84.53469795,      0.0039269908,      0.2516867004,    0.003947499668,     0.00329431354,    0.007829627737,    -0.02257787629,    -0.02352092856,      0.2516867004,     0.00329431354,    0.003947499668,     0.01568418062,      -4.185495117,       -4.19705696,      -4.296191087,       -4.27860995,      -4.205522735,     0.07649148732,   6.306947007e-05,      0.1111015899,     0.06403055368,   0.0007376167036,  -2.428440117e-05,    0.003234167365,                 0,   0.0009747370328,    0.004818251456,   -0.002498674949,                 0,  -3.112719846e-06,    2.93131025e-05,    0.007803427354,                 0,   0.0009494887018,    0.007620145895,    -0.03139975067,   0.0002522397831,    0.001072870922,   -0.001396421403,    -0.02301784113,  -0.0001795369522,     0.07649148732,   6.306947007e-05,      0.1111015899,     0.06403055368,   0.0009747370328,    0.004818251456,   -0.002498674949,                 0,   0.0007376167036,  -2.428440117e-05,    0.003234167365,                 0,    0.009643121469,     -0.3850420994,     0.02911000074,                 0
          0,           0,          58,       1.104849662,        1.10987478,      -9.726761246,      -9.709593763,      -10.38998713,       -10.3540259,      -9.789210959,                         3,      -1.333407369,    0.008547665428,       13.82948795,       34.84674028,       88.94850426,       88.76143285,      0.0039269908,      0.2516858334,    0.003947241808,    0.003294303625,    0.007829645229,      -0.022575505,    -0.02352087712,      0.2516858334,    0.003294303625,    0.003947241808,     0.01568321011,      -4.282273059,      -4.287779455,      -4.455270415,      -4.418203612,       -4.33305615,     0.07649148802,   6.306853626e-05,      0.1111015894,     0.06402968754,   0.0007376154852,   -2.45497522e-05,    0.003234176075,                 0,    0.000974738068,    0.004818238951,   -0.002498673394,                 0,  -3.112700411e-06,    2.93132427e-05,    0.007803444687,                 0,   0.0009494906627,      0.0076227919,     -0.0313998324,    0.000252044835,     0.00107287195,   -0.001396548394,    -0.02301782004,  -0.0001793806267,     0.07649148802,   6.306853626e-05,      0.1111015894,     0.06402968754,    0.000974738068,    0.004818238951,   -0.002498673394,                 0,   0.0007376154852,   -2.45497522e-05,    0.003234176075,                 0,    0.009643105453,     -0.3892551445,     0.02911007929,                 0
          0,           0,          59,       1.103238688,       1.109764178,         -9.799023,      -9.768225133,      -10.50950629,      -10.45010494,      -9.876198111,                         3,      -1.329896104,    0.008975048421,       14.52096235,       36.58907729,       93.39592947,       93.19950449,      0.0039269908,      0.2516852636,    0.003947001986,    0.003294296315,    0.007829658501,    -0.02257326959,     -0.0235208195,      0.2516852636,    0.003294296315,    0.003947001986,     0.01568229276,      -4.354534814,      -4.346410825,      -4.574789575,      -4.514282655,      -4.420043302,     0.07649149066,   6.306764942e-05,      0.1111015907,     0.06402911458,   0.0007376146324,  -2.479657085e-05,    0.003234183924,                 0,   0.0009747382283,    0.004818231228,   -0.002498673142,                 0,  -3.112689988e-06,   2.931337287e-05,    0.007803457818,                 0,   0.0009494923425,    0.007625252308,    -0.03139990565,   0.0002518914122,    0.001072871681,   -0.001396626742,    -0.02301781224,  -0.0001792521914,     0.07649149066,   6.306764942e-05,      0.1111015907,     0.06402911458,   0.0009747382283,    0.004818231228,   -0.002498673142,                 0,   0.0007376146324,  -2.479657085e-05,    0.003234183924,                 0,     0.00964309397,     -0.3931741722,     0.02911014959,                 0
          0,           0,          60,       1.109042548,       1.109752348,      -9.861204863,      -9.817378904,      -10.60490032,       -10.5220266,      -9.947279921,                         3,      -1.321722297,    0.009423800604,       15.24701047,       38.41853116,       98.06572594,       97.85947971,      0.0039269908,      0.2516849182,    0.003946777431,    0.003294292726,    0.007829668709,    -0.02257114894,    -0.02352074962,      0.2516849182,    0.003294292726,    0.003946777431,     0.01568142207,      -4.416716676,      -4.395564596,      -4.670183605,      -4.586204317,      -4.491125111,     0.07649149415,   6.306680283e-05,      0.1111015926,     0.06402876466,   0.0007376140116,  -2.502751064e-05,     0.00323419093,                 0,   0.0009747379343,    0.004818228065,   -0.002498673274,                 0,  -3.112686137e-06,   2.931349425e-05,    0.007803467901,                 0,   0.0009494938754,    0.007627555588,    -0.03139997075,   0.0002517723405,    0.001072870787,   -0.001396660322,    -0.02301780872,  -0.0001791513664,     0.07649149415,   6.306680283e-05,      0.1111015926,     0.06402876466,   0.0009747379343,    0.004818228065,   -0.002498673274,                 0,   0.0007376140116,  -2.502751064e-05,     0.00323419093,                 0,    0.009643085415,     -0.3968412781,     0.02911021215,                 0
          0,           0,          61,       1.068723979,         1.1090906,      -9.915998594,      -9.860021032,       -10.6840651,      -10.58500872,       -10.0056613,                         3,      -1.307623697,    0.009894990433,       16.00936099,       40.33945771,               100,       99.84617124,      0.0039269908,      0.2516847668,    0.003946566596,    0.003294292436,    0.007829676738,      -0.022569134,    -0.02352066456,      0.2516847668,    0.003294292436,    0.003946566596,     0.01568059381,      -4.471510407,      -4.438206724,      -4.749348381,      -4.649186438,      -4.549506494,     0.07649149813,   6.306599701e-05,       0.111101595,     0.06402860767,   0.0007376135601,  -2.524407838e-05,    0.003234197114,                 0,   0.0009747374353,    0.004818228288,   -0.002498673287,                 0,  -3.112687887e-06,   2.931360775e-05,    0.007803475818,                 0,   0.0009494953971,     0.00762971576,    -0.03140002802,   0.0002516828589,    0.001072869672,   -0.001396660206,    -0.02301780455,   -0.000179069476,     0.07649149813,   6.306599701e-05,       0.111101595,     0.06402860767,   0.0009747374353,    0.004818228288,   -0.002498673287,                 0,   0.0007376135601,  -2.524407838e-05,    0.003234197114,                 0,    0.009643079011,     -0.4002803344,     0.02911026718,                 0
          0,           0,          62,       1.074037643,       1.108534204,      -9.964699341,      -9.896634407,      -10.74823983,      -10.64077639,      -10.05140451,                         3,      -1.304388455,     0.01009016165,       16.32513382,        42.3564306,               100,       99.90880966,      0.0039269908,      0.2516847853,    0.003946370956,    0.003294293427,    0.007829683089,     -0.0225672439,    -0.02352057702,      0.2516847853,    0.003294293427,    0.003946370956,     0.01567981534,      -4.520211154,      -4.474820099,       -4.81352311,      -4.704954102,      -4.595249696,      0.0764915025,   6.306524159e-05,      0.1111015978,     0.06402861973,   0.0007376132613,  -2.544498493e-05,     0.00323420268,                 0,    0.000974736795,    0.004818229649,   -0.002498673017,                 0,  -3.112694074e-06,   2.931371293e-05,     0.00780348207,                 0,   0.0009494968804,    0.007631719495,     -0.0314000795,    0.000251619232,    0.001072868427,   -0.001396648445,    -0.02301779813,  -0.0001789988695,      0.0764915025,   6.306524159e-05,      0.1111015978,     0.06402861973,    0.000974736795,    0.004818229649,   -0.002498673017,                 0,   0.0007376132613,  -2.544498493e-05,     0.00323420268,                 0,    0.009643074553,     -0.4034708231,     0.02911031654,                 0
          0,           0,          63,       1.058990436,       1.107760083,      -10.01126502,      -9.931676363,      -10.80477163,       -10.6914044,      -10.09325021,                         3,      -1.309638084,     0.01009016152,       16.32513382,       44.47425213,               100,       99.94023569,      0.0039269908,      0.2516849482,    0.003946188651,      0.0032942955,    0.007829688124,    -0.02256546063,    -0.02352048419,      0.2516849482,      0.0032942955,    0.003946188651,     0.01567908085,      -4.566776838,      -4.509862055,      -4.870054909,      -4.755582114,      -4.637095397,      0.0764915074,   6.306452761e-05,      0.1111016011,     0.06402877513,   0.0007376130907,  -2.563230086e-05,    0.003234207861,                 0,   0.0009747359656,     0.00481823202,   -0.002498672485,                 0,  -3.112704763e-06,   2.931381088e-05,    0.007803487018,                 0,   0.0009494983565,    0.007633587375,    -0.03140012744,   0.0002515810831,    0.001072866954,   -0.001396626199,    -0.02301778962,  -0.0001789353218,      0.0764915074,   6.306452761e-05,      0.1111016011,     0.06402877513,   0.0009747359656,     0.00481823202,   -0.002498672485,                 0,   0.0007376130907,  -2.563230086e-05,    0.003234207861,                 0,    0.009643071706,     -0.4064456174,      0.0291103623,                 0
          0,           0,          64,       1.076997806,       1.107286817,      -10.05640832,      -9.966530308,      -10.85787924,      -10.73766028,       -10.1345846,                         3,      -1.318795566,     0.01009016142,       16.32513382,       46.69796474,               100,       99.95959338,      0.0039269908,      0.2516852507,    0.003946060969,    0.003294297762,     0.00782969209,    -0.02256418298,     -0.0235203939,      0.2516852507,    0.003294297762,    0.003946060969,     0.01567855469,      -4.611920137,      -4.544715999,      -4.923162521,      -4.801837999,       -4.67842979,     0.07649151266,   6.306408898e-05,      0.1111016048,     0.06402906925,   0.0007376130389,  -2.576486341e-05,    0.003234212794,                 0,   0.0009747349556,    0.004818234516,   -0.002498671709,                 0,  -3.112718468e-06,   2.931390562e-05,    0.007803490903,                 0,   0.0009494997404,    0.007634910006,    -0.03140017317,   0.0002515804416,    0.001072865253,   -0.001396602588,    -0.02301777909,  -0.0001788774718,     0.07649151266,   6.306408898e-05,      0.1111016048,     0.06402906925,   0.0009747349556,    0.004818234516,   -0.002498671709,                 0,   0.0007376130389,  -2.576486341e-05,    0.003234212794,                 0,    0.009643070366,     -0.4085504735,     0.02911040575,                 0
          0,           0,          65,       1.146083957,       1.107874652,      -10.13477677,      -10.06436651,      -10.91569447,      -10.79168786,      -10.20559108,                         4,      -1.520019643,     0.01009016133,       16.32513382,       49.03286297,               100,       99.97053984,      0.0039269908,      0.2516853908,    0.003945941646,    0.003294298932,    0.007829690904,    -0.02256298255,    -0.02352030992,      0.2516853908,    0.003294298932,    0.003945941646,     0.01567807187,      -4.690288584,      -4.642552201,      -4.980977749,      -4.855865576,       -4.74943627,     0.07649151623,   6.306389886e-05,       0.111101607,     0.06402920373,   0.0007376128312,  -2.588858649e-05,    0.003234217401,                 0,   0.0009747330157,    0.004818236606,    -0.00249867069,                 0,  -3.112725584e-06,   2.931397963e-05,     0.00780348965,                 0,   0.0009494992728,     0.00763614523,    -0.03140021552,   0.0002515884657,    0.001072862709,   -0.001396581881,    -0.02301776611,   -0.000178824633,     0.07649151623,   6.306389886e-05,       0.111101607,     0.06402920373,   0.0009747330157,    0.004818236606,    -0.00249867069,                 0,   0.0007376128312,  -2.588858649e-05,    0.003234217401,                 0,      0.0096430672,     -0.4105135736,     0.02911044663,                 0
          0,           0,          66,        1.12815009,       1.108177271,      -10.21935058,      -10.15984084,        -10.967643,      -10.86221388,      -10.26334593,                         4,      -1.512823316,     0.01009016125,       16.32513382,       51.48450612,               100,       99.97658957,      0.0039269908,      0.2516855213,    0.003945924723,    0.003294298561,    0.007829692928,    -0.02256270935,    -0.02352025498,      0.2516855213,    0.003294298561,    0.003945924723,      0.0156779965,      -4.774862391,      -4.738026532,       -5.03292628,      -4.926391597,      -4.807191119,      0.0764915141,   6.306377229e-05,      0.1111016053,     0.06402933814,    0.000737612336,  -2.591012663e-05,    0.003234222514,                 0,   0.0009747333596,    0.004818235997,   -0.002498670795,                 0,  -3.112702891e-06,     2.9314037e-05,    0.007803491594,                 0,   0.0009494989635,      0.0076363617,    -0.03140026424,   0.0002516942286,    0.001072863019,   -0.001396588853,    -0.02301776444,  -0.0001787646981,      0.0764915141,   6.306377229e-05,      0.1111016053,     0.06402933814,   0.0009747333596,    0.004818235997,   -0.002498670795,                 0,    0.000737612336,  -2.591012663e-05,    0.003234222514,                 0,    0.009643060994,     -0.4108559588,     0.02911049308,                 0
          0,           0,          67,       1.606384559,       1.115503849,      -10.31535579,      -10.25552937,      -11.02674379,      -10.93203177,      -10.33352359,                         4,      -1.528772526,     0.01009016119,       16.32513382,       54.05873143,               100,       99.98002667,      0.0039269908,      0.2516856641,    0.003945941665,    0.003294295747,    0.007829693963,    -0.02256272764,    -0.02352022595,      0.2516856641,    0.003294295747,    0.003945941665,     0.01567805492,      -4.870867599,      -4.833715065,      -5.092027076,       -4.99620949,      -4.877368785,     0.07649151164,   6.306371913e-05,      0.1111016038,     0.06402948491,   0.0007376118979,  -2.589681422e-05,    0.003234226581,                 0,   0.0009747345364,    0.004818231914,   -0.002498670703,                 0,  -3.112688244e-06,   2.931406846e-05,    0.007803492582,                 0,   0.0009494990405,    0.007636224383,    -0.03140030316,   0.0002518520974,    0.001072864767,   -0.001396629007,    -0.02301776139,  -0.0001787003196,     0.07649151164,   6.306371913e-05,      0.1111016038,     0.06402948491,   0.0009747345364,    0.004818231914,   -0.002498670703,                 0,   0.0007376118979,  -2.589681422e-05,    0.003234226581,                 0,    0.009643055578,     -0.4106452106,     0.02911053009,                 0
          0,           0,          68,       1.311560681,       1.118345252,      -10.40909987,      -10.35179277,      -11.09754224,      -11.00242629,      -10.41271656,                         4,      -1.527660721,     0.01009016117,       16.32513382,         56.761668,               100,       99.98212839,      0.0039269908,      0.2516857957,     0.00394595902,    0.003294291612,    0.007829694588,    -0.02256275755,    -0.02352020995,      0.2516857957,    0.003294291612,     0.00394595902,     0.01567811568,      -4.964611681,      -4.929978465,      -5.162825524,      -5.066604009,      -4.956561752,     0.07649150965,   6.306366566e-05,      0.1111016027,     0.06402961967,   0.0007376114619,  -2.588211659e-05,    0.003234229675,                 0,   0.0009747354241,    0.004818227038,   -0.002498670849,                 0,  -3.112674731e-06,   2.931408615e-05,    0.007803493177,                 0,    0.000949499241,    0.007636075712,    -0.03140033258,   0.0002520000774,    0.001072866108,   -0.001396677279,    -0.02301776081,  -0.0001786379639,     0.07649150965,   6.306366566e-05,      0.1111016027,     0.06402961967,   0.0009747354241,    0.004818227038,   -0.002498670849,                 0,   0.0007376114619,  -2.588211659e-05,    0.003234229675,                 0,    0.009643050129,     -0.4104124984,     0.02911055822,                 0
          0,           0,          69,       1.124904381,       1.118438954,       -10.5024071,      -10.45247275,      -11.17754191,      -11.08113912,      -10.49712676,                         3,      -1.306596548,     0.01009016117,       16.32513382,        59.5997514,               100,       99.98383213,      0.0039269908,      0.2516859636,    0.003945976274,    0.003294285551,    0.007829695257,    -0.02256279316,    -0.02352021347,      0.2516859636,    0.003294285551,    0.003945976274,     0.01567817377,      -5.057918916,      -5.030658437,      -5.242825188,      -5.145316838,      -5.040971951,     0.07649150844,   6.306360599e-05,      0.1111016018,     0.06402978977,    0.000737611128,  -2.586795696e-05,    0.003234233103,                 0,   0.0009747359665,     0.00481822041,   -0.002498670825,                 0,  -3.112666091e-06,   2.931409552e-05,    0.007803493828,                 0,   0.0009494995165,    0.007635935646,    -0.03140036538,   0.0002521370509,    0.001072866828,    -0.00139674355,    -0.02301775874,  -0.0001785780066,     0.07649150844,   6.306360599e-05,      0.1111016018,     0.06402978977,   0.0009747359665,     0.00481822041,   -0.002498670825,                 0,    0.000737611128,  -2.586795696e-05,    0.003234233103,                 0,    0.009643045915,     -0.4101883576,     0.02911058932,                 0
          0,           0,          70,       1.155880729,       1.118966303,      -10.59674898,      -10.56059615,      -11.26725413,      -11.16716337,      -10.59133393,                         3,      -1.323970577,     0.01009016118,       16.32513382,       62.57973897,               100,       99.98544558,      0.0039269908,      0.2516861196,    0.003945995307,    0.003294277792,    0.007829695027,    -0.02256284496,    -0.02352022581,      0.2516861196,    0.003294277792,    0.003945995307,     0.01567823968,      -5.152260794,      -5.138781841,      -5.332537414,      -5.231341082,      -5.135179116,     0.07649150795,    6.30635436e-05,      0.1111016012,     0.06402994692,   0.0007376108899,  -2.585237909e-05,    0.003234236796,                 0,   0.0009747361201,    0.004818211848,   -0.002498670176,                 0,  -3.112661242e-06,   2.931410225e-05,    0.007803493586,                 0,   0.0009494996941,    0.007635780441,    -0.03140040086,   0.0002522757657,    0.001072866986,   -0.001396828472,    -0.02301775066,  -0.0001785136593,     0.07649150795,    6.30635436e-05,      0.1111016012,     0.06402994692,   0.0009747361201,    0.004818211848,   -0.002498670176,                 0,   0.0007376108899,  -2.585237909e-05,    0.003234236796,                 0,    0.009643042864,     -0.4099417448,     0.02911062272,                 0
          0,           0,          71,       1.164902551,       1.119604306,      -10.68637863,      -10.66766634,      -11.35415196,      -11.23865992,      -10.68156852,                         3,      -1.328078128,     0.01009016119,       16.32513382,       65.70872592,               100,       99.98708901,      0.0039269908,      0.2516862969,    0.003946018024,    0.003294268322,    0.007829694593,    -0.02256291817,    -0.02352024974,      0.2516862969,    0.003294268322,    0.003946018024,     0.01567831889,      -5.241890442,      -5.245852035,       -5.41943524,      -5.302837635,      -5.225413711,     0.07649150732,   6.306348037e-05,      0.1111016004,     0.06403012566,    0.000737610767,  -2.583321083e-05,    0.003234240468,                 0,   0.0009747362735,    0.004818201179,   -0.002498669131,                 0,  -3.112656335e-06,   2.931410544e-05,    0.007803493144,                 0,   0.0009494996242,     0.00763559003,    -0.03140043627,   0.0002524284414,    0.001072867174,   -0.001396934931,    -0.02301773878,  -0.0001784432002,     0.07649150732,   6.306348037e-05,      0.1111016004,     0.06403012566,   0.0009747362735,    0.004818201179,   -0.002498669131,                 0,    0.000737610767,  -2.583321083e-05,    0.003234240468,                 0,    0.009643041337,     -0.4096382039,     0.02911065597,                 0
          0,           0,          72,       1.168563517,        1.12027498,      -10.76676743,      -10.76957133,      -11.43135713,      -11.27746299,      -10.76006776,                         3,      -1.308459741,     0.01009016119,       16.32513382,       68.99416221,               100,        99.9888146,      0.0039269908,      0.2516865034,    0.003946046089,    0.003294257017,    0.007829693859,    -0.02256302562,    -0.02352028453,      0.2516865034,    0.003294257017,    0.003946046089,     0.01567841754,      -5.322279247,      -5.347757022,      -5.496640416,      -5.341640706,      -5.303912946,     0.07649150681,   6.306341541e-05,      0.1111015997,     0.06403033346,   0.0007376106731,  -2.580901549e-05,    0.003234244432,                 0,    0.000974736486,    0.004818187978,   -0.002498667446,                 0,  -3.112653608e-06,   2.931410404e-05,    0.007803492408,                 0,   0.0009494997244,    0.007635349518,    -0.03140047474,   0.0002525998793,    0.001072867461,   -0.001397066643,    -0.02301772074,   -0.000178364616,     0.07649150681,   6.306341541e-05,      0.1111015997,     0.06403033346,    0.000974736486,    0.004818187978,   -0.002498667446,                 0,   0.0007376106731,  -2.580901549e-05,    0.003234244432,                 0,    0.009643040174,      -0.409254959,     0.02911069183,                 0
          0,           0,          73,       1.245603806,       1.121968613,      -10.82856119,      -10.85699865,      -11.48926853,      -11.28076805,      -10.81608457,                         4,      -1.499298656,      0.0100901612,       16.32513383,       72.44387032,               100,       99.99062648,      0.0039269908,      0.2516867222,    0.003946080317,    0.003294243205,    0.007829692329,    -0.02256316762,    -0.02352032847,      0.2516867222,    0.003294243205,    0.003946080317,      0.0156785399,      -5.384073005,      -5.435184339,      -5.554551811,      -5.344945766,      -5.359929756,     0.07649150673,   6.306334482e-05,      0.1111015994,     0.06403055274,   0.0007376106766,  -2.577927418e-05,    0.003234248914,                 0,   0.0009747365752,    0.004818171652,   -0.002498665022,                 0,  -3.112654182e-06,   2.931409972e-05,    0.007803490883,                 0,   0.0009494998519,    0.007635053375,     -0.0314005185,   0.0002527976581,    0.001072867609,   -0.001397229281,    -0.02301769548,  -0.0001782713145,     0.07649150673,   6.306334482e-05,      0.1111015994,     0.06403055274,   0.0009747365752,    0.004818171652,   -0.002498665022,                 0,   0.0007376106766,  -2.577927418e-05,    0.003234248914,                 0,    0.009643040229,      -0.408783807,     0.02911073227,                 0
          0,           0,          74,       1.271465745,       1.123961908,      -10.85645337,      -10.90824603,      -11.51031475,      -11.25256256,      -10.83334395,                         4,      -1.442669089,     0.01009016122,       16.32513383,       76.06606384,               100,       99.99252895,      0.0039269908,      0.2516870049,    0.003946119851,    0.003294227449,    0.007829690504,    -0.02256333585,     -0.0235203816,      0.2516870049,    0.003294227449,    0.003946119851,     0.01567867937,      -5.411965184,      -5.486431724,      -5.575598028,      -5.316740275,      -5.377189138,     0.07649150706,    6.30632704e-05,      0.1111015992,     0.06403083537,    0.000737610748,   -2.57446671e-05,     0.00323425377,                 0,   0.0009747364872,    0.004818153106,   -0.002498662144,                 0,  -3.112658052e-06,   2.931409245e-05,    0.007803489069,                 0,   0.0009495000147,    0.007634709791,    -0.03140056599,   0.0002530203359,    0.001072867527,   -0.001397414215,    -0.02301766584,   -0.000178169082,     0.07649150706,    6.30632704e-05,      0.1111015992,     0.06403083537,   0.0009747364872,    0.004818153106,   -0.002498662144,                 0,    0.000737610748,   -2.57446671e-05,     0.00323425377,                 0,    0.009643041121,     -0.4082355218,     0.02911077601,                 0
          0,           0,          75,       1.343157271,       1.126846058,      -10.85315921,      -10.92629092,      -11.50364321,      -11.20723773,       -10.8228689,                         4,      -1.410316696,     0.01009016124,       16.32513383,       79.86936703,               100,       99.99452655,      0.0039269908,      0.2516873497,    0.003946166006,    0.003294209274,    0.007829688088,    -0.02256353482,    -0.02352044191,      0.2516873497,    0.003294209274,    0.003946166006,     0.01567884127,      -5.408671027,      -5.504476616,      -5.568926488,      -5.271415446,      -5.366714091,     0.07649150783,   6.306318725e-05,      0.1111015994,     0.06403117927,   0.0007376109096,  -2.570412801e-05,    0.003234259225,                 0,   0.0009747362461,    0.004818131551,   -0.002498658524,                 0,  -3.112664949e-06,   2.931408368e-05,    0.007803486669,                 0,   0.0009495001777,    0.007634307337,    -0.03140061947,   0.0002532771359,    0.001072867233,   -0.001397629167,    -0.02301762892,  -0.0001780510539,     0.07649150783,   6.306318725e-05,      0.1111015994,     0.06403117927,   0.0009747362461,    0.004818131551,   -0.002498658524,                 0,   0.0007376109096,  -2.570412801e-05,    0.003234259225,                 0,    0.009643043137,     -0.4075932271,     0.02911082507,                 0
          0,           0,          76,       1.226135239,       1.128135528,      -10.82384518,      -10.91396617,      -11.47345706,      -11.15129276,      -10.79078783,                         4,      -1.386840318,     0.01009016127,       16.32513383,       83.86283538,               100,       99.99662402,      0.0039269908,      0.2516877433,     0.00394623356,     0.00329418315,    0.007829684315,    -0.02256391245,     -0.0235205636,      0.2516877433,     0.00329418315,     0.00394623356,     0.01567908516,      -5.379356993,      -5.492151857,      -5.538740345,       -5.21547048,      -5.334633016,     0.07649150902,   6.306312195e-05,      0.1111015998,     0.06403157129,   0.0007376111621,  -2.564374046e-05,    0.003234266139,                 0,   0.0009747358607,    0.004818100649,    -0.00249865336,                 0,     -3.112675e-06,   2.931404184e-05,    0.007803482948,                 0,   0.0009495003485,    0.007633707375,    -0.03140068745,   0.0002535672845,    0.001072866753,   -0.001397937231,    -0.02301757679,  -0.0001779163317,     0.07649150902,   6.306312195e-05,      0.1111015998,     0.06403157129,   0.0009747358607,    0.004818100649,    -0.00249865336,                 0,   0.0007376111621,  -2.564374046e-05,    0.003234266139,                 0,    0.009643046288,     -0.4066360762,     0.02911088718,                 0
          0,           0,          77,       1.139335764,        1.12827912,      -10.81586394,      -10.87833582,      -11.45060631,       -11.1835361,      -10.75093603,                         4,      -1.394095018,      0.0100901613,       16.32513383,       88.05597715,               100,       99.99856063,      0.0039269908,      0.2516880867,    0.003946306276,    0.003294152573,    0.007829682819,    -0.02256436615,    -0.02352074406,      0.2516880867,    0.003294152573,    0.003946306276,     0.01567935268,      -5.371375756,      -5.456521508,      -5.515889596,      -5.247713814,      -5.294781223,     0.07649151073,   6.306314994e-05,      0.1111016007,     0.06403191212,   0.0007376115086,  -2.557543533e-05,    0.003234270203,                 0,   0.0009747353451,    0.004818068184,   -0.002498650956,                 0,  -3.112688768e-06,   2.931395447e-05,    0.007803481553,                 0,   0.0009495005823,    0.007633028236,    -0.03140072697,   0.0002538319967,    0.001072866101,   -0.001398261272,    -0.02301755234,  -0.0001777965463,     0.07649151073,   6.306314994e-05,      0.1111016007,     0.06403191212,   0.0009747353451,    0.004818068184,   -0.002498650956,                 0,   0.0007376115086,  -2.557543533e-05,    0.003234270203,                 0,    0.009643050602,     -0.4055527729,     0.02911092355,                 0
          0,           0,          78,       1.283725055,        1.13024679,      -10.77997834,      -10.87362206,      -11.37185186,      -11.09026683,      -10.78530397,                         4,      -1.441532847,     0.01009016134,       16.32513383,       92.45877601,               100,        99.9996661,      0.0039269908,      0.2516882086,    0.003946320734,    0.003294141465,    0.007829685535,    -0.02256439242,    -0.02352080172,      0.2516882086,    0.003294141465,    0.003946320734,     0.01567940253,      -5.335490155,      -5.451807753,      -5.437135146,      -5.154444548,      -5.329149157,      0.0764915112,   6.306316645e-05,      0.1111016004,     0.06403203379,   0.0007376117504,   -2.55591723e-05,    0.003234268156,                 0,   0.0009747348042,    0.004818061203,   -0.002498654542,                 0,   -3.11269452e-06,   2.931392888e-05,    0.007803484301,                 0,   0.0009495000911,    0.007632867526,    -0.03140070558,    0.000253945546,    0.001072865449,   -0.001398331447,    -0.02301758749,  -0.0001777482246,      0.0764915112,   6.306316645e-05,      0.1111016004,     0.06403203379,   0.0009747348042,    0.004818061203,   -0.002498654542,                 0,   0.0007376117504,   -2.55591723e-05,    0.003234268156,                 0,    0.009643053705,      -0.405294782,      0.0291109052,                 0
          0,           0,          79,       1.217492668,       1.131337364,      -10.87665895,      -10.88622875,      -11.42412922,      -11.20341512,       -10.8774733,                         4,      -1.435156607,     0.01009016137,       16.32513383,       97.08171481,               100,       99.99992716,      0.0039269908,      0.2516881518,    0.003946297955,    0.003294145374,    0.007829688099,    -0.02256419029,    -0.02352076905,      0.2516881518,    0.003294145374,    0.003946297955,     0.01567931556,      -5.432170764,      -5.464414441,      -5.489412502,       -5.26759284,      -5.421318488,     0.07649150938,   6.306312416e-05,      0.1111015985,     0.06403198075,   0.0007376117785,  -2.557931334e-05,     0.00323426549,                 0,   0.0009747348854,    0.004818068655,   -0.002498658167,                 0,  -3.112686688e-06,   2.931395543e-05,    0.007803486831,                 0,   0.0009494989981,    0.007633068727,    -0.03140067833,   0.0002539203123,    0.001072865622,   -0.001398257338,      -0.023017623,  -0.0001777543321,     0.07649150938,   6.306312416e-05,      0.1111015985,     0.06403198075,   0.0009747348854,    0.004818068655,   -0.002498658167,                 0,   0.0007376117785,  -2.557931334e-05,     0.00323426549,                 0,    0.009643054301,     -0.4056144328,     0.02911088168,                 0
          0,           0,          80,       1.578836069,       1.136862039,      -10.97021297,      -10.93724369,      -11.53415647,      -11.35216019,      -10.95883271,                         4,      -1.452697643,     0.01009016138,       16.32513383,               100,               100,               100,      0.0039269908,      0.2516880889,    0.003946275066,    0.003294151166,    0.007829690059,    -0.02256401146,    -0.02352072802,      0.2516880889,    0.003294151166,    0.003946275066,     0.01567922854,      -5.525724779,      -5.515429378,       -5.59943975,      -5.416337901,      -5.502677898,       0.076491507,   6.306309204e-05,      0.1111015968,     0.06403192203,   0.0007376116536,  -2.560010398e-05,    0.003234263516,                 0,   0.0009747356061,    0.004818076153,   -0.002498660593,                 0,  -3.112675019e-06,   2.931398572e-05,    0.007803488749,                 0,   0.0009494983004,    0.007633274381,    -0.03140065845,   0.0002538743065,    0.001072866632,   -0.001398182274,    -0.02301764672,  -0.0001777656532,       0.076491507,   6.306309204e-05,      0.1111015968,     0.06403192203,   0.0009747356061,    0.004818076153,   -0.002498660593,                 0,   0.0007376116536,  -2.560010398e-05,    0.003234263516,                 0,    0.009643052968,     -0.4059443194,     0.02911086439,                 0
          0,           0,          81,       1.175069761,       1.137327987,      -11.07571729,      -11.03270397,      -11.62147503,      -11.46361689,      -11.06014996,                         4,       -1.45084076,     0.01009016138,       16.32513383,               100,               100,               100,      0.0039269908,      0.2516880465,    0.003946267693,    0.003294154202,    0.007829690311,    -0.02256396507,    -0.02352070767,      0.2516880465,    0.003294154202,    0.003946267693,     0.01567920188,      -5.631229102,      -5.610889666,      -5.686758312,      -5.527794611,      -5.603995153,     0.07649150517,    6.30630786e-05,      0.1111015957,     0.06403188259,   0.0007376114219,  -2.560724523e-05,    0.003234263516,                 0,   0.0009747363139,      0.0048180789,   -0.002498661012,                 0,  -3.112664471e-06,   2.931399907e-05,    0.007803488977,                 0,   0.0009494981252,    0.007633343645,    -0.03140065843,   0.0002538515865,    0.001072867604,    -0.00139815421,    -0.02301765051,  -0.0001777705538,     0.07649150517,    6.30630786e-05,      0.1111015957,     0.06403188259,   0.0009747363139,      0.0048180789,   -0.002498661012,                 0,   0.0007376114219,  -2.560724523e-05,    0.003234263516,                 0,     0.00964305017,     -0.4060576457,     0.02911086467,                 0
          0,           0,          82,       1.173389288,       1.137762461,      -11.22214803,      -11.17203865,      -11.73056093,      -11.61578697,       -11.1997164,                         4,      -1.452833197,     0.01009016137,       16.32513383,               100,               100,               100,      0.0039269908,      0.2516880287,    0.003946269407,    0.003294155152,    0.007829690603,     -0.0225639838,    -0.02352070147,      0.2516880287,    0.003294155152,    0.003946269407,     0.01567920981,      -5.777659842,       -5.75022434,      -5.795844216,      -5.679964683,      -5.743561594,     0.07649150395,   6.306308025e-05,      0.1111015951,     0.06403186657,   0.0007376112047,  -2.560594303e-05,    0.003234264146,                 0,   0.0009747369333,    0.004818078974,   -0.002498660755,                 0,  -3.112656325e-06,   2.931399778e-05,    0.007803489262,                 0,   0.0009494983953,    0.007633329972,    -0.03140066478,   0.0002538526186,    0.001072868364,   -0.001398153238,    -0.02301764761,  -0.0001777689925,     0.07649150395,   6.306308025e-05,      0.1111015951,     0.06403186657,   0.0009747369333,    0.004818078974,   -0.002498660755,                 0,   0.0007376112047,  -2.560594303e-05,    0.003234264146,                 0,    0.009643047484,     -0.4060369859,     0.02911087049,                 0
          0,           0,          83,       1.251665258,       1.139118446,        -11.387884,      -11.33574914,      -11.87105032,      -11.82589107,       -11.3505346,                         4,      -1.492318779,     0.01009016136,       16.32513383,               100,               100,               100,      0.0039269908,      0.2516880285,     0.00394627263,    0.003294154886,    0.007829691099,    -0.02256400643,     -0.0235207021,      0.2516880285,    0.003294154886,     0.00394627263,     0.01567922262,      -5.943395808,      -5.913934836,      -5.936333604,      -5.890068782,       -5.89437979,     0.07649150383,   6.306308303e-05,      0.1111015951,     0.06403186651,   0.0007376110902,  -2.560312977e-05,     0.00323426467,                 0,   0.0009747371869,    0.004818078353,   -0.002498660654,                 0,   -3.11265511e-06,   2.931399357e-05,     0.00780348976,                 0,   0.0009494988425,    0.007633301823,    -0.03140066996,   0.0002538628678,    0.001072868635,    -0.00139815934,    -0.02301764636,  -0.0001777650364,     0.07649150383,   6.306308303e-05,      0.1111015951,     0.06403186651,   0.0009747371869,    0.004818078353,   -0.002498660654,                 0,   0.0007376110902,  -2.560312977e-05,     0.00323426467,                 0,    0.009643046002,     -0.4059923579,      0.0291108752,                 0
          0,           0,          84,       1.243805965,       1.140350064,      -11.54436736,      -11.50185596,      -12.02486998,      -12.02582457,      -11.49701457,                         4,      -1.572975632,     0.01009016135,       16.32513383,               100,               100,               100,      0.0039269908,      0.2516880328,    0.003946274886,    0.003294154295,    0.007829691381,    -0.02256401999,    -0.02352070337,      0.2516880328,    0.003294154295,    0.003946274886,     0.01567923132,      -6.099879176,      -6.080041649,      -6.090153264,      -6.090002291,       -6.04085976,     0.07649150438,   6.306308521e-05,      0.1111015954,     0.06403186989,   0.0007376110717,  -2.560132994e-05,    0.003234265144,                 0,   0.0009747370121,    0.004818077971,   -0.002498660689,                 0,  -3.112657571e-06,   2.931399195e-05,    0.007803490047,                 0,   0.0009494990734,    0.007633284492,    -0.03140067444,   0.0002538708822,    0.001072868365,    -0.00139816314,    -0.02301764648,  -0.0001777621195,     0.07649150438,   6.306308521e-05,      0.1111015954,     0.06403186989,   0.0009747370121,    0.004818077971,   -0.002498660689,                 0,   0.0007376110717,  -2.560132994e-05,    0.003234265144,                 0,    0.009643045691,     -0.4059638036,     0.02911087938,                 0
          0,           0,          85,       1.087469912,       1.139735179,      -11.70094745,      -11.66806917,      -12.19416849,      -12.18669587,      -11.65014596,                         3,      -1.380366656,     0.01009016136,       16.32513383,               100,               100,               100,      0.0039269908,      0.2516880362,    0.003946275946,    0.003294153822,    0.007829691649,    -0.02256402558,    -0.02352070448,      0.2516880362,    0.003294153822,    0.003946275946,     0.01567923532,      -6.256459266,      -6.246254865,      -6.259451774,      -6.250873586,      -6.193991149,     0.07649150477,   6.306308574e-05,      0.1111015955,     0.06403187281,   0.0007376110995,   -2.56006203e-05,    0.003234265467,                 0,   0.0009747367629,    0.004818077905,   -0.002498660846,                 0,  -3.112659268e-06,   2.931399195e-05,    0.007803490316,                 0,   0.0009494990333,    0.007633278064,    -0.03140067734,   0.0002538746635,    0.001072868013,    -0.00139816386,    -0.02301764783,  -0.0001777607967,     0.07649150477,   6.306308574e-05,      0.1111015955,     0.06403187281,   0.0009747367629,    0.004818077905,   -0.002498660846,                 0,   0.0007376110995,   -2.56006203e-05,    0.003234265467,                 0,    0.009643046006,     -0.4059525474,     0.02911088226,                 0
          0,           0,          86,       1.129169966,       1.139613739,      -11.87329807,      -11.84230306,      -12.38046079,      -12.35135022,      -11.81888044,                         3,       -1.40927078,     0.01009016136,       16.32513383,               100,               100,               100,      0.0039269908,      0.2516880387,    0.003946276323,     0.00329415374,    0.007829691918,    -0.02256402705,    -0.02352070426,      0.2516880387,     0.00329415374,    0.003946276323,     0.01567923666,      -6.428809888,      -6.420488749,      -6.445744068,      -6.415527939,      -6.362725629,     0.07649150479,   6.306308583e-05,      0.1111015954,     0.06403187544,   0.0007376111363,  -2.560047747e-05,    0.003234265664,                 0,   0.0009747367008,    0.004818077986,   -0.002498660946,                 0,  -3.112659364e-06,    2.93139927e-05,    0.007803490585,                 0,   0.0009494988829,    0.007633276954,    -0.03140067906,    0.000253876181,    0.001072867941,   -0.001398163353,    -0.02301764863,  -0.0001777602129,     0.07649150479,   6.306308583e-05,      0.1111015954,     0.06403187544,   0.0009747367008,    0.004818077986,   -0.002498660946,                 0,   0.0007376111363,  -2.560047747e-05,    0.003234265664,                 0,    0.009643046484,      -0.405950282,     0.02911088409,                 0
          0,           0,          87,       1.068744671,       1.138808409,      -12.04723917,      -12.00739485,      -12.56427667,      -12.52910087,      -11.98518742,                         3,      -1.331839131,     0.01009016136,       16.32513383,               100,               100,               100,      0.0039269908,      0.2516880409,    0.003946276524,    0.003294153732,    0.007829692185,    -0.02256402805,    -0.02352070455,      0.2516880409,    0.003294153732,    0.003946276524,     0.01567923732,      -6.602750978,      -6.585580538,      -6.629559949,      -6.593278587,      -6.529032608,     0.07649150468,   6.306308592e-05,      0.1111015952,     0.06403187792,   0.0007376111321,  -2.560041471e-05,    0.003234265807,                 0,   0.0009747367604,    0.004818077993,   -0.002498661021,                 0,  -3.112658837e-06,   2.931399276e-05,    0.007803490851,                 0,   0.0009494988517,    0.007633276434,    -0.03140068031,   0.0002538769825,    0.001072868034,   -0.001398163358,    -0.02301764922,  -0.0001777600097,     0.07649150468,   6.306308592e-05,      0.1111015952,     0.06403187792,   0.0009747367604,    0.004818077993,   -0.002498661021,                 0,   0.0007376111321,  -2.560041471e-05,    0.003234265807,                 0,    0.009643046443,     -0.4059492861,     0.02911088541,                 0
          0,           0,          88,        1.31592175,       1.140798447,      -12.21139828,      -12.15597325,      -12.73985758,      -12.71266504,      -12.14287214,                         4,      -1.477011874,     0.01009016136,       16.32513383,               100,               100,               100,      0.0039269908,      0.2516880436,    0.003946276684,    0.003294153679,    0.007829692376,    -0.02256402897,    -0.02352070513,      0.2516880436,    0.003294153679,    0.003946276684,     0.01567923779,       -6.76691009,      -6.734158939,      -6.805140862,      -6.776842751,      -6.686717332,     0.07649150466,   6.306308652e-05,      0.1111015952,     0.06403188066,   0.0007376111164,  -2.560038538e-05,    0.003234265953,                 0,   0.0009747368107,    0.004818077951,   -0.002498661082,                 0,   -3.11265849e-06,   2.931399284e-05,    0.007803491042,                 0,    0.000949498886,     0.00763327596,    -0.03140068164,   0.0002538778235,    0.001072868101,   -0.001398163688,    -0.02301764969,  -0.0001777598543,     0.07649150466,   6.306308652e-05,      0.1111015952,     0.06403188066,   0.0009747368107,    0.004818077951,   -0.002498661082,                 0,   0.0007376111164,  -2.560038538e-05,    0.003234265953,                 0,     0.00964304624,     -0.4059488171,     0.02911088673,                 0
          0,           0,          89,       1.220055283,       1.141679078,      -12.33805186,      -12.26705524,      -12.88674098,      -12.86521725,      -12.26774222,                         4,      -1.523417119,     0.01009016136,       16.32513383,               100,               100,               100,      0.0039269908,      0.2516880459,    0.003946276888,    0.003294153546,    0.007829692517,    -0.02256403036,    -0.02352070622,      0.2516880459,    0.003294153546,    0.003946276888,     0.01567923846,      -6.893563674,      -6.845240933,       -6.95202426,      -6.929394969,       -6.81158741,      0.0764915047,   6.306308702e-05,      0.1111015952,      0.0640318829,   0.0007376111067,  -2.560031331e-05,    0.003234266095,                 0,   0.0009747368159,    0.004818077882,   -0.002498661152,                 0,  -3.112658405e-06,   2.931399259e-05,    0.007803491183,                 0,   0.0009494989188,    0.007633275114,    -0.03140068293,   0.0002538785334,    0.001072868097,   -0.001398164336,    -0.02301765026,  -0.0001777597233,      0.0764915047,   6.306308702e-05,      0.1111015952,      0.0640318829,   0.0009747368159,    0.004818077882,   -0.002498661152,                 0,   0.0007376111067,  -2.560031331e-05,    0.003234266095,                 0,    0.009643046109,     -0.4059476712,     0.02911088801,                 0
          0,           0,          90,       1.192634125,       1.142239024,      -12.44972318,      -12.37426743,      -13.01125821,      -12.99297279,      -12.38941112,                         3,      -1.309344175,     0.01009016135,       16.32513383,               100,               100,               100,      0.0039269908,      0.2516880478,    0.003946277068,    0.003294153429,     0.00782969264,    -0.02256403163,    -0.02352070706,      0.2516880478,    0.003294153429,    0.003946277068,     0.01567923905,      -7.005234998,      -6.952453122,      -7.076541496,      -7.057150502,       -6.93325631,     0.07649150476,   6.306308751e-05,      0.1111015952,     0.06403188478,   0.0007376111001,  -2.560026392e-05,    0.003234266232,                 0,   0.0009747367987,    0.004818077844,   -0.002498661213,                 0,  -3.112658437e-06,   2.931399263e-05,    0.007803491306,                 0,   0.0009494989401,    0.007633274621,    -0.03140068418,    0.000253878989,    0.001072868063,   -0.001398164732,    -0.02301765076,  -0.0001777596367,     0.07649150476,   6.306308751e-05,      0.1111015952,     0.06403188478,   0.0009747367987,    0.004818077844,   -0.002498661213,                 0,   0.0007376111001,  -2.560026392e-05,    0.003234266232,                 0,    0.009643046014,     -0.4059468848,     0.02911088923,                 0
          0,           0,          91,       1.065567051,       1.141405633,      -12.56749526,      -12.49450807,      -13.13850408,      -13.12554708,      -12.52080197,                         3,      -1.306846308,     0.01009016135,       16.32513383,               100,               100,               100,      0.0039269908,      0.2516880496,    0.003946277238,    0.003294153305,    0.007829692751,     -0.0225640329,    -0.02352070804,      0.2516880496,    0.003294153305,    0.003946277238,     0.01567923962,      -7.123007076,      -7.072693766,      -7.203787364,      -7.189724794,      -7.064647165,      0.0764915048,   6.306308778e-05,      0.1111015952,     0.06403188651,   0.0007376110963,  -2.560019707e-05,    0.003234266339,                 0,   0.0009747367864,    0.004818077785,   -0.002498661266,                 0,  -3.112658439e-06,    2.93139925e-05,    0.007803491417,                 0,   0.0009494989483,    0.007633273988,    -0.03140068514,   0.0002538793039,     0.00107286804,   -0.001398165352,    -0.02301765119,  -0.0001777595458,      0.0764915048,   6.306308778e-05,      0.1111015952,     0.06403188651,   0.0009747367864,    0.004818077785,   -0.002498661266,                 0,   0.0007376110963,  -2.560019707e-05,    0.003234266339,                 0,    0.009643045959,     -0.4059458231,      0.0291108902,                 0
          0,           0,          92,       1.040886228,       1.140324779,      -12.67172865,      -12.60217578,      -13.26330206,      -13.25292166,      -12.63423214,                         3,      -1.312029742,     0.01009016135,       16.32513383,               100,               100,               100,      0.0039269908,       0.251688051,    0.003946277348,    0.003294153209,    0.007829692856,    -0.02256403372,    -0.02352070885,       0.251688051,    0.003294153209,    0.003946277348,     0.01567923997,      -7.227240465,      -7.180361474,      -7.328585342,      -7.317099379,      -7.178077333,     0.07649150482,   6.306308812e-05,      0.1111015952,      0.0640318878,   0.0007376110914,   -2.56001735e-05,     0.00323426643,                 0,   0.0009747367833,    0.004818077743,   -0.002498661317,                 0,  -3.112658401e-06,    2.93139926e-05,    0.007803491522,                 0,   0.0009494989572,    0.007633273756,    -0.03140068596,   0.0002538795221,    0.001072868034,   -0.001398165796,     -0.0230176516,  -0.0001777594821,     0.07649150482,   6.306308812e-05,      0.1111015952,      0.0640318878,   0.0009747367833,    0.004818077743,   -0.002498661317,                 0,   0.0007376110914,   -2.56001735e-05,     0.00323426643,                 0,    0.009643045892,      -0.405945447,     0.02911089101,                 0
          0,           0,          93,       1.139892477,        1.14032018,      -12.77169715,      -12.70760646,      -13.38396167,      -13.37094102,      -12.74281709,                         3,      -1.329990443,     0.01009016135,       16.32513383,               100,               100,               100,      0.0039269908,       0.251688052,    0.003946277451,      0.0032941531,    0.007829692947,    -0.02256403456,    -0.02352070981,       0.251688052,      0.0032941531,    0.003946277451,     0.01567924032,      -7.327208962,       -7.28579215,      -7.449244949,      -7.435118741,      -7.286662276,     0.07649150485,   6.306308826e-05,      0.1111015952,     0.06403188878,    0.000737611087,  -2.560014525e-05,     0.00323426651,                 0,   0.0009747367831,    0.004818077683,   -0.002498661366,                 0,  -3.112658352e-06,   2.931399247e-05,    0.007803491612,                 0,   0.0009494989671,    0.007633273458,    -0.03140068666,    0.000253879674,    0.001072868031,   -0.001398166395,    -0.02301765202,  -0.0001777594269,     0.07649150485,   6.306308826e-05,      0.1111015952,     0.06403188878,   0.0009747367831,    0.004818077683,   -0.002498661366,                 0,    0.000737611087,  -2.560014525e-05,     0.00323426651,                 0,    0.009643045832,     -0.4059449981,     0.02911089172,                 0
          0,           0,          94,       1.019617861,       1.139049629,      -12.87395461,      -12.81804988,      -13.50004569,      -13.48296464,      -12.85478221,                         3,      -1.338694124,     0.01009016135,       16.32513383,               100,               100,               100,      0.0039269908,      0.2516880528,    0.003946277528,     0.00329415301,    0.007829693028,    -0.02256403519,    -0.02352071059,      0.2516880528,     0.00329415301,    0.003946277528,     0.01567924057,      -7.429466427,      -7.396235572,      -7.565328977,      -7.547142355,      -7.398627404,     0.07649150487,   6.306308853e-05,      0.1111015953,     0.06403188956,   0.0007376110825,  -2.560013644e-05,    0.003234266582,                 0,   0.0009747367821,     0.00481807764,   -0.002498661412,                 0,  -3.112658322e-06,   2.931399254e-05,    0.007803491694,                 0,   0.0009494989773,    0.007633273352,    -0.03140068731,   0.0002538797898,    0.001072868028,   -0.001398166832,     -0.0230176524,  -0.0001777593805,     0.07649150487,   6.306308853e-05,      0.1111015953,     0.06403188956,   0.0009747367821,     0.00481807764,   -0.002498661412,                 0,   0.0007376110825,  -2.560013644e-05,    0.003234266582,                 0,     0.00964304577,     -0.4059448568,     0.02911089237,                 0
          0,           0,          95,       1.190090551,       1.139581306,      -12.97434554,       -12.9277431,      -13.61110064,      -13.59264692,      -12.96388978,                         3,      -1.341424662,     0.01009016135,       16.32513383,               100,               100,               100,      0.0039269908,      0.2516880534,    0.003946277609,    0.003294152914,    0.007829693096,    -0.02256403588,    -0.02352071142,      0.2516880534,    0.003294152914,    0.003946277609,     0.01567924085,       -7.52985735,       -7.50592879,      -7.676383926,      -7.656824641,      -7.507734968,     0.07649150489,   6.306308861e-05,      0.1111015953,     0.06403189015,   0.0007376110791,  -2.560011491e-05,    0.003234266644,                 0,   0.0009747367799,    0.004818077587,   -0.002498661453,                 0,  -3.112658298e-06,   2.931399242e-05,    0.007803491762,                 0,   0.0009494989857,    0.007633273125,    -0.03140068787,   0.0002538798748,    0.001072868022,   -0.001398167357,    -0.02301765276,  -0.0001777593293,     0.07649150489,   6.306308861e-05,      0.1111015953,     0.06403189015,   0.0009747367799,    0.004818077587,   -0.002498661453,                 0,   0.0007376110791,  -2.560011491e-05,    0.003234266644,                 0,    0.009643045724,     -0.4059445148,     0.02911089293,                 0
          0,           0,          96,       1.034188146,       1.138494778,      -13.07222049,      -13.03472621,      -13.71710629,      -13.69905956,      -13.06891064,                         3,      -1.341034896,     0.01009016135,       16.32513383,               100,               100,               100,      0.0039269908,      0.2516880539,    0.003946277668,    0.003294152842,    0.007829693157,    -0.02256403639,    -0.02352071203,      0.2516880539,    0.003294152842,    0.003946277668,     0.01567924106,      -7.627732307,      -7.612911898,      -7.782389572,      -7.763237273,      -7.612755835,      0.0764915049,   6.306308881e-05,      0.1111015953,     0.06403189061,    0.000737611076,   -2.56001084e-05,      0.0032342667,                 0,   0.0009747367779,    0.004818077555,    -0.00249866149,                 0,  -3.112658283e-06,    2.93139925e-05,    0.007803491823,                 0,   0.0009494989927,    0.007633273053,    -0.03140068837,   0.0002538799386,    0.001072868018,   -0.001398167692,    -0.02301765307,  -0.0001777592874,      0.0764915049,   6.306308881e-05,      0.1111015953,     0.06403189061,   0.0009747367779,    0.004818077555,    -0.00249866149,                 0,    0.000737611076,   -2.56001084e-05,      0.0032342667,                 0,    0.009643045681,     -0.4059444102,     0.02911089343,                 0
          0,           0,          97,       1.255244706,       1.139686104,      -13.16532044,       -13.1358173,      -13.81681516,      -13.80187683,      -13.16826133,                         3,      -1.341337535,     0.01009016135,       16.32513383,               100,               100,               100,      0.0039269908,      0.2516880543,    0.003946277731,    0.003294152765,    0.007829693209,    -0.02256403694,    -0.02352071269,      0.2516880543,    0.003294152765,    0.003946277731,     0.01567924128,      -7.720832249,      -7.714002996,      -7.882098446,       -7.86605455,      -7.712106523,     0.07649150491,   6.306308884e-05,      0.1111015953,     0.06403189096,   0.0007376110737,  -2.560009056e-05,    0.003234266748,                 0,   0.0009747367763,    0.004818077512,   -0.002498661523,                 0,  -3.112658264e-06,   2.931399238e-05,    0.007803491875,                 0,   0.0009494989982,     0.00763327287,    -0.03140068879,   0.0002538799819,    0.001072868014,   -0.001398168118,    -0.02301765335,  -0.0001777592443,     0.07649150491,   6.306308884e-05,      0.1111015953,     0.06403189096,   0.0009747367763,    0.004818077512,   -0.002498661523,                 0,   0.0007376110737,  -2.560009056e-05,    0.003234266748,                 0,    0.009643045649,     -0.4059441272,     0.02911089386,                 0
          0,           0,          98,       1.291579635,       1.141220382,      -13.25634627,      -13.23445048,      -13.91509264,      -13.90201251,       -13.2662595,                         3,      -1.336427547,     0.01009016135,       16.32513383,               100,               100,               100,      0.0039269908,      0.2516880546,    0.003946277774,    0.003294152712,    0.007829693256,    -0.02256403732,    -0.02352071315,      0.2516880546,    0.003294152712,    0.003946277774,     0.01567924144,       -7.81185808,       -7.81263617,      -7.980375923,      -7.966190223,      -7.810104686,     0.07649150493,     6.3063089e-05,      0.1111015953,     0.06403189124,   0.0007376110713,   -2.56000879e-05,     0.00323426679,                 0,   0.0009747367752,    0.004818077489,   -0.002498661552,                 0,  -3.112658251e-06,   2.931399248e-05,    0.007803491922,                 0,   0.0009494990032,    0.007633272839,    -0.03140068917,   0.0002538800149,    0.001072868012,   -0.001398168357,    -0.02301765359,   -0.000177759212,     0.07649150493,     6.3063089e-05,      0.1111015953,     0.06403189124,   0.0009747367752,    0.004818077489,   -0.002498661552,                 0,   0.0007376110713,   -2.56000879e-05,     0.00323426679,                 0,    0.009643045617,     -0.4059440839,     0.02911089424,                 0
          0,           0,          99,       1.293486744,       1.142743046,        -13.341794,      -13.32617455,      -14.00900166,      -13.99998813,      -13.35856042,                         3,      -1.333464441,     0.01009016135,       16.32513383,               100,               100,               100,      0.0039269908,      0.2516880548,    0.003946277823,     0.00329415265,    0.007829693296,    -0.02256403776,    -0.02352071369,      0.2516880548,     0.00329415265,    0.003946277823,     0.01567924162,      -7.897305813,      -7.904360246,      -8.074284945,      -8.064165849,      -7.902405612,     0.07649150493,     6.3063089e-05,      0.1111015953,     0.06403189145,   0.0007376110697,   -2.56000736e-05,    0.003234266827,                 0,   0.0009747367743,    0.004818077455,   -0.002498661578,                 0,  -3.112658235e-06,   2.931399236e-05,    0.007803491962,                 0,   0.0009494990073,    0.007633272692,     -0.0314006895,   0.0002538800371,    0.001072868009,   -0.001398168701,    -0.02301765382,  -0.0001777591781,     0.07649150493,     6.3063089e-05,      0.1111015953,     0.06403189145,   0.0009747367743,    0.004818077455,   -0.002498661578,                 0,   0.0007376110697,   -2.56000736e-05,    0.003234266827,                 0,    0.009643045594,     -0.4059438573,     0.02911089456,                 0
          0,           0,         100,       1.252270667,       1.143827477,      -13.42439046,      -13.41473784,      -14.10190509,      -14.09393526,      -13.44892321,                         3,      -1.327013771,     0.01009016135,       16.32513383,               100,               100,               100,      0.0039269908,       0.251688055,    0.003946277854,    0.003294152612,    0.007829693333,    -0.02256403804,    -0.02352071402,       0.251688055,    0.003294152612,    0.003946277854,     0.01567924173,       -7.97990227,      -7.992923536,      -8.167188375,      -8.158112979,      -7.992768399,     0.07649150494,   6.306308913e-05,      0.1111015953,     0.06403189162,   0.0007376110678,  -2.560007341e-05,     0.00323426686,                 0,   0.0009747367736,     0.00481807744,   -0.002498661601,                 0,  -3.112658226e-06,   2.931399246e-05,    0.007803491999,                 0,    0.000949499011,    0.007633272686,    -0.03140068979,   0.0002538800554,    0.001072868008,   -0.001398168858,    -0.02301765401,  -0.0001777591542,     0.07649150494,   6.306308913e-05,      0.1111015953,     0.06403189162,   0.0009747367736,     0.00481807744,   -0.002498661601,                 0,   0.0007376110678,  -2.560007341e-05,     0.00323426686,                 0,     0.00964304557,     -0.4059438534,     0.02911089486,                 0
          0,           0,         101,       1.506178448,       1.147379938,      -13.50014278,      -13.49506549,      -14.18799906,      -14.18506388,       -13.5322622,                         3,      -1.328743644,     0.01009016135,       16.32513383,               100,               100,               100,      0.0039269908,      0.2516880551,    0.003946277894,    0.003294152563,    0.007829693363,     -0.0225640384,    -0.02352071444,      0.2516880551,    0.003294152563,    0.003946277894,     0.01567924188,      -8.055654591,      -8.073251185,      -8.253282338,      -8.249241596,      -8.076107394,     0.07649150495,    6.30630891e-05,      0.1111015953,     0.06403189174,   0.0007376110667,  -2.560006099e-05,    0.003234266888,                 0,   0.0009747367728,    0.004818077412,   -0.002498661622,                 0,  -3.112658214e-06,   2.931399235e-05,    0.007803492029,                 0,   0.0009494990139,    0.007633272559,    -0.03140069004,   0.0002538800671,    0.001072868006,    -0.00139816913,    -0.02301765419,  -0.0001777591279,     0.07649150495,    6.30630891e-05,      0.1111015953,     0.06403189174,   0.0009747367728,    0.004818077412,   -0.002498661622,                 0,   0.0007376110667,  -2.560006099e-05,    0.003234266888,                 0,    0.009643045554,     -0.4059436567,     0.02911089511,                 0
          0,           0,         102,       1.034089968,       1.146280035,      -13.57336488,      -13.57375837,      -14.27532483,      -14.27248944,       -13.6159251,                         3,      -1.326083497,     0.01009016135,       16.32513383,               100,               100,               100,      0.0039269908,      0.2516880552,    0.003946277917,    0.003294152536,    0.007829693392,    -0.02256403861,    -0.02352071467,      0.2516880552,    0.003294152536,    0.003946277917,     0.01567924196,      -8.128876695,      -8.151944059,      -8.340608116,      -8.336667157,      -8.159770295,     0.07649150495,   6.306308922e-05,      0.1111015953,     0.06403189185,   0.0007376110654,  -2.560006234e-05,    0.003234266914,                 0,   0.0009747367724,    0.004818077403,    -0.00249866164,                 0,  -3.112658209e-06,   2.931399245e-05,    0.007803492058,                 0,   0.0009494990166,     0.00763327257,    -0.03140069027,   0.0002538800775,    0.001072868005,   -0.001398169225,    -0.02301765434,  -0.0001777591112,     0.07649150495,   6.306308922e-05,      0.1111015953,     0.06403189185,   0.0009747367724,    0.004818077403,    -0.00249866164,                 0,   0.0007376110654,  -2.560006234e-05,    0.003234266914,                 0,    0.009643045536,     -0.4059436774,     0.02911089535,                 0
